coding_id,token_id,family,term,kwic_line,doc_id,year,decade,genre,source,left,target,right,context
mgc0001,mg1106,shoo,shooing,150,773847,1926,1920,NF/ACAD,AnimalHusbandry,"it , by running at it , throwing sticks , """,shooing,""" it , and the like . This should never be done","it , by running at it , throwing sticks , "" shooing "" it , and the like . This should never be done"
mgc0002,mg1160,shoo,shooing,114,669444,1985,1980,NEWS,CSMonitor,", above the construction activity , sharp-eyed guides are",shooing,the curious away from an unfinished nuclear-fusion exhibit . US,", above the construction activity , sharp-eyed guides are shooing the curious away from an unfinished nuclear-fusion exhibit . US"
mgc0003,mg0479,boo,booing,145,5218037,2010,2010,TV/MOV,Breaking the Press,do n't come off the bench ! Sit down ! (,BOOING,) Double technical . Number 2 is gone . Hl-TOP : Time,do n't come off the bench ! Sit down ! ( BOOING ) Double technical . Number 2 is gone . Hl-TOP : Time
mgc0004,mg1217,shoo,shooing,159,5229035,2009,2000,TV/MOV,Psych,one is not welcome here . Shoo . And we 're,shooing,. We 're shooing . We 're shooing . Auf wiedersehen .,one is not welcome here . Shoo . And we 're shooing . We 're shooing . We 're shooing . Auf wiedersehen .
mgc0005,mg0666,boo,boos,156,16260,1980,1980,FIC,Mov:RagingBull,RAY is the winner . JAKE is stunned . The CROWD,boos,so loud and for so long that THE ANNOUNCER is unable to,RAY is the winner . JAKE is stunned . The CROWD boos so loud and for so long that THE ANNOUNCER is unable to
mgc0006,mg0294,boo,booing,5,13182,1907,1900,FIC,Play:VotesWomen,if she can myke erself eard.PILCHER retires in the midst of,booing,and cheers . CHAIRMAN (harassed and trying to creat a diversion,if she can myke erself eard.PILCHER retires in the midst of booing and cheers . CHAIRMAN (harassed and trying to creat a diversion
mgc0007,mg0810,ooh,oohing,3,637873,2007,2000,NEWS,SanFran,"off the shell , dipping toast points into the broth ,",oohing,"and aahing for the camera . When the lights went off ,","off the shell , dipping toast points into the broth , oohing and aahing for the camera . When the lights went off ,"
mgc0008,mg1379,wow,wowed,66,4128031,2012,2010,NEWS,CSMonitor,#Sarah Palin as his running mate . Her charisma initially,wowed,"the nation , but many voters quickly became concerned she was not","#Sarah Palin as his running mate . Her charisma initially wowed the nation , but many voters quickly became concerned she was not"
mgc0009,mg0496,boo,boos,35,4868,1907,1900,FIC,Convert,"pay that price , too . ' Above a volley of",boos,"and groans she went on , ' But we are opposed to","pay that price , too . ' Above a volley of boos and groans she went on , ' But we are opposed to"
mgc0010,mg0005,boo,booed,251,2683,1921,1920,FIC,LizaLambeth,#and the villains -- the house yelled and hissed and,booed,", while the poor brutes bowed and tried to look as if","#and the villains -- the house yelled and hissed and booed , while the poor brutes bowed and tried to look as if"
mgc0011,mg0954,shoo,shooed,124,105607,1973,1970,MAG,SportsIll,", somebody tosses away a cigarette and the little kids are",shooed,"off the court again . Dennis DuVal , who made the dean",", somebody tosses away a cigarette and the little kids are shooed off the court again . Dennis DuVal , who made the dean"
mgc0012,mg0505,boo,boos,201,1083,1922,1920,FIC,HairyApe,"he is interrupted by a storm of catcalls , hisses ,",boos,", hard laughter . VOICES -- Turn it off ! Shut up","he is interrupted by a storm of catcalls , hisses , boos , hard laughter . VOICES -- Turn it off ! Shut up"
mgc0013,mg0426,boo,booing,73,14001,1979,1970,FIC,Play:CircusValentine,p. 66 IN THE CENTER RINGGoldie continues . The crowd is,booing,louder now . GOLDIE Fred bought this tent because he wanted to,p. 66 IN THE CENTER RINGGoldie continues . The crowd is booing louder now . GOLDIE Fred bought this tent because he wanted to
mgc0014,mg0636,boo,boos,141,729712,1971,1970,NEWS,Chicago,cries from the Teatro Alla Scala 's top two galleries were,boos,"of disapproval . Language Barrier "" I was absolutely shattered","cries from the Teatro Alla Scala 's top two galleries were boos of disapproval . Language Barrier "" I was absolutely shattered"
mgc0015,mg0447,boo,booing,196,13391,1991,1990,FIC,Play:GameInches,". Booo . "" But today , the fans are n't",booing,". They 're quiet , almost kind . It 's not putting",". Booo . "" But today , the fans are n't booing . They 're quiet , almost kind . It 's not putting"
mgc0016,mg1125,shoo,shooing,107,487556,1951,1950,MAG,Nation,teachers to membership -- a refusal that has the effect of,shooing,teachers still farther away from any kind of classroom work that,teachers to membership -- a refusal that has the effect of shooing teachers still farther away from any kind of classroom work that
mgc0017,mg1390,wow,wowed,99,4161184,2015,2010,FIC,Bk:PhantomAngel,"#to be wowed . Trust me , they will be",wowed,". And the music ? I promise you , people will be","#to be wowed . Trust me , they will be wowed . And the music ? I promise you , people will be"
mgc0018,mg1017,shoo,shooed,63,30530,1998,1990,FIC,ThreeWishes,"one who 'll have to cover for you . "" Bree",shooed,"her off . "" No one else is coming in . Not","one who 'll have to cover for you . "" Bree shooed her off . "" No one else is coming in . Not"
mgc0019,mg0219,boo,booed,31,354209,1995,1990,MAG,Time,#and feathered by the studio audience instead of being merely,booed,and shamed ?,#and feathered by the studio audience instead of being merely booed and shamed ?
mgc0020,mg0812,ooh,oohing,7,5223021,2010,2010,TV/MOV,Undercovers,pack it . Okay then . When you two have finished,oohing,"and aahing over the toy , me and Mrs . Yorn need","pack it . Okay then . When you two have finished oohing and aahing over the toy , me and Mrs . Yorn need"
mgc0021,mg0164,boo,booed,26,284665,1977,1970,MAG,Time,"#City , Mo. , attracted 300 supporters , who continually",booed,and jeered the drug 's critics . # These legal and legislative,"#City , Mo. , attracted 300 supporters , who continually booed and jeered the drug 's critics . # These legal and legislative"
mgc0022,mg1216,shoo,shooing,157,5229035,2009,2000,TV/MOV,Psych,And we 're shooing . We 're shooing . We 're,shooing,. Auf wiedersehen . Sweet . You heard Lassiter . We need,And we 're shooing . We 're shooing . We 're shooing . Auf wiedersehen . Sweet . You heard Lassiter . We need
mgc0023,mg0332,boo,booing,166,141239,1936,1930,MAG,Time,knuckled down on the discharge of union leaders . Braving a,booing,", Mayor Marvin put Mr. Rand 's terms before the workers .","knuckled down on the discharge of union leaders . Braving a booing , Mayor Marvin put Mr. Rand 's terms before the workers ."
mgc0024,mg0182,boo,booed,61,296040,1983,1980,MAG,Time,"#, the octogenarian hero of the elderly , also was",booed,"by a white audience last week . Douglas Fraser , the president","#, the octogenarian hero of the elderly , also was booed by a white audience last week . Douglas Fraser , the president"
mgc0025,mg1347,wow,wowed,85,402888,2000,2000,MAG,TechReview,"#and the mathematician touting the technology , together they",wowed,venture capitalists on both coasts . Backed by $12.5 million,"#and the mathematician touting the technology , together they wowed venture capitalists on both coasts . Backed by $12.5 million"
mgc0026,mg1198,shoo,shooing,100,377297,2005,2000,MAG,Time,"essentially a professional crisis manager , defusing fights ,",shooing,off troublemakers and healing broken souls with sugar and steel,"essentially a professional crisis manager , defusing fights , shooing off troublemakers and healing broken souls with sugar and steel"
mgc0027,mg1341,wow,wowed,74,639422,1999,1990,NEWS,Denver,"#bleachers and capacity crowds , where the McCaffrey siblings",wowed,them on the basketball floor . # First came Eddie . Already,"#bleachers and capacity crowds , where the McCaffrey siblings wowed them on the basketball floor . # First came Eddie . Already"
mgc0028,mg1114,shoo,shooing,42,780149,1944,1940,FIC,DarkPage,"the rner , the puffing Amos behind him . A cop",shooing,"Curious kids away greeted him . "" What are you doing here","the rner , the puffing Amos behind him . A cop shooing Curious kids away greeted him . "" What are you doing here"
mgc0029,mg0688,boo,boos,227,432399,1988,1980,MAG,Newsweek,traditional talking tuxedo in midring brought forth a chorus of,boos,. Boxing has come a long way from the days when men,traditional talking tuxedo in midring brought forth a chorus of boos . Boxing has come a long way from the days when men
mgc0030,mg1085,shoo,shooed,76,5003303,2019,2010,FIC,Boulevard,"sun . Janie physically shooed Rothberg away from the computer ,",shooed,him from the apartment dining room entirely . She printed the,"sun . Janie physically shooed Rothberg away from the computer , shooed him from the apartment dining room entirely . She printed the"
mgc0031,mg1157,shoo,shooing,71,10690,1982,1980,FIC,TrueLove,", nigger ! "" The man tries to edge away ,",shooing,his kids ahead of him . It 's not necessarily that he,", nigger ! "" The man tries to edge away , shooing his kids ahead of him . It 's not necessarily that he"
mgc0032,mg1344,wow,wowed,50,368207,2000,2000,MAG,Time,"#gold medals at the 1996 Atlanta Olympics , she has",wowed,"sports fans with graceful and tenacious swordswomanship ,","#gold medals at the 1996 Atlanta Olympics , she has wowed sports fans with graceful and tenacious swordswomanship ,"
mgc0033,mg0821,ooh,oohs,5,16316,1968,1960,FIC,Mov:Skidoo,"floating down through the air and just then his colorful parachute opens to the """,oohs,"and ahhs "" of the crowd. This is the scene in New York,","floating down through the air and just then his colorful parachute opens to the "" oohs and ahhs "" of the crowd. This is the scene in New York,"
mgc0034,mg0091,boo,booed,203,10299,1953,1950,FIC,ReturnLannyBudd,"#unacknowledged legislators of mankind . "" The Reds hissed and",booed,"this speech , but the Germans gave the speaker an ovation .","#unacknowledged legislators of mankind . "" The Reds hissed and booed this speech , but the Germans gave the speaker an ovation ."
mgc0035,mg0021,boo,booed,38,10027,1932,1930,FIC,MagnoliaStreet,#that John Cooper was now away at sea . They,booed,as if Benny Edelman had not saved little Tommie Wright from,#that John Cooper was now away at sea . They booed as if Benny Edelman had not saved little Tommie Wright from
mgc0036,mg0360,boo,booing,112,1045187,1952,1950,TV/MOV,Stars and Stripes Fo...,"? Shall fade ? ? Be scattered ? ? [Crowd_Shouting] ,",Booing,The scoundrel . Nincompoop . Let 's get out of here before,"? Shall fade ? ? Be scattered ? ? [Crowd_Shouting] , Booing The scoundrel . Nincompoop . Let 's get out of here before"
mgc0037,mg0409,boo,booing,38,10580,1974,1970,FIC,LoveFeast,concoction passed around . Dean Borden booed when he refuses .,Booing,billows as proctors follow Dean 's lead . Turtlenecked chaplain,concoction passed around . Dean Borden booed when he refuses . Booing billows as proctors follow Dean 's lead . Turtlenecked chaplain
mgc0038,mg0155,boo,booed,110,731529,1974,1970,NEWS,Chicago,"#was leaving the hotel after the speech , the protesters",booed,"him loudly , the first evidence of hostility that Ford has","#was leaving the hotel after the speech , the protesters booed him loudly , the first evidence of hostility that Ford has"
mgc0039,mg1095,shoo,shooing,126,3457,1914,1910,FIC,AdesFables,"brave Woman who was back there in the lonesome Shack ,",shooing,"the Prairie Wolves away from the Cradle , and he resolved to","brave Woman who was back there in the lonesome Shack , shooing the Prairie Wolves away from the Cradle , and he resolved to"
mgc0040,mg0136,boo,booed,233,494588,1969,1960,MAG,NewRepublic,#guarantee to the Secret Service that he would not be,booed,", cursed and generally maligned by some of his hearers .","#guarantee to the Secret Service that he would not be booed , cursed and generally maligned by some of his hearers ."
mgc0041,mg0104,boo,booed,138,719421,1958,1950,NEWS,NYT-Reg,#with Romans ? forefathers of the Romans who cheered and,booed,last night . Early this morning it was still uncertain whether,#with Romans ? forefathers of the Romans who cheered and booed last night . Early this morning it was still uncertain whether
mgc0042,mg0848,ooh,oohs,32,780523,2005,2000,FIC,Mov:FantasticFourThe,"of flame (their future callsign), over the city skyline. The crowd",oohs,"and aahs. Ben watches, unimpressed. # BEN # Showoff. People drink,","of flame (their future callsign), over the city skyline. The crowd oohs and aahs. Ben watches, unimpressed. # BEN # Showoff. People drink,"
mgc0043,mg0065,boo,booed,284,1037166,1944,1940,TV/MOV,Passage to Marseille,"#"" and the loyal French soldiers are understood to have",booed,". "" What kind of a war is this ? Soldiers say","#"" and the loyal French soldiers are understood to have booed . "" What kind of a war is this ? Soldiers say"
mgc0044,mg0707,boo,boos,25,81693,2002,2000,MAG,SportsIll,"24 , in a game Boston would win 9-8 , the",boos,"and chants of "" Clemens sucks ! "" that accompanied his departure","24 , in a game Boston would win 9-8 , the boos and chants of "" Clemens sucks ! "" that accompanied his departure"
mgc0045,mg1429,wow,wowing,22,4185075,2017,2010,MAG,Engadget,#at CES in a few weeks . But instead of,wowing,"the world with it 's non-stop teaser videos , it was the","#at CES in a few weeks . But instead of wowing the world with it 's non-stop teaser videos , it was the"
mgc0046,mg0538,boo,boos,80,256978,1940,1940,MAG,Time,suddenly interrupted by a tremendous clamor of sound-effect,boos,"catcalls . Then the Nazi announcer spoke up . "" This ,","suddenly interrupted by a tremendous clamor of sound-effect boos catcalls . Then the Nazi announcer spoke up . "" This ,"
mgc0047,mg0404,boo,booing,173,10515,1969,1960,FIC,BlindManWithPistol,"law and order . "" The cameras briefly showed the spectators",booing,", then switched quickly to other sound trucks , occupied by","law and order . "" The cameras briefly showed the spectators booing , then switched quickly to other sound trucks , occupied by"
mgc0048,mg0290,boo,booing,50,9846,1866,1860,FIC,GoodCompanyEvery,"and her Cause , somewhat basely ; took to booing and",booing,"for Causes of their own , unhappy mortals ; -- and Scotland","and her Cause , somewhat basely ; took to booing and booing for Causes of their own , unhappy mortals ; -- and Scotland"
mgc0049,mg1435,wow,wows,4,228072,1948,1940,MAG,Time,"love to hear their language spoken. "" # A good mimic, she often",wows,French audiences with take-offs of people who heckle husband George. She has never been,"love to hear their language spoken. "" # A good mimic, she often wows French audiences with take-offs of people who heckle husband George. She has never been"
mgc0050,mg1050,shoo,shooed,58,36580,2009,2000,FIC,ValeriasLastStand,. It was the same scene every day . Some even,shooed,"her away . # "" Leave my food alone , "" they",". It was the same scene every day . Some even shooed her away . # "" Leave my food alone , "" they"
mgc0051,mg0279,boo,booed,218,4182023,2017,2010,MAG,Huffington Post,"#Act , according to WJBF . # The crowd also",booed,when Wilson said he supported President Donald Trump 's,"#Act , according to WJBF . # The crowd also booed when Wilson said he supported President Donald Trump 's"
mgc0052,mg0353,boo,booing,133,1041113,1949,1940,TV/MOV,All the King's Men,of here ! - What 's the idea ? They 're,booing,you . - My head ... - The doctor said it 's,of here ! - What 's the idea ? They 're booing you . - My head ... - The doctor said it 's
mgc0053,mg1067,shoo,shooed,18,4163235,2014,2010,FIC,LiteraryRev,"chilled again , her body weak . Day after day he",shooed,"away pigeons , murmuring words of encouragement , until","chilled again , her body weak . Day after day he shooed away pigeons , murmuring words of encouragement , until"
mgc0054,mg1313,wow,wowed,94,10527,1970,1970,FIC,IslandsInStream,"#Hymie slouched forward and banged his brows , going """,Wowed,""" and "" Zaddafuck , waddafuck ! "" And Boomie fluttered fingers","#Hymie slouched forward and banged his brows , going "" Wowed "" and "" Zaddafuck , waddafuck ! "" And Boomie fluttered fingers"
mgc0055,mg0349,boo,booing,17,16593,1949,1940,FIC,Mov:SetUpThe,"air and Nelson dances tantalizingly about him , the fans start",booing,"and stamping . Nelson , with a broad smile , stops and","air and Nelson dances tantalizingly about him , the fans start booing and stamping . Nelson , with a broad smile , stops and"
mgc0056,mg0728,boo,boos,97,4116037,2011,2010,NEWS,USAToday,"makes no sense at all . "" # Perry , drawing",boos,"from an audience of 5,000 at the Orange County Convention Center","makes no sense at all . "" # Perry , drawing boos from an audience of 5,000 at the Orange County Convention Center"
mgc0057,mg0842,ooh,oohs,26,366314,2000,2000,MAG,Time,"When Sony released its $1,000 digital picture frame last year, it got lots of",oohs,and aahs but few takers. Now come the clones: Idea Grove is hawking,"When Sony released its $1,000 digital picture frame last year, it got lots of oohs and aahs but few takers. Now come the clones: Idea Grove is hawking"
mgc0058,mg1039,shoo,shooed,203,30426,2004,2000,FIC,BoazBrown,seat to beat out a few loud clashes before the organist,shooed,them away . The cheerful hum of church folk idly socializing,seat to beat out a few loud clashes before the organist shooed them away . The cheerful hum of church folk idly socializing
mgc0059,mg1163,shoo,shooing,129,780085,1988,1980,FIC,CrownStars,'s arm and flew over the tangle with the idea of,shooing,the youngsters back to the ship . But the arrival of this,'s arm and flew over the tangle with the idea of shooing the youngsters back to the ship . But the arrival of this
mgc0060,mg0113,boo,booed,193,723491,1963,1960,NEWS,NYT-Reg,#Crowds gathered at the scene of the clashes . They,booed,the policemen and when trucks from the government sugar,#Crowds gathered at the scene of the clashes . They booed the policemen and when trucks from the government sugar
mgc0061,mg0763,ooh,oohed,4,182389,1949,1940,MAG,Time,"cheerfully hammed a few appropriate poses for photographers ,",oohed,and aahed like any common citizen at the power of Army 's,"cheerfully hammed a few appropriate poses for photographers , oohed and aahed like any common citizen at the power of Army 's"
mgc0062,mg0656,boo,boos,146,109908,1977,1970,MAG,SportsIll,them without complaint but still not understanding the Garden,boos,or why the New York press had made him the whipping boy,them without complaint but still not understanding the Garden boos or why the New York press had made him the whipping boy
mgc0063,mg0216,boo,booed,286,135897,1993,1990,MAG,SportsIll,#to make a pitching change out of fear of being,booed,". // "" That has an effect on the team , ""","#to make a pitching change out of fear of being booed . // "" That has an effect on the team , """
mgc0064,mg1354,wow,wowed,70,634214,2002,2000,NEWS,Chicago,"#Still , this is a young and resilient team that",wowed,the West without Keith Tkachuk and Jeremy Roenick this season .,"#Still , this is a young and resilient team that wowed the West without Keith Tkachuk and Jeremy Roenick this season ."
mgc0065,mg0746,boo,boos,59,5006050,2018,2010,MAG,Bleacher Report,Taylor was an ugly 4-of-14 for 19 yards and drew loud,boos,"and "" we want Baker "" chants from the crowd . A","Taylor was an ugly 4-of-14 for 19 yards and drew loud boos and "" we want Baker "" chants from the crowd . A"
mgc0066,mg0908,shoo,shooed,226,10101,1938,1930,FIC,ListeningHouse,"too , lady . Go on ahead there . "" He",shooed,"us on ahead of him , made us sit on the black","too , lady . Go on ahead there . "" He shooed us on ahead of him , made us sit on the black"
mgc0067,mg1214,shoo,shooing,78,36650,2009,2000,FIC,WhereItLies,"accept that , ma'am . "" He spread his arms ,",shooing,"me back from the doorway . "" You can tell your whole","accept that , ma'am . "" He spread his arms , shooing me back from the doorway . "" You can tell your whole"
mgc0068,mg1096,shoo,shooing,155,435223,1915,1910,MAG,Atlantic,even then were apparently sent only with the intent of ',shooing,"' several belligerent Tommies back to their own side , for the","even then were apparently sent only with the intent of ' shooing ' several belligerent Tommies back to their own side , for the"
mgc0069,mg0968,shoo,shooed,117,14348,1977,1970,FIC,Play:AnnullaAnAutobiography,to really take a job . And do you know they,shooed,me out ? Do you know why ? They found out my,to really take a job . And do you know they shooed me out ? Do you know why ? They found out my
mgc0070,mg1361,wow,wowed,67,376374,2003,2000,MAG,Time,#Bobby and Ethel given to Old Joe for his birthday,wowed,"the patriarch , who called Lowe and said he wanted him to","#Bobby and Ethel given to Old Joe for his birthday wowed the patriarch , who called Lowe and said he wanted him to"
mgc0071,mg1376,wow,wowed,36,4088056,2011,2010,NEWS,CSMonitor,#our early prediction list . While Chris Medina never really,wowed,"enough vocally to belong in the Top 24 , it was a","#our early prediction list . While Chris Medina never really wowed enough vocally to belong in the Top 24 , it was a"
mgc0072,mg0392,boo,booing,67,2653064,1964,1960,TV/MOV,The Munsters,in a row . Even the crowd 's getting tired of,booing,"him . Look , Jerry , I 've got one more gimmick","in a row . Even the crowd 's getting tired of booing him . Look , Jerry , I 've got one more gimmick"
mgc0073,mg0687,boo,boos,164,432399,1988,1980,MAG,Newsweek,", Stephen King , Paul Simon , George Steinbrenner ( most",boos,upon introduction ) and Natalie Cole (biggest cheers ) ? all,", Stephen King , Paul Simon , George Steinbrenner ( most boos upon introduction ) and Natalie Cole (biggest cheers ) ? all"
mgc0074,mg0203,boo,booed,257,53163,1990,1990,FIC,Ploughshares,"#for ten rounds , even if you lost and got",booed,. At least you 'd be around to collect on another payday,"#for ten rounds , even if you lost and got booed . At least you 'd be around to collect on another payday"
mgc0075,mg0461,boo,booing,113,411380,2000,2000,MAG,PopMech,"the piano player , the audience cheering for the hero and",booing,the villain in a variety of languages that might have been heard,"the piano player , the audience cheering for the hero and booing the villain in a variety of languages that might have been heard"
mgc0076,mg0615,boo,boos,235,10494,1967,1960,FIC,Arrangement,was I really dealing in controversy . Merely leading cheers and,boos,. He said everything in my piece was predictable . That I,was I really dealing in controversy . Merely leading cheers and boos . He said everything in my piece was predictable . That I
mgc0077,mg0200,boo,booed,144,329663,1989,1980,MAG,Time,#stadium . Cheers and applause ? Hardly . The fans,booed,lustily . # Those jeers apparently never reached East Berlin .,#stadium . Cheers and applause ? Hardly . The fans booed lustily . # Those jeers apparently never reached East Berlin .
mgc0078,mg0847,ooh,oohs,31,33271,2005,2000,FIC,TicketHome,were swaddled in woolen scarves and down coats. They sent up soft choruses of,oohs,and aaaahs when the cat with a sixteen-foot bow tie emerged from a side street,were swaddled in woolen scarves and down coats. They sent up soft choruses of oohs and aaaahs when the cat with a sixteen-foot bow tie emerged from a side street
mgc0079,mg1277,shoo,shoos,4,296138,1983,1980,MAG,Time,"pose , he holds a thick cigar in one hand and",shoos,"away his old English sheep dog , Wellington , with the other","pose , he holds a thick cigar in one hand and shoos away his old English sheep dog , Wellington , with the other"
mgc0080,mg0040,boo,booed,152,221720,1938,1930,MAG,Time,"#'s end 30,000 workers jammed Buffalo Stadium in Paris ,",booed,moderate French Labor Union Boss Lon Jouhaux completely off the,"#'s end 30,000 workers jammed Buffalo Stadium in Paris , booed moderate French Labor Union Boss Lon Jouhaux completely off the"
mgc0081,mg1270,shoo,shoos,27,14238,1970,1970,FIC,Play:TrumpetInLand,my thanks . BERNARD GRUBE Now away with you ! (,Shoos,the widows out . ) CHRISTIAN GREGOR (Laconically . ) You,my thanks . BERNARD GRUBE Now away with you ! ( Shoos the widows out . ) CHRISTIAN GREGOR (Laconically . ) You
mgc0082,mg1187,shoo,shooing,122,45414,1999,1990,FIC,SouthwestRev,"to his dad , the old man makes a to-do of",shooing,"the Mrs. and then whispers conspiratorially , "" You been dippin '","to his dad , the old man makes a to-do of shooing the Mrs. and then whispers conspiratorially , "" You been dippin '"
mgc0083,mg0419,boo,booing,198,732697,1976,1970,NEWS,Chicago,""" he said . The crowd responded with a chorus of",booing,". "" It 's not a Catholic issue , "" Carter added",""" he said . The crowd responded with a chorus of booing . "" It 's not a Catholic issue , "" Carter added"
mgc0084,mg0002,boo,booed,85,1581,1905,1900,FIC,TalesRoad,#think of . Finally he asked me for ' Hairts,Booed,"Doon . ' "" As I played ' The Heart Bowed Down","#think of . Finally he asked me for ' Hairts Booed Doon . ' "" As I played ' The Heart Bowed Down"
mgc0085,mg0297,boo,booing,99,4868,1907,1900,FIC,Convert,", anyway ? "" ' In the chorus of cheers and",booing,"some one sang out , ' He 's a jolly good fellow",", anyway ? "" ' In the chorus of cheers and booing some one sang out , ' He 's a jolly good fellow"
mgc0086,mg0210,boo,booed,113,612557,1992,1990,NEWS,Atlanta,#now . Thigpen went from 57 to 35 and they,booed,"him out of town . "" . . . . Cardinals set-up","#now . Thigpen went from 57 to 35 and they booed him out of town . "" . . . . Cardinals set-up"
mgc0087,mg0647,boo,boos,82,16135,1975,1970,FIC,Mov:Nashville,"as our guest . How 's that , huh ? The",boos,"continue , but the cheers and applause that filter in lead him","as our guest . How 's that , huh ? The boos continue , but the cheers and applause that filter in lead him"
mgc0088,mg0639,boo,boos,225,729779,1971,1970,NEWS,Chicago,"and evening gowns , they were greeted with obscene catcalls and",boos,. An especially angry reception was given to millionaire W.,"and evening gowns , they were greeted with obscene catcalls and boos . An especially angry reception was given to millionaire W."
mgc0089,mg0214,boo,booed,248,624873,1993,1990,NEWS,Houston,#. Because he has endured the bad times and been,booed,", this year 's success means that much more to him .","#. Because he has endured the bad times and been booed , this year 's success means that much more to him ."
mgc0090,mg1381,wow,wowed,90,4115103,2012,2010,NEWS,Denver,"#comes into the museum , that they are so completely",wowed,with the experience -- and that it 's not just about fashion,"#comes into the museum , that they are so completely wowed with the experience -- and that it 's not just about fashion"
mgc0091,mg1243,shoo,shooing,72,5003243,2018,2010,FIC,Azalea,he went home to fetch the bird-net with little bells .,Shooing,"his puzzled mother and sister back into the house , he marched","he went home to fetch the bird-net with little bells . Shooing his puzzled mother and sister back into the house , he marched"
mgc0092,mg0466,boo,booing,88,373984,2002,2000,MAG,Time,"Woodstock IV , showing no disapproval then or later over the",booing,"of Republican Senator Trent Lott , who had come to pay his","Woodstock IV , showing no disapproval then or later over the booing of Republican Senator Trent Lott , who had come to pay his"
mgc0093,mg0557,boo,boos,42,711300,1948,1940,NEWS,NYT-Reg,The names of Senators Taft and Vandenberg raised a chorus of,boos,and hisses . President Truman 's name also brought similar but,The names of Senators Taft and Vandenberg raised a chorus of boos and hisses . President Truman 's name also brought similar but
mgc0094,mg0578,boo,boos,79,715831,1953,1950,NEWS,NYT-Reg,A. F. L. organizational drive . But the loudest and longest,boos,came when he accused Governor Dewey and Gov . Alfred E. Driscoll,A. F. L. organizational drive . But the loudest and longest boos came when he accused Governor Dewey and Gov . Alfred E. Driscoll
mgc0095,mg0834,ooh,oohs,18,780082,1989,1980,FIC,FarewellHorizontal,frieze. Hit with a pinlight a second before the animation comes to life:,oohs,"and ahhs from all the tables. With these military tribes, you always knew","frieze. Hit with a pinlight a second before the animation comes to life: oohs and ahhs from all the tables. With these military tribes, you always knew"
mgc0096,mg1253,shoo,shoos,13,284,1920,1920,FIC,ThisSideParadise,job is to provide and to hold fast . His wife,shoos,"him on , from ten thousand a year to twenty thousand a","job is to provide and to hold fast . His wife shoos him on , from ten thousand a year to twenty thousand a"
mgc0097,mg1018,shoo,shooed,98,44216,1998,1990,FIC,SouthwestRev,"to hear them screech . Great . Caught a pigeon ,",shooed,"it in the sack , sloping shingles and blue sky , the","to hear them screech . Great . Caught a pigeon , shooed it in the sack , sloping shingles and blue sky , the"
mgc0098,mg0007,boo,booed,99,486180,1925,1920,MAG,Nation,#the story becomes even sadder . Was Master Grange ever,booed,from the field while he played with his college mates ? He,#the story becomes even sadder . Was Master Grange ever booed from the field while he played with his college mates ? He
mgc0099,mg0658,boo,boos,33,780101,1978,1970,FIC,Cabal,"that are predominantly Christian .... "" There was a burst of",boos,and foot-stomping and Hartewell waited until it quieted . Then,"that are predominantly Christian .... "" There was a burst of boos and foot-stomping and Hartewell waited until it quieted . Then"
mgc0100,mg1029,shoo,shooed,151,633205,2000,2000,NEWS,Chicago,physically exhausted and emotionally depleted . Typically I,shooed,the boys out of the kitchen so I could perform yet another,physically exhausted and emotionally depleted . Typically I shooed the boys out of the kitchen so I could perform yet another
mgc0101,mg0188,boo,booed,208,490886,1984,1980,MAG,NewYorker,#lotus position to complain about his innovation . ( People,booed,"when Bob Dylan plugged in his guitar , too . ) ""","#lotus position to complain about his innovation . ( People booed when Bob Dylan plugged in his guitar , too . ) """
mgc0102,mg0920,shoo,shooed,45,4173,1947,1940,FIC,GreenerThanYou,various degrees of resistance the inhabitants were carried or,shooed,from their dwellings . While the wrangling over its destruction,various degrees of resistance the inhabitants were carried or shooed from their dwellings . While the wrangling over its destruction
mgc0103,mg1208,shoo,shooing,142,637888,2007,2000,NEWS,SanFran,"talk to the pharmacist , "" said the hotel clerk ,",shooing,"us out the door . # The pharmacist , a young woman","talk to the pharmacist , "" said the hotel clerk , shooing us out the door . # The pharmacist , a young woman"
mgc0104,mg0965,shoo,shooed,92,780157,1976,1970,FIC,MurderAtABA,12:40 P.M. It was somewhat past twelve-thirty when we were all,shooed,into the next room to the tables reserved for us near the,12:40 P.M. It was somewhat past twelve-thirty when we were all shooed into the next room to the tables reserved for us near the
mgc0105,mg0064,boo,booed,279,224598,1944,1940,MAG,Time,"#their long inaction , he addressed them and was roundly",booed,. This time the troops knew that action could not be long,"#their long inaction , he addressed them and was roundly booed . This time the troops knew that action could not be long"
mgc0106,mg0998,shoo,shooed,145,40294,1992,1990,FIC,IdasPassion,"asleep . The family got on her nerves , and she",shooed,Sweetbabe away when he wanted to read aloud to her even though,"asleep . The family got on her nerves , and she shooed Sweetbabe away when he wanted to read aloud to her even though"
mgc0107,mg0536,boo,boos,61,704831,1940,1940,NEWS,NYT-Reg,"Willkie was a Democrat until very ' recently , as many",boos,as cheers came from the galleries after this statement . It was,"Willkie was a Democrat until very ' recently , as many boos as cheers came from the galleries after this statement . It was"
mgc0108,mg1109,shoo,shooing,79,10053,1934,1930,FIC,UnfinishedCathedral,I had a fancy that in a moment she would be,shooing,me out of the house as I had seen her shoo recalcitrant,I had a fancy that in a moment she would be shooing me out of the house as I had seen her shoo recalcitrant
mgc0109,mg0866,shoo,shooed,4,5519,1908,1900,FIC,TreasureValley,Twelve Tribes emigrated from the back yard they were promptly,shooed,across the street and over into the doctor 's garden . Davy,Twelve Tribes emigrated from the back yard they were promptly shooed across the street and over into the doctor 's garden . Davy
mgc0110,mg0436,boo,booing,118,668875,1987,1980,NEWS,Chicago,walk out there and see all these people ; they were,booing,"us a couple weeks ago , "" Marshall said . "" Guys","walk out there and see all these people ; they were booing us a couple weeks ago , "" Marshall said . "" Guys"
mgc0111,mg0942,shoo,shooed,85,781990,1965,1960,FIC,DoorbellRang,"was the busiest time of day downstairs for Felix , I",shooed,him out and took Wolfe 's coat and hung it up and,"was the busiest time of day downstairs for Felix , I shooed him out and took Wolfe 's coat and hung it up and"
mgc0112,mg0165,boo,booed,126,291856,1977,1970,MAG,Time,"#'s home state of Colorado last month , football fans",booed,in Denver 's Mile High Stadium . Reason : for nearly nine,"#'s home state of Colorado last month , football fans booed in Denver 's Mile High Stadium . Reason : for nearly nine"
mgc0113,mg0236,boo,booed,57,616271,2001,2000,NEWS,Atlanta,"#, "" Boas said . "" He had never been",booed,"before , even when he was running go-karts . "" # Boas","#, "" Boas said . "" He had never been booed before , even when he was running go-karts . "" # Boas"
mgc0114,mg1409,wow,wowing,20,10586,1974,1970,FIC,MyLifeAsMan,#for you when you got home from a day of,wowing,"the teachers . You were n't exactly trained to take punishment ,","#for you when you got home from a day of wowing the teachers . You were n't exactly trained to take punishment ,"
mgc0115,mg1455,wow,wows,24,386551,2003,2000,MAG,Smithsonian,", one of the greatest drummers of all time still riffs up a storm and",wows,"fellow musicians # YOU MAY NOT HAVE HEARD of Roy Haynes, but you have",", one of the greatest drummers of all time still riffs up a storm and wows fellow musicians # YOU MAY NOT HAVE HEARD of Roy Haynes, but you have"
mgc0116,mg1365,wow,wowed,68,661039,2004,2000,NEWS,CSMonitor,#unsolicited print to the 1992 Toronto film festival . It,wowed,the programmers . Though the film went on to win the American,#unsolicited print to the 1992 Toronto film festival . It wowed the programmers . Though the film went on to win the American
mgc0117,mg0918,shoo,shooed,7,10205,1945,1940,FIC,LionIsInStreets,""" Three flies buzzed and circled over the table . Verity",shooed,"at them ineffectually . "" We 'll get some screens , first",""" Three flies buzzed and circled over the table . Verity shooed at them ineffectually . "" We 'll get some screens , first"
mgc0118,mg0802,ooh,oohing,9,48272,2003,2000,FIC,Ploughshares,", but the tiger was silent . When the audience was",oohing,and aahing over the tamer placing his head into a lion 's,", but the tiger was silent . When the audience was oohing and aahing over the tamer placing his head into a lion 's"
mgc0119,mg0180,boo,booed,260,432106,1982,1980,MAG,USNWR,"#Party Congress in France last October , he was roundly",booed,. French officials say the U.S. has scored points by,"#Party Congress in France last October , he was roundly booed . French officials say the U.S. has scored points by"
mgc0120,mg0985,shoo,shooed,122,330356,1985,1980,MAG,Time,watching . An ABC television crew staying in the hotel was,shooed,off and told to come back when the food had been served,watching . An ABC television crew staying in the hotel was shooed off and told to come back when the food had been served
mgc0121,mg1013,shoo,shooed,65,54716,1997,1990,FIC,FantasySciFi,the lawn . # Mrs. Meadows opened the glass door and,shooed,"her pet out . "" Now at least he wo n't be","the lawn . # Mrs. Meadows opened the glass door and shooed her pet out . "" Now at least he wo n't be"
mgc0122,mg0427,boo,booing,84,14001,1979,1970,FIC,Play:CircusValentine,stupid . IN THE CENTER RINGGoldie continues . The crowd is,booing,"now . GOLDIE The only thing we ownThat 's worth anything ,","stupid . IN THE CENTER RINGGoldie continues . The crowd is booing now . GOLDIE The only thing we ownThat 's worth anything ,"
mgc0123,mg0020,boo,booed,190,302315,1931,1930,MAG,Time,"#at a session earlier in the week , hissed and",booed,"the cherished French thesis of "" No Disarmament Without","#at a session earlier in the week , hissed and booed the cherished French thesis of "" No Disarmament Without"
mgc0124,mg0976,shoo,shooed,20,782024,1981,1980,FIC,WarRoses,his office long after the others had gone . He had,shooed,"away the cleaning woman , a portly Spanish-looking lady who","his office long after the others had gone . He had shooed away the cleaning woman , a portly Spanish-looking lady who"
mgc0125,mg0341,boo,booing,205,149624,1940,1940,MAG,Time,"the town centre , Willkie got his first real baptism by",booing,: a three-story red-brick General Motors assembly plant,"the town centre , Willkie got his first real baptism by booing : a three-story red-brick General Motors assembly plant"
mgc0126,mg1025,shoo,shooed,166,45409,1999,1990,FIC,ConfidenceInIzmir,and millions of devalued lira were at stake . The waiter,shooed,"the hawker from their table , and a final fingernail of sun","and millions of devalued lira were at stake . The waiter shooed the hawker from their table , and a final fingernail of sun"
mgc0127,mg0737,boo,boos,8,4187036,2016,2010,NEWS,Washington Post,"pricey quarterback , his return to Denver resulting in numerous",boos,and a 27-9 Texans loss in which the road team made things,"pricey quarterback , his return to Denver resulting in numerous boos and a 27-9 Texans loss in which the road team made things"
mgc0128,mg0406,boo,booing,90,728691,1970,1970,NEWS,Chicago,"reached the microphone , she could not be heard over the",booing,of the audience . The University of Illinois walkout occurred,"reached the microphone , she could not be heard over the booing of the audience . The University of Illinois walkout occurred"
mgc0129,mg0782,ooh,oohed,8,4085317,2010,2010,FIC,Analog,"overhead , and Andrea gasped . Several of the other astronomers",oohed,"and aahed . "" Make a wish , "" Craig said .","overhead , and Andrea gasped . Several of the other astronomers oohed and aahed . "" Make a wish , "" Craig said ."
mgc0130,mg1295,wow,wowed,45,679486,1911,1910,NEWS,Chicago,"#Mr. Clarke ? s own statement , he had not",Wowed,much aptitude for business and had been erratic . His brother,"#Mr. Clarke ? s own statement , he had not Wowed much aptitude for business and had been erratic . His brother"
mgc0131,mg0727,boo,boos,96,4109041,2011,2010,MAG,USAToday,"Each time they come into view , they are met with",boos,"from all around but , to everyone 's surprise , no punishment","Each time they come into view , they are met with boos from all around but , to everyone 's surprise , no punishment"
mgc0132,mg0169,boo,booed,105,491872,1979,1970,MAG,SatEvePost,#political speech last year when some people in the audience,booed,her . What would you have done if you 'd been the,#political speech last year when some people in the audience booed her . What would you have done if you 'd been the
mgc0133,mg0145,boo,booed,106,729712,1971,1970,NEWS,Chicago,#concert which has a ' star . ' They even,booed,Herbert von Karajan 's ' Die Walkuere . ' At other times,#concert which has a ' star . ' They even booed Herbert von Karajan 's ' Die Walkuere . ' At other times
mgc0134,mg0487,boo,booing,57,4160229,2013,2010,FIC,Bk:WhenDevilDoesnt,"and mask , came out onto the balcony above . The",booing,"got louder , but this devil hissed back and stomped his feet","and mask , came out onto the balcony above . The booing got louder , but this devil hissed back and stomped his feet"
mgc0135,mg0923,shoo,shooed,10,230958,1952,1950,MAG,Time,to the British airfield where the planes were parked : they,shooed,away all visitors . Finally Chennault took his appeal to Britain,to the British airfield where the planes were parked : they shooed away all visitors . Finally Chennault took his appeal to Britain
mgc0136,mg0885,shoo,shooed,143,483,1921,1920,FIC,Cow-Country,challenge he made no reply whatever . The group around Jeff,shooed,"Smoky gently toward the other side of the corral , thereby","challenge he made no reply whatever . The group around Jeff shooed Smoky gently toward the other side of the corral , thereby"
mgc0137,mg0766,ooh,oohed,10,269851,1963,1960,MAG,Time,"near the roof girders , and a family-trade crowd of 4,320",oohed,and aahed . This was the finale of the Holiday on Ice,"near the roof girders , and a family-trade crowd of 4,320 oohed and aahed . This was the finale of the Holiday on Ice"
mgc0138,mg0720,boo,boos,168,607693,2006,2000,NEWS,WashPost,"massaging his fan base , which he publicly reprimanded after",boos,were heard at Smith Center during an overtime win over Saint,"massaging his fan base , which he publicly reprimanded after boos were heard at Smith Center during an overtime win over Saint"
mgc0139,mg0571,boo,boos,17,16601,1952,1950,FIC,Mov:AndroclesLion,to attack . Their instructions are intermingled with,boos,and catcalls and cries of derision . 418 MED . SHOT of,to attack . Their instructions are intermingled with boos and catcalls and cries of derision . 418 MED . SHOT of
mgc0140,mg0808,ooh,oohing,23,384365,2006,2000,MAG,Esquire,""" he tells the woman from exTra , who has been",oohing,"on camera over his success , "" I 'm in this unique",""" he tells the woman from exTra , who has been oohing on camera over his success , "" I 'm in this unique"
mgc0141,mg0697,boo,boos,89,350527,1993,1990,MAG,Time,"also feed his awesomely detailed Guide , which includes ahs and",boos,"for 7,500 wines . Parker devotes more lineage to bottom-drawer","also feed his awesomely detailed Guide , which includes ahs and boos for 7,500 wines . Parker devotes more lineage to bottom-drawer"
mgc0142,mg1033,shoo,shooed,64,55735,2001,2000,FIC,FantasySciFi,"what has that to do with it ? "" The Witch",shooed,"her out of the hut . # As the Witch predicted ,","what has that to do with it ? "" The Witch shooed her out of the hut . # As the Witch predicted ,"
mgc0143,mg0952,shoo,shooed,221,10563,1972,1970,FIC,VisionsCody,". . "" The non-corn came up at that point and",shooed,"them toward the stairs . They went down the steps , along",". . "" The non-corn came up at that point and shooed them toward the stairs . They went down the steps , along"
mgc0144,mg0107,boo,booed,20,311288,1960,1960,MAG,Time,"#Johnson , Democratic leader of the U.S. Senate , were",booed,"and hissed ( California Governor Pat Brown later apologized ,","#Johnson , Democratic leader of the U.S. Senate , were booed and hissed ( California Governor Pat Brown later apologized ,"
mgc0145,mg1088,shoo,shooing,153,9230,1854,1850,FIC,LifeSayingsMrs,"invisible annoyance . It was all without avail , and """,shooing,""" was bootless , for the sound came again to her wakeful","invisible annoyance . It was all without avail , and "" shooing "" was bootless , for the sound came again to her wakeful"
mgc0146,mg0499,boo,boos,137,436520,1912,1910,MAG,Atlantic,"may dwell on it thus much . The word cpuo-t ,",boos,occurs only five times in ancient Greek poetry ; twice it is,"may dwell on it thus much . The word cpuo-t , boos occurs only five times in ancient Greek poetry ; twice it is"
mgc0147,mg0422,boo,booing,75,320030,1978,1970,MAG,Time,. At one point he waited for the crowd to stop,booing,"McEnroe , then declared : "" He 's only 19 . """,". At one point he waited for the crowd to stop booing McEnroe , then declared : "" He 's only 19 . """
mgc0148,mg0583,boo,boos,53,10356,1957,1950,FIC,Line,"a storm of applause came a hurricane of catcalls , of",boos,"and stamping feet . The guard , a chunky , red-faced little","a storm of applause came a hurricane of catcalls , of boos and stamping feet . The guard , a chunky , red-faced little"
mgc0149,mg1426,wow,wowing,8,4120174,2012,2010,FIC,Bk:SecretsLostSummer,"#, she opened her own studio in February , immediately",wowing,everyone . It was as if she had reached critical mass --,"#, she opened her own studio in February , immediately wowing everyone . It was as if she had reached critical mass --"
mgc0150,mg0266,boo,booed,211,4117012,2011,2010,NEWS,Atlanta,"#for an examination and a tape job , and was",booed,when he came charging out of the tunnel . He returned to,"#for an examination and a tape job , and was booed when he came charging out of the tunnel . He returned to"
mgc0151,mg0959,shoo,shooed,107,780096,1974,1970,FIC,ManWithNoShadow,"tower of yours , so I drove back . The police",shooed,"me away . Sweetie , why do you have the police there","tower of yours , so I drove back . The police shooed me away . Sweetie , why do you have the police there"
mgc0152,mg0637,boo,boos,176,10542,1971,1970,FIC,MerryMonthMay,"a worker , who was asking to large numbers of angry",boos,whether the developing general strikes might not be doing more,"a worker , who was asking to large numbers of angry boos whether the developing general strikes might not be doing more"
mgc0153,mg0514,boo,boos,258,695510,1928,1920,NEWS,Chicago,"here 's liberty ! "" shrieked Clara , amid chorus of",boos,". "" I 've got some ) roperty and I 'll sell","here 's liberty ! "" shrieked Clara , amid chorus of boos . "" I 've got some ) roperty and I 'll sell"
mgc0154,mg0897,shoo,shooed,170,10022,1932,1930,FIC,YoungLonigan,", and Mrs. Lonigan signaled her husband to pause until she",shooed,the innocent ones off to Loretta 's room . They scampered out,", and Mrs. Lonigan signaled her husband to pause until she shooed the innocent ones off to Loretta 's room . They scampered out"
mgc0155,mg0748,boo,boos,190,5250217,2018,2010,FIC,Fan Fic (1),"from the ordinary birds and a combination of cheers ,",boos,", and hisses from the B.A.A.D. members . Eventually , they","from the ordinary birds and a combination of cheers , boos , and hisses from the B.A.A.D. members . Eventually , they"
mgc0156,mg0170,boo,booed,119,14001,1979,1970,FIC,Play:CircusValentine,#a little twisted . You were wonderful . VLADIMIROV They,booed,him . TRINA They 're stupid . What do they know about,#a little twisted . You were wonderful . VLADIMIROV They booed him . TRINA They 're stupid . What do they know about
mgc0157,mg0096,boo,booed,194,234925,1955,1950,MAG,Time,"#, as French movie audiences cheered pictures of Mends and",booed,"the procession of Old Guard leaders to the presidential palace ,","#, as French movie audiences cheered pictures of Mends and booed the procession of Old Guard leaders to the presidential palace ,"
mgc0158,mg1245,shoo,shooing,108,5003094,2018,2010,FIC,Commentary,and mother bird . What reward does he receive ? #,Shooing,"the bird , he falls and dies . # Rabbi Elisha sees","and mother bird . What reward does he receive ? # Shooing the bird , he falls and dies . # Rabbi Elisha sees"
mgc0159,mg0588,boo,boos,114,719421,1958,1950,NEWS,NYT-Reg,"the Republic will forgive and understand . "" As for the",boos,"from the top gallery at the end of ' Costa Diva ,","the Republic will forgive and understand . "" As for the boos from the top gallery at the end of ' Costa Diva ,"
mgc0160,mg0429,boo,booing,194,671052,1981,1980,NEWS,NYT,"crowd yesterday greeted the Bills ' touchdown with silence , not",booing,. These were fans who produced their outsized yellow-foam hands,"crowd yesterday greeted the Bills ' touchdown with silence , not booing . These were fans who produced their outsized yellow-foam hands"
mgc0161,mg0041,boo,booed,35,703763,1939,1930,NEWS,NYT-Reg,"# -- not Mussolini . "" They chanted their slogans and",booed,"and shouted "" Arms for Spain ! "" for a quarter of","# -- not Mussolini . "" They chanted their slogans and booed and shouted "" Arms for Spain ! "" for a quarter of"
mgc0162,mg0364,boo,booing,124,715195,1953,1950,NEWS,NYT-Reg,the strike be a secret one . All of yesterday 's,booing,"was reserved for the Mayor , Controller Lazarus Joseph , the","the strike be a secret one . All of yesterday 's booing was reserved for the Mayor , Controller Lazarus Joseph , the"
mgc0163,mg1098,shoo,shooing,40,3289,1918,1910,FIC,MyÁntonia,"laughing , waving her apron before her as if she were",shooing,"chickens . She was a spare , tall woman , a little","laughing , waving her apron before her as if she were shooing chickens . She was a spare , tall woman , a little"
mgc0164,mg0628,boo,boos,87,728346,1970,1970,NEWS,Chicago,to the ground in the melee . A giant chorus of,boos,erupted as Agnew 's car pulled into the driveway and he entered,to the ground in the melee . A giant chorus of boos erupted as Agnew 's car pulled into the driveway and he entered
mgc0165,mg1255,shoo,shoos,29,16273,1922,1920,FIC,Mov:RedHotRomance,off and Tom picks up the King and carries him and,shoos,"them all before him into the palace , having jerked off their","off and Tom picks up the King and carries him and shoos them all before him into the palace , having jerked off their"
mgc0166,mg0831,ooh,oohs,15,490078,1981,1980,MAG,NewYorker,"a new piece based on that, "" he said. The room erupted in",oohs,"and cheers. I caught a look on Mitchell's face that said, ""","a new piece based on that, "" he said. The room erupted in oohs and cheers. I caught a look on Mitchell's face that said, """
mgc0167,mg1432,wow,wows,1,683542,1917,1910,NEWS,NYT-Ed,"able to resist Tammany persuasions, Tammany demands, for his removal. But Commissioner",Wows,has the opportunity to increase his already great reputation by sticking to his post until,"able to resist Tammany persuasions, Tammany demands, for his removal. But Commissioner Wows has the opportunity to increase his already great reputation by sticking to his post until"
mgc0168,mg0061,boo,booed,234,10189,1944,1940,FIC,DeepRiver,#and stood up ; tenants of the windows catcalled and,booed,", even P343the well-mannered rose hastily for a better look and","#and stood up ; tenants of the windows catcalled and booed , even P343the well-mannered rose hastily for a better look and"
mgc0169,mg1227,shoo,shooing,116,4160138,2013,2010,FIC,Bk:HellRichmondANovel,"Moses . # They looked Brown over , then , after",shooing,"the flies , applied their claws to the corpse . Brown had","Moses . # They looked Brown over , then , after shooing the flies , applied their claws to the corpse . Brown had"
mgc0170,mg0371,boo,booing,34,10336,1955,1950,FIC,BangDrumSlowly,", "" Cluck ! You ! Cluck there ! What you",booing,"at ? "" He was quite hoarse . He could hardly speak",", "" Cluck ! You ! Cluck there ! What you booing at ? "" He was quite hoarse . He could hardly speak"
mgc0171,mg0311,boo,booing,43,697413,1930,1930,NEWS,NYT-Reg,", an angry , flustered figure , - with a !",booing,"crowd at his heels , Mr. Todd began preIparing subpoenas for the",", an angry , flustered figure , - with a ! booing crowd at his heels , Mr. Todd began preIparing subpoenas for the"
mgc0172,mg0465,boo,booing,86,662761,2002,2000,NEWS,AP,# CLEVELAND : Manager Charlie Manuel did not agree with the,booing,"of Mesa , but understood it . "" If he is here","# CLEVELAND : Manager Charlie Manuel did not agree with the booing of Mesa , but understood it . "" If he is here"
mgc0173,mg0407,boo,booing,121,728346,1970,1970,NEWS,Chicago,"New Zealand , Jan. 15 Thursday ? Hundreds of shouting ,",booing,war protesters surged against police lines this afternoon in a,"New Zealand , Jan. 15 Thursday ? Hundreds of shouting , booing war protesters surged against police lines this afternoon in a"
mgc0174,mg0199,boo,booed,137,669011,1989,1980,NEWS,Chicago,#a villain because of his roughhouse style . The crowd,booed,Laimbeer and blamed him for Krystkowiak ' s injury after he was,#a villain because of his roughhouse style . The crowd booed Laimbeer and blamed him for Krystkowiak ' s injury after he was
mgc0175,mg1422,wow,wowing,15,648916,2003,2000,NEWS,NYT,"#scored a team-high 18 points in 17 second-half minutes ,",wowing,the crowd in his hometown . That stirring performance came less,"#scored a team-high 18 points in 17 second-half minutes , wowing the crowd in his hometown . That stirring performance came less"
mgc0176,mg1254,shoo,shoos,26,16273,1922,1920,FIC,Mov:RedHotRomance,chased by the marines . Tom quickly jerks off blindfolds and,shoos,the whole bunch -- King and Councilors - - into the palace,chased by the marines . Tom quickly jerks off blindfolds and shoos the whole bunch -- King and Councilors - - into the palace
mgc0177,mg0221,boo,booed,288,353016,1995,1990,MAG,Time,#blind leading the blind ? ' ' He was promptly,booed,": almost half the audience was over 50 . In fact ,","#blind leading the blind ? ' ' He was promptly booed : almost half the audience was over 50 . In fact ,"
mgc0178,mg0185,boo,booed,68,125224,1984,1980,MAG,SportsIll,"#consoling Biggs , who earlier in the evening had been",booed,by his countrymen after he 'd defeated Francesco Damiani of,"#consoling Biggs , who earlier in the evening had been booed by his countrymen after he 'd defeated Francesco Damiani of"
mgc0179,mg1251,shoo,shoos,1,4114,1892,1890,FIC,BlueCreekCañon,"swinging out from its next-door neighbor , bore the legend ,",Shoos,"1/2 Soled Here . "" But , I say , "" he","swinging out from its next-door neighbor , bore the legend , Shoos 1/2 Soled Here . "" But , I say , "" he"
mgc0180,mg0653,boo,boos,40,774125,1977,1970,NF/ACAD,TasteAmerica,"when Wallace sounded his "" busin "" ' theme , the",boos,and hisses were absorbed by conservative delegate applause and,"when Wallace sounded his "" busin "" ' theme , the boos and hisses were absorbed by conservative delegate applause and"
mgc0181,mg0827,ooh,oohs,11,281292,1974,1970,MAG,Time,"work. Occasionally he got studio jobs in New York, "" mostly background'",oohs,"' and' aahs' for commercials, "" he once recalled. "" I","work. Occasionally he got studio jobs in New York, "" mostly background' oohs ' and' aahs' for commercials, "" he once recalled. "" I"
mgc0182,mg0400,boo,booing,72,16316,1968,1960,FIC,Mov:Skidoo,a seat behind them The Man and Beany . They 're,booing,"like crazy , all except Tony , who has an absolutely euphoric","a seat behind them The Man and Beany . They 're booing like crazy , all except Tony , who has an absolutely euphoric"
mgc0183,mg1090,shoo,shooing,149,9011,1873,1870,FIC,WorkAStoryExperience,""" said Mrs. Wilkins pinning up her gown , and """,shooing,""" her brood out of the room , which they entirely filled",""" said Mrs. Wilkins pinning up her gown , and "" shooing "" her brood out of the room , which they entirely filled"
mgc0184,mg0682,boo,boos,46,2647058,1987,1980,TV/MOV,Miami Vice,", from Tallahassee , [Bobby] Sykesl [Bobby] Sykes . Cheers ,",Boos,"And in the blue corner , standing 5 foot 8 , weighing",", from Tallahassee , [Bobby] Sykesl [Bobby] Sykes . Cheers , Boos And in the blue corner , standing 5 foot 8 , weighing"
mgc0185,mg0100,boo,booed,84,132418,1957,1950,MAG,SportsIll,"#New York , early in the 1952-53 season , they",booed,Captain Allan Stanley off the Garden ice and stayed away from,"#New York , early in the 1952-53 season , they booed Captain Allan Stanley off the Garden ice and stayed away from"
mgc0186,mg0187,boo,booed,184,125222,1984,1980,MAG,SportsIll,#6-1 loss to the Mets . Shortstop Rafael Ramirez was,booed,"that night for making three errors . Ramirez does n't mind ,","#6-1 loss to the Mets . Shortstop Rafael Ramirez was booed that night for making three errors . Ramirez does n't mind ,"
mgc0187,mg0314,boo,booing,138,301412,1932,1930,MAG,Time,"'s announcement was inaudible in the loudest , most prolonged",booing,( 20 minutes ) that has ever occurred in Madison Square Garden,"'s announcement was inaudible in the loudest , most prolonged booing ( 20 minutes ) that has ever occurred in Madison Square Garden"
mgc0188,mg0641,boo,boos,111,276397,1972,1970,MAG,Time,and whacked a ball at him . Such unseemly pique drew,boos,"from the crowd and a rebuke from Ashe , who complained to","and whacked a ball at him . Such unseemly pique drew boos from the crowd and a rebuke from Ashe , who complained to"
mgc0189,mg0518,boo,boos,212,491097,1933,1930,MAG,SatEvePost,pplause . Wumen 's screams . General hum of voices .,Boos,", razzherries . After-show hubbub , boys selling music sheets ,","pplause . Wumen 's screams . General hum of voices . Boos , razzherries . After-show hubbub , boys selling music sheets ,"
mgc0190,mg0927,shoo,shooed,15,491295,1955,1950,MAG,SatEvePost,"of the white school , shut out of the playground and",shooed,away from the movies . His father and mother resented this,"of the white school , shut out of the playground and shooed away from the movies . His father and mother resented this"
mgc0191,mg0074,boo,booed,82,171112,1947,1940,MAG,Time,"#attacked U.S. aid to France , he was jeered and",booed,by voices from all the non-Communist benches . Comrade Duclos,"#attacked U.S. aid to France , he was jeered and booed by voices from all the non-Communist benches . Comrade Duclos"
mgc0192,mg0463,boo,booing,80,5213038,2001,2000,TV/MOV,On the Line,just right and the world 's perfect ... until they start,booing,me . You never know who might listen to your song ...,just right and the world 's perfect ... until they start booing me . You never know who might listen to your song ...
mgc0193,mg0509,boo,boos,92,693355,1926,1920,NEWS,NYT-Reg,weeks denounced who ordered them barred from the big meeting .,Boos,for President Sigman and applause and cheers for Mr. Hyman and,weeks denounced who ordered them barred from the big meeting . Boos for President Sigman and applause and cheers for Mr. Hyman and
mgc0194,mg0584,boo,boos,58,186376,1957,1950,MAG,Time,"at the cops . # In the Knesset , unruffled by",boos,"and yells of "" Resign ! "" , Ben-Gurion was as frank","at the cops . # In the Knesset , unruffled by boos and yells of "" Resign ! "" , Ben-Gurion was as frank"
mgc0195,mg0803,ooh,oohing,14,413636,2003,2000,MAG,MotorBoating,to Barnum 's best . While the dignitaries and executives were,oohing,and ahhing on the dock and the PR types were handing out,to Barnum 's best . While the dignitaries and executives were oohing and ahhing on the dock and the PR types were handing out
mgc0196,mg0313,boo,booing,69,166518,1932,1930,MAG,Time,"a loyal group , wildly cheering his cheapest sallies , hissing",booing,his inquisitor . Outside was an admiring multitude who really,"a loyal group , wildly cheering his cheapest sallies , hissing booing his inquisitor . Outside was an admiring multitude who really"
mgc0197,mg1271,shoo,shoos,30,490700,1970,1970,MAG,NewYorker,"of space . "" Moving around among the children , she",shoos,them all into a room crowded with beds for their afternoon rest,"of space . "" Moving around among the children , she shoos them all into a room crowded with beds for their afternoon rest"
mgc0198,mg1360,wow,wowed,61,375983,2003,2000,MAG,Time,"#an appearance at New York University last week , Clark",wowed,the crowd with his thoughts on Iraq (he opposed the war,"#an appearance at New York University last week , Clark wowed the crowd with his thoughts on Iraq (he opposed the war"
mgc0199,mg0144,boo,booed,60,491263,1971,1970,MAG,SatEvePost,"#. And by the way , have you ever been",booed,"by 60,000 people for blowing a sale ? Professional ballplayers ,","#. And by the way , have you ever been booed by 60,000 people for blowing a sale ? Professional ballplayers ,"
mgc0200,mg1045,shoo,shooed,169,51166,2006,2000,FIC,FantasySciFi,"eagle again , putting the brakes on my protestations . He",shooed,the hunchback away and put his hand on the switch that would,"eagle again , putting the brakes on my protestations . He shooed the hunchback away and put his hand on the switch that would"
mgc0201,mg1134,shoo,shooing,156,1054047,1960,1960,TV/MOV,The Magnificent Seven,If that 's your taste ... I heard of a job,shooing,"' some flies away from a village , but I do n't","If that 's your taste ... I heard of a job shooing ' some flies away from a village , but I do n't"
mgc0202,mg1395,wow,wowed,89,5023080,2018,2010,NEWS,USA TODAY,# # Rookie first-round running backs the last four years have,wowed,"with highlight reels of hurdles , from the Rams ' Todd Gurley","# # Rookie first-round running backs the last four years have wowed with highlight reels of hurdles , from the Rams ' Todd Gurley"
mgc0203,mg1035,shoo,shooed,46,46745,2002,2000,FIC,FantasySciFi,"the story hard as I can , man . "" Margery",shooed,"Gammage back into the bathroom . "" All right , all right","the story hard as I can , man . "" Margery shooed Gammage back into the bathroom . "" All right , all right"
mgc0204,mg1014,shoo,shooed,84,42256,1997,1990,FIC,Analog,"tight quarters inside my hut with the bumbling Hickok , Lamon",shooed,him out and had the fire up and going in less than,"tight quarters inside my hut with the bumbling Hickok , Lamon shooed him out and had the fire up and going in less than"
mgc0205,mg0079,boo,booed,178,10264,1950,1950,FIC,EagleOnCoin,"#outside a crescendoing auto horn , held down hard ,",booed,past at considerable speed . It might have been only some,"#outside a crescendoing auto horn , held down hard , booed past at considerable speed . It might have been only some"
mgc0206,mg0520,boo,boos,77,701483,1935,1930,NEWS,NYT-Reg,"when he addressed the chair with "" Patman of Texas """,boos,came from around and from the galleries . The gavel of the,"when he addressed the chair with "" Patman of Texas "" boos came from around and from the galleries . The gavel of the"
mgc0207,mg0650,boo,boos,221,16135,1975,1970,FIC,Mov:Nashville,a heart now . He is interrupted by a holocaust of,boos,", which continue as he speaks . BARNETTYou do n't mean that","a heart now . He is interrupted by a holocaust of boos , which continue as he speaks . BARNETTYou do n't mean that"
mgc0208,mg1010,shoo,shooed,16,41962,1996,1990,FIC,SouthernRev,"she 'd planned , Martha climbed the rickety wooden stepladder ,",shooed,"away helpers , and strung Japanese paper lanterns from the big","she 'd planned , Martha climbed the rickety wooden stepladder , shooed away helpers , and strung Japanese paper lanterns from the big"
mgc0209,mg0504,boo,boos,200,14068,1922,1920,FIC,Play:HairyApe,"he is interrupted by a storm of catcalls , hisses ,",boos,", hard laughter . ) VOICES Turn it off ! Shut up","he is interrupted by a storm of catcalls , hisses , boos , hard laughter . ) VOICES Turn it off ! Shut up"
mgc0210,mg0618,boo,boos,154,273224,1968,1960,MAG,Time,their gloved hands in a clenched-fist salute . A wave of,boos,rippled through the spectators as the pair left the field . Smith,their gloved hands in a clenched-fist salute . A wave of boos rippled through the spectators as the pair left the field . Smith
mgc0211,mg0233,boo,booed,204,627645,2000,2000,NEWS,Houston,#Cleveland Browns Stadium for the first time . He was,booed,unmercifully before and during the game . One sign greeting,#Cleveland Browns Stadium for the first time . He was booed unmercifully before and during the game . One sign greeting
mgc0212,mg0114,boo,booed,240,431667,1963,1960,MAG,SportsIllustrated,"#his career in the major Alston has been jeered ,",booed,", mocked . hooted , taunted , derided , maligned , criticized","#his career in the major Alston has been jeered , booed , mocked . hooted , taunted , derided , maligned , criticized"
mgc0213,mg1204,shoo,shooing,19,33738,2007,2000,FIC,CamelBookmobile,"Yes , yes . "" Fi waved her hand as though",shooing,away a gnat-a gesture that Chris and Devi could n't see from,"Yes , yes . "" Fi waved her hand as though shooing away a gnat-a gesture that Chris and Devi could n't see from"
mgc0214,mg0853,ooh,oohs,37,4166024,2016,2010,FIC,Bk:LeadingLines,I've only been called to the office twice. There's a bunch of,oohs,"around the room. # "" The rules! You're breaking the rules!","I've only been called to the office twice. There's a bunch of oohs around the room. # "" The rules! You're breaking the rules!"
mgc0215,mg0172,boo,booed,120,491573,1980,1980,MAG,SatEvePost,"#Fern , that his speech was so bad the audience",booed,him . ( Not true . ) And he loves to tell,"#Fern , that his speech was so bad the audience booed him . ( Not true . ) And he loves to tell"
mgc0216,mg0562,boo,boos,130,16691,1949,1940,FIC,Mov:EasyLiving,-- The CAMERA MOVES IN CLOSE ON Buddy . The crowd,BOOS,loudly . Tears in Buddy 's eyes as he watches Pete.144 EXT,-- The CAMERA MOVES IN CLOSE ON Buddy . The crowd BOOS loudly . Tears in Buddy 's eyes as he watches Pete.144 EXT
mgc0217,mg1420,wow,wowing,1,27768,2001,2000,FIC,ChristmasShoes,"#lunch , conferences over the phone . The visions of",wowing,a courtroom with my verbal prowess faded as the firm 's partners,"#lunch , conferences over the phone . The visions of wowing a courtroom with my verbal prowess faded as the firm 's partners"
mgc0218,mg0855,shoo,shooed,232,9230,1854,1850,FIC,LifeSayingsMrs,"chest of drawers , and under the washstand , and """,shooed,""" until she could "" shoo "" no more . The reader","chest of drawers , and under the washstand , and "" shooed "" until she could "" shoo "" no more . The reader"
mgc0219,mg1413,wow,wowing,24,669993,1985,1980,NEWS,WallStJrnl,"#events like a blazing newspaper headline , or Louis Farrakhan",wowing,"them at Madison Square Garden , can be a grim sight .","#events like a blazing newspaper headline , or Louis Farrakhan wowing them at Madison Square Garden , can be a grim sight ."
mgc0220,mg0370,boo,booing,33,10336,1955,1950,FIC,BangDrumSlowly,"about it a long time . "" What in hell they",booing,"at ? "" said I. "" Search me , "" said Dutch","about it a long time . "" What in hell they booing at ? "" said I. "" Search me , "" said Dutch"
mgc0221,mg1063,shoo,shooed,38,4122069,2012,2010,FIC,FantasySciFi,body for disposal in a disused mine shaft . Then she,shooed,"Brown and Milo out too , so she could start the cleanup","body for disposal in a disused mine shaft . Then she shooed Brown and Milo out too , so she could start the cleanup"
mgc0222,mg1388,wow,wowed,42,4150183,2015,2010,MAG,PopScience,"#Rogers , the co-founder of Arizona-based Local Motors . Rogers",wowed,Immelt with his model for community-based product development,"#Rogers , the co-founder of Arizona-based Local Motors . Rogers wowed Immelt with his model for community-based product development"
mgc0223,mg0983,shoo,shooed,44,125225,1984,1980,MAG,SportsIll,"for a long time , wrinkling his nose , before he",shooed,everybody away from Vega 's bed and pulled the curtains around it,"for a long time , wrinkling his nose , before he shooed everybody away from Vega 's bed and pulled the curtains around it"
mgc0224,mg0750,boo,boos,28,5005045,2019,2010,MAG,ESPN,"just before tipoff , the crowd responded with a mixture of",boos,"and cheers , with the boos being perhaps more pronounced . #","just before tipoff , the crowd responded with a mixture of boos and cheers , with the boos being perhaps more pronounced . #"
mgc0225,mg0432,boo,booing,98,125222,1984,1980,MAG,SportsIll,"Chambliss is less understanding . "" I do n't agree with",booing,"players , "" he says . "" Raffy gets a lot of","Chambliss is less understanding . "" I do n't agree with booing players , "" he says . "" Raffy gets a lot of"
mgc0226,mg0933,shoo,shooed,73,491618,1958,1950,MAG,SatEvePost,"him . Splashing water in front of the tiger , Hack",shooed,"him back , praying meanwhile that no zoo visitors had got up","him . Splashing water in front of the tiger , Hack shooed him back , praying meanwhile that no zoo visitors had got up"
mgc0227,mg0390,boo,booing,120,207633,1963,1960,MAG,Time,"Nhu : "" You 're not helping us by hissing or",booing,"us . Tell us precisely what 's wrong with us . ""","Nhu : "" You 're not helping us by hissing or booing us . Tell us precisely what 's wrong with us . """
mgc0228,mg0490,boo,booing,102,4180035,2016,2010,MAG,RollingStone.com,"Miami-Dade , the one we were in . An attempt at",booing,"stopped almost as it started , perhaps out of embarrassment . #","Miami-Dade , the one we were in . An attempt at booing stopped almost as it started , perhaps out of embarrassment . #"
mgc0229,mg0781,ooh,oohed,27,36810,2009,2000,FIC,SaltyLikeBlood,", rockets -- whatever Rachel imagined . Mostly I gasped and",oohed,". In a moment I found myself blinking away tears , overwhelmed",", rockets -- whatever Rachel imagined . Mostly I gasped and oohed . In a moment I found myself blinking away tears , overwhelmed"
mgc0230,mg0089,boo,booed,6,715831,1953,1950,NEWS,NYT-Reg,"#from the Ryan camp were branded "" traitors "" and",booed,almost as roundly as Governor Dewey . The front rows were,"#from the Ryan camp were branded "" traitors "" and booed almost as roundly as Governor Dewey . The front rows were"
mgc0231,mg1357,wow,wowed,20,374483,2003,2000,MAG,Time,"#of shoes and bags and sunglasses , bought by those",wowed,"by the couture . And then there 's Chanel , where the","#of shoes and bags and sunglasses , bought by those wowed by the couture . And then there 's Chanel , where the"
mgc0232,mg0616,boo,boos,23,275314,1968,1960,MAG,Time,"on the great issues , the most striking phenomena were the",boos,"and catcalls , four-letter words and shouts of "" Sieg heil !","on the great issues , the most striking phenomena were the boos and catcalls , four-letter words and shouts of "" Sieg heil !"
mgc0233,mg0753,boo,boos,85,5005045,2019,2010,MAG,ESPN,would later unfold . # After a first half of mostly,boos,"directed at Davis , the reaction changed late in the contest .","would later unfold . # After a first half of mostly boos directed at Davis , the reaction changed late in the contest ."
mgc0234,mg1004,shoo,shooed,171,25029,1993,1990,FIC,SlowWaltzInCedar,"the side . But , having told it , the dean",shooed,the junior faculty out of his office and left them with the,"the side . But , having told it , the dean shooed the junior faculty out of his office and left them with the"
mgc0235,mg0139,boo,booed,182,729098,1970,1970,NEWS,NYT-Reg,"#Mr. Rockefeller , Mr. Lindsay and the other speakers were",booed,repeatedly and loudly by about 35 blacks and Puerto Ricans,"#Mr. Rockefeller , Mr. Lindsay and the other speakers were booed repeatedly and loudly by about 35 blacks and Puerto Ricans"
mgc0236,mg0234,boo,booed,263,366508,2000,2000,MAG,Time,"#on the Confederate flag controversy , some white students",booed,". It was an awkward moment , but Bush did n't panic","#on the Confederate flag controversy , some white students booed . It was an awkward moment , but Bush did n't panic"
mgc0237,mg1391,wow,wowed,103,4161184,2015,2010,FIC,Bk:PhantomAngel,#n't make a sound . Audiences today want to be,wowed,". Trust me , they will be wowed . And the music","#n't make a sound . Audiences today want to be wowed . Trust me , they will be wowed . And the music"
mgc0238,mg0558,boo,boos,45,711184,1948,1940,NEWS,NYT-Reg,"threw at you and raise the fare . "" There were",boos,and hissing from the crowd as he started to walk away .,"threw at you and raise the fare . "" There were boos and hissing from the crowd as he started to walk away ."
mgc0239,mg1444,wow,wows,13,735160,1981,1980,NEWS,Chicago,"camaraderie of the big watch, Now I'm counting the days again. Indopondont",Wows,Alliance,"camaraderie of the big watch, Now I'm counting the days again. Indopondont Wows Alliance"
mgc0240,mg0054,boo,booed,220,706630,1942,1940,NEWS,NYT-Let,#this way . But it was the Giant adherents who,booed,"while "" The Star-Spangled Banner "" was being played , and no","#this way . But it was the Giant adherents who booed while "" The Star-Spangled Banner "" was being played , and no"
mgc0241,mg0102,boo,booed,254,23730,1957,1950,FIC,Harpers,"#. You 've had your fun . "" The crowd",booed,", "" I wash my hands . "" The announcing man stepped","#. You 've had your fun . "" The crowd booed , "" I wash my hands . "" The announcing man stepped"
mgc0242,mg1333,wow,wowed,86,652803,1996,1990,NEWS,NYT,"#presented Moche artifacts from northern Peru , should n't have",wowed,visitors at the Met . Although the kind of objects in art,"#presented Moche artifacts from northern Peru , should n't have wowed visitors at the Met . Although the kind of objects in art"
mgc0243,mg0822,ooh,oohs,6,774136,1968,1960,NF/ACAD,HistoryBroadcasting,"Adam and Eve, written by Arch Oboler. She filled out the dialogue with",oohs,"and grunts that brought thousands of angry letters, many of which found their way","Adam and Eve, written by Arch Oboler. She filled out the dialogue with oohs and grunts that brought thousands of angry letters, many of which found their way"
mgc0244,mg0389,boo,booing,114,16039,1963,1960,FIC,Mov:Charade,"only children 's can be -- laughing at the slapstick ,",booing,"the villain , frightened by the perils . 79 . MED .","only children 's can be -- laughing at the slapstick , booing the villain , frightened by the perils . 79 . MED ."
mgc0245,mg0154,boo,booed,75,731255,1974,1970,NEWS,Chicago,"#the meetings , which he did not attend , was",booed,by some persons when he rose to talk yesterday . A recent,"#the meetings , which he did not attend , was booed by some persons when he rose to talk yesterday . A recent"
mgc0246,mg0033,boo,booed,244,701483,1935,1930,NEWS,NYT-Reg,"#of the $2,400,000,000 "" printingpress "" Bonus Bill , was",booed,", the convention of the American Legion today again went on","#of the $2,400,000,000 "" printingpress "" Bonus Bill , was booed , the convention of the American Legion today again went on"
mgc0247,mg1238,shoo,shooing,92,4165125,2017,2010,FIC,Bk:TrueToYou,". "" # "" Speak for yourself . "" Britt made",shooing,"motions as she approached . # "" Scoot. "" # "" Britt",". "" # "" Speak for yourself . "" Britt made shooing motions as she approached . # "" Scoot. "" # "" Britt"
mgc0248,mg1207,shoo,shooing,136,52369,2007,2000,FIC,FantasySciFi,their squawks and dirge-like cries . So they aie already,shooing,"them off for the day , thought Stone . He fumbled in","their squawks and dirge-like cries . So they aie already shooing them off for the day , thought Stone . He fumbled in"
mgc0249,mg0026,boo,booed,151,700158,1933,1930,NEWS,NYT-Reg,"#LaGuardia was greeted by an enthusiastic crowd of 3,000 that",booed,"mention of Tammany or . An overflow crowd of 300 , standing","#LaGuardia was greeted by an enthusiastic crowd of 3,000 that booed mention of Tammany or . An overflow crowd of 300 , standing"
mgc0250,mg1174,shoo,shooing,89,54011,1994,1990,FIC,FantasySciFi,"and improper nutrition . "" Afra waved her hand in a",shooing,"motion . D.J . escaped . She checked her mailbox , afraid","and improper nutrition . "" Afra waved her hand in a shooing motion . D.J . escaped . She checked her mailbox , afraid"
mgc0251,mg1228,shoo,shooing,83,4163295,2014,2010,FIC,FantasySciFi,"Raffalon signaled again , but the shade 's reply was a",shooing,"motion of one withered hand . "" I am to tell you","Raffalon signaled again , but the shade 's reply was a shooing motion of one withered hand . "" I am to tell you"
mgc0252,mg0084,boo,booed,33,714863,1952,1950,NEWS,Chicago,#. Members of an angry crowd of about 350 landlords,booed,and shouted at the rent stabilizer who had flown to Detroit from,#. Members of an angry crowd of about 350 landlords booed and shouted at the rent stabilizer who had flown to Detroit from
mgc0253,mg1314,wow,wowed,71,491816,1973,1970,MAG,SatEvePost,#might have thought he had lost by now . He,wowed,"the young people for twenty years , but how can he still","#might have thought he had lost by now . He wowed the young people for twenty years , but how can he still"
mgc0254,mg1058,shoo,shooed,42,4121032,2011,2010,FIC,Bk:WinHerHeart,""" # "" Never mind , "" she said as she",shooed,"Eden toward the parlor . "" We 've been friends too long",""" # "" Never mind , "" she said as she shooed Eden toward the parlor . "" We 've been friends too long"
mgc0255,mg0223,boo,booed,111,67293,1997,1990,MAG,SportsIll,"#rally . "" ' We had Bob Hope . We",booed,him off the stage . We booed the Smothers Brothers off the,"#rally . "" ' We had Bob Hope . We booed him off the stage . We booed the Smothers Brothers off the"
mgc0256,mg1068,shoo,shooed,71,4163245,2014,2010,FIC,AmScholar,"A/C on . "" He kissed my cheek , and I",shooed,"him away . "" Good grief , "" I said . I","A/C on . "" He kissed my cheek , and I shooed him away . "" Good grief , "" I said . I"
mgc0257,mg1031,shoo,shooed,40,45760,2001,2000,FIC,FantasySciFi,"a pile of packages . Sage gathered them in , then",shooed,"D.B. out of the plane . Alone , she stripped and stepped","a pile of packages . Sage gathered them in , then shooed D.B. out of the plane . Alone , she stripped and stepped"
mgc0258,mg1371,wow,wowed,101,5262004,2009,2000,TV/MOV,Eastwick,"#, Move that saltshaker . Okay . Prepare to be",wowed,. I 'm prepared . Hey ! I was making progress .,"#, Move that saltshaker . Okay . Prepare to be wowed . I 'm prepared . Hey ! I was making progress ."
mgc0259,mg1410,wow,wowing,4,286455,1975,1970,MAG,Time,"#in Marshall , Texas . Before long , he was",wowing,"audiences with a folksy , rip-roaring delivery . He took a church","#in Marshall , Texas . Before long , he was wowing audiences with a folksy , rip-roaring delivery . He took a church"
mgc0260,mg1242,shoo,shooing,65,5250109,2018,2010,FIC,Fan Fic,"the cook , stepping back to let him through and then",shooing,him off with her hands . She caught sight of Florrie a,"the cook , stepping back to let him through and then shooing him off with her hands . She caught sight of Florrie a"
mgc0261,mg0016,boo,booed,192,490199,1928,1920,MAG,NewYorker,"#that he could n't hit the hall , the stand",booed,the pitcher.1Vhen he hit a home run and won the game Tuesday,"#that he could n't hit the hall , the stand booed the pitcher.1Vhen he hit a home run and won the game Tuesday"
mgc0262,mg1267,shoo,shoos,12,16526,1956,1950,FIC,Mov:WhileCitySleeps,. Kritzer tries to whisper something in her ear but she,shoos,"him away . DOROTHYWhat 's the matter , Walter ? INT .",". Kritzer tries to whisper something in her ear but she shoos him away . DOROTHYWhat 's the matter , Walter ? INT ."
mgc0263,mg1167,shoo,shooing,23,347940,1992,1990,MAG,Time,Boutros Boutros-Ghali told American officials that besides,shooing,"away looters and distributing food , troops should disarm","Boutros Boutros-Ghali told American officials that besides shooing away looters and distributing food , troops should disarm"
mgc0264,mg0476,boo,booing,204,604861,2006,2000,NEWS,USAToday,"if it meant winning , Stewart and Gordon seem impervious to",booing,". # "" Earnhardt was the type of person who could be","if it meant winning , Stewart and Gordon seem impervious to booing . # "" Earnhardt was the type of person who could be"
mgc0265,mg0859,shoo,shooed,41,2139,1897,1890,FIC,Child-World,"at him , an ' sticks , an ' got him",shooed,"Down off o ' there , he come a-floppin ' down An","at him , an ' sticks , an ' got him shooed Down off o ' there , he come a-floppin ' down An"
mgc0266,mg0241,boo,booed,229,411669,2001,2000,MAG,NatlReview,"#At a big Madison Square Garden event , Hillary was",booed,", Bill was cheered . Win some , lose some . #","#At a big Madison Square Garden event , Hillary was booed , Bill was cheered . Win some , lose some . #"
mgc0267,mg1383,wow,wowed,22,4148133,2013,2010,MAG,People,"#into the 14,000-sq. -ft. abode in November 2011 after being",wowed,"by the home 's "" exquisite "" views . "" We 're","#into the 14,000-sq. -ft. abode in November 2011 after being wowed by the home 's "" exquisite "" views . "" We 're"
mgc0268,mg0229,boo,booed,164,5243035,1999,1990,TV/MOV,Freaks and Geeks,"#'ve been there Friday , ' cause Saturday we got",booed,off the stage . We did n't get booed off the stage,"#'ve been there Friday , ' cause Saturday we got booed off the stage . We did n't get booed off the stage"
mgc0269,mg1152,shoo,shooing,10,491664,1977,1970,MAG,SatEvePost,"filled with honey , still liquid and sweet , and of",shooing,"a wasp away from the precious contents , the insect unmindful of","filled with honey , still liquid and sweet , and of shooing a wasp away from the precious contents , the insect unmindful of"
mgc0270,mg0153,boo,booed,28,283980,1974,1970,MAG,Time,"#in favor of open housing in 1966 , he was",booed,and jeered . His own mounting concern about the war in Viet,"#in favor of open housing in 1966 , he was booed and jeered . His own mounting concern about the war in Viet"
mgc0271,mg0574,boo,boos,192,10291,1952,1950,FIC,CryChildren,marked the crowd commenting on his exit with little jeers and,boos,", and she knew that Mary Desmond was looking very hard across","marked the crowd commenting on his exit with little jeers and boos , and she knew that Mary Desmond was looking very hard across"
mgc0272,mg0675,boo,boos,1,327008,1984,1980,MAG,Time,with the soaring lyrical glories of Puccini 's music-nobody,boos,"a sunset . But Mimi , the consumptive Parisian seamstress , has","with the soaring lyrical glories of Puccini 's music-nobody boos a sunset . But Mimi , the consumptive Parisian seamstress , has"
mgc0273,mg0141,boo,booed,255,10532,1970,1970,FIC,BechABook,"#Bech thought it was miraculous , but the man was",booed,. A touching black-haired girl from Bulgaria hesitantly sang,"#Bech thought it was miraculous , but the man was booed . A touching black-haired girl from Bulgaria hesitantly sang"
mgc0274,mg1430,wow,wowing,29,4181117,2017,2010,MAG,Gizmodo,#Ormston 's Black Hammer series has spent the past year,wowing,"us with its weird take on the golden age of superheroes ,","#Ormston 's Black Hammer series has spent the past year wowing us with its weird take on the golden age of superheroes ,"
mgc0275,mg0592,boo,boos,268,133220,1959,1950,MAG,SportsIll,"a pool of suspicion , filled with curses , whistles ,",boos,"; vibrating with sundry shouts of "" Miss it , "" ""","a pool of suspicion , filled with curses , whistles , boos ; vibrating with sundry shouts of "" Miss it , "" """
mgc0276,mg0388,boo,booing,136,722191,1961,1960,NEWS,Chicago,"greeted then by a "" thunderous , heart warming chorus of",booing,""" but that when he told the story of Hiss as a","greeted then by a "" thunderous , heart warming chorus of booing "" but that when he told the story of Hiss as a"
mgc0277,mg1399,wow,wowed,47,5010047,2019,2010,MAG,Gizmodo,#it to . # Ever since its haunting first trailer,wowed,"San Diego Comic-Con last year , Michael Dougherty 's King of the","#it to . # Ever since its haunting first trailer wowed San Diego Comic-Con last year , Michael Dougherty 's King of the"
mgc0278,mg0378,boo,booing,193,10336,1955,1950,FIC,BangDrumSlowly,"and I kept on warming , and the crowd kept on",booing,". There was this one cluck hanging over the fence , and","and I kept on warming , and the crowd kept on booing . There was this one cluck hanging over the fence , and"
mgc0279,mg0946,shoo,shooed,61,10484,1967,1960,FIC,WhenSheWasGood,"a big fuss about not letting her touch anything , and",shooed,her directly into the house . Mr. Sowerby began to fold up,"a big fuss about not letting her touch anything , and shooed her directly into the house . Mr. Sowerby began to fold up"
mgc0280,mg0462,boo,booing,64,5213030,2001,2000,TV/MOV,61*,: Boo ! [CROWD_BOOING] Can you believe this ? They 're,booing,"him in his own ballpark . Yeah , I wonder why ,",": Boo ! [CROWD_BOOING] Can you believe this ? They 're booing him in his own ballpark . Yeah , I wonder why ,"
mgc0281,mg0286,boo,booed,171,5248011,2019,2010,TV/MOV,The 27 Club,"#, dude . Show me the video of Lily getting",booed,offstage last night . Jenny made us leave before it was over,"#, dude . Show me the video of Lily getting booed offstage last night . Jenny made us leave before it was over"
mgc0282,mg1001,shoo,shooed,77,25019,1993,1990,FIC,ChimesAlyafaleyn,"soon , Meynoc 's mamma would die . 1O | Eleyna",shooed,"him into bed . "" You 've been a good boy ,","soon , Meynoc 's mamma would die . 1O | Eleyna shooed him into bed . "" You 've been a good boy ,"
mgc0283,mg0591,boo,boos,172,92472,1959,1950,MAG,SportsIll,"by California rules , making it an llth-round knockout . The",boos,"were unfair , the result of a cultural misunderstanding which is","by California rules , making it an llth-round knockout . The boos were unfair , the result of a cultural misunderstanding which is"
mgc0284,mg1385,wow,wowed,79,4135072,2013,2010,NEWS,STLouis,"#collection , "" Tenth of December . "" Khaled Hosseini",wowed,"thousands through the summer with his best-selling "" And the","#collection , "" Tenth of December . "" Khaled Hosseini wowed thousands through the summer with his best-selling "" And the"
mgc0285,mg0152,boo,booed,195,730691,1973,1970,NEWS,Chicago,"#. ing the board meeting , mostly public employes ,",booed,the Republicans as they criticized the procedures of Kusper ' s,"#. ing the board meeting , mostly public employes , booed the Republicans as they criticized the procedures of Kusper ' s"
mgc0286,mg1047,shoo,shooed,180,52047,2007,2000,FIC,FantasySciFi,"a moment I was stunned , just staring . Then I",shooed,the monks out of the airlock like a flock of chickens and,"a moment I was stunned , just staring . Then I shooed the monks out of the airlock like a flock of chickens and"
mgc0287,mg0321,boo,booing,37,14247,1935,1930,FIC,Play:EnchantedMaze,with the college colors -- Then all of a sudden the,booing,began down in the stands . I thought Father 's eyes would,with the college colors -- Then all of a sudden the booing began down in the stands . I thought Father 's eyes would
mgc0288,mg0912,shoo,shooed,217,10145,1941,1940,FIC,MildredPierce (1),from school . She gave them milk and cookies and,shooed,them out to play . Then she changed her dress and put,from school . She gave them milk and cookies and shooed them out to play . Then she changed her dress and put
mgc0289,mg0874,shoo,shooed,155,1222,1915,1910,FIC,Landloper,"homes in spite of the city 's growth , and they",shooed,the children out of their yards where the flower-beds struggled,"homes in spite of the city 's growth , and they shooed the children out of their yards where the flower-beds struggled"
mgc0290,mg0076,boo,booed,175,710884,1947,1940,NEWS,NYT-Reg,#planning and organization . The Communists were isolated and,booed,once again in the chamber while the Government announced that it,#planning and organization . The Communists were isolated and booed once again in the chamber while the Government announced that it
mgc0291,mg0886,shoo,shooed,57,368,1922,1920,FIC,VoyagesDrDolittle,us . Luckily the old men turned round in time and,shooed,her away . You may be sure though that we took a,us . Luckily the old men turned round in time and shooed her away . You may be sure though that we took a
mgc0292,mg0271,boo,booed,34,4163095,2013,2010,FIC,NewEnglandRev,"#cheers broke out from the gallery , as other voices",booed,and shouted for order . Radwan and I grabbed Abu Mahmud around,"#cheers broke out from the gallery , as other voices booed and shouted for order . Radwan and I grabbed Abu Mahmud around"
mgc0293,mg0580,boo,boos,214,717852,1956,1950,NEWS,NYT-Reg,". Fifty customers , mostly women , passed the lines .",Boos,", shouts and noises of derision sounded from the pickets .",". Fifty customers , mostly women , passed the lines . Boos , shouts and noises of derision sounded from the pickets ."
mgc0294,mg1210,shoo,shooing,9,36281,2008,2000,FIC,Pandemonium,""" Oh . . . "" She made a gesture like",shooing,"a fly . "" Too much . You saw it ? Which",""" Oh . . . "" She made a gesture like shooing a fly . "" Too much . You saw it ? Which"
mgc0295,mg0035,boo,booed,273,141239,1936,1930,MAG,Time,#put Mr. Rand 's terms before the workers . They,booed,. The Mayor then went to New York to see Mr. Rand,#put Mr. Rand 's terms before the workers . They booed . The Mayor then went to New York to see Mr. Rand
mgc0296,mg0058,boo,booed,93,707253,1943,1940,NEWS,NYT-Reg,"#a Rome report tonight in a Milan newspaper , they",booed,Fascism . Shortly before one o'clock the crowd poured through,"#a Rome report tonight in a Milan newspaper , they booed Fascism . Shortly before one o'clock the crowd poured through"
mgc0297,mg0512,boo,boos,199,695577,1928,1920,NEWS,NYT-Let,"stimuli from the surrounding crowd . Cries , remarks ,",boos,", grimaces , gestures , the mass movement and actual physical","stimuli from the surrounding crowd . Cries , remarks , boos , grimaces , gestures , the mass movement and actual physical"
mgc0298,mg1184,shoo,shooing,57,29236,1999,1990,FIC,MurderOnAstorPlace,that she might actually faint . But the other woman was,shooing,"her out . If she fainted in the hallway , she was","that she might actually faint . But the other woman was shooing her out . If she fainted in the hallway , she was"
mgc0299,mg0082,boo,booed,15,197667,1952,1950,MAG,Time,#word the Kremlin likes to hurl at Jews . Laborites,booed,and hissed as Churchill started to stride out of the House .,#word the Kremlin likes to hurl at Jews . Laborites booed and hissed as Churchill started to stride out of the House .
mgc0300,mg0395,boo,booing,24,13269,1965,1960,FIC,Play:StringGame (1),"with great good humor and interest , cheering and",booing,"at appropriate moments ) CECIL What is happening here ? Fada ,","with great good humor and interest , cheering and booing at appropriate moments ) CECIL What is happening here ? Fada ,"
mgc0301,mg0838,ooh,oohs,22,41782,1996,1990,FIC,Ploughshares,"a "" gourmet "" dinner and I remembered to keep up a constant stream of",oohs,"and ahs and compliments, which sounded so exaggerated to Brice that he raised an","a "" gourmet "" dinner and I remembered to keep up a constant stream of oohs and ahs and compliments, which sounded so exaggerated to Brice that he raised an"
mgc0302,mg0709,boo,boos,125,634159,2002,2000,NEWS,Chicago,"-- Another night , another ice flap , another round of",boos,"in the arena . Only this time , your loser was the","-- Another night , another ice flap , another round of boos in the arena . Only this time , your loser was the"
mgc0303,mg0944,shoo,shooed,188,10467,1965,1960,FIC,DarkeningGreen,"He tried to take Larry 's thumb , but the Keeper",shooed,"the Wolfman away from his cot . "" Benja , Benja .","He tried to take Larry 's thumb , but the Keeper shooed the Wolfman away from his cot . "" Benja , Benja ."
mgc0304,mg0876,shoo,shooed,159,2151,1917,1910,FIC,TheresPippinsCheese,her tongue was tart upon a just occasion and although she,shooed,"the children with her apron , secretly she liked to have them","her tongue was tart upon a just occasion and although she shooed the children with her apron , secretly she liked to have them"
mgc0305,mg0777,ooh,oohed,19,47837,2003,2000,FIC,FantasySciFi,"Selene upwind , back the way they had come . Alexi",oohed,"excitedly , asking innumerable questions , without awaiting","Selene upwind , back the way they had come . Alexi oohed excitedly , asking innumerable questions , without awaiting"
mgc0306,mg0176,boo,booed,77,324907,1982,1980,MAG,Time,"#interception percentage in N.F.L. history , was savagely",booed,"by the home crowd . Directly , he was benched (just","#interception percentage in N.F.L. history , was savagely booed by the home crowd . Directly , he was benched (just"
mgc0307,mg0015,boo,booed,185,468451,1928,1920,MAG,Harpers,#thousand or more orench spectators cheered the Roueanians and,booed,the Americans with Teat consistency . That attitude seemd o us,#thousand or more orench spectators cheered the Roueanians and booed the Americans with Teat consistency . That attitude seemd o us
mgc0308,mg1445,wow,wows,14,13308,1987,1980,FIC,Play:Segwohi,resented me? PEYTO Yes. When I had to dance beside you at pow,wows,the way you wanted. When I had to stay with you on the farm,resented me? PEYTO Yes. When I had to dance beside you at pow wows the way you wanted. When I had to stay with you on the farm
mgc0309,mg0864,shoo,shooed,80,4792,1906,1900,FIC,OurTown,"and such a "" swell young man . "" But Nora",shooed,"him off the front porch in the summer following , because he","and such a "" swell young man . "" But Nora shooed him off the front porch in the summer following , because he"
mgc0310,mg0943,shoo,shooed,90,10456,1965,1960,FIC,OrchardKeeper,kittens bobbing over the floor like blown lint . Mr Eller,shooed,his hand at him and he left . The storekeeper drummed his,kittens bobbing over the floor like blown lint . Mr Eller shooed his hand at him and he left . The storekeeper drummed his
mgc0311,mg0662,boo,boos,231,14001,1979,1970,FIC,Play:CircusValentine,"is a smattering of unenthusiastic applause , and a couple of",boos,. Goldie leaves the spotlight without bowing . There is one final,"is a smattering of unenthusiastic applause , and a couple of boos . Goldie leaves the spotlight without bowing . There is one final"
mgc0312,mg1348,wow,wowed,93,412456,2000,2000,MAG,Redbook,"#with us below , recounting times when other women have",wowed,"you with their loyalty and concern , show how sometimes small","#with us below , recounting times when other women have wowed you with their loyalty and concern , show how sometimes small"
mgc0313,mg0296,boo,booing,93,4868,1907,1900,FIC,Convert,your eyes . Only a moment was she arrested by either,booing,"or applause . When a knot of young men , who had","your eyes . Only a moment was she arrested by either booing or applause . When a knot of young men , who had"
mgc0314,mg0503,boo,boos,188,14068,1922,1920,FIC,Play:HairyApe,"States ! (A perfect storm of hisses , catcalls ,",boos,", and hard laughter . ) VOICES (Scornfully . ) Hurrah","States ! (A perfect storm of hisses , catcalls , boos , and hard laughter . ) VOICES (Scornfully . ) Hurrah"
mgc0315,mg0881,shoo,shooed,192,488,1920,1920,FIC,WhiteMoll,""" Yes , "" said the Adventurer . "" But I",shooed,"them all out , as soon as we found you were not",""" Yes , "" said the Adventurer . "" But I shooed them all out , as soon as we found you were not"
mgc0316,mg1203,shoo,shooing,132,51059,2006,2000,FIC,Ploughshares,who are still standing in the doorway . While he is,shooing,"them away with harsh sounds , the Chinese woman looks at Lavinia","who are still standing in the doorway . While he is shooing them away with harsh sounds , the Chinese woman looks at Lavinia"
mgc0317,mg0579,boo,boos,37,10331,1955,1950,FIC,FlightFromNatchez,with emotion . From one section of the room there were,boos,"and groans , and when Grace heard this she stood up and","with emotion . From one section of the room there were boos and groans , and when Grace heard this she stood up and"
mgc0318,mg1002,shoo,shooed,94,53896,1993,1990,FIC,SouthernRev,have a peck at Miss Potts 's oats . The woman,shooed,it away with her foot . She drew from her apron some,have a peck at Miss Potts 's oats . The woman shooed it away with her foot . She drew from her apron some
mgc0319,mg1363,wow,wowed,33,640267,2004,2000,NEWS,Denver,#Rhodesia . ' Subsequent exhibitions in London and New York,wowed,critics ; and the sculptural renaissance gathered momentum .,#Rhodesia . ' Subsequent exhibitions in London and New York wowed critics ; and the sculptural renaissance gathered momentum .
mgc0320,mg0747,boo,boos,139,5005022,2018,2010,MAG,ESPN,"his racket into the ground , drawing the first and only",boos,of a titanic match . # Djokovic held his hands up as,"his racket into the ground , drawing the first and only boos of a titanic match . # Djokovic held his hands up as"
mgc0321,mg1407,wow,wowing,2,10489,1967,1960,FIC,EustaceChisholm,#vibrate the leaves on the trees . The victimsreeled around,wowing,and hooting and holding their heads . One sat on the edge,#vibrate the leaves on the trees . The victimsreeled around wowing and hooting and holding their heads . One sat on the edge
mgc0322,mg0829,ooh,oohs,13,14237,1980,1980,FIC,Play:LouisianaCavalier,"-- daisy circlets, violets, etc. The people show their appreciation with """,oohs,""" and "" ahs. "") p. 65 VOICES Beautiful! A happy day for","-- daisy circlets, violets, etc. The people show their appreciation with "" oohs "" and "" ahs. "") p. 65 VOICES Beautiful! A happy day for"
mgc0323,mg0542,boo,boos,248,774152,1940,1940,NF/ACAD,FieldsPsychology,"is greeted with cheers , any mention of the enemy with",boos,. The art of crowd making in all three situations is essentially,"is greeted with cheers , any mention of the enemy with boos . The art of crowd making in all three situations is essentially"
mgc0324,mg0418,boo,booing,187,10607,1976,1970,FIC,Speedboat,"lines , with ghostly ranks of ancestors backstage hissingand",booing,". If you cared to carry it back through the centuries ,","lines , with ghostly ranks of ancestors backstage hissingand booing . If you cared to carry it back through the centuries ,"
mgc0325,mg0263,boo,booed,239,112386,2006,2000,MAG,SportsIll,"#, said he could hardly remember a visiting player being",booed,", let alone a St. Louis player . "" If the players","#, said he could hardly remember a visiting player being booed , let alone a St. Louis player . "" If the players"
mgc0326,mg0174,boo,booed,217,669104,1980,1980,NEWS,CSMonitor,"#resented his fame and fortune , the fans who often",booed,"when they felt he wasn ' t giving a "" million-dollar effort","#resented his fame and fortune , the fans who often booed when they felt he wasn ' t giving a "" million-dollar effort"
mgc0327,mg0344,boo,booing,150,708188,1944,1940,NEWS,NYT-Reg,were boos and Roosevelt buttons were numerous . Much of the,booing,", according to those in the front cars of the parade ,","were boos and Roosevelt buttons were numerous . Much of the booing , according to those in the front cars of the parade ,"
mgc0328,mg0762,ooh,oohed,20,10143,1941,1940,FIC,HeritageHatcher,of sleeping potions -- so she opened the door and !,oohed,in . Mr. Loffen says that by then Harry 'd been gone,of sleeping potions -- so she opened the door and ! oohed in . Mr. Loffen says that by then Harry 'd been gone
mgc0329,mg0451,boo,booing,62,135885,1993,1990,MAG,SportsIll,feel for the game . He had been frustrated by the,booing,"he sometimes received at the Meadowlands , Seton Hall 's home","feel for the game . He had been frustrated by the booing he sometimes received at the Meadowlands , Seton Hall 's home"
mgc0330,mg0950,shoo,shooed,133,774393,1971,1970,NF/ACAD,SideApes,"was n't perceived . Next day , however , he was",shooed,"out into the open on the island , and was promptly beaten","was n't perceived . Next day , however , he was shooed out into the open on the island , and was promptly beaten"
mgc0331,mg0367,boo,booing,29,10331,1955,1950,FIC,FlightFromNatchez,". "" His answer shot back . There was a faint",booing,"at the back of the hall and scattered applause , in which",". "" His answer shot back . There was a faint booing at the back of the hall and scattered applause , in which"
mgc0332,mg1007,shoo,shooed,11,425721,1994,1990,MAG,NatlReview,"results , the Croatian government blinked . Refugees were",shooed,"away and obliquely told , in the unromantic words of cartoonist","results , the Croatian government blinked . Refugees were shooed away and obliquely told , in the unromantic words of cartoonist"
mgc0333,mg1318,wow,wowed,8,327280,1988,1980,MAG,Time,"#top Pentagon , White House and budget-making jobs , Tower",wowed,Bush during their Nov. 17 meeting and several days later made a,"#top Pentagon , White House and budget-making jobs , Tower wowed Bush during their Nov. 17 meeting and several days later made a"
mgc0334,mg0481,boo,booing,109,4117026,2011,2010,NEWS,Atlanta,the game . # It was n't long before they were,booing,the home team . The Hawks took an 11-2 lead behind two,the game . # It was n't long before they were booing the home team . The Hawks took an 11-2 lead behind two
mgc0335,mg0423,boo,booing,97,291942,1978,1970,MAG,Time,my nine-year-old son after a game that I did n't take,booing,"personally and I did n't want him to take it personally ,","my nine-year-old son after a game that I did n't take booing personally and I did n't want him to take it personally ,"
mgc0336,mg1185,shoo,shooing,87,55300,1999,1990,FIC,FantasySciFi,onto one big log-boat . # Ug the lot-many-lot made a,shooing,"motion with his hands . # "" Go way , "" he","onto one big log-boat . # Ug the lot-many-lot made a shooing motion with his hands . # "" Go way , "" he"
mgc0337,mg0602,boo,boos,173,723600,1963,1960,NEWS,NYT-Reg,for a year pending such a vote . Dr. Terry evoked,boos,"when he said he felt no such vote was necessary . ""","for a year pending such a vote . Dr. Terry evoked boos when he said he felt no such vote was necessary . """
mgc0338,mg0916,shoo,shooed,103,10176,1943,1940,FIC,TreeGrowsInBrooklyn,"third , "" but ... "" They welcomed the midwife and",shooed,Johnny out of the place . He sat on the stoop and,"third , "" but ... "" They welcomed the midwife and shooed Johnny out of the place . He sat on the stoop and"
mgc0339,mg1443,wow,wows,12,284474,1976,1970,MAG,Time,284474 How do you replace a swinging conductor who wears a Beatle hairdo and,wows,"the crowds with his lithe podium acrobatics? If the man is Seiji Ozawa,","284474 How do you replace a swinging conductor who wears a Beatle hairdo and wows the crowds with his lithe podium acrobatics? If the man is Seiji Ozawa,"
mgc0340,mg1161,shoo,shooing,145,10764,1987,1980,FIC,HeavenHell,"mounted Satan . America 's Ace of Players appeared suddenly ,",shooing,Willa inside so he could speak privately . Trump stepped close to,"mounted Satan . America 's Ace of Players appeared suddenly , shooing Willa inside so he could speak privately . Trump stepped close to"
mgc0341,mg1105,shoo,shooing,120,16273,1922,1920,FIC,Mov:RedHotRomance,it down . 141 . THE KING 'S BEDCHAMBER Roland is,shooing,the King and Councilors down the stairway . Frijole keeps,it down . 141 . THE KING 'S BEDCHAMBER Roland is shooing the King and Councilors down the stairway . Frijole keeps
mgc0342,mg0879,shoo,shooed,138,2811,1920,1920,FIC,Big-TownRound-,feel at home by teasing her . In the evenings he,shooed,out the pair of them to a moving-picture show and once or,feel at home by teasing her . In the evenings he shooed out the pair of them to a moving-picture show and once or
mgc0343,mg0386,boo,booing,201,204861,1960,1960,MAG,Time,""" These people do n't know what the hell they 're",booing,". "" # "" Mantle wants to be so great he can",""" These people do n't know what the hell they 're booing . "" # "" Mantle wants to be so great he can"
mgc0344,mg0291,boo,booing,135,781633,1872,1870,NEWS,NYT-Ed,". After this confession there is no end to the """,booing,""" and sweet speaking with which the World welcomes its new ally",". After this confession there is no end to the "" booing "" and sweet speaking with which the World welcomes its new ally"
mgc0345,mg0717,boo,boos,215,607650,2005,2000,NEWS,WashPost,"as the starter in the ninth game . # "" The",boos,", that was the hardest thing , "" Brunell said . ""","as the starter in the ninth game . # "" The boos , that was the hardest thing , "" Brunell said . """
mgc0346,mg0960,shoo,shooed,208,10588,1974,1970,FIC,RoadManyWonder,"giggling and going "" nyaah-nyaah "" and wiggling around . Millie",shooed,them off without shooing off Mr. Blue (how she 'd charmed,"giggling and going "" nyaah-nyaah "" and wiggling around . Millie shooed them off without shooing off Mr. Blue (how she 'd charmed"
mgc0347,mg1129,shoo,shooing,134,716215,1954,1950,NEWS,NYT-Reg,"cathedral steps , and dozens of policemen were kept busy '",shooing,"them away . One woman , apparently surprised at being sent back","cathedral steps , and dozens of policemen were kept busy ' shooing them away . One woman , apparently surprised at being sent back"
mgc0348,mg0784,ooh,oohed,14,4122088,2012,2010,FIC,Analog,"like a dream . # In the back , the girls",oohed,and ahhed at the site of Mendenhall Glacier to the north .,"like a dream . # In the back , the girls oohed and ahhed at the site of Mendenhall Glacier to the north ."
mgc0349,mg0524,boo,boos,157,701483,1935,1930,NEWS,NYT-Reg,"for the "" VinsonLegion "" Bonus Bill before Congress . The",boos,that met Mr. Patman as he discussed his measure before the,"for the "" VinsonLegion "" Bonus Bill before Congress . The boos that met Mr. Patman as he discussed his measure before the"
mgc0350,mg0416,boo,booing,146,1075148,1976,1970,TV/MOV,Rocky,? Keep moving . (bell ) ( crowd_shouting ) (,booing,) Give him one ! (bell ) (cheering_and_applause ) (,? Keep moving . (bell ) ( crowd_shouting ) ( booing ) Give him one ! (bell ) (cheering_and_applause ) (
mgc0351,mg1110,shoo,shooing,12,491131,1938,1930,MAG,SatEvePost,"that the police were busily engaged in clearing the platform ,",shooing,all the people out of sight of the tracks into an open,"that the police were busily engaged in clearing the platform , shooing all the people out of sight of the tracks into an open"
mgc0352,mg0336,boo,booing,20,780136,1939,1930,FIC,AllYourBornDays,George was holding his hands up again . But they began,booing,"and yelling now , more and more of them , and suddenly","George was holding his hands up again . But they began booing and yelling now , more and more of them , and suddenly"
mgc0353,mg0397,boo,booing,70,99544,1967,1960,MAG,SportsIll,'d like to know where that got started . I know,booing,is Part of the Game and The American Way and all that,'d like to know where that got started . I know booing is Part of the Game and The American Way and all that
mgc0354,mg1144,shoo,shooing,27,276795,1973,1970,MAG,Time,: PLEASE GET SICK . A big painted rock aimed at,shooing,away pilots seeking to land says PISS OFF . To the north,: PLEASE GET SICK . A big painted rock aimed at shooing away pilots seeking to land says PISS OFF . To the north
mgc0355,mg0608,boo,boos,237,725095,1965,1960,NEWS,NYT-Reg,"had been large'ly respectful , although there ' were some",boos,". However , Monday night in the Gravesend section of Brooklyn ,","had been large'ly respectful , although there ' were some boos . However , Monday night in the Gravesend section of Brooklyn ,"
mgc0356,mg0634,boo,boos,69,729712,1971,1970,NEWS,Chicago,"everything was fine . "" There were one or two real",boos,"at the concerts in Berlin and Hamburg , for reasons still not","everything was fine . "" There were one or two real boos at the concerts in Berlin and Hamburg , for reasons still not"
mgc0357,mg1232,shoo,shooing,63,4162302,2015,2010,FIC,ScholScope,", confused . "" Go home ! "" I shouted ,",shooing,"him away . Boo slunk into the woods , his head low",", confused . "" Go home ! "" I shouted , shooing him away . Boo slunk into the woods , his head low"
mgc0358,mg0103,boo,booed,10,242117,1958,1950,MAG,Time,"#had had enough . At his first appearance , they",booed,"and catcalled for 20 minutes , while Lewis nervously ran a comb","#had had enough . At his first appearance , they booed and catcalled for 20 minutes , while Lewis nervously ran a comb"
mgc0359,mg0287,boo,booed,197,5008036,2019,2010,MAG,Bleacher Report,"#, it took a hopeful Cleveland by surprise as fans",booed,the team throughout the contest at FirstEnergy Stadium . The,"#, it took a hopeful Cleveland by surprise as fans booed the team throughout the contest at FirstEnergy Stadium . The"
mgc0360,mg0919,shoo,shooed,121,169523,1945,1940,MAG,Time,"Man Out ! "" Trouble started when the Reverend Powell brusquely",shooed,"news photographers away , so that a photographer could shoot","Man Out ! "" Trouble started when the Reverend Powell brusquely shooed news photographers away , so that a photographer could shoot"
mgc0361,mg0383,boo,booing,141,2529771,1959,1950,TV/MOV,Bonanza,of this earth were ineffectual to assuage my vengeance . (,booing,") Bring forth the untamed steed . Hey , what are they","of this earth were ineffectual to assuage my vengeance . ( booing ) Bring forth the untamed steed . Hey , what are they"
mgc0362,mg0454,boo,booing,82,5237117,1995,1990,TV/MOV,The Simpsons,"the king of kings . Excellent . Smithers , are they",booing,"me ? No . They 're saying , "" Boo-urns , Boo-urns","the king of kings . Excellent . Smithers , are they booing me ? No . They 're saying , "" Boo-urns , Boo-urns"
mgc0363,mg1128,shoo,shooing,111,23635,1952,1950,FIC,Harpers,"the thin woman came to the door and opened it ,",shooing,the children in with an unexpected harsh snarl in her voice .,"the thin woman came to the door and opened it , shooing the children in with an unexpected harsh snarl in her voice ."
mgc0364,mg0319,boo,booing,92,490300,1934,1930,MAG,NewYorker,premises . THE memorable thing about the Dog Show was the,booing,of the Scottish terrier . We watched a team of four Scotties,premises . THE memorable thing about the Dog Show was the booing of the Scottish terrier . We watched a team of four Scotties
mgc0365,mg0346,boo,booing,49,711618,1948,1940,NEWS,NYT-Reg,union hall was marked by a number of near-fights and much,booing,first of Mr. Quill and later of Mr. Hogan . The whole,union hall was marked by a number of near-fights and much booing first of Mr. Quill and later of Mr. Hogan . The whole
mgc0366,mg1248,shoo,shoos,45,747506,1863,1860,NF/ACAD,archive,that with one hat the hatter can purchase two pairs of,shoos,", and "" vice versa . "" Anything that is not generally","that with one hat the hatter can purchase two pairs of shoos , and "" vice versa . "" Anything that is not generally"
mgc0367,mg0755,boo,boos,144,5016036,2019,2010,NEWS,Washington Post,The judging of the terrier group elicited the first and only,boos,"of the night from the crowd , who had cheered loudly for","The judging of the terrier group elicited the first and only boos of the night from the crowd , who had cheered loudly for"
mgc0368,mg0285,boo,booed,91,5005045,2019,2010,MAG,ESPN,#pumped in New Orleans ' first six points and was,booed,"every time he got the ball early on , only to be","#pumped in New Orleans ' first six points and was booed every time he got the ball early on , only to be"
mgc0369,mg1145,shoo,shooing,4,10588,1974,1970,FIC,RoadManyWonder,""" He wagged the gun barrel at me like he was",shooing,"a chicken . "" Suppose you back off about five steps .",""" He wagged the gun barrel at me like he was shooing a chicken . "" Suppose you back off about five steps ."
mgc0370,mg0774,ooh,oohed,13,42231,1997,1990,FIC,FantasySciFi,"to shoulder with him in the watery December light , and",oohed,and ahhed as he showed off the Swiss Army knife Dad had,"to shoulder with him in the watery December light , and oohed and ahhed as he showed off the Swiss Army knife Dad had"
mgc0371,mg0663,boo,boos,239,10648,1979,1970,FIC,SilverGhost,", the haunter moans . B000000 b00000000000 , the haunter",boos,". M00000000000o m00000000000 , yourself , Jimbo moos . Hey ,",", the haunter moans . B000000 b00000000000 , the haunter boos . M00000000000o m00000000000 , yourself , Jimbo moos . Hey ,"
mgc0372,mg0017,boo,booed,1,163330,1929,1920,MAG,Time,"#pitchers ' battle . "" No one has ever yet",booed,a homerun and certainly the greatest crowd-getter in recent,"#pitchers ' battle . "" No one has ever yet booed a homerun and certainly the greatest crowd-getter in recent"
mgc0373,mg0125,boo,booed,177,488137,1967,1960,MAG,Nation,"#party "" ) , the delegates listened passively , occasionally",booed,or wandered out of the arena . When it was all over,"#party "" ) , the delegates listened passively , occasionally booed or wandered out of the arena . When it was all over"
mgc0374,mg0045,boo,booed,123,145740,1939,1930,MAG,Time,#a Labor paradox . A so-called C. I. O. audience,booed,hissed every mention of the name of John Lewis . # Thus,#a Labor paradox . A so-called C. I. O. audience booed hissed every mention of the name of John Lewis . # Thus
mgc0375,mg0238,boo,booed,140,416301,2001,2000,MAG,Atlantic,#would put us on the level of the morons who,booed,Le Sacre du Printemps . But what is the point ? Is,#would put us on the level of the morons who booed Le Sacre du Printemps . But what is the point ? Is
mgc0376,mg0893,shoo,shooed,233,254651,1927,1920,MAG,Time,demeanor of the cold Chinese princess . Signor Lauri-Volpi,shooed,". I called . Teddy came . "" # # Ganna Walska","demeanor of the cold Chinese princess . Signor Lauri-Volpi shooed . I called . Teddy came . "" # # Ganna Walska"
mgc0377,mg0850,ooh,oohs,34,4139020,2012,2010,MAG,Astronomy,"out a nice dark site, stay warm, and get ready for some """,oohs,""" and "" aahs. "" #","out a nice dark site, stay warm, and get ready for some "" oohs "" and "" aahs. "" #"
mgc0378,mg0117,boo,booed,92,207745,1964,1960,MAG,Time,#Terry Baker-who hails from Portland . Thirty thousand fans,booed,everything Munson did . The Portland Reporter even ran an,#Terry Baker-who hails from Portland . Thirty thousand fans booed everything Munson did . The Portland Reporter even ran an
mgc0379,mg0537,boo,boos,78,704831,1940,1940,NEWS,NYT-Reg,"it grew "" without campaign funds , "" a storm of",boos,came from the galleries . To answer complaints that Mr. Willkie,"it grew "" without campaign funds , "" a storm of boos came from the galleries . To answer complaints that Mr. Willkie"
mgc0380,mg0676,boo,boos,22,377988,1985,1980,MAG,Time,their employees ' locker room . # Perhaps it was the,boos,and catcalls that made the players and the owners settle so,their employees ' locker room . # Perhaps it was the boos and catcalls that made the players and the owners settle so
mgc0381,mg1334,wow,wowed,14,391376,1997,1990,MAG,Cosmopolitan,#wonder that so many American women have been wooed and,wowed,"by men who do n't like Big Macs , have never heard","#wonder that so many American women have been wooed and wowed by men who do n't like Big Macs , have never heard"
mgc0382,mg0254,boo,booed,268,394987,2004,2000,MAG,Newsweek,"#they show up at ball games , politicians are often",booed,". Obama -- the self-described "" skinny kid with a funny name","#they show up at ball games , politicians are often booed . Obama -- the self-described "" skinny kid with a funny name"
mgc0383,mg0122,boo,booed,243,210337,1966,1960,MAG,Time,"#festival favorite too ; instead it got soundly , roundly",booed,", possibly because Moreau overworks her villainy . The film is","#festival favorite too ; instead it got soundly , roundly booed , possibly because Moreau overworks her villainy . The film is"
mgc0384,mg1297,wow,wowed,46,14404,1931,1930,FIC,Play:BriefMoment,"#, she 'll wow everybody . HAROLD SIGRIFT She 's",wowed,"Rod already . KATHRYN DEAN Damn good taste , Rod . p.","#, she 'll wow everybody . HAROLD SIGRIFT She 's wowed Rod already . KATHRYN DEAN Damn good taste , Rod . p."
mgc0385,mg0299,boo,booing,168,4868,1907,1900,FIC,Convert,' In the midst of isolated cheers and a volume of,booing,", she went on -- ' When he brought a resolution before","' In the midst of isolated cheers and a volume of booing , she went on -- ' When he brought a resolution before"
mgc0386,mg1233,shoo,shooing,62,4199115,2017,2010,FIC,Triquarterly (Online),"guards yell at each other and point at the boy ,",shooing,"him away , cursing . The boy stops running and stands frozen","guards yell at each other and point at the boy , shooing him away , cursing . The boy stops running and stands frozen"
mgc0387,mg1112,shoo,shooing,39,14347,1940,1940,FIC,Play:TooMuchBusiness,"him again and makes motion with his hands , as if",shooing,"chickens . BURT goes , bewildered , then MANNY comes back to","him again and makes motion with his hands , as if shooing chickens . BURT goes , bewildered , then MANNY comes back to"
mgc0388,mg0725,boo,boos,55,5211031,2009,2000,TV/MOV,"Hollywood, je t'aime",to be familiar with the concept . No drugs beyond the,boos,"and the nummy . No guests . And finally , you 'll","to be familiar with the concept . No drugs beyond the boos and the nummy . No guests . And finally , you 'll"
mgc0389,mg1433,wow,wows,2,1023066,1932,1930,TV/MOV,Is My Face Red?,has a good joke. He's used it for years and years that still,wows,"him. Sorry. [telephone_ringing] Hello. Oh, just a minute, Mr.","has a good joke. He's used it for years and years that still wows him. Sorry. [telephone_ringing] Hello. Oh, just a minute, Mr."
mgc0390,mg0566,boo,boos,158,712932,1950,1950,NEWS,CSMonitor,""" Today it should be rephrased to read : "" Nobody",boos,"the town booster . "" That is , I think , the",""" Today it should be rephrased to read : "" Nobody boos the town booster . "" That is , I think , the"
mgc0391,mg1414,wow,wowing,14,10781,1989,1980,FIC,JoyLuckClub,"#talked : "" I can just see her now ,",wowing,"the angels with her Chinese cooking and gung-ho attitude . "" And","#talked : "" I can just see her now , wowing the angels with her Chinese cooking and gung-ho attitude . "" And"
mgc0392,mg0884,shoo,shooed,86,3420,1921,1920,FIC,GraceHarlowesOverland,did n't know Henry was down there or I 'd a,shooed,"him out before ye set down . "" "" I wo n't","did n't know Henry was down there or I 'd a shooed him out before ye set down . "" "" I wo n't"
mgc0393,mg0037,boo,booed,101,154852,1937,1930,MAG,Time,#the regular evening editions while as many as 250 pickets,booed,from the sidewalk . Ten were arrested for disorderly conduct .,#the regular evening editions while as many as 250 pickets booed from the sidewalk . Ten were arrested for disorderly conduct .
mgc0394,mg0133,boo,booed,32,479036,1969,1960,MAG,Harpers,"#the party , some of them angry at Lee ,",booed,and shouted at him and at almost everyone else who dared to,"#the party , some of them angry at Lee , booed and shouted at him and at almost everyone else who dared to"
mgc0395,mg0242,boo,booed,252,616271,2001,2000,NEWS,Atlanta,"#. # "" He was hurt that he had gotten",booed,", "" Boas said . "" He had never been booed before","#. # "" He was hurt that he had gotten booed , "" Boas said . "" He had never been booed before"
mgc0396,mg0888,shoo,shooed,156,2297,1922,1920,FIC,JudithGodlessValley,plate and filled his cup with scalding coffee . Then she,shooed,"the children to bed in the next room and , returning ,","plate and filled his cup with scalding coffee . Then she shooed the children to bed in the next room and , returning ,"
mgc0397,mg0901,shoo,shooed,127,141144,1936,1930,MAG,Time,"in at Guernsey , one of the Channel Islands , was",shooed,"off , Iried Sark and alarmed the Channel Islands ' Royal Court","in at Guernsey , one of the Channel Islands , was shooed off , Iried Sark and alarmed the Channel Islands ' Royal Court"
mgc0398,mg1296,wow,wowed,80,1234,1921,1920,FIC,WhenEgyptWentBroke,"#woman , and women slop over when they 're all",wowed,"up ! She 'd have to tell your sister , would n't","#woman , and women slop over when they 're all wowed up ! She 'd have to tell your sister , would n't"
mgc0399,mg1115,shoo,shooing,31,10205,1945,1940,FIC,LionIsInStreets,"his face , and the mother in her softened her ,",shooing,"away the madness and shaming her for longing , however","his face , and the mother in her softened her , shooing away the madness and shaming her for longing , however"
mgc0400,mg0004,boo,booed,45,686341,1921,1920,NEWS,NYT-Reg,#Lloyd George and Sir Hamar Greenwood were not hissed or,booed,at any point in the lecture . At the outset Father Duffy,#Lloyd George and Sir Hamar Greenwood were not hissed or booed at any point in the lecture . At the outset Father Duffy
mgc0401,mg0105,boo,booed,40,92472,1959,1950,MAG,SportsIll,#eyes had blinded him . // Some of the crowd,booed,as the little Nigerian street brawler stayed on his stool when,#eyes had blinded him . // Some of the crowd booed as the little Nigerian street brawler stayed on his stool when
mgc0402,mg0917,shoo,shooed,27,224095,1944,1940,MAG,Time,", onetime (1933-38 ) U.S. Comptroller of the Currency ,",shooed,away this legal red herring as often as it appeared . The,", onetime (1933-38 ) U.S. Comptroller of the Currency , shooed away this legal red herring as often as it appeared . The"
mgc0403,mg1081,shoo,shooed,22,5004108,2018,2010,FIC,Analog,to William 's bed . William picked off the sensors and,shooed,"away the little automata , but did n't meet Belisarius ' eyes","to William 's bed . William picked off the sensors and shooed away the little automata , but did n't meet Belisarius ' eyes"
mgc0404,mg0438,boo,booing,186,10764,1987,1980,FIC,HeavenHell,". He started to wave , but checked when he heard",booing,. His normally ruddy face darkened and he quickly stepped back,". He started to wave , but checked when he heard booing . His normally ruddy face darkened and he quickly stepped back"
mgc0405,mg0437,boo,booing,176,10764,1987,1980,FIC,HeavenHell,""" Why do n't you hang Ben Wade ? "" Loud",booing,", which only goaded the President . "" Why do n't you",""" Why do n't you hang Ben Wade ? "" Loud booing , which only goaded the President . "" Why do n't you"
mgc0406,mg0047,boo,booed,90,704897,1940,1940,NEWS,WallStJrnl,#get home and get their thoughts collected the delegates who,booed,every mention ' of his name at Thursday 's night session will,#get home and get their thoughts collected the delegates who booed every mention ' of his name at Thursday 's night session will
mgc0407,mg0626,boo,boos,10,728449,1970,1970,NEWS,NYT-Reg,"from demonstrators in Chicago , whose actions were marked by",boos,"and angry cries , and by , what he viewed as acceptance","from demonstrators in Chicago , whose actions were marked by boos and angry cries , and by , what he viewed as acceptance"
mgc0408,mg0025,boo,booed,265,487308,1932,1930,MAG,Nation,#turn . The police jeered hysterically and the hunger marchers,booed,". Later , Senator Costigan came out and was indignant at what","#turn . The police jeered hysterically and the hunger marchers booed . Later , Senator Costigan came out and was indignant at what"
mgc0409,mg0606,boo,boos,165,724095,1964,1960,NEWS,NYT-Reg,say on such weapons ' use . The question that drew,boos,was whether Senator Goldwater would run on all of the platform,say on such weapons ' use . The question that drew boos was whether Senator Goldwater would run on all of the platform
mgc0410,mg0449,boo,booing,18,14640,1993,1990,FIC,Play:ThreeAmericanisms,go . Boing.And once they are done with the boings commence,booing,and the booings are as bad as the boings and the boings,go . Boing.And once they are done with the boings commence booing and the booings are as bad as the boings and the boings
mgc0411,mg1264,shoo,shoos,38,16124,1949,1940,FIC,Mov:ReignOfTerror,"gulp down their milk , rise from the table . Grandma",shoos,them through a door INTO the bedroom and closes the door .,"gulp down their milk , rise from the table . Grandma shoos them through a door INTO the bedroom and closes the door ."
mgc0412,mg0779,ooh,oohed,17,49118,2004,2000,FIC,FantasySciFi,", for running the lights and electric motor . "" She",oohed,"appreciatively at the electric light . "" And even more important",", for running the lights and electric motor . "" She oohed appreciatively at the electric light . "" And even more important"
mgc0413,mg0929,shoo,shooed,175,10334,1955,1950,FIC,BandAngels,notice . It was after six when Auntie Marne finally,shooed,the last customer out and collapsed into the pile of excelsior in,notice . It was after six when Auntie Marne finally shooed the last customer out and collapsed into the pile of excelsior in
mgc0414,mg0974,shoo,shooed,193,10647,1979,1970,FIC,GoodAsGold,"pushing through . "" I wantsome coffee too . "" Belle",shooed,"them all outside the kitchen . When Dina , flanked by Esther","pushing through . "" I wantsome coffee too . "" Belle shooed them all outside the kitchen . When Dina , flanked by Esther"
mgc0415,mg1300,wow,wowed,64,303980,1943,1940,MAG,Time,"#brooch ) . Last week , suave , dark-eyed Ben",wowed,the ladies again with a fashion show for Chicago 's pet society,"#brooch ) . Last week , suave , dark-eyed Ben wowed the ladies again with a fashion show for Chicago 's pet society"
mgc0416,mg0867,shoo,shooed,205,5519,1908,1900,FIC,TreasureValley,"Munn , indignant at this unsolicited presentation , as promptly",shooed,"them back again , and war was declared . Tim had hitherto","Munn , indignant at this unsolicited presentation , as promptly shooed them back again , and war was declared . Tim had hitherto"
mgc0417,mg0744,boo,boos,104,4181108,2017,2010,MAG,Daily Beast,"The notion that Putin has been "" abused "" drew heavy",boos,"from the audience at Manhattan 's Ed Sullivan Theater . # ""","The notion that Putin has been "" abused "" drew heavy boos from the audience at Manhattan 's Ed Sullivan Theater . # """
mgc0418,mg0183,boo,booed,37,432202,1984,1980,MAG,USNWR,#. Feelings grew so heated that many blacks not only,booed,"Andrew Young , black mayor of Atlanta , for defending Mondale but","#. Feelings grew so heated that many blacks not only booed Andrew Young , black mayor of Atlanta , for defending Mondale but"
mgc0419,mg1011,shoo,shooed,207,41779,1996,1990,FIC,Ploughshares,and that was evidence . Someone walked by a pigpen and,shooed,them just for fun because pigs scare so easily and that was,and that was evidence . Someone walked by a pigpen and shooed them just for fun because pigs scare so easily and that was
mgc0420,mg1016,shoo,shooed,50,43216,1998,1990,FIC,FantasySciFi,"elephants , more fascinated than perturbed , until Lady Dustan",shooed,her and her sister in the direction of the house . Lady,"elephants , more fascinated than perturbed , until Lady Dustan shooed her and her sister in the direction of the house . Lady"
mgc0421,mg0282,boo,booed,276,4199071,2017,2010,FIC,Harper's Magazine,#a crudely daubed banner proclaiming willie power . We all,booed,". Then the camera cut to a mid-shot ; Lewis , crouched","#a crudely daubed banner proclaiming willie power . We all booed . Then the camera cut to a mid-shot ; Lewis , crouched"
mgc0422,mg0230,boo,booed,165,5243035,1999,1990,TV/MOV,Freaks and Geeks,"#. I saw them open for Tull , they got",booed,"off the stage . Thanks a lot , man . Lindsay ,","#. I saw them open for Tull , they got booed off the stage . Thanks a lot , man . Lindsay ,"
mgc0423,mg1093,shoo,shooing,73,430262,1906,1900,MAG,Scribners,"refused to join with Russia , Germany , and France in",shooing,Japan off the continent . Scrutinizing her attitude at this time,"refused to join with Russia , Germany , and France in shooing Japan off the continent . Scrutinizing her attitude at this time"
mgc0424,mg1461,wow,wows,30,4157167,2013,2010,NF/ACAD,JIssuesNursing,"# Post implementation, ethnographic researchers again shadowed nurses who used workstations on wheels (",WOWs,) integrated with hand held scanners. They reported an overwhelmingly positive impact on nursing,"# Post implementation, ethnographic researchers again shadowed nurses who used workstations on wheels ( WOWs ) integrated with hand held scanners. They reported an overwhelmingly positive impact on nursing"
mgc0425,mg0986,shoo,shooed,167,10748,1986,1980,FIC,KingYS,the rain into the common room of the hostel . They,shooed,"the help away and came to attention , ranked , before the","the rain into the common room of the hostel . They shooed the help away and came to attention , ranked , before the"
mgc0426,mg1421,wow,wowing,19,29282,2002,2000,FIC,BigNap,"#take over for me , since I was obviously not",wowing,"the room with my parenting skills . "" Hey , Rubes ,","#take over for me , since I was obviously not wowing the room with my parenting skills . "" Hey , Rubes ,"
mgc0427,mg1024,shoo,shooed,112,44946,1999,1990,FIC,FantasySciFi,"n't think she recognized me ; at any rate , she",shooed,me off with a shocking lack of compassion . I hung around,"n't think she recognized me ; at any rate , she shooed me off with a shocking lack of compassion . I hung around"
mgc0428,mg1100,shoo,shooing,66,5739,1920,1920,FIC,GorgeousGirl,"interested in the prayer book ; and , with the Pom",shooing,"him out by sharp , ear-piercing barks , Steve left the room","interested in the prayer book ; and , with the Pom shooing him out by sharp , ear-piercing barks , Steve left the room"
mgc0429,mg1456,wow,wows,25,386551,2003,2000,MAG,Smithsonian,have been rubbed smooth by familiarity. The marvel is that the septuagenarian Haynes still,wows,"cutting-edge musicians. In 1997, he cut short a vacation in Barbados to fill","have been rubbed smooth by familiarity. The marvel is that the septuagenarian Haynes still wows cutting-edge musicians. In 1997, he cut short a vacation in Barbados to fill"
mgc0430,mg1269,shoo,shoos,8,24505,1968,1960,FIC,Mov:PlanetApes,"suddenly . Nova bumps into him . He turns , impatiently",shoos,"her away , then looks o.s. , again . 172 ZIRA AND","suddenly . Nova bumps into him . He turns , impatiently shoos her away , then looks o.s. , again . 172 ZIRA AND"
mgc0431,mg0680,boo,boos,162,10743,1986,1980,FIC,BartholomewFair,the dogs . At the appearance of Samson the crowd 's,boos,turned into cheers . Crisp chained the bear to the tethering,the dogs . At the appearance of Samson the crowd 's boos turned into cheers . Crisp chained the bear to the tethering
mgc0432,mg0871,shoo,shooed,82,2826,1914,1910,FIC,WithTorchy,"up on the rail outside , if the cop ai n't",shooed,"him off , "" says I. "" Then keep him there until","up on the rail outside , if the cop ai n't shooed him off , "" says I. "" Then keep him there until"
mgc0433,mg0044,boo,booed,79,703950,1939,1930,NEWS,NYT-Let,"#his head , indicating that such a number would be",booed,"by the thousands of young , collegiate , jitterbug dancers","#his head , indicating that such a number would be booed by the thousands of young , collegiate , jitterbug dancers"
mgc0434,mg0994,shoo,shooed,100,10778,1989,1980,FIC,Minotaur,laughing . He blew Rita a kiss . After dinner Callie,shooed,Jake and Toad off to the screened-in porch while she cleaned up,laughing . He blew Rita a kiss . After dinner Callie shooed Jake and Toad off to the screened-in porch while she cleaned up
mgc0435,mg0685,boo,boos,128,1093137,1987,1980,TV/MOV,Hamburger Hill,could come here . And see how you low Class eleven,boos,"live . Is that it ? Brother Blood . Hey , how","could come here . And see how you low Class eleven boos live . Is that it ? Brother Blood . Hey , how"
mgc0436,mg1353,wow,wowed,51,398988,2002,2000,MAG,ChristCentury,#character . During his interviews Cairns by all accounts,wowed,"students , faculty and administrators ; he was offered a full","#character . During his interviews Cairns by all accounts wowed students , faculty and administrators ; he was offered a full"
mgc0437,mg1427,wow,wowing,17,4128033,2012,2010,NEWS,CSMonitor,#'s Mini Cooper-sized rover Curiosity has spent the past week,wowing,"the mission 's scientists , engineers , and the public with each","#'s Mini Cooper-sized rover Curiosity has spent the past week wowing the mission 's scientists , engineers , and the public with each"
mgc0438,mg0513,boo,boos,217,695577,1928,1920,NEWS,NYT-Let,"audience is able to catch the notes of applause , the",boos,", the heckling and the varied multitude of inarticulate sounds","audience is able to catch the notes of applause , the boos , the heckling and the varied multitude of inarticulate sounds"
mgc0439,mg1266,shoo,shoos,16,14035,1955,1950,FIC,Play:SmallWarOnMurray,And what is the result ? ( Orderly salutes and Frederick,shoos,"him U. L. ) The result is , to put it bluntly","And what is the result ? ( Orderly salutes and Frederick shoos him U. L. ) The result is , to put it bluntly"
mgc0440,mg1380,wow,wowed,69,4115067,2012,2010,NEWS,Denver,"#Eric Decker showed in his interview , and Demaryius Thomas",wowed,the staff with his ability to quickly learn a variety of,"#Eric Decker showed in his interview , and Demaryius Thomas wowed the staff with his ability to quickly learn a variety of"
mgc0441,mg0027,boo,booed,173,493676,1933,1930,MAG,NewRepublic,"#. "" Exploitation and special privileges are not necessarily",booed,"on scarcity : they may exist fulsomely , as the salary and","#. "" Exploitation and special privileges are not necessarily booed on scarcity : they may exist fulsomely , as the salary and"
mgc0442,mg0547,boo,boos,50,708188,1944,1940,NEWS,NYT-Reg,"200,000 the police estimated , but mingled with the cheers were",boos,"and Roosevelt buttons were numerous . Much of the booing ,","200,000 the police estimated , but mingled with the cheers were boos and Roosevelt buttons were numerous . Much of the booing ,"
mgc0443,mg0126,boo,booed,199,99544,1967,1960,MAG,SportsIll,#Who started it ? Who was the first guy who,booed,"the umpire and called him a blind bat and yelled , ""","#Who started it ? Who was the first guy who booed the umpire and called him a blind bat and yelled , """
mgc0444,mg0961,shoo,shooed,213,782013,1974,1970,FIC,CryAngels,medical . But when the men arrived with a stretcher she,shooed,them out of her room and came down carrying her bag .,medical . But when the men arrived with a stretcher she shooed them out of her room and came down carrying her bag .
mgc0445,mg0206,boo,booed,200,422597,1991,1990,MAG,RollingStone,"#' ' ) So from the start , the Belgians",booed,the Yanks . One headline said it all : MARK MORRIS GO,"#' ' ) So from the start , the Belgians booed the Yanks . One headline said it all : MARK MORRIS GO"
mgc0446,mg0213,boo,booed,247,624868,1993,1990,NEWS,Houston,#Because he has endured the bad times and has been,booed,", this year 's success means that much more to him .","#Because he has endured the bad times and has been booed , this year 's success means that much more to him ."
mgc0447,mg0459,boo,booing,158,5244121,1998,1990,TV/MOV,CatDog,stomachs . I give you the amazing tree-headed dog . (,Booing,", complaining ) I want my money back . That freak 's","stomachs . I give you the amazing tree-headed dog . ( Booing , complaining ) I want my money back . That freak 's"
mgc0448,mg1434,wow,wows,3,1033288,1940,1940,TV/MOV,Young People,"they were billed under Costello's Trained Seals. She can remember. "" Bob",wows,"them in Cleveland. Flicks legit takes back seat. "" Remember when we were","they were billed under Costello's Trained Seals. She can remember. "" Bob wows them in Cleveland. Flicks legit takes back seat. "" Remember when we were"
mgc0449,mg0845,ooh,oohs,29,603920,2002,2000,NEWS,USAToday,"car, one you'd show off to friends and expect to get the """,oohs,""" and "" attaboys "" you might with a $ 17,000 Honda Civic or Toyota","car, one you'd show off to friends and expect to get the "" oohs "" and "" attaboys "" you might with a $ 17,000 Honda Civic or Toyota"
mgc0450,mg0057,boo,booed,52,180002,1943,1940,MAG,Time,"#. In Mexico City 's busiest tourist section , they",booed,"at shops displaying U.S. signs , cheered those with German names","#. In Mexico City 's busiest tourist section , they booed at shops displaying U.S. signs , cheered those with German names"
mgc0451,mg0414,boo,booing,61,10607,1976,1970,FIC,Speedboat,"not really cheering No , No , Nanette . They are",booing,Hair . Or whateverelse it is on stage that they hate and,"not really cheering No , No , Nanette . They are booing Hair . Or whateverelse it is on stage that they hate and"
mgc0452,mg1257,shoo,shoos,44,16271,1925,1920,FIC,Mov:LostWorldThe,"his glasses , finds that Jocko has them , irritably """,shoos,""" Jocko away , and then calls out to Challenger : SUMMERLEE-","his glasses , finds that Jocko has them , irritably "" shoos "" Jocko away , and then calls out to Challenger : SUMMERLEE-"
mgc0453,mg0235,boo,booed,48,746108,2001,2000,NF/ACAD,AmerScholar,"#he hit just eight home runs , and was routinely",booed,at home and away as the club compiled its first losing record,"#he hit just eight home runs , and was routinely booed at home and away as the club compiled its first losing record"
mgc0454,mg1213,shoo,shooing,6,36371,2009,2000,FIC,ReliableWifeNovel,"the brush of a skirt 's hem , a gloved hand",shooing,"a fly from a freckled nose had once been enough , had","the brush of a skirt 's hem , a gloved hand shooing a fly from a freckled nose had once been enough , had"
mgc0455,mg0789,ooh,oohing,27,431120,1937,1930,MAG,Forum,before my 7rst baby came . The clerks were motherly :,oohing,"souls who "" understood "" and graduate nurses in uniforms who wore","before my 7rst baby came . The clerks were motherly : oohing souls who "" understood "" and graduate nurses in uniforms who wore"
mgc0456,mg0548,boo,boos,145,10189,1944,1940,FIC,DeepRiver,"figure . The gaunt , drab man on the Floor ignored",boos,or cheers . With one hand against the back of his seat,"figure . The gaunt , drab man on the Floor ignored boos or cheers . With one hand against the back of his seat"
mgc0457,mg1237,shoo,shooing,85,4199023,2017,2010,FIC,Analog,". # "" Yes , "" Lawrence said , making a",shooing,"motion toward the screen , "" it 's playtime. "" # Mazer",". # "" Yes , "" Lawrence said , making a shooing motion toward the screen , "" it 's playtime. "" # Mazer"
mgc0458,mg0805,ooh,oohing,5,640209,2004,2000,NEWS,Denver,people . ' # Then came and still come the pundits,oohing,"and aahing outward disapproval . Repeating these words , they","people . ' # Then came and still come the pundits oohing and aahing outward disapproval . Repeating these words , they"
mgc0459,mg0896,shoo,shooed,149,220879,1932,1930,MAG,Time,"honking , flapping geese . He slid back the frames ,",shooed,the birds out .,"honking , flapping geese . He slid back the frames , shooed the birds out ."
mgc0460,mg1319,wow,wowed,91,339347,1988,1980,MAG,Time,"#In the men 's field , the Soviets dazzled and",wowed,"with their daring assortment of triple flips on the vault , the","#In the men 's field , the Soviets dazzled and wowed with their daring assortment of triple flips on the vault , the"
mgc0461,mg1417,wow,wowing,23,428838,1996,1990,MAG,SkyTelescope,#your monitor . But I 'd wager you will be,wowing,them as much with the equipment as with the globular itself For,#your monitor . But I 'd wager you will be wowing them as much with the equipment as with the globular itself For
mgc0462,mg0657,boo,boos,255,774125,1977,1970,NF/ACAD,TasteAmerica,"Democratic Party for so many years , "" bringing on more",boos,". Yet , when Wallace finished speaking , and those bodyguards","Democratic Party for so many years , "" bringing on more boos . Yet , when Wallace finished speaking , and those bodyguards"
mgc0463,mg0484,boo,booing,74,4114048,2012,2010,NEWS,NYTimes,", the critics continued to vent their spleens by loudly",booing,"Matteo Garrone 's "" Reality , ' the surprise -- and very",", the critics continued to vent their spleens by loudly booing Matteo Garrone 's "" Reality , ' the surprise -- and very"
mgc0464,mg0086,boo,booed,145,10285,1952,1950,FIC,Sybil,#position in front of the first picador . The public,booed,"Matagatos as he slid back through the fence , and he smiled","#position in front of the first picador . The public booed Matagatos as he slid back through the fence , and he smiled"
mgc0465,mg0630,boo,boos,148,728617,1970,1970,NEWS,NYT-Reg,critical of Mr. Finch 's actions as Secretary . Hisses and,boos,"punctuated the reading , underscoring the discontent that many","critical of Mr. Finch 's actions as Secretary . Hisses and boos punctuated the reading , underscoring the discontent that many"
mgc0466,mg0446,boo,booing,65,13391,1991,1990,FIC,Play:GameInches,"he 's been in a slump , and the fans are",booing,"him , something about water skiing and a pinkie injury . With","he 's been in a slump , and the fans are booing him , something about water skiing and a pinkie injury . With"
mgc0467,mg1418,wow,wowing,12,43726,1998,1990,FIC,FantasySciFi,#maiden voyage from Southampton . I describe how Nijinsky 's,wowing,"Paris , and explain that China has just become a Republic .","#maiden voyage from Southampton . I describe how Nijinsky 's wowing Paris , and explain that China has just become a Republic ."
mgc0468,mg1299,wow,wowed,95,303183,1939,1930,MAG,Time,"#in the past year to have become TIME-worthy , """,wowed,""" Their Majesties . Antic : opening conversation at the banquet","#in the past year to have become TIME-worthy , "" wowed "" Their Majesties . Antic : opening conversation at the banquet"
mgc0469,mg0014,boo,booed,94,254165,1928,1920,MAG,Time,"#. . . . "" the crowd jumped up and",booed,for 15 minutes .,"#. . . . "" the crowd jumped up and booed for 15 minutes ."
mgc0470,mg0298,boo,booing,105,4868,1907,1900,FIC,Convert,"grudgingly and after more "" scenes . "" ' Whereupon loud",booing,testified to the audience 's horror of anything approaching,"grudgingly and after more "" scenes . "" ' Whereupon loud booing testified to the audience 's horror of anything approaching"
mgc0471,mg1282,shoo,shoos,42,53807,1993,1990,FIC,Ploughshares,"glass wall , until the ward closes and a patient nun",shoos,us out . I find the door with my father 's number,"glass wall , until the ward closes and a patient nun shoos us out . I find the door with my father 's number"
mgc0472,mg0905,shoo,shooed,168,10096,1937,1930,FIC,NoneShallLookBack,for over a month . She got up . Molly had,shooed,the horse on and they moved forward a little faster . They,for over a month . She got up . Molly had shooed the horse on and they moved forward a little faster . They
mgc0473,mg0955,shoo,shooed,147,780114,1973,1970,FIC,WildPitch,"was plenty good , way I saw it . He sure",shooed,"that professor away , him that was first tryin ' to help","was plenty good , way I saw it . He sure shooed that professor away , him that was first tryin ' to help"
mgc0474,mg0839,ooh,oohs,23,401489,1998,1990,MAG,Cosmopolitan,"to give, he mimicked my massage, and I let him know via loud",oohs,and ahhs where I most fancied his fingerwork. Going mano a mano gave me,"to give, he mimicked my massage, and I let him know via loud oohs and ahhs where I most fancied his fingerwork. Going mano a mano gave me"
mgc0475,mg0733,boo,boos,127,4135083,2013,2010,NEWS,Pittsburgh,"it with others and register their feelings online . "" Ms.",Boos,"is no Web geek , but she has adapted technology in other","it with others and register their feelings online . "" Ms. Boos is no Web geek , but she has adapted technology in other"
mgc0476,mg1311,wow,wowed,57,273221,1968,1960,MAG,Time,"#looking slim as ever in her well-above-the-knee sequin outfit ,",wowed,the crowd by dancing the Jerk with her host . # *,"#looking slim as ever in her well-above-the-knee sequin outfit , wowed the crowd by dancing the Jerk with her host . # *"
mgc0477,mg0267,boo,booed,2,4114048,2012,2010,NEWS,NYTimes,"#, "" Post Tenebras Lux , ' had been harshly",booed,after its first press screening . The screenwriting prize went,"#, "" Post Tenebras Lux , ' had been harshly booed after its first press screening . The screenwriting prize went"
mgc0478,mg0510,boo,boos,244,490178,1927,1920,MAG,NewYorker,"the first act with whistles , cheers , snickers , and",boos,. One of the intermissions was punctuated with the far-off sound,"the first act with whistles , cheers , snickers , and boos . One of the intermissions was punctuated with the far-off sound"
mgc0479,mg1026,shoo,shooed,187,44634,1999,1990,FIC,FantasySciFi,"talking about him , calling him an old kook . He",shooed,the tourists off as gracefully as he could and sent Raymond up,"talking about him , calling him an old kook . He shooed the tourists off as gracefully as he could and sent Raymond up"
mgc0480,mg1309,wow,wowed,12,10464,1965,1960,FIC,Stitch,#Mr. Noonan thought he was smart . She 'd been,wowed,"by him from the minute he showed up . And , after","#Mr. Noonan thought he was smart . She 'd been wowed by him from the minute he showed up . And , after"
mgc0481,mg0693,boo,boos,226,13391,1991,1990,FIC,Play:GameInches,"San Pedro . Clearly , George is a man used to",boos,". Booo booo booo ! "" Eeeef the Canadian faaans do n't","San Pedro . Clearly , George is a man used to boos . Booo booo booo ! "" Eeeef the Canadian faaans do n't"
mgc0482,mg0977,shoo,shooed,23,780031,1981,1980,FIC,Stroll,"on her bed , ignoring her neighbor 's cough , Owl",shooed,away the new kitten and carefully arranged around her her five,"on her bed , ignoring her neighbor 's cough , Owl shooed away the new kitten and carefully arranged around her her five"
mgc0483,mg1403,wow,wowing,21,184587,1955,1950,MAG,Time,"#, April 11 ) . "" Happy "" Chandler was",wowing,the voters everywhere with his own special brand of political,"#, April 11 ) . "" Happy "" Chandler was wowing the voters everywhere with his own special brand of political"
mgc0484,mg0741,boo,boos,252,4175082,2016,2010,MAG,Fortune,"Lula was sworn in last Thursday , to both cheers and",boos,. The former president 's appointment was then suspended by a,"Lula was sworn in last Thursday , to both cheers and boos . The former president 's appointment was then suspended by a"
mgc0485,mg0018,boo,booed,202,696225,1929,1920,NEWS,NYT-Reg,"#and the remaining elders , about 300 in all ,",booed,this action . After a lull the demonstration was renewed when the,"#and the remaining elders , about 300 in all , booed this action . After a lull the demonstration was renewed when the"
mgc0486,mg0572,boo,boos,116,10285,1952,1950,FIC,Sybil,", in a voice inaudible even to himself . Cheers and",boos,"greeted him , in a proportion of one to three . He",", in a voice inaudible even to himself . Cheers and boos greeted him , in a proportion of one to three . He"
mgc0487,mg0197,boo,booed,212,90554,1988,1980,MAG,SportsIll,#old days the fans accepted it ; now he was,booed,"when he drew the penalty . In 1985 , Bullough brought in","#old days the fans accepted it ; now he was booed when he drew the penalty . In 1985 , Bullough brought in"
mgc0488,mg1436,wow,wows,5,10319,1954,1950,FIC,Messiah,""" He showed me a proof sheet of a tabloid story: "" Mystery Prophet",Wows,"TV Audience, "" with a photograph of Cave taken from the telecast and another",""" He showed me a proof sheet of a tabloid story: "" Mystery Prophet Wows TV Audience, "" with a photograph of Cave taken from the telecast and another"
mgc0489,mg0485,boo,booing,128,4162070,2012,2010,FIC,Bk:HomeRunFreedom,into the dirt . Kids had n't mastered the art of,booing,"yet . Even though it just came with the territory , the","into the dirt . Kids had n't mastered the art of booing yet . Even though it just came with the territory , the"
mgc0490,mg0256,boo,booed,103,607650,2005,2000,NEWS,WashPost,"#let that bother you . "" # Jurgensen was once",booed,heartily as he walked onto Franklin Field for the Philadelphia,"#let that bother you . "" # Jurgensen was once booed heartily as he walked onto Franklin Field for the Philadelphia"
mgc0491,mg0009,boo,booed,267,430930,1925,1920,MAG,Atlantic,"#to make , nor is he more likely to be",booed,. Modesty stands much in the way . Few indeed have been,"#to make , nor is he more likely to be booed . Modesty stands much in the way . Few indeed have been"
mgc0492,mg1293,shoo,shoos,43,4199032,2017,2010,FIC,FantasySciFi,"or you 'll be stuck here for hours . "" He",shoos,"you through the door . # As you walk out , the","or you 'll be stuck here for hours . "" He shoos you through the door . # As you walk out , the"
mgc0493,mg0517,boo,boos,102,698905,1932,1930,NEWS,NYT-Reg,"to present the British viewpoint regarding Ireland , hisses and",boos,from Sinn Fein adherents in the audience prevented him from,"to present the British viewpoint regarding Ireland , hisses and boos from Sinn Fein adherents in the audience prevented him from"
mgc0494,mg0612,boo,boos,67,218796,1967,1960,MAG,Time,have been acknowledging the kinship when she tried to quiet the,boos,"at Carnegie Hall by shouting the Greek word for "" good ""","have been acknowledging the kinship when she tried to quiet the boos at Carnegie Hall by shouting the Greek word for "" good """
mgc0495,mg1351,wow,wowed,3,385616,2002,2000,MAG,Entertainment,"#Lucas recommends E.T . to Steven Spielberg , who is",wowed,"and signs him up for the lead in E.T. , replacing original","#Lucas recommends E.T . to Steven Spielberg , who is wowed and signs him up for the lead in E.T. , replacing original"
mgc0496,mg1462,wow,wows,31,4151018,2014,2010,MAG,Prevention,"is part of this challenge. To keep things fun, Chris Freytag created four",WOWs,(workouts of the week). Download PDFs and watch Chris demo the moves,"is part of this challenge. To keep things fun, Chris Freytag created four WOWs (workouts of the week). Download PDFs and watch Chris demo the moves"
mgc0497,mg0302,boo,booing,115,679479,1911,1910,NEWS,Chicago,that thousands of women and girls are daily In danger of,booing,their lives in factory fire traps . Pleads to Save Lives of,that thousands of women and girls are daily In danger of booing their lives in factory fire traps . Pleads to Save Lives of
mgc0498,mg1087,shoo,shooed,214,5250314,2019,2010,FIC,Fan Fic,"this experience with her new friends . # Smiling , Tori",shooed,"them out of her store , and they made their way to","this experience with her new friends . # Smiling , Tori shooed them out of her store , and they made their way to"
mgc0499,mg0394,boo,booing,13,14321,1965,1960,FIC,Play:IcarussMother,. ) BILL What a rotten guy ! ( They stop,booing,and just stare at the sky . ) FRANK He 's gone,. ) BILL What a rotten guy ! ( They stop booing and just stare at the sky . ) FRANK He 's gone
mgc0500,mg0620,boo,boos,14,214927,1969,1960,MAG,Time,leer with a demonic joy reminiscent of Hieronymous Bosch . #,Boos,and Bravos . Penderecki scored the opera for an 80-voice chorus,leer with a demonic joy reminiscent of Hieronymous Bosch . # Boos and Bravos . Penderecki scored the opera for an 80-voice chorus
mgc0501,mg1280,shoo,shoos,14,16041,1987,1980,FIC,Mov:BigEasyThe,"Osborne , please . Guerra pauses at the door . Remy",shoos,"him out . REMY (continuing ) Anne , meet me for","Osborne , please . Guerra pauses at the door . Remy shoos him out . REMY (continuing ) Anne , meet me for"
mgc0502,mg0790,ooh,oohing,22,260120,1946,1940,MAG,Time,"While the small (38,494 ) Yankee Stadium crowd was still",oohing,"in amazement , Louis bounced off the ropes and went to work","While the small (38,494 ) Yankee Stadium crowd was still oohing in amazement , Louis bounced off the ropes and went to work"
mgc0503,mg1279,shoo,shoos,6,669397,1984,1980,NEWS,CSMonitor,(Mr. Mom ) Dragoti decides to close the set and,shoos,"everyone out. // During our interview , Hanks talked a bit about","(Mr. Mom ) Dragoti decides to close the set and shoos everyone out. // During our interview , Hanks talked a bit about"
mgc0504,mg0128,boo,booed,223,490669,1968,1960,MAG,NewYorker,"#the president of the National Hockey League , and cveryhodt",booed,"( hockey fans hate officials ) , and then Emile Francis ,","#the president of the National Hockey League , and cveryhodt booed ( hockey fans hate officials ) , and then Emile Francis ,"
mgc0505,mg1192,shoo,shooing,94,31826,2001,2000,FIC,TrueJustice,"nougat . "" Murrow vanished . Karp looked around and made",shooing,"motions . "" Go home , people , show 's over .","nougat . "" Murrow vanished . Karp looked around and made shooing motions . "" Go home , people , show 's over ."
mgc0506,mg0022,boo,booed,141,10027,1932,1930,FIC,MagnoliaStreet,"#she asked . The other followed , chanting . They",booed,"louder and longer than usual that night ; for last time ,","#she asked . The other followed , chanting . They booed louder and longer than usual that night ; for last time ,"
mgc0507,mg1340,wow,wowed,34,397118,1999,1990,MAG,TechReview,"#on Humanoid and Friendly Robotics . There , Waseda engineers",wowed,crowds with both Hadaly-2 and an ungainly bipedal humanoid,"#on Humanoid and Friendly Robotics . There , Waseda engineers wowed crowds with both Hadaly-2 and an ungainly bipedal humanoid"
mgc0508,mg0161,boo,booed,107,732737,1976,1970,NEWS,NYT-Reg,"#Mayor 's arrival . And when he arrived , they",booed,him and began shouting slogans . Mr. Beame did not appear to,"#Mayor 's arrival . And when he arrived , they booed him and began shouting slogans . Mr. Beame did not appear to"
mgc0509,mg0825,ooh,oohs,9,103840,1972,1970,MAG,SportsIll,"C, Seat 4 of the mezzanine. "" I always got a lot of",oohs,"and ahs, "" Hadfield said, "" but I didn't get many goals","C, Seat 4 of the mezzanine. "" I always got a lot of oohs and ahs, "" Hadfield said, "" but I didn't get many goals"
mgc0510,mg0441,boo,booing,191,16255,1989,1980,FIC,Mov:MajorLeague,call one bit . Doyle imitates the sound of a crowd,booing,". Taylor , meanwhile , has gone out to the mound .","call one bit . Doyle imitates the sound of a crowd booing . Taylor , meanwhile , has gone out to the mound ."
mgc0511,mg0617,boo,boos,83,727375,1968,1960,NEWS,Chicago,"war , "" they shouted in repetitious unison . Chanting and",boos,"continued when Sen. Edward Kennedy , one of their heroes , urged","war , "" they shouted in repetitious unison . Chanting and boos continued when Sen. Edward Kennedy , one of their heroes , urged"
mgc0512,mg1130,shoo,shooing,48,781963,1955,1950,FIC,QuicksilverPool,"He might have said more , but his sister made a",shooing,"gesture with her hands . "" That will be enough . Off","He might have said more , but his sister made a shooing gesture with her hands . "" That will be enough . Off"
mgc0513,mg0770,ooh,oohed,7,128907,1987,1980,MAG,SportsIll,14 of 22 from the Friar patch while the SEC champions,oohed,and aahed with the rest of the crowd . All season Providence,14 of 22 from the Friar patch while the SEC champions oohed and aahed with the rest of the crowd . All season Providence
mgc0514,mg1260,shoo,shoos,39,10076,1936,1930,FIC,HeadOW-Hollow,""" Okay , Cackleberry , "" says Corner Stone . He",shoos,"them with his sweat-wet handkerchief . "" Hot day -- a damned",""" Okay , Cackleberry , "" says Corner Stone . He shoos them with his sweat-wet handkerchief . "" Hot day -- a damned"
mgc0515,mg0980,shoo,shooed,32,780070,1982,1980,FIC,Friday,"far end of the garden with Anita , and children firmly",shooed,"away . Anita said , "" Marjorie dear "" ? I 'm","far end of the garden with Anita , and children firmly shooed away . Anita said , "" Marjorie dear "" ? I 'm"
mgc0516,mg0330,boo,booing,153,10078,1936,1930,FIC,GoneWithWind,", said the chief . Then he heard the crowd outside",booing,", and he changed his mind . Wait a minute , he",", said the chief . Then he heard the crowd outside booing , and he changed his mind . Wait a minute , he"
mgc0517,mg1310,wow,wowed,49,208740,1965,1960,MAG,Time,"#Open . In practice , Nicklaus shot a 65 ,",wowed,"spectators by reaching Royal Birkdale 's par-five , 510-yd.","#Open . In practice , Nicklaus shot a 65 , wowed spectators by reaching Royal Birkdale 's par-five , 510-yd."
mgc0518,mg0623,boo,boos,135,431778,1969,1960,MAG,PopSci,produces much of the tetrae : used in automotive gas to,boos,"numbers , publishes an annual of the fuel recommendations spc","produces much of the tetrae : used in automotive gas to boos numbers , publishes an annual of the fuel recommendations spc"
mgc0519,mg1043,shoo,shooed,31,51043,2006,2000,FIC,FantasySciFi,"gazing in aimless fascination at whatever she was doing , until",shooed,"away - she saw him on the floor , playing with Milady","gazing in aimless fascination at whatever she was doing , until shooed away - she saw him on the floor , playing with Milady"
mgc0520,mg0568,boo,boos,41,4183,1951,1950,FIC,LetterLaw,"Zeckler managed to stumble from the witness stand , amid riotous",boos,"and hisses , and tottered into the anteroom. * * * *","Zeckler managed to stumble from the witness stand , amid riotous boos and hisses , and tottered into the anteroom. * * * *"
mgc0521,mg0811,ooh,oohing,1,36120,2008,2000,FIC,MercedesCoffin,of gardening aficionados traipsing through his property,oohing,and aahing and congratulating Rina on a job well done . #,of gardening aficionados traipsing through his property oohing and aahing and congratulating Rina on a job well done . #
mgc0522,mg0123,boo,booed,118,99544,1967,1960,MAG,SportsIll,"#through his career . Whenever he made out , they",booed,him . I know that at Minneapolis he could hit home runs,"#through his career . Whenever he made out , they booed him . I know that at Minneapolis he could hit home runs"
mgc0523,mg0073,boo,booed,81,162131,1947,1940,MAG,Time,#night before . Mrs. Taft and the Senator had been,booed,by those awful Communists ) . But then the atmosphere changed,#night before . Mrs. Taft and the Senator had been booed by those awful Communists ) . But then the atmosphere changed
mgc0524,mg1082,shoo,shooed,119,5004188,2018,2010,FIC,Analog,"he do . "" She nodded excitedly toward the apartment and",shooed,"me with a smile . "" Miro yo . "" # With","he do . "" She nodded excitedly toward the apartment and shooed me with a smile . "" Miro yo . "" # With"
mgc0525,mg0793,ooh,oohing,28,16205,1982,1980,FIC,Mov:MyFavoriteYear,"start . They both begin eating the dim sum and """,oohing,""" and "" aahing . "" It 's obvious that K.C. has","start . They both begin eating the dim sum and "" oohing "" and "" aahing . "" It 's obvious that K.C. has"
mgc0526,mg0978,shoo,shooed,51,10676,1981,1980,FIC,WorldWithoutEnd,"wretched teats . Go on out of here . "" Gideon",shooed,her and she left the table but not the room . When,"wretched teats . Go on out of here . "" Gideon shooed her and she left the table but not the room . When"
mgc0527,mg0910,shoo,shooed,144,1033153,1940,1940,TV/MOV,"Third Finger, Left Hand",". OH , YOU DID , HUH ? YES . I-I",SHOOED,"SOME ART DEALER OUT OF HERE , AND THEN THE STEWARD TOLD",". OH , YOU DID , HUH ? YES . I-I SHOOED SOME ART DEALER OUT OF HERE , AND THEN THE STEWARD TOLD"
mgc0528,mg0670,boo,boos,160,671152,1982,1980,NEWS,NYT,time that Holmes entered the ring to a long chorus of,boos,to the moment that Cooney ' s manager jumped into the ring,time that Holmes entered the ring to a long chorus of boos to the moment that Cooney ' s manager jumped into the ring
mgc0529,mg0669,boo,boos,62,295431,1982,1980,MAG,Time,. But elsewhere his plan is sure to provoke as many,boos,as cheers . Republican Bob Packwood of Oregon and Democrat,. But elsewhere his plan is sure to provoke as many boos as cheers . Republican Bob Packwood of Oregon and Democrat
mgc0530,mg1327,wow,wowed,75,25033,1993,1990,FIC,CerealMurders,#could n't afford to alienate her parents before I had,wowed,them with my baking . I handed an unsmiling Audrey a cheese,#could n't afford to alienate her parents before I had wowed them with my baking . I handed an unsmiling Audrey a cheese
mgc0531,mg0028,boo,booed,62,490300,1934,1930,MAG,NewYorker,"#the short space of one week , a Scottish terrier",booed,by an audience and President Roosevelt criticized by Charles,"#the short space of one week , a Scottish terrier booed by an audience and President Roosevelt criticized by Charles"
mgc0532,mg0999,shoo,shooed,5,25028,1993,1990,FIC,Seduction,of drinking wine had pretty well done me in . Rosie,shooed,Andrew and me outside while she finished up the dishes . We,of drinking wine had pretty well done me in . Rosie shooed Andrew and me outside while she finished up the dishes . We
mgc0533,mg0327,boo,booing,87,141032,1936,1930,MAG,Time,title bout which Negro Howell King won despite the unholy,booing,of partisan spectators who thought he had overcome Chicago 's,title bout which Negro Howell King won despite the unholy booing of partisan spectators who thought he had overcome Chicago 's
mgc0534,mg0716,boo,boos,261,47960,2003,2000,FIC,Ploughshares,""" # "" Boos , "" said the conductor . """,Boos,". "" # "" Bus , "" said somebody else . #",""" # "" Boos , "" said the conductor . "" Boos . "" # "" Bus , "" said somebody else . #"
mgc0535,mg1304,wow,wowed,7,266465,1956,1950,MAG,Time,#) musicomedy zany whose who-me ? expression and wild dancing,wowed,Broadway in 1949 's Gentlemen Prefer Blondes ; and Charles,#) musicomedy zany whose who-me ? expression and wild dancing wowed Broadway in 1949 's Gentlemen Prefer Blondes ; and Charles
mgc0536,mg1223,shoo,shooing,33,4120269,2012,2010,FIC,Bk:BridgeScarletLeaves,"along with their mother . # Jo waved her hands ,",shooing,"away the tension . "" So it 's settled . We 'll","along with their mother . # Jo waved her hands , shooing away the tension . "" So it 's settled . We 'll"
mgc0537,mg1083,shoo,shooed,24,5003131,2019,2010,FIC,SciFI & Fantasy,pattern branched over its tiles . Reb Moulie and Coach Shep,shooed,away the pygmy swans . Ikva knelt to lay down her offerings,pattern branched over its tiles . Reb Moulie and Coach Shep shooed away the pygmy swans . Ikva knelt to lay down her offerings
mgc0538,mg0396,boo,booing,60,10494,1967,1960,FIC,Arrangement,poets read ) . When the lecture was over and the,booing,"had ceased , we were joined by a thickset man with blue","poets read ) . When the lecture was over and the booing had ceased , we were joined by a thickset man with blue"
mgc0539,mg0112,boo,booed,88,248907,1963,1960,MAG,Time,#patiently time and again while scattered hecklers hoo ed and,booed,during his United Nations Day speech in Dallas ' Memorial,#patiently time and again while scattered hecklers hoo ed and booed during his United Nations Day speech in Dallas ' Memorial
mgc0540,mg0464,boo,booing,170,746108,2001,2000,NF/ACAD,AmerScholar,"said he was quitting : "" He was sick of the",booing,", sick of playing in New York , and he was going","said he was quitting : "" He was sick of the booing , sick of playing in New York , and he was going"
mgc0541,mg0072,boo,booed,44,492426,1946,1940,MAG,SatEvePost,#public-speaking course ever went through worse agonies . He was,booed,"at a meeting dominated by the German-American Band and , while he","#public-speaking course ever went through worse agonies . He was booed at a meeting dominated by the German-American Band and , while he"
mgc0542,mg1012,shoo,shooed,28,389607,1997,1990,MAG,People,"my legs . This was n't his usual behavior . """,Shooed,"away , Midnight persisted . "" I heard him through the baby","my legs . This was n't his usual behavior . "" Shooed away , Midnight persisted . "" I heard him through the baby"
mgc0543,mg0083,boo,booed,22,714899,1952,1950,NEWS,Chicago,"#from Ned Fritz , a Dallas attorney , who was",booed,"and hooted while speaking for the national ticket Gov . Shivers ,","#from Ned Fritz , a Dallas attorney , who was booed and hooted while speaking for the national ticket Gov . Shivers ,"
mgc0544,mg0801,ooh,oohing,30,5213039,2002,2000,TV/MOV,The Emperor's Club,"come up to the front of the classroom ? Classmates """,Oohing,", "" [Laughing] Would you mind finishing this diagram for me ?","come up to the front of the classroom ? Classmates "" Oohing , "" [Laughing] Would you mind finishing this diagram for me ?"
mgc0545,mg0304,boo,booing,26,686321,1921,1920,NEWS,NYT-Let,"last night , which lost no opportunity ' of hissing and",booing,at every mention of the name of the President of the United,"last night , which lost no opportunity ' of hissing and booing at every mention of the name of the President of the United"
mgc0546,mg1032,shoo,shooed,43,29901,2001,2000,FIC,RisingTides,"he do ? "" "" Another A. "" She winked and",shooed,"Ethan away . Seth had such a sharp brain , she thought","he do ? "" "" Another A. "" She winked and shooed Ethan away . Seth had such a sharp brain , she thought"
mgc0547,mg1386,wow,wowed,1,4141143,2014,2010,MAG,GolfMag,"#. Campbell went on Late Show with David Letterman ,",wowed,"a "" Sports Day "" audience at son Thomas 's school in","#. Campbell went on Late Show with David Letterman , wowed a "" Sports Day "" audience at son Thomas 's school in"
mgc0548,mg1070,shoo,shooed,37,4162310,2015,2010,FIC,ParisRev,"for their faces , everyone else clustered around , then got",shooed,"back , then closed in again , cheering happily as a telltale","for their faces , everyone else clustered around , then got shooed back , then closed in again , cheering happily as a telltale"
mgc0549,mg0539,boo,boos,99,149219,1940,1940,MAG,Time,"very eminent public servant . "" To a soft moan of",boos,"from his audience he quickly put a stop : "" I mean","very eminent public servant . "" To a soft moan of boos from his audience he quickly put a stop : "" I mean"
mgc0550,mg0355,boo,booing,160,711804,1949,1940,NEWS,NYT-Reg,do n't intend to push my way through a crowd of,booing,", hissing people without some kind of protection , "" he added","do n't intend to push my way through a crowd of booing , hissing people without some kind of protection , "" he added"
mgc0551,mg0480,boo,booing,83,5223038,2011,2010,TV/MOV,Bob's Burgers,": Boo ! No , no , no booing . No",booing,"mort . You know him , too . He 's one of",": Boo ! No , no , no booing . No booing mort . You know him , too . He 's one of"
mgc0552,mg0473,boo,booing,96,112386,2006,2000,MAG,SportsIll,team in the new Busch Stadium in 2006 -- not raucous,booing,"perhaps but , as Fred Hanser , part of the ownership group","team in the new Busch Stadium in 2006 -- not raucous booing perhaps but , as Fred Hanser , part of the ownership group"
mgc0553,mg0586,boo,boos,21,719421,1958,1950,NEWS,NYT-Reg,". "" ' From the glittering audience undignified whistles ,",boos,and catcalls rose . In the galleries fans and foes of Miss,". "" ' From the glittering audience undignified whistles , boos and catcalls rose . In the galleries fans and foes of Miss"
mgc0554,mg0261,boo,booed,143,636186,2006,2000,NEWS,Chicago,#just two runs on four hits -- and the crowd,booed,loudly . # The first pitch to Theriot was inside and the,#just two runs on four hits -- and the crowd booed loudly . # The first pitch to Theriot was inside and the
mgc0555,mg1057,shoo,shooed,220,4085304,2010,2010,FIC,Highlights (1),""" AwWw , "" whined the seven kids . Mom",shooed,them out . Aunt Brenda followed to make sure they found the,""" AwWw , "" whined the seven kids . Mom shooed them out . Aunt Brenda followed to make sure they found the"
mgc0556,mg0050,boo,booed,207,160344,1940,1940,MAG,Time,"#was struck by the audience , a section of which",booed,when a telegram was read . . . signed by General Hugh,"#was struck by the audience , a section of which booed when a telegram was read . . . signed by General Hugh"
mgc0557,mg1236,shoo,shooing,84,4199047,2017,2010,FIC,FantasySciFi,should . There was nothing left to do . With a,shooing,"motion she sent them out , and went to watch from behind","should . There was nothing left to do . With a shooing motion she sent them out , and went to watch from behind"
mgc0558,mg1262,shoo,shoos,3,14507,1942,1940,FIC,Play:Pirate,"She picks it up , covers his face with it --",shoos,away a humming fly that wants to settle on his nose .,"She picks it up , covers his face with it -- shoos away a humming fly that wants to settle on his nose ."
mgc0559,mg1317,wow,wowed,44,2535185,1985,1980,TV/MOV,Cagney & Lacey,"#build a nuclear bomb . Oh , that 's what",wowed,"me . It was just after the time of Molotov cocktails ,","#build a nuclear bomb . Oh , that 's what wowed me . It was just after the time of Molotov cocktails ,"
mgc0560,mg0228,boo,booed,74,407438,1999,1990,MAG,Entertainment,#members ' lower extremities . Its Grand Jury Prize was,booed,"by some at the Palais , while Jury members looked on in","#members ' lower extremities . Its Grand Jury Prize was booed by some at the Palais , while Jury members looked on in"
mgc0561,mg0735,boo,boos,103,4133044,2015,2010,NEWS,Atlanta,an announcement that was greeted by applause and a smattering of,boos,from the 700 attendees as the day began . Trump later tried,an announcement that was greeted by applause and a smattering of boos from the 700 attendees as the day began . Trump later tried
mgc0562,mg1458,wow,wows,27,4108117,2011,2010,MAG,SouthernLiv,"tumblers helps create a more interesting, textural setting. # 2 Choose furniture that",wows,". "" Think of your space as an indoor dining room, and look for","tumblers helps create a more interesting, textural setting. # 2 Choose furniture that wows . "" Think of your space as an indoor dining room, and look for"
mgc0563,mg0142,boo,booed,41,729779,1971,1970,NEWS,Chicago,#a soft water service convention were startled when they were,booed,"as they entered the hotel . "" I guess they do n't","#a soft water service convention were startled when they were booed as they entered the hotel . "" I guess they do n't"
mgc0564,mg0500,boo,boos,29,680723,1913,1910,NEWS,NYT-Reg,the Fusion ticket . Mitchel 's letter was greeted with mingled,boos,and cheers . James A. Allen denounced both Prendergast and for,the Fusion ticket . Mitchel 's letter was greeted with mingled boos and cheers . James A. Allen denounced both Prendergast and for
mgc0565,mg0585,boo,boos,20,719965,1958,1950,NEWS,NYT-Reg,for the president and its readiness to expel his foes .,Boos,"and catcalls greeted each appearance of , the three top","for the president and its readiness to expel his foes . Boos and catcalls greeted each appearance of , the three top"
mgc0566,mg0280,boo,booed,230,4182065,2017,2010,MAG,Vanity Fair,"#, spectacular attack of a movie that wants to be",booed,", but that does n't mean we should be swift to do","#, spectacular attack of a movie that wants to be booed , but that does n't mean we should be swift to do"
mgc0567,mg0472,boo,booing,44,607744,2006,2000,NEWS,WashPost,"called "" a huge bitter disappointment "" before a stunned and",booing,"crowd of 88,550 at FedEx Field , the Redskins must do the","called "" a huge bitter disappointment "" before a stunned and booing crowd of 88,550 at FedEx Field , the Redskins must do the"
mgc0568,mg0692,boo,boos,256,667187,1990,1990,NEWS,USAToday,", all are demolished except a Volvo 240 . The crowd",boos,". "" Apparently not everyone appreciates the strength of a Volvo ,",", all are demolished except a Volvo 240 . The crowd boos . "" Apparently not everyone appreciates the strength of a Volvo ,"
mgc0569,mg0489,boo,booing,185,4141020,2013,2010,MAG,GolfMag,days . # BEST COMEBACK WIN # They 're definitely not,booing,. Fan-favorite Boo Weekley won for the first time in five years,days . # BEST COMEBACK WIN # They 're definitely not booing . Fan-favorite Boo Weekley won for the first time in five years
mgc0570,mg1060,shoo,shooed,102,4121277,2011,2010,FIC,Bk:RaptureBecomes,the water bottles snuggled up against his sides . Mrs. Gilbert,shooed,"Jeb from the room and after taking one last look around ,","the water bottles snuggled up against his sides . Mrs. Gilbert shooed Jeb from the room and after taking one last look around ,"
mgc0571,mg1312,wow,wowed,73,10518,1969,1960,FIC,SickFriends,"#tough , compassionate exterior , litworld succes d'estime , I",wowed,"them in the early stages , duck soup to seem what they","#tough , compassionate exterior , litworld succes d'estime , I wowed them in the early stages , duck soup to seem what they"
mgc0572,mg1191,shoo,shooing,140,52606,2000,2000,FIC,Ploughshares,", the displeasure on his drug-slackened lips , his gesture",shooing,us both out of the room . The nun 's long fingers,", the displeasure on his drug-slackened lips , his gesture shooing us both out of the room . The nun 's long fingers"
mgc0573,mg0295,boo,booing,48,4868,1907,1900,FIC,Convert,to their fyces ! Haw ! haw ! ' Roars and,booing,"filled the air . ' We know , for many of us","to their fyces ! Haw ! haw ! ' Roars and booing filled the air . ' We know , for many of us"
mgc0574,mg0795,ooh,oohing,6,25001,1993,1990,FIC,SplitHeirs,"and white gowns . They listened wide-eyed to his stories ,",oohing,and aahing over the hero of Fort Ticonderoga and Saratoga . The,"and white gowns . They listened wide-eyed to his stories , oohing and aahing over the hero of Fort Ticonderoga and Saratoga . The"
mgc0575,mg0860,shoo,shooed,140,2210,1900,1900,FIC,MoreFables,the Dressing Room they Stuck there until they had to be,Shooed,"out . They did not know what they were going against ,","the Dressing Room they Stuck there until they had to be Shooed out . They did not know what they were going against ,"
mgc0576,mg1015,shoo,shooed,200,54701,1997,1990,FIC,SouthernRev,"gazed at him in awe , for their own parents always",shooed,"them away when they told their dreams , and never talked about","gazed at him in awe , for their own parents always shooed them away when they told their dreams , and never talked about"
mgc0577,mg1370,wow,wowed,65,387726,2007,2000,MAG,AmSpect,"#"" This fact-free technique , used often by Rousseau ,",wowed,the literati of Europe circa 1750 and made him the toast of,"#"" This fact-free technique , used often by Rousseau , wowed the literati of Europe circa 1750 and made him the toast of"
mgc0578,mg1199,shoo,shooing,64,51131,2006,2000,FIC,FantasySciFi,the two of them . Phidrik motioned at Ridimon as if,shooing,him away . Ridimon hopped down from the skiff onto semi-solid,the two of them . Phidrik motioned at Ridimon as if shooing him away . Ridimon hopped down from the skiff onto semi-solid
mgc0579,mg0665,boo,boos,30,16260,1980,1980,FIC,Mov:RagingBull,"count of nine , ending the match . -- 5 --",Boos,and cheers . The BETTORS scramble back to the BOOKIE to get,"count of nine , ending the match . -- 5 -- Boos and cheers . The BETTORS scramble back to the BOOKIE to get"
mgc0580,mg1239,shoo,shooing,147,4167026,2017,2010,FIC,FantasySciFi,". # "" Chop-chop , kids , "" he whispered ,",shooing,"with his gun hand , his finger still meticulously across the",". # "" Chop-chop , kids , "" he whispered , shooing with his gun hand , his finger still meticulously across the"
mgc0581,mg0209,boo,booed,80,605806,1992,1990,NEWS,WashPost,#San Francisco 49ers at RFK Stadium . They 'd been,booed,by their fans and 49ers Coach Bill Walsh had walked over to,#San Francisco 49ers at RFK Stadium . They 'd been booed by their fans and 49ers Coach Bill Walsh had walked over to
mgc0582,mg0177,boo,booed,102,668343,1982,1980,NEWS,Boston,#didn ' t take long . Some San Diego fans,booed,Garry Templeton in the Padres ' second game when he sidesaddled a,#didn ' t take long . Some San Diego fans booed Garry Templeton in the Padres ' second game when he sidesaddled a
mgc0583,mg1146,shoo,shooing,97,10588,1974,1970,FIC,RoadManyWonder,""" and wiggling around . Millie shooed them off without",shooing,off Mr. Blue ( how she 'd charmed him I 'll never,""" and wiggling around . Millie shooed them off without shooing off Mr. Blue ( how she 'd charmed him I 'll never"
mgc0584,mg1221,shoo,shooing,44,4121261,2011,2010,FIC,Bk:AbsolutelyPositively,"all . "" # "" Something , "" Suz said ,",shooing,"Dovie from her desk chair . "" You look great . ""","all . "" # "" Something , "" Suz said , shooing Dovie from her desk chair . "" You look great . """
mgc0585,mg1209,shoo,shooing,146,33542,2007,2000,FIC,QueenGene,"gate ? "" "" Who knows ? "" Anjoli said ,",shooing,"with her hand . "" Who pays attention to that sort of","gate ? "" "" Who knows ? "" Anjoli said , shooing with her hand . "" Who pays attention to that sort of"
mgc0586,mg1220,shoo,shooing,58,4076147,2010,2010,FIC,Bk:TalentVanessa,"in the candy aisle . Marv gestured with the handset ,",shooing,her out . She lifted her glossy pink purse and stood .,"in the candy aisle . Marv gestured with the handset , shooing her out . She lifted her glossy pink purse and stood ."
mgc0587,mg1367,wow,wowed,24,607753,2006,2000,NEWS,WashPost,#the polite and well-mannered young man . # He was,wowed,by the physical prowess and countless athletic attributes,#the polite and well-mannered young man . # He was wowed by the physical prowess and countless athletic attributes
mgc0588,mg1440,wow,wows,9,23865,1969,1960,FIC,Harpers,"girls. Quiet and windy cold driving, chilly vineyards around and Chay's muffled",wows,". Could he look? Yes: Jack with a finger in Chay, whole","girls. Quiet and windy cold driving, chilly vineyards around and Chay's muffled wows . Could he look? Yes: Jack with a finger in Chay, whole"
mgc0589,mg0701,boo,boos,88,68233,1997,1990,MAG,SportsIll,huddle and heard what were believed to be the first concerted,boos,ever directed toward a home player in Memorial Stadium 's,huddle and heard what were believed to be the first concerted boos ever directed toward a home player in Memorial Stadium 's
mgc0590,mg0094,boo,booed,146,10336,1955,1950,FIC,BangDrumSlowly,"#and I went down and warmed , and the crowd",booed,"me on the way down , and I raised my arm at","#and I went down and warmed , and the crowd booed me on the way down , and I raised my arm at"
mgc0591,mg0494,boo,boos,219,672310,1890,1890,NEWS,NYT-Reg,voting place one of the ballots is torn out of the,boos,", the voter 's name being placed on the stub which remain","voting place one of the ballots is torn out of the boos , the voter 's name being placed on the stub which remain"
mgc0592,mg1131,shoo,shooing,125,14243,1955,1950,FIC,Play:WildernessRoad,EXOM begins ringing his bell loudly again . JULIE MAE starts,shooing,the people off toward the waiting supper . JULIE MAE SIMS Get,EXOM begins ringing his bell loudly again . JULIE MAE starts shooing the people off toward the waiting supper . JULIE MAE SIMS Get
mgc0593,mg0452,boo,booing,149,5246115,1994,1990,TV/MOV,Batman: The Animated...,does n't need Batman . Me too . [ENGLISH] 6233480 (,booing,") You know , Mr . Feeny , just between you and","does n't need Batman . Me too . [ENGLISH] 6233480 ( booing ) You know , Mr . Feeny , just between you and"
mgc0594,mg0769,ooh,oohed,3,493607,1976,1970,MAG,NewRepublic,". Such precious evidence , said Toland ; and the audience",oohed,and aahed as he said that he had saved it from destruction,". Such precious evidence , said Toland ; and the audience oohed and aahed as he said that he had saved it from destruction"
mgc0595,mg0683,boo,boos,117,10764,1987,1980,FIC,HeavenHell,"dark , from behind . "" A tumult of oaths and",boos,"greeted that . Johnson roared over it , his temper irrevocably","dark , from behind . "" A tumult of oaths and boos greeted that . Johnson roared over it , his temper irrevocably"
mgc0596,mg0372,boo,booing,35,10336,1955,1950,FIC,BangDrumSlowly,"over the fence , and I said , "" What you",booing,"at ? "" and he threw his hands up in front of","over the fence , and I said , "" What you booing at ? "" and he threw his hands up in front of"
mgc0597,mg0471,boo,booing,78,607650,2005,2000,NEWS,WashPost,"against Dallas . "" It was so bad my teammates were",booing,"me when I came into the huddle , "" he said .","against Dallas . "" It was so bad my teammates were booing me when I came into the huddle , "" he said ."
mgc0598,mg0434,boo,booing,148,2647123,1986,1980,TV/MOV,Miami Vice,: We do n't have that in our country . (,booing,) Now what 's strange is that in the time since Iran,: We do n't have that in our country . ( booing ) Now what 's strange is that in the time since Iran
mgc0599,mg0610,boo,boos,2,218796,1967,1960,MAG,Time,face behind her arm in chagrin . A sour chorus of,boos,"accompanied her exit . Suddenly , in the middle of the act","face behind her arm in chagrin . A sour chorus of boos accompanied her exit . Suddenly , in the middle of the act"
mgc0600,mg0549,boo,boos,194,10189,1944,1940,FIC,DeepRiver,a burnin ' barn . . . There were a few,boos,", but none that could not be drowned out by stamping feet","a burnin ' barn . . . There were a few boos , but none that could not be drowned out by stamping feet"
mgc0601,mg0163,boo,booed,228,479799,1976,1970,MAG,Harpers,#raccoon in a garbage can . The crowd laughed and,booed,", and people tried out new noises . The gyroscope was now","#raccoon in a garbage can . The crowd laughed and booed , and people tried out new noises . The gyroscope was now"
mgc0602,mg0382,boo,booing,79,92482,1959,1950,MAG,SportsIll,had a little difficulty making myself heard . The orchestra kept,booing,"me . They were Giant fans . "" // MacPhail chuckled and","had a little difficulty making myself heard . The orchestra kept booing me . They were Giant fans . "" // MacPhail chuckled and"
mgc0603,mg1336,wow,wowed,41,5220013,1997,1990,TV/MOV,In the Gloaming,#'m sure he would have . And you would have,wowed,"him . And Grandpa would have charmed the pants off him ,","#'m sure he would have . And you would have wowed him . And Grandpa would have charmed the pants off him ,"
mgc0604,mg0833,ooh,oohs,17,14480,1986,1980,FIC,Play:WarriorAnt,", poemsThe forms such as they areHear them perform In the heart are the formsThe",oohs,and the aahsThey are the percussionsIn concert through the realmSecret expressions Such as thou art,", poemsThe forms such as they areHear them perform In the heart are the formsThe oohs and the aahsThey are the percussionsIn concert through the realmSecret expressions Such as thou art"
mgc0605,mg1108,shoo,shooing,14,10796,1931,1930,FIC,XXXYYY,"noise . Behind them a chunky , bright-looking young Indian came",shooing,and waving his arms . Esteban let the birds pass . The,"noise . Behind them a chunky , bright-looking young Indian came shooing and waving his arms . Esteban let the birds pass . The"
mgc0606,mg0830,ooh,oohs,14,14237,1980,1980,FIC,Play:LouisianaCavalier,nods. He hands the package to Manuela who takes out a brilliant shawl.,Oohs,and ahs break from the girls as they crowd up to see.) ST,nods. He hands the package to Manuela who takes out a brilliant shawl. Oohs and ahs break from the girls as they crowd up to see.) ST
mgc0607,mg1276,shoo,shoos,18,13679,1981,1980,FIC,Play:MyBlueHeaven,OUT ! OUT ! OUT ! ( Goat noise as MOLLY,shoos,"it out . ) DEAR GOD , DELIVER ME ! (MOLLY","OUT ! OUT ! OUT ! ( Goat noise as MOLLY shoos it out . ) DEAR GOD , DELIVER ME ! (MOLLY"
mgc0608,mg0205,boo,booed,186,5232068,1991,1990,TV/MOV,Married with Children,"#and setting pudding traps , should she awaken we officially",booed,"the baby and began the meeting . Dad , my Daddy once","#and setting pudding traps , should she awaken we officially booed the baby and began the meeting . Dad , my Daddy once"
mgc0609,mg1415,wow,wowing,11,53196,1990,1990,FIC,Ploughshares,#a grin . # I spent most of the day,wowing,"my teachers . Ordinarily , I 'd have kept my mouth shut","#a grin . # I spent most of the day wowing my teachers . Ordinarily , I 'd have kept my mouth shut"
mgc0610,mg0987,shoo,shooed,179,10741,1986,1980,FIC,ShatteredSilk,. She was vaguely aware of voices and movement as Cheryl,shooed,"the men out of the room , and she half-heard Cheryl 's",". She was vaguely aware of voices and movement as Cheryl shooed the men out of the room , and she half-heard Cheryl 's"
mgc0611,mg0708,boo,boos,123,429174,2002,2000,MAG,SportingNews,"to embrace a player like that , and Walker still hears",boos,in Boston when he is having a bad game . FleetCenter fans,"to embrace a player like that , and Walker still hears boos in Boston when he is having a bad game . FleetCenter fans"
mgc0612,mg0196,boo,booed,160,670212,1988,1980,NEWS,WallStJrnl,#speech to a hospital staff . He says he was,booed,off a stage by the University of Miami Medical School after being,#speech to a hospital staff . He says he was booed off a stage by the University of Miami Medical School after being
mgc0613,mg1127,shoo,shooing,35,230958,1952,1950,MAG,Time,Kong 's greedy haste to make friends with Mao . #,Shooing,Away . The Nationalists reacted quickly . Before Britain,Kong 's greedy haste to make friends with Mao . # Shooing Away . The Nationalists reacted quickly . Before Britain
mgc0614,mg1345,wow,wowed,58,369204,2000,2000,MAG,Time,"#his months-long tour ; in April , below , he",wowed,the crowd in Montreal .,"#his months-long tour ; in April , below , he wowed the crowd in Montreal ."
mgc0615,mg0758,boo,boos,195,5005045,2019,2010,MAG,ESPN,say . # What ensued Friday night was a mixture of,boos,", cheers and general awkwardness expected to last the duration","say . # What ensued Friday night was a mixture of boos , cheers and general awkwardness expected to last the duration"
mgc0616,mg0992,shoo,shooed,69,10789,1989,1980,FIC,FineLine,"to the adult gunmen of the Irish Republican Army , who",shooed,"him away from their ranks on the grounds of his age ,","to the adult gunmen of the Irish Republican Army , who shooed him away from their ranks on the grounds of his age ,"
mgc0617,mg0694,boo,boos,119,61839,1992,1990,MAG,SportsIll,"30 , when he stuffed his ears to block out the",boos,he was getting after hitting .145 in his first 21 home games,"30 , when he stuffed his ears to block out the boos he was getting after hitting .145 in his first 21 home games"
mgc0618,mg0601,boo,boos,161,723544,1963,1960,NEWS,Chicago,the United Nations interrupted a speech by Adlai Stevenson with,boos,tonight and spat in his face when he left Dallas Memorial,the United Nations interrupted a speech by Adlai Stevenson with boos tonight and spat in his face when he left Dallas Memorial
mgc0619,mg0362,boo,booing,179,16347,1952,1950,FIC,Mov:SinginInRain,DON 'S VOICEAudiences everywhere adored us. 51A MCS - Audience,booing,"- several hold their noses - DON 'S VOICEFinally , we decided","DON 'S VOICEAudiences everywhere adored us. 51A MCS - Audience booing - several hold their noses - DON 'S VOICEFinally , we decided"
mgc0620,mg0097,boo,booed,19,201357,1956,1950,MAG,Time,"#the night at the famed International Sporting Club , openly",booed,and hissed the bridal pair when they at last appeared . #,"#the night at the famed International Sporting Club , openly booed and hissed the bridal pair when they at last appeared . #"
mgc0621,mg0060,boo,booed,189,168516,1944,1940,MAG,Time,#them this kind of attack was familiar . House Republicans,booed,the charge of fraud . The President took a deep dig at,#them this kind of attack was familiar . House Republicans booed the charge of fraud . The President took a deep dig at
mgc0622,mg0008,boo,booed,215,691663,1925,1920,NEWS,NYT-Reg,"#operators . Thomas Horn of Locustdale , Pa. , was",booed,"when he said he opposed the check-off , President , ' C.","#operators . Thomas Horn of Locustdale , Pa. , was booed when he said he opposed the check-off , President , ' C."
mgc0623,mg0749,boo,boos,218,5021103,2018,2010,NEWS,Chicago Tribune,"as Trump called Sanford "" nasty , "" which prompted some",boos,", the people said . # Earlier Tuesday , a defiant Trump","as Trump called Sanford "" nasty , "" which prompted some boos , the people said . # Earlier Tuesday , a defiant Trump"
mgc0624,mg1113,shoo,shooing,99,16121,1940,1940,FIC,Mov:BritishIntelligence,a scraggly mustache and a heavy Cockney accent . MILKMAN (,shooing,"off the kids ) Ere , now ! Ere now ! You","a scraggly mustache and a heavy Cockney accent . MILKMAN ( shooing off the kids ) Ere , now ! Ere now ! You"
mgc0625,mg0681,boo,boos,183,487737,1986,1980,MAG,Nation,"version "" of "" Maggie 's Farm , "" there were",boos,", a cry of "" Bring back Cousin Emmy ! "" -","version "" of "" Maggie 's Farm , "" there were boos , a cry of "" Bring back Cousin Emmy ! "" -"
mgc0626,mg0150,boo,booed,21,10570,1973,1970,FIC,GreatAmericanNovel,#outs back in Asia -- ? How come the fans,booed,and hooted when he came to the plate -- when they used,#outs back in Asia -- ? How come the fans booed and hooted when he came to the plate -- when they used
mgc0627,mg1054,shoo,shooed,154,4090169,2010,2010,FIC,Bk:DinosaurHunter,was n't a thing I could do about it . I,shooed,"the cats off my bunk and climbed under the covers , intent","was n't a thing I could do about it . I shooed the cats off my bunk and climbed under the covers , intent"
mgc0628,mg0877,shoo,shooed,59,3785,1918,1910,FIC,PeggyStewartAt,"! "" and with the command of a general Mrs. Harold",shooed,"her brood out into the corridor , where overcoats and caps hung","! "" and with the command of a general Mrs. Harold shooed her brood out into the corridor , where overcoats and caps hung"
mgc0629,mg0417,boo,booing,184,10616,1976,1970,FIC,yyy,"replaced with quite a number of jeers , whistles , and",booing,". Emma looked at me in amazement . "" They have turned","replaced with quite a number of jeers , whistles , and booing . Emma looked at me in amazement . "" They have turned"
mgc0630,mg1335,wow,wowed,16,385756,1997,1990,MAG,Ms,"#leapt . (Yes , leapt-I am still a teenager",wowed,"by rock stars . ) I expected an original , insightful article","#leapt . (Yes , leapt-I am still a teenager wowed by rock stars . ) I expected an original , insightful article"
mgc0631,mg0095,boo,booed,183,10336,1955,1950,FIC,BangDrumSlowly,"#not hit a home run , and then they actually",booed,Sid himself in the seventh when he reached across the plate and,"#not hit a home run , and then they actually booed Sid himself in the seventh when he reached across the plate and"
mgc0632,mg0556,boo,boos,207,162130,1947,1940,MAG,Time,"Street Station , some 300 of them swung into action with",boos,", jeers and taunting placards ("" Taft 's G.O.P. is not","Street Station , some 300 of them swung into action with boos , jeers and taunting placards ("" Taft 's G.O.P. is not"
mgc0633,mg0671,boo,boos,133,124496,1983,1980,MAG,SportsIll,// There are two sure signs that Murphy has arrived .,Boos,"now greet him on the road , although they are more respectful","// There are two sure signs that Murphy has arrived . Boos now greet him on the road , although they are more respectful"
mgc0634,mg0715,boo,boos,224,47960,2003,2000,FIC,Ploughshares,"conductor . "" What 's going on ? "" # """,Boos,", "" said the conductor . "" Boos . "" # ""","conductor . "" What 's going on ? "" # "" Boos , "" said the conductor . "" Boos . "" # """
mgc0635,mg1442,wow,wows,11,23878,1971,1970,FIC,Harpers,"room they must be in command, no grooving on color and form, no",wows,"from them, but precision, and only after can they let filter up the","room they must be in command, no grooving on color and form, no wows from them, but precision, and only after can they let filter up the"
mgc0636,mg0308,boo,booing,203,299632,1925,1920,MAG,Time,"crowd was indignant , stormed about the ringside , hooting ,",booing,". # The last fall was quickly decided . Lewis appeared ,","crowd was indignant , stormed about the ringside , hooting , booing . # The last fall was quickly decided . Lewis appeared ,"
mgc0637,mg0686,boo,boos,209,335256,1987,1980,MAG,Time,". "" He smiled and raised a defiant fist . More",boos,", more hoots . Somebody spat at him . PALME D'OR SCANDALE",". "" He smiled and raised a defiant fist . More boos , more hoots . Somebody spat at him . PALME D'OR SCANDALE"
mgc0638,mg0915,shoo,shooed,60,10169,1943,1940,FIC,DawnsEarlyLight,"her hoop , Aunt Anabel turned her back on Julian and",shooed,"her charges towards the cloakroom . Of course , if he had","her hoop , Aunt Anabel turned her back on Julian and shooed her charges towards the cloakroom . Of course , if he had"
mgc0639,mg1044,shoo,shooed,79,51168,2006,2000,FIC,FantasySciFi,"trotting up , eager to smell the stranger , till Susan",shooed,him into the kitchen . She then led the Wattesoon out into,"trotting up , eager to smell the stranger , till Susan shooed him into the kitchen . She then led the Wattesoon out into"
mgc0640,mg0788,ooh,oohing,21,454864,1936,1930,MAG,Atlantic,harbor . The customs inspection is thorough . They are !,oohing,for money being smuggled out of the country . Bill no one,harbor . The customs inspection is thorough . They are ! oohing for money being smuggled out of the country . Bill no one
mgc0641,mg1252,shoo,shoos,21,678586,1909,1900,NEWS,NYT-Reg,and his skull fractured . BOY DIES SAVING A DOG .,Shoos,"Neighborhood Pet Off Track , but Trips and Is Run Over Himself","and his skull fractured . BOY DIES SAVING A DOG . Shoos Neighborhood Pet Off Track , but Trips and Is Run Over Himself"
mgc0642,mg0953,shoo,shooed,62,10565,1973,1970,FIC,After,""" When she learns how to spell . "" Miss A",shooed,"her from the room . As she went into the hall ,",""" When she learns how to spell . "" Miss A shooed her from the room . As she went into the hall ,"
mgc0643,mg1196,shoo,shooing,52,30402,2004,2000,FIC,MadeleineIsSleeping,"groin . Go away ! he exclaimed , like a woman",shooing,hens . Go away this instant ! Charlotte hurriedly shut the door,"groin . Go away ! he exclaimed , like a woman shooing hens . Go away this instant ! Charlotte hurriedly shut the door"
mgc0644,mg0055,boo,booed,259,179601,1942,1940,MAG,Time,"#was speaking against its policy publicly , though hissed and",booed,". Dawn , the organ of the Moslem League , which represents","#was speaking against its policy publicly , though hissed and booed . Dawn , the organ of the Moslem League , which represents"
mgc0645,mg0192,boo,booed,69,668828,1987,1980,NEWS,Chicago,"#reinstatement until February . . . . Chuck Person ,",booed,"by Indiana Pacer fans when he was drafted , has been named","#reinstatement until February . . . . Chuck Person , booed by Indiana Pacer fans when he was drafted , has been named"
mgc0646,mg0907,shoo,shooed,120,10101,1938,1930,FIC,ListeningHouse,before I went into that . As politely as possible I,shooed,Mrs Halloran into the parlor to tell her triumphs to Mrs Tewman,before I went into that . As politely as possible I shooed Mrs Halloran into the parlor to tell her triumphs to Mrs Tewman
mgc0647,mg0882,shoo,shooed,49,3420,1921,1920,FIC,GraceHarlowesOverland,"you finish this journey . "" Joe took a broom and",shooed,Henry out into the yard . A scream out there followed almost,"you finish this journey . "" Joe took a broom and shooed Henry out into the yard . A scream out there followed almost"
mgc0648,mg1329,wow,wowed,19,606758,1994,1990,NEWS,WashPost,"#a $ 2,000 check to the Glendening campaign after being",wowed,by the county government 's efforts to expedite his consulting,"#a $ 2,000 check to the Glendening campaign after being wowed by the county government 's efforts to expedite his consulting"
mgc0649,mg1000,shoo,shooed,70,25019,1993,1990,FIC,ChimesAlyafaleyn,"go find Meynoc . "" "" But Pappa ? "" Hwyllum",shooed,"him away . At the corner of the house , Tamborel paused","go find Meynoc . "" "" But Pappa ? "" Hwyllum shooed him away . At the corner of the house , Tamborel paused"
mgc0650,mg0554,boo,boos,132,709339,1946,1940,NEWS,NYT-Reg,"his limousine he got an ovation , with a few shrill",boos,"mixed in , from a crowd estimated at , 11,000 persons by","his limousine he got an ovation , with a few shrill boos mixed in , from a crowd estimated at , 11,000 persons by"
mgc0651,mg1398,wow,wowed,31,5024057,2019,2010,NEWS,USA TODAY,"#Four was bittersweet . The 6-foot-7 , 285-pound freshman who",wowed,college basketball fans all season long was honored with two,"#Four was bittersweet . The 6-foot-7 , 285-pound freshman who wowed college basketball fans all season long was honored with two"
mgc0652,mg1246,shoo,shooing,130,5250045,2018,2010,FIC,Fan Fic,". # "" My witty boys , "" Susannah laughed ,",shooing,them away from her chair so she could begin to turn herself,". # "" My witty boys , "" Susannah laughed , shooing them away from her chair so she could begin to turn herself"
mgc0653,mg1265,shoo,shoos,11,194272,1952,1950,MAG,Time,"When Hlene wanders to the kitchen for companionship , the maid",shoos,"her out , tells her : "" Masters are masters and servants","When Hlene wanders to the kitchen for companionship , the maid shoos her out , tells her : "" Masters are masters and servants"
mgc0654,mg1356,wow,wowed,104,80767,2002,2000,MAG,SportsIll,#about short-track came to Salt Lake City ready to be,wowed,". "" People already think these are Apolo 's Olympics , ""","#about short-track came to Salt Lake City ready to be wowed . "" People already think these are Apolo 's Olympics , """
mgc0655,mg0288,boo,booing,178,7350,1836,1830,FIC,PartisanLeader,", convinced him that more was to be got by """,booing,", "" and resolute subserviency and flattery of the great , than",", convinced him that more was to be got by "" booing , "" and resolute subserviency and flattery of the great , than"
mgc0656,mg0036,boo,booed,64,142130,1937,1930,MAG,Time,"#arrests during the distribution of prizes , police were roundly",booed,"by Chicago cinema audiences . In one theatre , the winner of","#arrests during the distribution of prizes , police were roundly booed by Chicago cinema audiences . In one theatre , the winner of"
mgc0657,mg0063,boo,booed,266,707564,1944,1940,NEWS,NYT-Reg,"#passage , members on the Republican side of the aisle",booed,. Laughter broke out from the same quarter as the President,"#passage , members on the Republican side of the aisle booed . Laughter broke out from the same quarter as the President"
mgc0658,mg0587,boo,boos,112,60316,1958,1950,MAG,SportsIll,Pro Pancho Segura announced himself in favor of both cheers and,boos,from the grandstand . And it may be noted in summation that,Pro Pancho Segura announced himself in favor of both cheers and boos from the grandstand . And it may be noted in summation that
mgc0659,mg0135,boo,booed,116,727900,1969,1960,NEWS,NYT-Reg,"#a park in Flushing , two dozen women and children",booed,"him , and chanted : "" We want Marchi . Get out","#a park in Flushing , two dozen women and children booed him , and chanted : "" We want Marchi . Get out"
mgc0660,mg0148,boo,booed,83,283082,1972,1970,MAG,Time,#against American Smelting and has consequently been,booed,"by workers fearful of the plant 's shutting down , is going","#against American Smelting and has consequently been booed by workers fearful of the plant 's shutting down , is going"
mgc0661,mg1425,wow,wowing,32,780521,2005,2000,FIC,Mov:Brick,#show it . # 76 # # PIN # Pow,wowing,? # # BRENDAN # Just shooting the shat . # #,#show it . # 76 # # PIN # Pow wowing ? # # BRENDAN # Just shooting the shat . # #
mgc0662,mg1055,shoo,shooed,162,4085335,2010,2010,FIC,The Antioch Review,"tokens , later rearranging them with his eyes closed . He",shooed,"the dog ( whom he had tolerated until now , even though","tokens , later rearranging them with his eyes closed . He shooed the dog ( whom he had tolerated until now , even though"
mgc0663,mg0819,ooh,oohs,3,431652,1962,1960,MAG,SportsIllustrated,", even when the base runner wouldn't dream of advancing. It always draws",oohs,and ahs from the crowd. Clemente also has a habit of swinging wildly at,", even when the base runner wouldn't dream of advancing. It always draws oohs and ahs from the crowd. Clemente also has a habit of swinging wildly at"
mgc0664,mg0156,boo,booed,214,10580,1974,1970,FIC,LoveFeast,#rekindled as karmic concoction passed around . Dean Borden,booed,when he refuses . Booing billows as proctors follow Dean 's lead,#rekindled as karmic concoction passed around . Dean Borden booed when he refuses . Booing billows as proctors follow Dean 's lead
mgc0665,mg0996,shoo,shooed,68,649970,1991,1990,NEWS,NYT,"at last , Wickham swatted at the crumbling paper . Eliza",shooed,him away and then stared in surprise at the liner . For,"at last , Wickham swatted at the crumbling paper . Eliza shooed him away and then stared in surprise at the liner . For"
mgc0666,mg0973,shoo,shooed,148,10650,1979,1970,FIC,PassionPlay,"in their direction . Fanny quickly moved toward Dubin , who",shooed,"the animal away . "" At first I thought it was a","in their direction . Fanny quickly moved toward Dubin , who shooed the animal away . "" At first I thought it was a"
mgc0667,mg1368,wow,wowed,84,383135,2006,2000,MAG,Cosmopolitan,#of the biggest years of their professional lives and has,wowed,us with his achievements . Listen in as they bravely divulge the,#of the biggest years of their professional lives and has wowed us with his achievements . Listen in as they bravely divulge the
mgc0668,mg0712,boo,boos,65,648912,2003,2000,NEWS,NYT,chill of the day . They mustered one last wave of,boos,"as the Giants trudged toward their locker room , a place that","chill of the day . They mustered one last wave of boos as the Giants trudged toward their locker room , a place that"
mgc0669,mg0402,boo,booing,174,727330,1968,1960,NEWS,NYT-Reg,"spotlights playing upon them , most delegates cheering and some",booing,", they marched triumphantly from the balcony toward their share","spotlights playing upon them , most delegates cheering and some booing , they marched triumphantly from the balcony toward their share"
mgc0670,mg0667,boo,boos,181,16260,1980,1980,FIC,Mov:RagingBull,66 -- JAKE steps into the ring to both cheers and,boos,( many still remember the Fox fight ) . JAKE raises his,66 -- JAKE steps into the ring to both cheers and boos ( many still remember the Fox fight ) . JAKE raises his
mgc0671,mg0373,boo,booing,51,10336,1955,1950,FIC,BangDrumSlowly,"was this tremendous ovation , cheering from the Mammoth fans and",booing,"from Brooklyn , for they always hated Red in Brooklyn , and","was this tremendous ovation , cheering from the Mammoth fans and booing from Brooklyn , for they always hated Red in Brooklyn , and"
mgc0672,mg0334,boo,booing,39,470145,1938,1930,MAG,Harpers,"the scrubwomen , came to thewindows and hollered down to the",booing,Bohunks . But the Bohunks did n't hear what they said ;,"the scrubwomen , came to thewindows and hollered down to the booing Bohunks . But the Bohunks did n't hear what they said ;"
mgc0673,mg0875,shoo,shooed,139,3612,1916,1910,FIC,VoiceInWilderness,mistake into the outermost courts of heaven and ought to get,shooed,out . He always looked at the rose-wreathed curtains with a,mistake into the outermost courts of heaven and ought to get shooed out . He always looked at the rose-wreathed curtains with a
mgc0674,mg0140,boo,booed,224,488042,1970,1970,MAG,Nation,"#Graham crusade here in May , he was picketed and",booed,", and a number of students and several faculty members were","#Graham crusade here in May , he was picketed and booed , and a number of students and several faculty members were"
mgc0675,mg0703,boo,boos,7,14108,2000,2000,FIC,Play:BoyTimesMan,I 'm going to give him and the other little jig-a,boos,an old fashioned professional butt beatin ' . BRENDA You better,I 'm going to give him and the other little jig-a boos an old fashioned professional butt beatin ' . BRENDA You better
mgc0676,mg0757,boo,boos,177,5005045,2019,2010,MAG,ESPN,"But strangely , the majority of the spectators drowned out the",boos,with applause every time Davis made a play . And that occurred,"But strangely , the majority of the spectators drowned out the boos with applause every time Davis made a play . And that occurred"
mgc0677,mg0217,boo,booed,133,62710,1994,1990,MAG,SportsIll (1),#and I have never seen a white guy get,booed,"in the Stadium , "" he said after the game , apparently","#and I have never seen a white guy get booed in the Stadium , "" he said after the game , apparently"
mgc0678,mg1149,shoo,shooing,37,780160,1975,1970,FIC,GoodeysLastStand,a retired hubcap thief in an oversized doorman 's coat was,shooing,black kids away from the display pictures out front . Tina 's,a retired hubcap thief in an oversized doorman 's coat was shooing black kids away from the display pictures out front . Tina 's
mgc0679,mg0949,shoo,shooed,114,3554135,1969,1960,TV/MOV,Daktari,"saying , "" Sure , sure , Hedley "" - and",shooed,"me out of the lab . - Oh , wait a minute","saying , "" Sure , sure , Hedley "" - and shooed me out of the lab . - Oh , wait a minute"
mgc0680,mg1215,shoo,shooing,88,36512,2009,2000,FIC,VisiblesNovel,""" Go on , "" my father said , making a",shooing,"motion with his hands . # When we reached the roof ,",""" Go on , "" my father said , making a shooing motion with his hands . # When we reached the roof ,"
mgc0681,mg1022,shoo,shooed,52,30605,1999,1990,FIC,Thirst,on a rolling scroll the humidity behind the glass . Nula,shooed,her away from it . The two girls began to jog toward,on a rolling scroll the humidity behind the glass . Nula shooed her away from it . The two girls began to jog toward
mgc0682,mg1178,shoo,shooing,105,39512,1995,1990,FIC,SouthernRev,the premature baby who had weighed eight pounds . She was,shooing,"some grandkids now . # "" What I remember , Tate ,","the premature baby who had weighed eight pounds . She was shooing some grandkids now . # "" What I remember , Tate ,"
mgc0683,mg0792,ooh,oohing,8,479627,1974,1970,MAG,Harpers,"you think of birdwatching , you think of little old ladies",oohing,and aahing over a Vermilion Flycatcher . I do n't have anything,"you think of birdwatching , you think of little old ladies oohing and aahing over a Vermilion Flycatcher . I do n't have anything"
mgc0684,mg0247,boo,booed,136,13675,2003,2000,FIC,Play:TwoMarriages,"#important . SERGEI DIAGHELIFF The public , the paying public",booed,it . VASLAV NIJINSKY It 's new . It was not understood,"#important . SERGEI DIAGHELIFF The public , the paying public booed it . VASLAV NIJINSKY It 's new . It was not understood"
mgc0685,mg0775,ooh,oohed,6,45242,1999,1990,FIC,Communities,"he 's mine . "" Ten years earlier her women friends",oohed,"and aahed over her boy-toy , Darren , 26 to her 36","he 's mine . "" Ten years earlier her women friends oohed and aahed over her boy-toy , Darren , 26 to her 36"
mgc0686,mg0970,shoo,shooed,152,23932,1978,1970,FIC,Harpers,did have tea and some pudding . As Clare spoke he,shooed,"the cat from the parlor sofa and picked up a doll ,","did have tea and some pudding . As Clare spoke he shooed the cat from the parlor sofa and picked up a doll ,"
mgc0687,mg0220,boo,booed,147,631321,1995,1990,NEWS,Chicago,#Bears all those years and the Packers fans had always,booed,"me relentlessly , I was surprised at the welcome I got .","#Bears all those years and the Packers fans had always booed me relentlessly , I was surprised at the welcome I got ."
mgc0688,mg0624,boo,boos,206,273726,1969,1960,MAG,Time,leaders to adopt reforms . His candor was greeted with,boos,", jeers and catcalls . # "" I want to help you","leaders to adopt reforms . His candor was greeted with boos , jeers and catcalls . # "" I want to help you"
mgc0689,mg1132,shoo,shooing,110,781973,1958,1950,FIC,SummerPlace,"parked by Mr. Caulfield 's office , and a master was",shooing,the boys away from that part of the quadrangle . John headed,"parked by Mr. Caulfield 's office , and a master was shooing the boys away from that part of the quadrangle . John headed"
mgc0690,mg1094,shoo,shooing,36,2863,1909,1900,FIC,MaidasLittleShop,", "" Dicky explained . He gathered up the dresses and",shooing,"Betsy ahead of him , followed her into the yard . """,", "" Dicky explained . He gathered up the dresses and shooing Betsy ahead of him , followed her into the yard . """
mgc0691,mg0393,boo,booing,89,493853,1964,1960,MAG,NewRepublic,the losers . Again we are wrong if we think the,booing,"of Rockefeller , the open contempt for the Negro delegates , were","the losers . Again we are wrong if we think the booing of Rockefeller , the open contempt for the Negro delegates , were"
mgc0692,mg0534,boo,boos,254,10119,1939,1930,FIC,Yearling,and rushed him to the door amid cheers and stomps and,boos,. When the three had returned to their seats old Charley Stet,and rushed him to the door amid cheers and stomps and boos . When the three had returned to their seats old Charley Stet
mgc0693,mg1077,shoo,shooed,74,4165225,2017,2010,FIC,Bk:TerrorTaffeta,now that he was devoid of anyone to ush . I,shooed,"him down the aisle as I mouthed , "" Go ! Go","now that he was devoid of anyone to ush . I shooed him down the aisle as I mouthed , "" Go ! Go"
mgc0694,mg0264,boo,booed,262,29447,2006,2000,FIC,BookFate,"#came for a NASCAR race , members of the crowd",booed,". In 2004 , when President Bush arrived with legendary driver","#came for a NASCAR race , members of the crowd booed . In 2004 , when President Bush arrived with legendary driver"
mgc0695,mg0179,boo,booed,245,322310,1982,1980,MAG,Time,#mention Soviet missiles at this week 's rally was loudly,booed,", then voted down . A motion calling for a "" nonviolent","#mention Soviet missiles at this week 's rally was loudly booed , then voted down . A motion calling for a "" nonviolent"
mgc0696,mg0903,shoo,shooed,164,702029,1936,1930,NEWS,Chicago,Mr. Bible and the policemen opened a lot of windows and,shooed,the frantic bird into the great outdoors . The police squad went,Mr. Bible and the policemen opened a lot of windows and shooed the frantic bird into the great outdoors . The police squad went
mgc0697,mg0080,boo,booed,125,10273,1951,1950,FIC,ReturnParadise,"#, the English were razzed worse than the Giants are",booed,in Brooklyn . Books were written and there was some talk of,"#, the English were razzed worse than the Giants are booed in Brooklyn . Books were written and there was some talk of"
mgc0698,mg1408,wow,wowing,27,491475,1972,1970,MAG,SatEvePost,"#Lucy is doing her thing again , and she is",wowing,them today just as she always has . There is an au,"#Lucy is doing her thing again , and she is wowing them today just as she always has . There is an au"
mgc0699,mg0369,boo,booing,32,10336,1955,1950,FIC,BangDrumSlowly,"looked around , but I could not tell what they were",booing,at . It was quite crazy . I telephoned back to the,"looked around , but I could not tell what they were booing at . It was quite crazy . I telephoned back to the"
mgc0700,mg0348,boo,booing,16,16593,1949,1940,FIC,Mov:SetUpThe,in a sling . They fall in a clinch . The,booing,and stamping increases . PAN TO Stoker 's corner . Red is,in a sling . They fall in a clinch . The booing and stamping increases . PAN TO Stoker 's corner . Red is
mgc0701,mg1330,wow,wowed,39,620102,1994,1990,NEWS,SanFran,"#(Food Lovers Network ) . Charles Solomon , who",wowed,"folks with his refined food at Geordy 's , opened the Heights","#(Food Lovers Network ) . Charles Solomon , who wowed folks with his refined food at Geordy 's , opened the Heights"
mgc0702,mg0743,boo,boos,74,4182065,2017,2010,MAG,Vanity Fair,"movie , the real hell is other people . As lusty",boos,bounced off the walls of the Venice press screening theater,"movie , the real hell is other people . As lusty boos bounced off the walls of the Venice press screening theater"
mgc0703,mg0739,boo,boos,71,4177151,2016,2010,MAG,Sports Illustrated,cadre of Pittsburgh fans that showered San Jose 's bus with,boos,at the team hotel two days earlier had been received with,cadre of Pittsburgh fans that showered San Jose 's bus with boos at the team hotel two days earlier had been received with
mgc0704,mg0906,shoo,shooed,234,10090,1937,1930,FIC,ICanGetItYouWholesale,"said , raising his voice . "" Shoo ! "" They",shooed,". "" What 's up ? "" he said . "" I","said , raising his voice . "" Shoo ! "" They shooed . "" What 's up ? "" he said . "" I"
mgc0705,mg0611,boo,boos,34,10483,1967,1960,FIC,UnderEyeStorm,"another station , and at the cutting off of the music",boos,and groans came down the steps from the others . It was,"another station , and at the cutting off of the music boos and groans came down the steps from the others . It was"
mgc0706,mg1290,shoo,shoos,33,4163242,2014,2010,FIC,KenyonRev,migrate to the motorhome with their laptops and binders . Bill,shoos,"them back to the dusty house , saying , "" Let 's","migrate to the motorhome with their laptops and binders . Bill shoos them back to the dusty house , saying , "" Let 's"
mgc0707,mg0714,boo,boos,171,648912,2003,2000,NEWS,NYT,Giants ' defense was shoved out of the way . #,Boos,"were the least of worries for the Giants , who fell to","Giants ' defense was shoved out of the way . # Boos were the least of worries for the Giants , who fell to"
mgc0708,mg1240,shoo,shooing,41,5250061,2018,2010,FIC,Fan Fic,"seeing that I was trying to keep myself together , already",shooing,"Chubs towards the exit . "" We 'll close the door on","seeing that I was trying to keep myself together , already shooing Chubs towards the exit . "" We 'll close the door on"
mgc0709,mg1459,wow,wows,28,4122013,2012,2010,FIC,Analog,"Like time-lapse video of something being dissolved running backward. "" # "" It still",wows,me to see it. This kind of work doesn't really give me any,"Like time-lapse video of something being dissolved running backward. "" # "" It still wows me to see it. This kind of work doesn't really give me any"
mgc0710,mg0804,ooh,oohing,16,32120,2003,2000,FIC,ParableAboutKing,"Main Street , they reached a crowd of people who were",oohing,and ahhing over something . The children shoved and pushed their,"Main Street , they reached a crowd of people who were oohing and ahhing over something . The children shoved and pushed their"
mgc0711,mg0306,boo,booing,52,490105,1925,1920,MAG,NewYorker,the Colonial 's was the gallery which had the distinction of,booing,"from its stage the great Yvette Guilbert , then , ten years","the Colonial 's was the gallery which had the distinction of booing from its stage the great Yvette Guilbert , then , ten years"
mgc0712,mg1328,wow,wowed,105,630375,1993,1990,NEWS,Chicago,"#quartet of Bears who participated in the clinic , was",wowed,". # "" Geez , "" he said . "" I think","#quartet of Bears who participated in the clinic , was wowed . # "" Geez , "" he said . "" I think"
mgc0713,mg0699,boo,boos,44,41635,1996,1990,FIC,Ploughshares,champagne as a forty-five of the Kingston Trio came on to,boos,"and hisses . "" In our house . It was a man","champagne as a forty-five of the Kingston Trio came on to boos and hisses . "" In our house . It was a man"
mgc0714,mg0522,boo,boos,95,256389,1935,1930,MAG,Time,orator on the platform . At will the plump priest changed,boos,"for the "" prostituted press "" to resounding cheers for assembled","orator on the platform . At will the plump priest changed boos for the "" prostituted press "" to resounding cheers for assembled"
mgc0715,mg1294,shoo,shoos,25,5003094,2018,2010,FIC,Commentary,"bird 's eggs . As the Torah commands , the boy",shoos,"the mother bird . "" If , along the road , you","bird 's eggs . As the Torah commands , the boy shoos the mother bird . "" If , along the road , you"
mgc0716,mg0661,boo,boos,66,319129,1979,1970,MAG,Time,to rise . The cheer turned to silence and then to,boos,"as the stock , like a plane that has suddenly stalled ,","to rise . The cheer turned to silence and then to boos as the stock , like a plane that has suddenly stalled ,"
mgc0717,mg0067,boo,booed,17,169513,1945,1940,MAG,Time,#. But the audiences that cheered and wept over Cavalleria,booed,and hissed its pedantic successors . # Tribute Applause . The,#. But the audiences that cheered and wept over Cavalleria booed and hissed its pedantic successors . # Tribute Applause . The
mgc0718,mg0421,boo,booing,55,774125,1977,1970,NF/ACAD,TasteAmerica,"boos broke from the floor , to be lost in louder",booing,"from the galleries . But when Wallace sounded his "" busin ""","boos broke from the floor , to be lost in louder booing from the galleries . But when Wallace sounded his "" busin """
mgc0719,mg1316,wow,wowed,28,323996,1984,1980,MAG,Time,"# 323997 Champignon and all , Mitterrand is",wowed,"by the U.S. # Behind his back , some of his entourage","# 323997 Champignon and all , Mitterrand is wowed by the U.S. # Behind his back , some of his entourage"
mgc0720,mg1289,shoo,shoos,23,4119912,2012,2010,NF/ACAD,Poetry,# I try to shout more questions as a coast guard,shoos,our gnat of a white boat away . Pino complies . I,# I try to shout more questions as a coast guard shoos our gnat of a white boat away . Pino complies . I
mgc0721,mg0224,boo,booed,135,356309,1997,1990,MAG,Time,#new material ; others (the true believers ) have,booed,it . But all cheer when the Millennium Falcon zaps into,#new material ; others (the true believers ) have booed it . But all cheer when the Millennium Falcon zaps into
mgc0722,mg0312,boo,booing,21,10027,1932,1930,FIC,MagnoliaStreet,sweeties the pockets of Nellie Tawnie . Mr. Emmanuel heard the,booing,as he cone in late from his distant excursion in aid of,sweeties the pockets of Nellie Tawnie . Mr. Emmanuel heard the booing as he cone in late from his distant excursion in aid of
mgc0723,mg0820,ooh,oohs,4,14245,1965,1960,FIC,Play:CrossSword,"if he were the source of this light. The Indian children give out """,oohs,""" and "" ahs "" at the sight. During a gap in the music","if he were the source of this light. The Indian children give out "" oohs "" and "" ahs "" at the sight. During a gap in the music"
mgc0724,mg1175,shoo,shooing,103,409546,1994,1990,MAG,OutdoorLife,"comes with an improved cylinder tube , which is fine for",shooing,"slugs , and other choke tubes are available for buckshot hunters","comes with an improved cylinder tube , which is fine for shooing slugs , and other choke tubes are available for buckshot hunters"
mgc0725,mg0281,boo,booed,256,4165187,2017,2010,FIC,Bk:ThereWasCrookedMan,## The nice people cheered . The Jump ! crowd,booed,. And the Go Johnnie Go bunch dissolved into the restaurant to,## The nice people cheered . The Jump ! crowd booed . And the Go Johnnie Go bunch dissolved into the restaurant to
mgc0726,mg0957,shoo,shooed,17,780115,1974,1970,FIC,SilentThunder,to move into the cooler regions of the highland . Mothers,shooed,"away persistent children , so they could work steadily on ,","to move into the cooler regions of the highland . Mothers shooed away persistent children , so they could work steadily on ,"
mgc0727,mg0204,boo,booed,134,422597,1991,1990,MAG,RollingStone,"#. Morris has walked out on that stuff , even",booed,"it on occasion . I HATE modern dance , ' he 'll","#. Morris has walked out on that stuff , even booed it on occasion . I HATE modern dance , ' he 'll"
mgc0728,mg1247,shoo,shooing,91,5004078,2019,2010,FIC,Analog,", find ' em , dog . "" Helma made a",shooing,motion . # Cole looked up quizzically and whimpered . # Jadey,", find ' em , dog . "" Helma made a shooing motion . # Cole looked up quizzically and whimpered . # Jadey"
mgc0729,mg0260,boo,booed,50,51658,2006,2000,FIC,SouthernRev,#gaze at the shapes their mouths made . When they,booed,"at my intros , they looked like they were about to apply","#gaze at the shapes their mouths made . When they booed at my intros , they looked like they were about to apply"
mgc0730,mg1332,wow,wowed,17,658445,1996,1990,NEWS,CSMonitor,#: Aug. 4 658446 # While most viewers will be,wowed,"by stunning athletic performers at the Olympics , what they may","#: Aug. 4 658446 # While most viewers will be wowed by stunning athletic performers at the Olympics , what they may"
mgc0731,mg0493,boo,boos,143,747621,1834,1830,NF/ACAD,BookSports,"they cast them . Those , whose quoits hit l6 THE",BOOS,"OF SPORTS . of the bands , or moving the toes from","they cast them . Those , whose quoits hit l6 THE BOOS OF SPORTS . of the bands , or moving the toes from"
mgc0732,mg1323,wow,wowed,60,421219,1990,1990,MAG,Americas,"#Rising Star Award at this year 's Gala , Ramos",wowed,the crowd with a Spanish tango collection of ruffled tops and,"#Rising Star Award at this year 's Gala , Ramos wowed the crowd with a Spanish tango collection of ruffled tops and"
mgc0733,mg0760,ooh,oohed,23,685431,1920,1920,NEWS,NYT-Reg,"the convention on the first two days , came forward and",oohed,"the crowd to join him in singing "" The Long , Long","the convention on the first two days , came forward and oohed the crowd to join him in singing "" The Long , Long"
mgc0734,mg0502,boo,boos,147,1124,1920,1920,FIC,Sun-UpOtherPoems,the earth holds tight and the grass falls down and wind,boos,over it . Wind whistles the bees -- bees too busy with,the earth holds tight and the grass falls down and wind boos over it . Wind whistles the bees -- bees too busy with
mgc0735,mg0809,ooh,oohing,25,31727,2006,2000,FIC,NeeceysLullaby,", laughing , running , waving at bus drivers , and",oohing,"over fancy cars-Buicks , Chevrolets , or Cadillacs that soared",", laughing , running , waving at bus drivers , and oohing over fancy cars-Buicks , Chevrolets , or Cadillacs that soared"
mgc0736,mg1460,wow,wows,29,4157167,2013,2010,NF/ACAD,JIssuesNursing,. Nurses cited instant real-time charting as a key time saver. Use of the,WOWs,"also allowed nurses to spend more time in the patients' rooms, thereby reducing",". Nurses cited instant real-time charting as a key time saver. Use of the WOWs also allowed nurses to spend more time in the patients' rooms, thereby reducing"
mgc0737,mg1089,shoo,shooing,151,9797,1856,1850,FIC,DredATaleGreat,"nothing ! "" said Tiff , finding that his vigorous """,shooing,""" only scared the whole flock in , instead of admonishing them","nothing ! "" said Tiff , finding that his vigorous "" shooing "" only scared the whole flock in , instead of admonishing them"
mgc0738,mg0794,ooh,oohing,19,669710,1989,1980,NEWS,CSMonitor,went well . Lots of ladies came . I heard them,oohing,and ahing about the library especially . Don ' t worry .,went well . Lots of ladies came . I heard them oohing and ahing about the library especially . Don ' t worry .
mgc0739,mg0501,boo,boos,38,486117,1918,1910,MAG,Nation,"of Clemenceau was , mentioned , and the hall burst into",boos,and hisses and catcalls . For the proletariat of France does not,"of Clemenceau was , mentioned , and the hall burst into boos and hisses and catcalls . For the proletariat of France does not"
mgc0740,mg0262,boo,booed,163,26430,2006,2000,FIC,Size14IsNotFat,"#not . See above , re : fear of being",booed,off the stage ) ? Or do I just laugh and say,"#not . See above , re : fear of being booed off the stage ) ? Or do I just laugh and say"
mgc0741,mg1023,shoo,shooed,53,44469,1999,1990,FIC,FantasySciFi,"Thanks , but no thanks . "" "" Still- "" I",shooed,her away with a hundred dollar tip . There was nothing wrong,"Thanks , but no thanks . "" "" Still- "" I shooed her away with a hundred dollar tip . There was nothing wrong"
mgc0742,mg1263,shoo,shoos,28,1038053,1945,1940,TV/MOV,Saratoga Trunk,tied to her apron strings . Mother 's useful . She,shoos,"the women away , and i let her . But when there","tied to her apron strings . Mother 's useful . She shoos the women away , and i let her . But when there"
mgc0743,mg0326,boo,booing,9,491505,1936,1930,MAG,SatEvePost,"are recruiting for Communism , fomenting strikes and jeering ,",booing,"and hissing the American flag . "" Maybe he 's counting on","are recruiting for Communism , fomenting strikes and jeering , booing and hissing the American flag . "" Maybe he 's counting on"
mgc0744,mg1241,shoo,shooing,53,5250164,2018,2010,FIC,Fan Fic,"about ready . "" Maxine gave Sam a quick hug before",shooing,her and Jake towards the bathroom down the hall . # Over,"about ready . "" Maxine gave Sam a quick hug before shooing her and Jake towards the bathroom down the hall . # Over"
mgc0745,mg0352,boo,booing,77,1041113,1949,1940,TV/MOV,All the King's Men,You 're scared . - Get out ! - They 're,booing,"me too . I built this for those dirty ... Thattaboy ,","You 're scared . - Get out ! - They 're booing me too . I built this for those dirty ... Thattaboy ,"
mgc0746,mg1256,shoo,shoos,47,219689,1923,1920,MAG,Time,"answer questions , the House once more resounded with boos and",shoos,. It is common knowledge that the gallant major looks like a,"answer questions , the House once more resounded with boos and shoos . It is common knowledge that the gallant major looks like a"
mgc0747,mg1009,shoo,shooed,88,39439,1995,1990,FIC,Ploughshares,". When Thrip tried to help load the parts , Marni",shooed,"him upstairs . "" There 's cool stuff on the walls ,",". When Thrip tried to help load the parts , Marni shooed him upstairs . "" There 's cool stuff on the walls ,"
mgc0748,mg0674,boo,boos,251,23973,1983,1980,FIC,Harpers,", Martin Isaac . "" There were cheers . A few",boos,". The fat guy had out a credit card , and was",", Martin Isaac . "" There were cheers . A few boos . The fat guy had out a credit card , and was"
mgc0749,mg0483,boo,booing,189,5223038,2011,2010,TV/MOV,Bob's Burgers,"Fair . All : Boo ! No , no , no",booing,". No booing mort . You know him , too . He","Fair . All : Boo ! No , no , no booing . No booing mort . You know him , too . He"
mgc0750,mg0237,boo,booed,97,5213030,2001,2000,TV/MOV,61*,#n't matter what the truth is . I still get,booed,for that . - What do you do ? You just get,#n't matter what the truth is . I still get booed for that . - What do you do ? You just get
mgc0751,mg0526,boo,boos,93,702196,1936,1930,NEWS,NYT-Reg,they lined up on the curbs . There were a few,boos,"for the Governor , but many more cheers . In some places","they lined up on the curbs . There were a few boos for the Governor , but many more cheers . In some places"
mgc0752,mg0752,boo,boos,73,5005045,2019,2010,MAG,ESPN,"responded with a mixture of boos and cheers , with the",boos,being perhaps more pronounced . # The crowd jeered Davis every,"responded with a mixture of boos and cheers , with the boos being perhaps more pronounced . # The crowd jeered Davis every"
mgc0753,mg0564,boo,boos,182,16593,1949,1940,FIC,Mov:SetUpThe,... and genn-el-men ... (crowd responds with waves of,boos,) PAN TO -- CLOSE SHOT -- announcer . He is a,... and genn-el-men ... (crowd responds with waves of boos ) PAN TO -- CLOSE SHOT -- announcer . He is a
mgc0754,mg0190,boo,booed,96,487021,1985,1980,MAG,Nation,"#accused of collaboration in July , after he was roundly",booed,for such comments at a funeral for fifteen black youths in,"#accused of collaboration in July , after he was roundly booed for such comments at a funeral for fifteen black youths in"
mgc0755,mg0046,boo,booed,179,303087,1939,1930,MAG,Time,"#Edward ("" Silo Charlie "" ) Coughlin , loudly",booed,"President Roosevelt ( "" Rosenfeld "" to Bund speakers ) . Ejected","#Edward ("" Silo Charlie "" ) Coughlin , loudly booed President Roosevelt ( "" Rosenfeld "" to Bund speakers ) . Ejected"
mgc0756,mg0430,boo,booing,36,10699,1982,1980,FIC,ColorPurple,bicycle around the stage for about five minutes . When the,booing,"became too much for him to bear , he screwed up his","bicycle around the stage for about five minutes . When the booing became too much for him to bear , he screwed up his"
mgc0757,mg1285,shoo,shoos,32,42334,1997,1990,FIC,ContempFic,"the parlor . The pale birds swoop . Madame grimaces ,",shoos,them away . More and more now every day . Code word,"the parlor . The pale birds swoop . Madame grimaces , shoos them away . More and more now every day . Code word"
mgc0758,mg1186,shoo,shooing,118,44838,1999,1990,FIC,FantasySciFi,"For some reason , he always chose to join Retsler in",shooing,the gulls away . And then holding watch over the ruined mass,"For some reason , he always chose to join Retsler in shooing the gulls away . And then holding watch over the ruined mass"
mgc0759,mg0111,boo,booed,287,247210,1962,1960,MAG,Time,"#meeting , from Boston to Tulsa . Rocky was ignominiously",booed,". # That was a mere four months ago . Today ,","#meeting , from Boston to Tulsa . Rocky was ignominiously booed . # That was a mere four months ago . Today ,"
mgc0760,mg0137,boo,booed,277,728161,1969,1960,NEWS,Chicago,"#in the somber expanse of the courtroom , leered and",booed,". There was even , in low voices , a grumbling from","#in the somber expanse of the courtroom , leered and booed . There was even , in low voices , a grumbling from"
mgc0761,mg0815,ooh,oohing,29,5262035,2011,2010,TV/MOV,Man Up,"different project that we can do together . ( All """,oohing,""" and "" aahing "" ) Not ... that . (under_breath","different project that we can do together . ( All "" oohing "" and "" aahing "" ) Not ... that . (under_breath"
mgc0762,mg1176,shoo,shooing,38,39734,1995,1990,FIC,SouthernRev,his summers there . He recalled sitting on her porch and,shooing,bluejays out of the fig tree that grew at one end .,his summers there . He recalled sitting on her porch and shooing bluejays out of the fig tree that grew at one end .
mgc0763,mg1069,shoo,shooed,83,4163271,2014,2010,FIC,AntiochRev,"had my new number . New phone in hand , I",shooed,"him off , "" Now leave . "" He kissed my cheek","had my new number . New phone in hand , I shooed him off , "" Now leave . "" He kissed my cheek"
mgc0764,mg1154,shoo,shooing,138,780156,1978,1970,FIC,RoadTamazunchale,"shepherd jerked to his feet and rushed at the animals ,",shooing,them up through the brush and trees . In seconds they were,"shepherd jerked to his feet and rushed at the animals , shooing them up through the brush and trees . In seconds they were"
mgc0765,mg0729,boo,boos,149,4116031,2011,2010,NEWS,USAToday,"a 16-14 lead on Alex Henery 's 21-yard field goal ,",boos,"rained down at Lincoln Financial Field . # "" That 's crazy","a 16-14 lead on Alex Henery 's 21-yard field goal , boos rained down at Lincoln Financial Field . # "" That 's crazy"
mgc0766,mg0428,boo,booing,66,294643,1980,1980,MAG,Time,become such a maladroit lover that he caught a peeping Tom,booing,"him . His wife "" cut me down to once a month","become such a maladroit lover that he caught a peeping Tom booing him . His wife "" cut me down to once a month"
mgc0767,mg0582,boo,boos,236,10339,1956,1950,FIC,LucyCrown,"vessel apart , but we greeted his conciliatory wavings with more",boos,". He went to T. Wallace , doubtless to ask him to","vessel apart , but we greeted his conciliatory wavings with more boos . He went to T. Wallace , doubtless to ask him to"
mgc0768,mg0087,boo,booed,227,714706,1952,1950,NEWS,NYT-Reg,"#primaries as recently as 1950 , but their argument was",booed,", and ignored in the final voting , With thirty-one contests","#primaries as recently as 1950 , but their argument was booed , and ignored in the final voting , With thirty-one contests"
mgc0769,mg1303,wow,wowed,30,10320,1954,1950,FIC,LoveIsEternal,"#, you damn ' dunderhead ) Want us to git",Wowed,"clear out o ' the river ? "" The sweating and oil-smeared","#, you damn ' dunderhead ) Want us to git Wowed clear out o ' the river ? "" The sweating and oil-smeared"
mgc0770,mg0723,boo,boos,240,776556,2006,2000,NF/ACAD,GameShadowsBarry,In park after park they were greeted with a cascade of,boos,. Many fans just stayed away . Attendance in 1995 was down,In park after park they were greeted with a cascade of boos . Many fans just stayed away . Attendance in 1995 was down
mgc0771,mg0979,shoo,shooed,197,10676,1981,1980,FIC,WorldWithoutEnd,"work . As the Americans left , the consul 's wife",shooed,them away and back to the screen . The twenty-four dollars stayed,"work . As the Americans left , the consul 's wife shooed them away and back to the screen . The twenty-four dollars stayed"
mgc0772,mg0690,boo,boos,193,16255,1989,1980,FIC,Mov:MajorLeague,the ball missing him by inches . The stadium explodes with,BOOS,", but as soon as Taylor picks himself up , the crowd","the ball missing him by inches . The stadium explodes with BOOS , but as soon as Taylor picks himself up , the crowd"
mgc0773,mg1235,shoo,shooing,76,4167026,2017,2010,FIC,FantasySciFi,"the hall , at the front door , Schnabel was still",shooing,Lennie and Anja out into the sundrenched yard . Lennie stepped,"the hall , at the front door , Schnabel was still shooing Lennie and Anja out into the sundrenched yard . Lennie stepped"
mgc0774,mg0212,boo,booed,191,25004,1993,1990,FIC,FarriersLane,#into the spirit of the thing right away . I,booed,the green knight and called him some awful names until a man,#into the spirit of the thing right away . I booed the green knight and called him some awful names until a man
mgc0775,mg0891,shoo,shooed,126,253655,1923,1920,MAG,Time,""" to protect their morals . "" The men were """,shooed,"off "" without having their names and addresses printed by the",""" to protect their morals . "" The men were "" shooed off "" without having their names and addresses printed by the"
mgc0776,mg1182,shoo,shooing,17,44260,1999,1990,FIC,Essence,"stepped around a fresh pile of horse droppings . Then ,",shooing,away a fat green-and-black fly with a quick fan of her,"stepped around a fresh pile of horse droppings . Then , shooing away a fat green-and-black fly with a quick fan of her"
mgc0777,mg0840,ooh,oohs,24,403644,1999,1990,MAG,Cosmopolitan,"Your Lover With Words (Bantam, 1996). Sometimes all it takes is",oohs,"and aahs to etch yourself into his memory forever. Maggie Gallagher, a 26-year-old","Your Lover With Words (Bantam, 1996). Sometimes all it takes is oohs and aahs to etch yourself into his memory forever. Maggie Gallagher, a 26-year-old"
mgc0778,mg0160,boo,booed,66,732680,1976,1970,NEWS,CSMonitor,# 19760825_3 txt Jimmy Carter Tuesday was loudly,booed,by delegates to the American Legion national convention as he,# 19760825_3 txt Jimmy Carter Tuesday was loudly booed by delegates to the American Legion national convention as he
mgc0779,mg1193,shoo,shooing,60,28320,2002,2000,FIC,GiftDragons,"reprehensible . People were always calling him "" babe "" and",shooing,"him away as being "" too small "" or "" too young","reprehensible . People were always calling him "" babe "" and shooing him away as being "" too small "" or "" too young"
mgc0780,mg0012,boo,booed,236,220399,1926,1920,MAG,Time,"#220399 In Manhattan , a suddenly patriotic mob of pedestrians",booed,", hissed , cried : "" If you were a man we","#220399 In Manhattan , a suddenly patriotic mob of pedestrians booed , hissed , cried : "" If you were a man we"
mgc0781,mg0552,boo,boos,5,226383,1946,1940,MAG,Time,for terriers in the last 40 Westminster shows ; and the,boos,almost drowned out the applause . But even with Warlord 's defeat,for terriers in the last 40 Westminster shows ; and the boos almost drowned out the applause . But even with Warlord 's defeat
mgc0782,mg1453,wow,wows,22,627691,2001,2000,NEWS,Houston,"baked goods are all-natural and suitable for human consumption, although Immel confessed "" Ciao",Wows,", "" "" Dipped Delights "" and "" Itty Bitty Scary Kitties "" are an","baked goods are all-natural and suitable for human consumption, although Immel confessed "" Ciao Wows , "" "" Dipped Delights "" and "" Itty Bitty Scary Kitties "" are an"
mgc0783,mg0710,boo,boos,138,80769,2002,2000,MAG,SportsIll,the elevator of the West Coast Salt Lake Hotel with the,boos,"of 16,500 fans still ringing in her ears . She 'd already","the elevator of the West Coast Salt Lake Hotel with the boos of 16,500 fans still ringing in her ears . She 'd already"
mgc0784,mg0570,boo,boos,11,714781,1952,1950,NEWS,CSMonitor,was a great roar of noise . There were hisses and,boos,and applause and the pandemonium from the galleries as the,was a great roar of noise . There were hisses and boos and applause and the pandemonium from the galleries as the
mgc0785,mg0081,boo,booed,225,4183,1951,1950,FIC,LetterLaw,"#One by one the natives nudged one another , and",booed,", and guffawed , until the rising tide of racket drowned out","#One by one the natives nudged one another , and booed , and guffawed , until the rising tide of racket drowned out"
mgc0786,mg0379,boo,booing,28,201565,1956,1950,MAG,Time,", keeps the store ? "" # # Braved a possible",booing,"at Little Rock , Ark. , instead was warmly applauded for firmly",", keeps the store ? "" # # Braved a possible booing at Little Rock , Ark. , instead was warmly applauded for firmly"
mgc0787,mg1138,shoo,shooing,34,244412,1964,1960,MAG,Time,"who spend winters around potbellied stoves , summers",shooing,"away tourists , and election day pulling G.O.P. levers . Fed by","who spend winters around potbellied stoves , summers shooing away tourists , and election day pulling G.O.P. levers . Fed by"
mgc0788,mg0638,boo,boos,185,277583,1971,1970,MAG,Time,quick kill . # So let 's hear all the old,boos,", all the dirty sneers . Paste a sticker proclaiming STAMP OUT","quick kill . # So let 's hear all the old boos , all the dirty sneers . Paste a sticker proclaiming STAMP OUT"
mgc0789,mg1448,wow,wows,17,13311,1988,1980,FIC,Play:StickHorse,was finding something pretty to wear that night. We'd stomp-dance at the pow,wows,. Or we'd drink at Factor's. You and your former husband.,was finding something pretty to wear that night. We'd stomp-dance at the pow wows . Or we'd drink at Factor's. You and your former husband.
mgc0790,mg0967,shoo,shooed,21,780162,1977,1970,FIC,ParisOne,News . Here the kids were selling something else . Abdul,shooed,away the first two or three who came by until Winslow held,News . Here the kids were selling something else . Abdul shooed away the first two or three who came by until Winslow held
mgc0791,mg1377,wow,wowed,40,4121134,2011,2010,FIC,Bk:LassiterNovel,#eyes or playful smile . Nada . Maybe if I,wowed,"her in closing argument , she 'd lighten up and slip me","#eyes or playful smile . Nada . Maybe if I wowed her in closing argument , she 'd lighten up and slip me"
mgc0792,mg0892,shoo,shooed,137,14194,1925,1920,FIC,Play:AuntMahalysCabin,like a fool . DEPUTY Quietly . Nothing but birds I,shooed,"out of there . SHERIFF Mebbe so , but it might have","like a fool . DEPUTY Quietly . Nothing but birds I shooed out of there . SHERIFF Mebbe so , but it might have"
mgc0793,mg1358,wow,wowed,43,408404,2003,2000,MAG,Parenting,# 408415 They 're the champs-the classic toys that,wowed,kids back then and continue to knock them out now . We,# 408415 They 're the champs-the classic toys that wowed kids back then and continue to knock them out now . We
mgc0794,mg0947,shoo,shooed,172,10508,1968,1960,FIC,HermanHadTwoDaughters,Walter 's garage in Brookfield Heights . Durgin 's honest cops,shooed,"the kids away . Mornings , Celia stood beside the ruin ,","Walter 's garage in Brookfield Heights . Durgin 's honest cops shooed the kids away . Mornings , Celia stood beside the ruin ,"
mgc0795,mg0276,boo,booed,246,4158913,2015,2010,NF/ACAD,ArtBulletin,"#? They surrounded us , they followed us , they",booed,", they applauded ; fear , joy , succeeded each other on","#? They surrounded us , they followed us , they booed , they applauded ; fear , joy , succeeded each other on"
mgc0796,mg1119,shoo,shooing,59,10249,1949,1940,FIC,LotteryAdventures,"every-day . No one moved there except for Mrs. Brewer ,",shooing,her young ones out of sight . He could n't see another,"every-day . No one moved there except for Mrs. Brewer , shooing her young ones out of sight . He could n't see another"
mgc0797,mg0930,shoo,shooed,72,23714,1956,1950,FIC,Harpers,"still irritated , explained it to Maggie , but she merely",shooed,"him back to his slide rule . Yet , two hours later","still irritated , explained it to Maggie , but she merely shooed him back to his slide rule . Yet , two hours later"
mgc0798,mg0652,boo,boos,169,732670,1976,1970,NEWS,Chicago,rose to place Dole 's name in nomination . A few,boos,"were heard , some delegations stayed in their seats , and many","rose to place Dole 's name in nomination . A few boos were heard , some delegations stayed in their seats , and many"
mgc0799,mg1355,wow,wowed,82,410857,2002,2000,MAG,PopScience,#update Robo-Vac Is Finally Here Eureka,wowed,us three years ago with a robotic vacuum that not only swept,#update Robo-Vac Is Finally Here Eureka wowed us three years ago with a robotic vacuum that not only swept
mgc0800,mg0776,ooh,oohed,1,38214,2000,2000,FIC,SouthernRev,"cake , dazzling with sparklers instead of candles , and Harold",oohed,and aahed and slapped at the sparks swarming his legs like,"cake , dazzling with sparklers instead of candles , and Harold oohed and aahed and slapped at the sparks swarming his legs like"
mgc0801,mg0039,boo,booed,237,222418,1937,1930,MAG,Time,"#, Domingo Ortega , Manolo Bienvenida . But Beziers Aficionados",booed,", hooted , threw bottles , for Bziers is stalwartly proletarian","#, Domingo Ortega , Manolo Bienvenida . But Beziers Aficionados booed , hooted , threw bottles , for Bziers is stalwartly proletarian"
mgc0802,mg0013,boo,booed,4,164019,1928,1920,MAG,Time,"#again . McNamara , "" Iron Man , "" was",booed,"all through the race . Brocco , 43-year old champion trying to","#again . McNamara , "" Iron Man , "" was booed all through the race . Brocco , 43-year old champion trying to"
mgc0803,mg0347,boo,booing,197,229768,1948,1940,MAG,Time,. Even the tea-sippers in the pavilion joined in the vulgar,booing,". What was cricket coming to ? # After the match ,",". Even the tea-sippers in the pavilion joined in the vulgar booing . What was cricket coming to ? # After the match ,"
mgc0804,mg0495,boo,boos,184,781331,1894,1890,NEWS,NYT-Reg,"Kimlin had been married twice , her first husband being Adam",Boos,", a prominent business man . None of the incoming boats from","Kimlin had been married twice , her first husband being Adam Boos , a prominent business man . None of the incoming boats from"
mgc0805,mg0488,boo,booing,152,4160229,2013,2010,FIC,Bk:WhenDevilDoesnt,when he came out onto the balcony . The crowd started,booing,", and he waited for a moment for the noise to stop","when he came out onto the balcony . The crowd started booing , and he waited for a moment for the noise to stop"
mgc0806,mg0913,shoo,shooed,25,10156,1942,1940,FIC,IvoryMischief,"weeping mistress to her own room . After that , she",shooed,"away the remainingservants , who had naturally not had the","weeping mistress to her own room . After that , she shooed away the remainingservants , who had naturally not had the"
mgc0807,mg0425,boo,booing,175,291942,1978,1970,MAG,Time,". He said , "" Wait a minute . I was",booing,", too . You blew that call . I do take it",". He said , "" Wait a minute . I was booing , too . You blew that call . I do take it"
mgc0808,mg1283,shoo,shoos,5,16037,1994,1990,FIC,Mov:BlueSky,sleeping . Carly appears at the door . The M.P .,shoos,Becky a look and strides past the girls to hand the envelope,sleeping . Carly appears at the door . The M.P . shoos Becky a look and strides past the girls to hand the envelope
mgc0809,mg0660,boo,boos,242,733637,1978,1970,NEWS,CSMonitor,"allegations against the administration , he was greeted with",boos,". Mr. Lipshutz nonetheless persisted , accusing the Senator of","allegations against the administration , he was greeted with boos . Mr. Lipshutz nonetheless persisted , accusing the Senator of"
mgc0810,mg0593,boo,boos,6,310887,1960,1960,MAG,Time,"going on record , Infielder Groat was greeted by a few",boos,along with the cheers when the Pirates met the Philadelphia,"going on record , Infielder Groat was greeted by a few boos along with the cheers when the Pirates met the Philadelphia"
mgc0811,mg0343,boo,booing,47,706630,1942,1940,NEWS,NYT-Let,All who listened over the radio were amazed at the continued,booing,during the playing of the national anthem . Had the Giants been,All who listened over the radio were amazed at the continued booing during the playing of the national anthem . Had the Giants been
mgc0812,mg0134,boo,booed,63,728124,1969,1960,NEWS,Chicago,"#appearances at the Civic center plaza , where they were",booed,"by angry shoppers and office workers , and at the Criminal Courts","#appearances at the Civic center plaza , where they were booed by angry shoppers and office workers , and at the Criminal Courts"
mgc0813,mg1097,shoo,shooing,148,3892,1917,1910,FIC,Apron-Strings,"a foot , for she had slipped . She made """,shooing,""" gestures at Clare . "" How much does Miss Crosby owe","a foot , for she had slipped . She made "" shooing "" gestures at Clare . "" How much does Miss Crosby owe"
mgc0814,mg0719,boo,boos,94,112386,2006,2000,MAG,SportsIll,in seven of the past 11 years . // There were,boos,for the home team in the new Busch Stadium in 2006 --,in seven of the past 11 years . // There were boos for the home team in the new Busch Stadium in 2006 --
mgc0815,mg0573,boo,boos,166,491242,1952,1950,MAG,SatEvePost,"said , "" Colonel , I hear some of the care",boos,"we bought for the village are dying . Why ? "" The","said , "" Colonel , I hear some of the care boos we bought for the village are dying . Why ? "" The"
mgc0816,mg0274,boo,booed,124,4131013,2014,2010,NEWS,Denver,#for his work . But he was defeated and even,booed,in a primary that had neophyte Tea Party candidate Dan Maes,#for his work . But he was defeated and even booed in a primary that had neophyte Tea Party candidate Dan Maes
mgc0817,mg1041,shoo,shooed,128,50309,2005,2000,FIC,FantasySciFi,was supposed to be vacant . Once the intruders had been,shooed,"off , Riley dressed and went to speak to the manager ,","was supposed to be vacant . Once the intruders had been shooed off , Riley dressed and went to speak to the manager ,"
mgc0818,mg0178,boo,booed,127,325005,1982,1980,MAG,Time,#began in a lackluster fashion . Soprano Renata Scotto was,booed,"in her opening-night performance of Norma , and a Ring semicycle","#began in a lackluster fashion . Soprano Renata Scotto was booed in her opening-night performance of Norma , and a Ring semicycle"
mgc0819,mg0900,shoo,shooed,161,699515,1933,1930,NEWS,WallStJrnl,man since the first rude trails of pre-history . It has,shooed,the desany of humanity The closing of the caravan routes to the,man since the first rude trails of pre-history . It has shooed the desany of humanity The closing of the caravan routes to the
mgc0820,mg1150,shoo,shooing,119,10598,1975,1970,FIC,BrightArrows,", what 's that to you ? "" he says ,",shooing,the kids off a ways where they stood gawping out of kicking,", what 's that to you ? "" he says , shooing the kids off a ways where they stood gawping out of kicking"
mgc0821,mg0062,boo,booed,238,10189,1944,1940,FIC,DeepRiver,"#. Mead shouted a protest . The audience banged ,",booed,", laughed , until the judge brought order . Simon said softly","#. Mead shouted a protest . The audience banged , booed , laughed , until the judge brought order . Simon said softly"
mgc0822,mg0339,boo,booing,157,704831,1940,1940,NEWS,NYT-Reg,"noticeable that most of the cheering , as well as the",booing,", came from the galleries . Mr. Halleck did not attempt to","noticeable that most of the cheering , as well as the booing , came from the galleries . Mr. Halleck did not attempt to"
mgc0823,mg1384,wow,wowed,27,4160170,2013,2010,FIC,Bk:CodeWhite,"## To be sure , Kevin O'Day had been less",wowed,by the TV cameras than anyone else in OR 3 . He,"## To be sure , Kevin O'Day had been less wowed by the TV cameras than anyone else in OR 3 . He"
mgc0824,mg0361,boo,booing,123,714584,1952,1950,NEWS,Chicago,". When the committee reported tonight , considerable",booing,"was heard on the floor . Ike Picks Up Two Ottawa ,",". When the committee reported tonight , considerable booing was heard on the floor . Ike Picks Up Two Ottawa ,"
mgc0825,mg0435,boo,booing,12,10764,1987,1980,FIC,HeavenHell,""" You 're the traitor , "" someone cried over the",booing,"and hissing . "" You and your National Union Party . Traitors",""" You 're the traitor , "" someone cried over the booing and hissing . "" You and your National Union Party . Traitors"
mgc0826,mg0215,boo,booed,278,630375,1993,1990,NEWS,Chicago,"#to the Super Bowl , and he was still getting",booed,. There 's no way you can rest on what you 've,"#to the Super Bowl , and he was still getting booed . There 's no way you can rest on what you 've"
mgc0827,mg1396,wow,wowed,21,5017025,2019,2010,NEWS,Detroit Free Press,"#, "" Brandon said . "" I was just completely",wowed,by the energy and thoughtfulness and preparation and the way he,"#, "" Brandon said . "" I was just completely wowed by the energy and thoughtfulness and preparation and the way he"
mgc0828,mg0560,boo,boos,24,16593,1949,1940,FIC,Mov:SetUpThe,"nods , abstractedly . As he does he is greated by",boos,"and catcalls , punctuated by a very few handclaps , hardly","nods , abstractedly . As he does he is greated by boos and catcalls , punctuated by a very few handclaps , hardly"
mgc0829,mg0783,ooh,oohed,15,4076163,2010,2010,FIC,FantasySciFi,"his class filled up with lifers , and all the grown-ups",oohed,"and ahhed , saying he had a knack for working with ""","his class filled up with lifers , and all the grown-ups oohed and ahhed , saying he had a knack for working with """
mgc0830,mg0966,shoo,shooed,132,780157,1976,1970,FIC,MurderAtABA,"party of two or three tried moving in , promptly got",shooed,"out by some waiter , and walked out looking annoyed and","party of two or three tried moving in , promptly got shooed out by some waiter , and walked out looking annoyed and"
mgc0831,mg0846,ooh,oohs,30,623021,2003,2000,NEWS,SanFran,who can break a full-court press single-handedly and whose athleticism is the kind that elicits,oohs,and ahhs. # Ashley and Courtney come from athletic -- and large -- stock,who can break a full-court press single-handedly and whose athleticism is the kind that elicits oohs and ahhs. # Ashley and Courtney come from athletic -- and large -- stock
mgc0832,mg0695,boo,boos,228,605790,1992,1990,NEWS,WashPost,budge . # The cheers that once greeted her turned into,boos,". But she insisted that the affluent Northwest community "" step","budge . # The cheers that once greeted her turned into boos . But she insisted that the affluent Northwest community "" step"
mgc0833,mg0914,shoo,shooed,12,304782,1943,1940,MAG,Time,"dance . An unidentified WAAC tried to cut in , was",shooed,away by Secret Service men . In the midst of the party,"dance . An unidentified WAAC tried to cut in , was shooed away by Secret Service men . In the midst of the party"
mgc0834,mg1206,shoo,shooing,75,389139,2007,2000,MAG,Parenting,that you could come off like a scrooge if you start,shooing,"kids away . You want to seem reasonable , not inhospitable .","that you could come off like a scrooge if you start shooing kids away . You want to seem reasonable , not inhospitable ."
mgc0835,mg0696,boo,boos,229,394702,1992,1990,MAG,Astronomy,978-1-845-76685-6 . # Swords : An artist 's devotion . Ben,Boos,. Candlewick 978-0-7636-3148-2 . # Take me to your leader :,978-1-845-76685-6 . # Swords : An artist 's devotion . Ben Boos . Candlewick 978-0-7636-3148-2 . # Take me to your leader :
mgc0836,mg0098,boo,booed,27,185485,1956,1950,MAG,Time,"#Manhattan 's Loew 's State Theater , some 800 stockholders",booed,"and jeered , stamped their feet , shouted raucous questions .","#Manhattan 's Loew 's State Theater , some 800 stockholders booed and jeered , stamped their feet , shouted raucous questions ."
mgc0837,mg0345,boo,booing,190,475609,1947,1940,MAG,Harpers,", the crowd gathered round , yelling , cursing , and",booing,. Someone in the crowd reached out with a razor and slashed,", the crowd gathered round , yelling , cursing , and booing . Someone in the crowd reached out with a razor and slashed"
mgc0838,mg0883,shoo,shooed,67,3720,1921,1920,FIC,TaleTurkeyProudfoot,obeyed him without a word . And she had no sooner,shooed,her youngsters into the chicken house than Turkey Proudfoot,obeyed him without a word . And she had no sooner shooed her youngsters into the chicken house than Turkey Proudfoot
mgc0839,mg0691,boo,boos,68,340966,1990,1990,MAG,Time,JOHN GLENN (1992 ) . The Ohio Democrat has heard,boos,"at home , a once unthinkable phenomenon . But he is ,","JOHN GLENN (1992 ) . The Ohio Democrat has heard boos at home , a once unthinkable phenomenon . But he is ,"
mgc0840,mg0338,boo,booing,59,149624,1940,1940,MAG,Time,. Willkie did n't notice . The crowd did . The,booing,"grew . # Willkie told them off , votes or no votes",". Willkie did n't notice . The crowd did . The booing grew . # Willkie told them off , votes or no votes"
mgc0841,mg0734,boo,boos,198,4135083,2013,2010,NEWS,Pittsburgh,"So everyone 's a critic ? No problem , said Karla",Boos,", founder and director of Quantum Theatre in Pittsburgh , which","So everyone 's a critic ? No problem , said Karla Boos , founder and director of Quantum Theatre in Pittsburgh , which"
mgc0842,mg0563,boo,boos,167,177906,1949,1940,MAG,Time,"keeping with the quaint custom at New York tracks , the",boos,"were for Jockey Eddie Arcaro , who rode My Request , the","keeping with the quaint custom at New York tracks , the boos were for Jockey Eddie Arcaro , who rode My Request , the"
mgc0843,mg0023,boo,booed,157,487308,1932,1930,MAG,Nation,#crowd of curious civilians following it . The crowds neither,booed,nor cheered . There was in Washington that morning all the,#crowd of curious civilians following it . The crowds neither booed nor cheered . There was in Washington that morning all the
mgc0844,mg1349,wow,wowed,52,414776,2001,2000,MAG,Backpacker,"#use the new Bibler Ahwahnee 2 , but the original",wowed,"testers in our field trial of single-wall shelters ("" Tents From","#use the new Bibler Ahwahnee 2 , but the original wowed testers in our field trial of single-wall shelters ("" Tents From"
mgc0845,mg0411,boo,booing,183,2528412,1975,1970,TV/MOV,The Bob Newhart Show,get used to a lot of interruptions ... like snoring and,booing,". Carol , all I need is a good opening joke .","get used to a lot of interruptions ... like snoring and booing . Carol , all I need is a good opening joke ."
mgc0846,mg1339,wow,wowed,25,408736,1999,1990,MAG,Ebony,#even this decade of the ' ' 90s to become,wowed,by the scope of their work . In February of this year,#even this decade of the ' ' 90s to become wowed by the scope of their work . In February of this year
mgc0847,mg0470,boo,booing,27,607650,2005,2000,NEWS,WashPost,"back "" did not bother him as much as the incessant",booing,"at FedEx Field , which grew in volume and intensity each week","back "" did not bother him as much as the incessant booing at FedEx Field , which grew in volume and intensity each week"
mgc0848,mg1441,wow,wows,10,24511,1969,1960,FIC,Mov:Creak,"cheek down on the side of an alp, and ran my toes through the",wows,"of afghanistan. 116 In the north was the nothing, towards the south the","cheek down on the side of an alp, and ran my toes through the wows of afghanistan. 116 In the north was the nothing, towards the south the"
mgc0849,mg0301,boo,booing,188,13182,1907,1900,FIC,Play:VotesWomen,anyw'y ? A VOICE He 's a jolly good fellow.Cheers and,booing,". MR . PILCHER No , e ai n't , or if","anyw'y ? A VOICE He 's a jolly good fellow.Cheers and booing . MR . PILCHER No , e ai n't , or if"
mgc0850,mg0857,shoo,shooed,195,2846,1894,1890,FIC,Pembroke ANovel,"keep ' em in here , "" she said , and",shooed,"them and shook her shawl at them , until they alighted all","keep ' em in here , "" she said , and shooed them and shook her shawl at them , until they alighted all"
mgc0851,mg0127,boo,booed,8,727446,1968,1960,NEWS,NYT-Reg,"#, said he was representing the Mayor , one man",booed,"and about 150 teachers and their families , carrying "" Lindsay","#, said he was representing the Mayor , one man booed and about 150 teachers and their families , carrying "" Lindsay"
mgc0852,mg0984,shoo,shooed,118,780063,1984,1980,FIC,StarsInMyPocket,"broad , beautiful wings unfurled and bolstersly beating , she",shooed,"me toward the entrance plate . "" Get on ith you then","broad , beautiful wings unfurled and bolstersly beating , she shooed me toward the entrance plate . "" Get on ith you then"
mgc0853,mg1181,shoo,shooing,18,615363,1998,1990,NEWS,Atlanta,", "" said Russell , flicking her left hand as if",shooing,"away a fly . # Rocking slowly on her back-porch swing ,",", "" said Russell , flicking her left hand as if shooing away a fly . # Rocking slowly on her back-porch swing ,"
mgc0854,mg0147,boo,booed,187,251090,1971,1970,MAG,Time,"#middle-income Forest Hills , N.Y. , last week angry crowds",booed,the bulldozers that were breaking ground for a proposed,"#middle-income Forest Hills , N.Y. , last week angry crowds booed the bulldozers that were breaking ground for a proposed"
mgc0855,mg0902,shoo,shooed,130,221413,1936,1930,MAG,Time,"the local U. S. consul who , after journalists had been",shooed,out and the Nazi court was about to become a star chamber,"the local U. S. consul who , after journalists had been shooed out and the Nazi court was about to become a star chamber"
mgc0856,mg0240,boo,booed,206,415829,2001,2000,MAG,ArtAmerica,"#record , once famously said : "" Our fans never",booed,us . They would n't dare . We outnumbered ' era .,"#record , once famously said : "" Our fans never booed us . They would n't dare . We outnumbered ' era ."
mgc0857,mg0869,shoo,shooed,108,2560,1912,1910,FIC,MeltingMolly,"was late , very late before Mrs. Johnson realized it and",shooed,me home to get ready to go to the train along with,"was late , very late before Mrs. Johnson realized it and shooed me home to get ready to go to the train along with"
mgc0858,mg1301,wow,wowed,78,1041107,1949,1940,TV/MOV,Alias Nick Beal,#thousand women and ten thousand questions . - The governor,wowed,them . - I knew he would . I wish everybody has,#thousand women and ten thousand questions . - The governor wowed them . - I knew he would . I wish everybody has
mgc0859,mg1291,shoo,shoos,46,4133028,2015,2010,NEWS,Atlanta,". Starring Cassidy Gifford , Pfeifer Brown and Ryan",Shoos,. Directed by Travis Cluff and Chris Lofing . (Michael Phillips,". Starring Cassidy Gifford , Pfeifer Brown and Ryan Shoos . Directed by Travis Cluff and Chris Lofing . (Michael Phillips"
mgc0860,mg0972,shoo,shooed,36,480081,1979,1970,MAG,Harpers,"conductor is summoned . Tickets are inspected , and they are",shooed,"back into the other compartment , a compression box of black","conductor is summoned . Tickets are inspected , and they are shooed back into the other compartment , a compression box of black"
mgc0861,mg0270,boo,booed,168,4114060,2012,2010,NEWS,NYTimes,#. ' # She had worried that she might be,booed,"off the stage , her son said . Instead , everyone applauded","#. ' # She had worried that she might be booed off the stage , her son said . Instead , everyone applauded"
mgc0862,mg0456,boo,booing,139,5246045,1997,1990,TV/MOV,Boy Meets World,"effort , a pocket thesaurus for each of you . (",BOOING,) And some candy . (CHEERING ) Here you go .,"effort , a pocket thesaurus for each of you . ( BOOING ) And some candy . (CHEERING ) Here you go ."
mgc0863,mg1452,wow,wows,21,422593,1991,1990,MAG,RollingStone,Photo: The Greatful Dead (JAY BLAKESBERG) # Photos: Above: Ice-T,wows,the Lollapalooza crowd. Right: One of the sideshow attractions. (NEAL PRESTON/OUTLINE,Photo: The Greatful Dead (JAY BLAKESBERG) # Photos: Above: Ice-T wows the Lollapalooza crowd. Right: One of the sideshow attractions. (NEAL PRESTON/OUTLINE
mgc0864,mg0273,boo,booed,249,4160034,2013,2010,FIC,Bk:ChristmasCarol,"#and more foreclosures are scheduled .... "" # The crowd",booed,", until Seth held up his hand for silence . # ""","#and more foreclosures are scheduled .... "" # The crowd booed , until Seth held up his hand for silence . # """
mgc0865,mg1286,shoo,shoos,40,33276,2005,2000,FIC,JungleLawNovel,", like the dogs in the old fairy tale . He",shoos,these thoughts and images away as he sets his spectacles over his,", like the dogs in the old fairy tale . He shoos these thoughts and images away as he sets his spectacles over his"
mgc0866,mg0935,shoo,shooed,91,492058,1961,1960,MAG,SatEvePost,before that day was over . Our gaggle of inductees was,shooed,into a building and taken to an upper floor . There I,before that day was over . Our gaggle of inductees was shooed into a building and taken to an upper floor . There I
mgc0867,mg1078,shoo,shooed,113,4165131,2017,2010,FIC,Bk:SomeKindMagic,who was observing changes in his penile turgidity . Thanh,shooed,"me on through the door , so I went in. # The","who was observing changes in his penile turgidity . Thanh shooed me on through the door , so I went in. # The"
mgc0868,mg0337,boo,booing,40,703763,1939,1930,NEWS,NYT-Reg,organizers who led the shouting . Mr. Chamberlain heard the,booing,but saw nothing of the scuffle . A phalanx of police and,organizers who led the shouting . Mr. Chamberlain heard the booing but saw nothing of the scuffle . A phalanx of police and
mgc0869,mg0275,boo,booed,213,4161100,2015,2010,FIC,Bk:FifthHeart,"#Domville , two years hence will see him jeered and",booed,when he foolishly will step onto the stage to take his author,"#Domville , two years hence will see him jeered and booed when he foolishly will step onto the stage to take his author"
mgc0870,mg1133,shoo,shooing,104,1054047,1960,1960,TV/MOV,The Magnificent Seven,ridiculous . - You heard of anything ? - Yeah .,Shooing,some flies away from a little village . Their village . It,ridiculous . - You heard of anything ? - Yeah . Shooing some flies away from a little village . Their village . It
mgc0871,mg1158,shoo,shooing,50,10714,1984,1980,FIC,Talisman,"your age ? "" The blind man laughed and made a",shooing,"gesture with one hand . "" Hell , you do n't need","your age ? "" The blind man laughed and made a shooing gesture with one hand . "" Hell , you do n't need"
mgc0872,mg0754,boo,boos,124,5017031,2019,2010,NEWS,Chicago Tribune,of the 2017 World Series . # Darvish responded to the,boos,in pregame introductions and before his first at-bat by,of the 2017 World Series . # Darvish responded to the boos in pregame introductions and before his first at-bat by
mgc0873,mg1079,shoo,shooed,178,4167029,2017,2010,FIC,Triquarterly (Online),# The woman stood no taller than five feet . She,shooed,"the man with the back of one hand , and soon he","# The woman stood no taller than five feet . She shooed the man with the back of one hand , and soon he"
mgc0874,mg0581,boo,boos,233,718423,1956,1950,NEWS,NYT-Reg,stage and was greeted with loud applause and a few scattered,boos,. He has been backed overwhelmingly by the student body in his,stage and was greeted with loud applause and a few scattered boos . He has been backed overwhelmingly by the student body in his
mgc0875,mg0761,ooh,oohed,22,492131,1934,1930,MAG,SatEvePost,"already plenty of excitement about the war , the omens !",Oohed,pretty good for a war play called Moloch that Holbrook Blinn had,"already plenty of excitement about the war , the omens ! Oohed pretty good for a war play called Moloch that Holbrook Blinn had"
mgc0876,mg0453,boo,booing,63,638660,1995,1990,NEWS,Denver,he recently lashed out at the fans in New York for,booing,"him By dumping Brett Butler , the Mets reduced their payroll to","he recently lashed out at the fans in New York for booing him By dumping Brett Butler , the Mets reduced their payroll to"
mgc0877,mg0159,boo,booed,13,287156,1976,1970,MAG,Time,#of booing deep and raw . A few people both,booed,and clapped at once . Shouting matches broke out between,#of booing deep and raw . A few people both booed and clapped at once . Shouting matches broke out between
mgc0878,mg1162,shoo,shooing,74,780054,1988,1980,FIC,Catspaw,", yellows and golds , and he hauled me forward ,",shooing,"Jiro ahead down the hallway . "" Your first time , pretty",", yellows and golds , and he hauled me forward , shooing Jiro ahead down the hallway . "" Your first time , pretty"
mgc0879,mg1249,shoo,shoos,9,9607,1881,1880,FIC,ShoreAcres,yeh ! Be yeh going to bed ' r not ?,Shoos,"her away . MILLIE . Goes to the foot of stairs ,","yeh ! Be yeh going to bed ' r not ? Shoos her away . MILLIE . Goes to the foot of stairs ,"
mgc0880,mg0605,boo,boos,27,724305,1964,1960,NEWS,NYT-Reg,"seat of the Republican incumbent , Kenneth B. Keating . Mixed",boos,and cheers had greeted Governor Rockefeller 's ironic,"seat of the Republican incumbent , Kenneth B. Keating . Mixed boos and cheers had greeted Governor Rockefeller 's ironic"
mgc0881,mg0823,ooh,oohs,7,491223,1969,1960,MAG,SatEvePost,"and meant to use them before another crowd, as he had used the planted",oohs,"and aahs from one stop to the next, the placards ferried from one town","and meant to use them before another crowd, as he had used the planted oohs and aahs from one stop to the next, the placards ferried from one town"
mgc0882,mg1212,shoo,shooing,67,36303,2008,2000,FIC,WelcomeSerenity,""" Maddie ordered , giving him a stern look , then",shooing,him out of the office . # Jeanette regarded Maddie,""" Maddie ordered , giving him a stern look , then shooing him out of the office . # Jeanette regarded Maddie"
mgc0883,mg0420,boo,booing,200,287156,1976,1970,MAG,Time,"Said he later : "" I was very amused at the",booing,". "" # Bayreuth has known-and absorbed-protest before ,","Said he later : "" I was very amused at the booing . "" # Bayreuth has known-and absorbed-protest before ,"
mgc0884,mg0359,boo,booing,111,10285,1952,1950,FIC,Sybil,"the flashy spinning lighthousepass , and the crowd left off",booing,"the picador to cheer the matador . "" Asi se torea !","the flashy spinning lighthousepass , and the crowd left off booing the picador to cheer the matador . "" Asi se torea !"
mgc0885,mg1298,wow,wowed,55,166125,1938,1930,MAG,Time,"#, sailed ahead to roars of laughter . Victor Moore",wowed,the audience in the role of a dumbbell U. S. Ambassador to,"#, sailed ahead to roars of laughter . Victor Moore wowed the audience in the role of a dumbbell U. S. Ambassador to"
mgc0886,mg0778,ooh,oohed,26,47837,2003,2000,FIC,FantasySciFi,", sounding like it had slipped from her quiver . Alexi",oohed,", and asked Natasha , "" Did you see it ? """,", sounding like it had slipped from her quiver . Alexi oohed , and asked Natasha , "" Did you see it ? """
mgc0887,mg1137,shoo,shooing,5,781988,1964,1960,FIC,LittleBigMan,"occupied he would roust theft ) nut of it , like",shooing,a dog . Some did a little trading in second rate skins,"occupied he would roust theft ) nut of it , like shooing a dog . Some did a little trading in second rate skins"
mgc0888,mg0706,boo,boos,262,5213030,2001,2000,TV/MOV,61*,Roger Maris with his 45th home run drawing a lot of,boos,". - Boy , these Boston fans are tough . ALLEN :","Roger Maris with his 45th home run drawing a lot of boos . - Boy , these Boston fans are tough . ALLEN :"
mgc0889,mg1362,wow,wowed,92,403353,2003,2000,MAG,Redbook,"#one night , write down the things he did that",wowed,"you the most . Then write "" Dear insert your husband 's","#one night , write down the things he did that wowed you the most . Then write "" Dear insert your husband 's"
mgc0890,mg0226,boo,booed,196,67293,1997,1990,MAG,SportsIll,#Hope . We booed him off the stage . We,booed,the Smothers Brothers off the stage . We made Paula Poundstone,#Hope . We booed him off the stage . We booed the Smothers Brothers off the stage . We made Paula Poundstone
mgc0891,mg0475,boo,booing,165,51658,2006,2000,FIC,SouthernRev,", no one to identify which castoff players they should be",booing,", making their miscues less conspicuous . "" Ca n't I sue",", no one to identify which castoff players they should be booing , making their miscues less conspicuous . "" Ca n't I sue"
mgc0892,mg0826,ooh,oohs,10,431867,1973,1970,MAG,NatGeog,its crystals absorb yellows and reds from the sunlight and reflect the intense blues everyone,oohs,"and ahs about. "" A TINGLING VIBRANCY animates Barbara's voice as she expounds","its crystals absorb yellows and reds from the sunlight and reflect the intense blues everyone oohs and ahs about. "" A TINGLING VIBRANCY animates Barbara's voice as she expounds"
mgc0893,mg1337,wow,wowed,6,402783,1998,1990,MAG,Jet,"#she plays a college dean . On stage , she",wowed,"audiences with strong , compelling performances in A Raisin in","#she plays a college dean . On stage , she wowed audiences with strong , compelling performances in A Raisin in"
mgc0894,mg0181,boo,booed,51,490880,1983,1980,MAG,NewYorker,"#day , for the last two years he has been",booed,"at one of the biggest of these local events , the Labor","#day , for the last two years he has been booed at one of the biggest of these local events , the Labor"
mgc0895,mg1188,shoo,shooing,133,55361,1999,1990,FIC,Ploughshares,"were more composed , he was gone . Kaye was always",shooing,"them away -- "" Hey , kidlets , go take a short","were more composed , he was gone . Kaye was always shooing them away -- "" Hey , kidlets , go take a short"
mgc0896,mg0413,boo,booing,53,732682,1976,1970,NEWS,Chicago,good prophet : The first mention of the issue brought sustained,booing,from many of the spoo delegates and guests present . A small,good prophet : The first mention of the issue brought sustained booing from many of the spoo delegates and guests present . A small
mgc0897,mg0506,boo,boos,51,219689,1923,1920,MAG,Time,"to answer questions , the House once more resounded with",boos,and shoos . It is common knowledge that the gallant major looks,"to answer questions , the House once more resounded with boos and shoos . It is common knowledge that the gallant major looks"
mgc0898,mg0878,shoo,shooed,81,4264,1918,1910,FIC,HarborTalesDown,toiling every evening of that summer until his impatient mother,shooed,him off to more laborious toil upon the task in his nightmares,toiling every evening of that summer until his impatient mother shooed him off to more laborious toil upon the task in his nightmares
mgc0899,mg0673,boo,boos,197,23973,1983,1980,FIC,Harpers,". "" Arthur Greenfield , "" she called . There were",boos,", cheers , applause , whistles . "" Siddown , Art ,",". "" Arthur Greenfield , "" she called . There were boos , cheers , applause , whistles . "" Siddown , Art ,"
mgc0900,mg0742,boo,boos,265,4190023,2016,2010,NEWS,New York Times,"star . Instead , they let out muted cheers mixed with",boos,. # Given the reshuffling hierarchy of sports teams in this,"star . Instead , they let out muted cheers mixed with boos . # Given the reshuffling hierarchy of sports teams in this"
mgc0901,mg1155,shoo,shooing,54,10647,1979,1970,FIC,GoodAsGold,"and be of assistance to Ida , who probably was simultaneously",shooing,"her away and giving her things to do , and reprehending her","and be of assistance to Ida , who probably was simultaneously shooing her away and giving her things to do , and reprehending her"
mgc0902,mg0340,boo,booing,181,470835,1940,1940,MAG,Harpers,"of some sort and was admitted out of turn , amidst",booing,. At 12 o'clock my wife and I went in with a,"of some sort and was admitted out of turn , amidst booing . At 12 o'clock my wife and I went in with a"
mgc0903,mg0576,boo,boos,223,10291,1952,1950,FIC,CryChildren,"preparing to tear one another to pieces ; then applause ,",boos,", whistles , and tearing waves of laughter , like drunks deriding","preparing to tear one another to pieces ; then applause , boos , whistles , and tearing waves of laughter , like drunks deriding"
mgc0904,mg0519,boo,boos,39,220977,1934,1930,MAG,Time,teeming College of the City of New York there were loud,boos,"and hisses as the Italians marched into a convocation of 3,000","teeming College of the City of New York there were loud boos and hisses as the Italians marched into a convocation of 3,000"
mgc0905,mg0443,boo,booing,140,5221078,1990,1990,TV/MOV,Rocky V,angel on my shoulder . Mr George Washington Duke ! (,booing,) And there you have it . A new champion of the,angel on my shoulder . Mr George Washington Duke ! ( booing ) And there you have it . A new champion of the
mgc0906,mg1107,shoo,shooing,141,10011,1930,1930,FIC,DidSheFall?,the . From the way she bustles us about and keeps,shooing,us out of the house you can tell she does n't want,the . From the way she bustles us about and keeps shooing us out of the house you can tell she does n't want
mgc0907,mg1036,shoo,shooed,131,5222010,2002,2000,TV/MOV,A Nero Wolfe Mystery,"scarf , and i want it back . But he was",shooed,out because none of them seemed important . (winterhoff ) This,"scarf , and i want it back . But he was shooed out because none of them seemed important . (winterhoff ) This"
mgc0908,mg0232,boo,booed,142,367605,2000,2000,MAG,Time,#Placed ball in the Pacific Ocean YES # YES Was,booed,loudly NO # YES Withdrew from field of play YES # YES,#Placed ball in the Pacific Ocean YES # YES Was booed loudly NO # YES Withdrew from field of play YES # YES
mgc0909,mg0678,boo,boos,246,16136,1985,1980,FIC,Mov:JustOneGuys,by your pals at Sturges-Wilder High . . . The class,boos,. RAYMAKERThe Sun-Tribune will award someone a summer,by your pals at Sturges-Wilder High . . . The class boos . RAYMAKERThe Sun-Tribune will award someone a summer
mgc0910,mg0772,ooh,oohed,11,25001,1993,1990,FIC,SplitHeirs,", was to be the site of the pageant . Everyone",oohed,"and ached at this information . Not to be outdone , another",", was to be the site of the pageant . Everyone oohed and ached at this information . Not to be outdone , another"
mgc0911,mg1172,shoo,shooing,124,25010,1993,1990,FIC,StainlessSteel,"a mother 's voice , scolding but not scolding her ,",shooing,"the other children away , reminding them that they were not","a mother 's voice , scolding but not scolding her , shooing the other children away , reminding them that they were not"
mgc0912,mg0320,boo,booing,169,301608,1934,1930,MAG,Time,the ring . # Instantly the auditorium was a bedlam .,Booing,", shouting , shoving spectators tore chairs from the floor ,","the ring . # Instantly the auditorium was a bedlam . Booing , shouting , shoving spectators tore chairs from the floor ,"
mgc0913,mg1126,shoo,shooing,16,10288,1952,1950,FIC,Build-Up,", flushed and ravenously hungry , was in the act of",shooing,away a bothersome yellow jacket which was attacking the food.,", flushed and ravenously hungry , was in the act of shooing away a bothersome yellow jacket which was attacking the food."
mgc0914,mg0507,boo,boos,241,299633,1925,1920,MAG,Time,", both boxers dragged languidly into action amid a salvo of",boos,". More flaccid pommeling , clinching , pushing . A raucous fan",", both boxers dragged languidly into action amid a salvo of boos . More flaccid pommeling , clinching , pushing . A raucous fan"
mgc0915,mg1135,shoo,shooing,102,10407,1961,1960,FIC,ClockWithoutHands,was turned into the matting . Minna and a maid were,shooing,shrieking children into the dressing rooms . Nobody paid any,was turned into the matting . Minna and a maid were shooing shrieking children into the dressing rooms . Nobody paid any
mgc0916,mg0090,boo,booed,181,715195,1953,1950,NEWS,NYT-Reg,"#vote on , even though at earlier rallies they had",booed,Quill suggestions that the vote to end the strike be a secret,"#vote on , even though at earlier rallies they had booed Quill suggestions that the vote to end the strike be a secret"
mgc0917,mg1454,wow,wows,23,29444,2003,2000,FIC,EndError,"of you here. "" Elizabeth stops, an ear cocked for a chorus of",Wows,"! Though none are forthcoming, she is not at all deflated but proceeds with","of you here. "" Elizabeth stops, an ear cocked for a chorus of Wows ! Though none are forthcoming, she is not at all deflated but proceeds with"
mgc0918,mg0071,boo,booed,39,709492,1946,1940,NEWS,NYT-Reg,#the State 's program for converting lbarracks into homes was,booed,"as inadequate . Commissioner Moses , however , was the chief","#the State 's program for converting lbarracks into homes was booed as inadequate . Commissioner Moses , however , was the chief"
mgc0919,mg0085,boo,booed,100,431456,1952,1950,MAG,Harpers,#a matador who let a horse get hurt would be,booed,from the ring for his clumsiness . The same might have |,#a matador who let a horse get hurt would be booed from the ring for his clumsiness . The same might have |
mgc0920,mg1037,shoo,shooed,99,32214,2004,2000,FIC,DanteClubNovel,Then she saw a fly on the parlor drapes . She,shooed,it out the open window with a high-pitched clicking of her tongue,Then she saw a fly on the parlor drapes . She shooed it out the open window with a high-pitched clicking of her tongue
mgc0921,mg0600,boo,boos,259,722243,1962,1960,NEWS,NYT-Reg,work week a good one . Nevertheless he was greeted with,boos,". "" I 'm the first Mayor who has no obligations to","work week a good one . Nevertheless he was greeted with boos . "" I 'm the first Mayor who has no obligations to"
mgc0922,mg0467,boo,booing,101,80767,2002,2000,MAG,SportsIll,executed baseball slide . It was too late : Amid loud,booing,"Steven Bradbury , a 28-year-old Australian competing in his","executed baseball slide . It was too late : Amid loud booing Steven Bradbury , a 28-year-old Australian competing in his"
mgc0923,mg0835,ooh,oohs,19,605759,1991,1990,NEWS,WashPost,". "" From their earliest birthday parties on, Americans open a gift and everybody",oohs,"and ahhs and touches it and comments on it, but this isn't appropriate",". "" From their earliest birthday parties on, Americans open a gift and everybody oohs and ahhs and touches it and comments on it, but this isn't appropriate"
mgc0924,mg0700,boo,boos,153,774086,1996,1990,NF/ACAD,MakingFurniture,immediate family . Accounts from the late 1790S and early ',Boos,reveal that Elijah stopped boarding apprentices . Instead he,immediate family . Accounts from the late 1790S and early ' Boos reveal that Elijah stopped boarding apprentices . Instead he
mgc0925,mg1073,shoo,shooed,173,4164144,2015,2010,FIC,NewEnglandRev,"him . "" Buy you lunch , miss ? "" He",shooed,"the kids away . "" I have a doctor 's appointment ,","him . "" Buy you lunch , miss ? "" He shooed the kids away . "" I have a doctor 's appointment ,"
mgc0926,mg1148,shoo,shooing,32,16400,1975,1970,FIC,Mov:ManWhoWouldBeKing,"his head . Carnehan leads Kipling in PAST CAMERA , officiously",shooing,"away the spectators , that His Holiness may give Audience to the","his head . Carnehan leads Kipling in PAST CAMERA , officiously shooing away the spectators , that His Holiness may give Audience to the"
mgc0927,mg0253,boo,booed,261,32040,2004,2000,FIC,RubyRiver,#raised a pink tomato above his head . The crowd,booed,". He hitched his pants , paused , hitched them again ,","#raised a pink tomato above his head . The crowd booed . He hitched his pants , paused , hitched them again ,"
mgc0928,mg0532,boo,boos,210,222818,1938,1930,MAG,Time,. # Whether the Boston boos were louder than the Hollywood,boos,", no one could determine . But the disgruntled racing fans of",". # Whether the Boston boos were louder than the Hollywood boos , no one could determine . But the disgruntled racing fans of"
mgc0929,mg0569,boo,boos,263,231748,1951,1950,MAG,Time,the Yankees names which brought on some good-natured Brooklyn,boos,". . . and somebody said , ' If you want to","the Yankees names which brought on some good-natured Brooklyn boos . . . and somebody said , ' If you want to"
mgc0930,mg1165,shoo,shooing,127,53370,1991,1990,FIC,Ploughshares,"for a moment . He ran out into the woods ,",shooing,the ravens and coyotes . The ravens all screamed and rose into,"for a moment . He ran out into the woods , shooing the ravens and coyotes . The ravens all screamed and rose into"
mgc0931,mg0511,boo,boos,142,300087,1928,1920,MAG,Time,"jail , ironically led by Capt . Cohen . Amid the",boos,"of jailbirds , the catcalls of more obvious and unashamed","jail , ironically led by Capt . Cohen . Amid the boos of jailbirds , the catcalls of more obvious and unashamed"
mgc0932,mg0932,shoo,shooed,223,23720,1957,1950,FIC,Harpers,"entire mission , and he spoke sharply as he turned and",shooed,us along to church . I was so impressed with Aaron 's,"entire mission , and he spoke sharply as he turned and shooed us along to church . I was so impressed with Aaron 's"
mgc0933,mg0486,boo,booing,11,4160229,2013,2010,FIC,Bk:WhenDevilDoesnt,leather pants with red face paint . Before the crowd stopped,booing,"and hissing , the man started to yell . He seemed unsure","leather pants with red face paint . Before the crowd stopped booing and hissing , the man started to yell . He seemed unsure"
mgc0934,mg0357,boo,booing,41,10291,1952,1950,FIC,CryChildren,shirt with something like a bloodstain . The laughter and the,booing,came to me through the loudspeaker ; the musicians packed up,shirt with something like a bloodstain . The laughter and the booing came to me through the loudspeaker ; the musicians packed up
mgc0935,mg0121,boo,booed,205,23836,1966,1960,FIC,Harpers,"#while Charles Laughton , as Inspector Javert , would be",booed,"until , in the climactic scene in which he removes his uniform","#while Charles Laughton , as Inspector Javert , would be booed until , in the climactic scene in which he removes his uniform"
mgc0936,mg0990,shoo,shooed,182,10776,1988,1980,FIC,MitlaPass,kitchen table . Val served him some cake and juice and,shooed,the neighbors out . He was too exhaustedto chew . Gideon pulled,kitchen table . Val served him some cake and juice and shooed the neighbors out . He was too exhaustedto chew . Gideon pulled
mgc0937,mg1400,wow,wowing,25,491914,1945,1940,MAG,SatEvePost,#his birds appear by courtesy of The Bulletin and are,wowing,"them at the rate of 30,000 a year . When the Pigeon","#his birds appear by courtesy of The Bulletin and are wowing them at the rate of 30,000 a year . When the Pigeon"
mgc0938,mg0632,boo,boos,159,728691,1970,1970,NEWS,Chicago,to speak to the audience about peace . Drowned Out by,Boos,"The Very Rev. John Cortelyou , university president , announced","to speak to the audience about peace . Drowned Out by Boos The Very Rev. John Cortelyou , university president , announced"
mgc0939,mg1292,shoo,shoos,7,4167185,2017,2010,FIC,Analog,", but none of the equipment is recognizable . # Nagkmur",shoos,"her away and sits her by the table , where he questions",", but none of the equipment is recognizable . # Nagkmur shoos her away and sits her by the table , where he questions"
mgc0940,mg0391,boo,booing,15,245014,1964,1960,MAG,Time,"about the parade grounds in the Georgetown capital-heckling ,",booing,and shouting obscenities . When the last East Indian speaker,"about the parade grounds in the Georgetown capital-heckling , booing and shouting obscenities . When the last East Indian speaker"
mgc0941,mg0075,boo,booed,162,493006,1947,1940,MAG,NewRepublic,#accepting speaking engagements for the first time since he was,booed,off the stage at the 1944 Democratic convention at Dallas . He,#accepting speaking engagements for the first time since he was booed off the stage at the 1944 Democratic convention at Dallas . He
mgc0942,mg1411,wow,wowing,9,668304,1982,1980,NEWS,Boston,#. For persons born around the time Fidel Castro was,wowing,"gullible intellectuals at Harvard , some explanation is","#. For persons born around the time Fidel Castro was wowing gullible intellectuals at Harvard , some explanation is"
mgc0943,mg0858,shoo,shooed,230,586890,1894,1890,MAG,Atlantic,"toward her ; we threatened her with sticks ; we """,shooed,""" at her with demonstrations that would have quickly driven away","toward her ; we threatened her with sticks ; we "" shooed "" at her with demonstrations that would have quickly driven away"
mgc0944,mg1450,wow,wows,19,13311,1988,1980,FIC,Play:StickHorse,. You might like the ditch. We're the lawnchair club at the pow,wows,now. The slow dance at Factor's. (JAKE HOLDS HER IN HIS,. You might like the ditch. We're the lawnchair club at the pow wows now. The slow dance at Factor's. (JAKE HOLDS HER IN HIS
mgc0945,mg0110,boo,booed,235,493494,1962,1960,MAG,NewRepublic,#sat placidly rolling her own cigarettes . Periodically the sea,booed,", hissed , applauded , stood up and sat down . It","#sat placidly rolling her own cigarettes . Periodically the sea booed , hissed , applauded , stood up and sat down . It"
mgc0946,mg0497,boo,boos,36,4868,1907,1900,FIC,Convert,go to them . We shall never leave off ' (,boos,and groans ) ' till they leave office . Then we 'll,go to them . We shall never leave off ' ( boos and groans ) ' till they leave office . Then we 'll
mgc0947,mg0335,boo,booing,117,155067,1938,1930,MAG,Time,"student magazines and meetings , once belabored a dozen",booing,undergraduates with his umbrella . # Three years ago City,"student magazines and meetings , once belabored a dozen booing undergraduates with his umbrella . # Three years ago City"
mgc0948,mg0109,boo,booed,67,311088,1962,1960,MAG,Time,"#scientific . Rushed around New York City , he was",booed,by floor traders at the Stock Exchange and replied that he had,"#scientific . Rushed around New York City , he was booed by floor traders at the Stock Exchange and replied that he had"
mgc0949,mg0130,boo,booed,270,275221,1968,1960,MAG,Time,#role of Uncle Tom in a Budapest cafe and is,booed,". Still , he rejects a standing offer to throw the championship","#role of Uncle Tom in a Budapest cafe and is booed . Still , he rejects a standing offer to throw the championship"
mgc0950,mg0255,boo,booed,275,394394,2004,2000,MAG,USNWR,"#ask a question , some colleagues applauded , and others",booed,". Their reaction prompted Nixon to ask , "" Are you running","#ask a question , some colleagues applauded , and others booed . Their reaction prompted Nixon to ask , "" Are you running"
mgc0951,mg1219,shoo,shooing,46,4087085,2010,2010,NEWS,CSMonitor,brick highrises teeter over donkey-carts and street vendors,shooing,flies from fish pulled from the nearby Mediterranean . A,brick highrises teeter over donkey-carts and street vendors shooing flies from fish pulled from the nearby Mediterranean . A
mgc0952,mg0614,boo,boos,220,774213,1967,1960,NF/ACAD,FartherShorePolitics,"of , say , Mrs. Roosevelt is mentioned , the audience",boos,", when Ike is mentioned it hisses , and with Goldwater it","of , say , Mrs. Roosevelt is mentioned , the audience boos , when Ike is mentioned it hisses , and with Goldwater it"
mgc0953,mg0158,boo,booed,73,732001,1975,1970,NEWS,Chicago,"#e s , Yankees -- no . "" They were",booed,by some arida. tors.,"#e s , Yankees -- no . "" They were booed by some arida. tors."
mgc0954,mg0545,boo,boos,43,12120,1942,1940,FIC,Play:LordNelsonNaval,American But Hitler 's white like me ! ( There are,boos,and hisses . During this people have begun to crawl towards the,American But Hitler 's white like me ! ( There are boos and hisses . During this people have begun to crawl towards the
mgc0955,mg0222,boo,booed,86,354905,1996,1990,MAG,Time,"#I 've got compromise fatigue . "" The voter was",booed,down .,"#I 've got compromise fatigue . "" The voter was booed down ."
mgc0956,mg0310,boo,booing,30,23147,1930,1930,FIC,Harpers,I had been led to expect . There was hissing and,booing,"at the end of the first act , and only the personal","I had been led to expect . There was hissing and booing at the end of the first act , and only the personal"
mgc0957,mg0377,boo,booing,180,1048119,1955,1950,TV/MOV,The Girl in the Red ...,"- [Barkers_Shouting] - Fellas , fellas . - [Crowd_Clamoring] ,",Booing,"- [Whistles] - Fellas , fellas , fellas . - [Clamoring_Stops] -","- [Barkers_Shouting] - Fellas , fellas . - [Crowd_Clamoring] , Booing - [Whistles] - Fellas , fellas , fellas . - [Clamoring_Stops] -"
mgc0958,mg0066,boo,booed,9,10193,1945,1940,FIC,Upstart,#he was too drunk to hit the mark -- he,booed,and catcalled every time Penny appeared on the stage . The other,#he was too drunk to hit the mark -- he booed and catcalled every time Penny appeared on the stage . The other
mgc0959,mg1218,shoo,shooing,160,5229035,2009,2000,TV/MOV,Psych,here . Shoo . And we 're shooing . We 're,shooing,. We 're shooing . Auf wiedersehen . Sweet . You heard,here . Shoo . And we 're shooing . We 're shooing . We 're shooing . Auf wiedersehen . Sweet . You heard
mgc0960,mg1091,shoo,shooing,3,2766,1893,1890,FIC,StringAmberBeads,descended upon the fair territory of my garden . As for,shooing,"a chicken off , my dear , when its gigantic intellect is","descended upon the fair territory of my garden . As for shooing a chicken off , my dear , when its gigantic intellect is"
mgc0961,mg0003,boo,booed,53,4868,1907,1900,FIC,Convert,"#interchange went on for several minutes , while the crowd",booed,at the bald-headed Labourite for his mistaken enthusiasm .,"#interchange went on for several minutes , while the crowd booed at the bald-headed Labourite for his mistaken enthusiasm ."
mgc0962,mg0786,ooh,oohed,12,4166089,2016,2010,FIC,Bk:DaughterAshes,"and kitchen area , waxed poetic about the screened-in porch and",oohed,and ahed over what the realtor 's listing described as a charming,"and kitchen area , waxed poetic about the screened-in porch and oohed and ahed over what the realtor 's listing described as a charming"
mgc0963,mg0659,boo,boos,196,490800,1978,1970,MAG,NewYorker,"Brooklyn welcome , "" the room erupted in a frenzy of",boos,", cheers , shouts , and whistles . Thirty-odd demonstrators","Brooklyn welcome , "" the room erupted in a frenzy of boos , cheers , shouts , and whistles . Thirty-odd demonstrators"
mgc0964,mg0722,boo,boos,234,51658,2006,2000,FIC,SouthernRev,"over in his pickup truck , our audience burned him with",boos,". He only waved his hands toward his face , as if","over in his pickup truck , our audience burned him with boos . He only waved his hands toward his face , as if"
mgc0965,mg1447,wow,wows,16,13311,1988,1980,FIC,Play:StickHorse,Oklahoma -- from these northeast hills to the flat prairie -- following rodeos and pow,wows,. I could smell the ripe hay along the road. (THE SPIRIT-DANCERS IN,Oklahoma -- from these northeast hills to the flat prairie -- following rodeos and pow wows . I could smell the ripe hay along the road. (THE SPIRIT-DANCERS IN
mgc0966,mg0684,boo,boos,120,2647058,1987,1980,TV/MOV,Miami Vice,"Miami 's own Hector "" Bazooka "" Hidalgo ! Cheers ,",Boos,"Hector "" Bazooka "" Hidalgol You guys know what goes on and","Miami 's own Hector "" Bazooka "" Hidalgo ! Cheers , Boos Hector "" Bazooka "" Hidalgol You guys know what goes on and"
mgc0967,mg0528,boo,boos,12,702559,1937,1930,NEWS,Chicago,Thompson and Mayor Hall . The mayor was met with mingled,boos,and applause . Hall 's opening remarks were drowned out with,Thompson and Mayor Hall . The mayor was met with mingled boos and applause . Hall 's opening remarks were drowned out with
mgc0968,mg1062,shoo,shooed,29,4112027,2012,2010,MAG,Smithsonian,. When the owners of Antojitos Carmen got tired of being,shooed,"away , the Boyle Heights taco table , famous for its Mexico",". When the owners of Antojitos Carmen got tired of being shooed away , the Boyle Heights taco table , famous for its Mexico"
mgc0969,mg0909,shoo,shooed,229,10122,1939,1930,FIC,BigSleep,got a nice clean manly little room in there . He,shooed,you out and locked it up when he had lady visitors .,got a nice clean manly little room in there . He shooed you out and locked it up when he had lady visitors .
mgc0970,mg0030,boo,booed,176,469460,1934,1930,MAG,Harpers,#. Street meetings attracted meager audiences which either,booed,or threw bottles . In the working-class sections Mosley and his,#. Street meetings attracted meager audiences which either booed or threw bottles . In the working-class sections Mosley and his
mgc0971,mg0168,boo,booed,280,733381,1977,1970,NEWS,Chicago,"#, too . And called the fight . The crowd",booed,. Thunder shook his head again ? this time in defeat .,"#, too . And called the fight . The crowd booed . Thunder shook his head again ? this time in defeat ."
mgc0972,mg0149,boo,booed,289,103837,1972,1970,MAG,SportsIll,#docs not tip his cap : a ) he is,booed,; b ) he becomes manager of the Texas Rangers . //,#docs not tip his cap : a ) he is booed ; b ) he becomes manager of the Texas Rangers . //
mgc0973,mg0553,boo,boos,118,1038343,1946,1940,TV/MOV,Bedlam,Colby . He fell trying to escape . Some of our,boos,have n't sense enough to keep safe behind their bars . Where,Colby . He fell trying to escape . Some of our boos have n't sense enough to keep safe behind their bars . Where
mgc0974,mg0323,boo,booing,85,16341,1935,1930,FIC,Mov:NightAtOperaA,stage - reacts as something is thrown at him - Audience,booing,o.s. - 100B LS - Laspary crossing right and exiting into wings,stage - reacts as something is thrown at him - Audience booing o.s. - 100B LS - Laspary crossing right and exiting into wings
mgc0975,mg1074,shoo,shooed,198,4161123,2015,2010,FIC,Bk:OtherDaughterNovel,"sort of governess might have told them no , might have",shooed,them away back to the nursery . But Rachel had never seen,"sort of governess might have told them no , might have shooed them away back to the nursery . But Rachel had never seen"
mgc0976,mg0031,boo,booed,221,700797,1934,1930,NEWS,NYT-Reg,"#of more than hundred . persons , most of whom",booed,workers leaving the Grant Mill of the B. B. and R. Knight,"#of more than hundred . persons , most of whom booed workers leaving the Grant Mill of the B. B. and R. Knight"
mgc0977,mg0529,boo,boos,15,256697,1938,1930,MAG,Time,anti-Nazis interrupted his dinner at Bund headquarters with,boos,"and brickbats , bum's-rushed him fuming out of town .","anti-Nazis interrupted his dinner at Bund headquarters with boos and brickbats , bum's-rushed him fuming out of town ."
mgc0978,mg0740,boo,boos,98,4191061,2016,2010,NEWS,Chicago Tribune,an environment where even more popular Democrats were met with,boos,from dissatisfied Sanders delegates . # It was even somewhat,an environment where even more popular Democrats were met with boos from dissatisfied Sanders delegates . # It was even somewhat
mgc0979,mg0175,boo,booed,222,670896,1981,1980,NEWS,NYT,"#ll miss Lynn and Burleson and Fisk , but they",booed,' em when they didn ' t perform . The fans say,"#ll miss Lynn and Burleson and Fisk , but they booed ' em when they didn ' t perform . The fans say"
mgc0980,mg1359,wow,wowed,59,5221019,2003,2000,TV/MOV,The Lizzie McGuire Movie,#Isabella goes blond . Italian pop duo Paolo and Isabella,wowed,"the crowd outside a shop near the Trevi Fountain , showing off","#Isabella goes blond . Italian pop duo Paolo and Isabella wowed the crowd outside a shop near the Trevi Fountain , showing off"
mgc0981,mg0899,shoo,shooed,224,10026,1932,1930,FIC,IJamesLewis,"with moral abasement , rose over the girl 's shoulder and",shooed,us back . He began then and there to lecture us all,"with moral abasement , rose over the girl 's shoulder and shooed us back . He began then and there to lecture us all"
mgc0982,mg0796,ooh,oohing,15,25007,1993,1990,FIC,DirtyWork,after he 'd grown up . And people would still be,oohing,and ahhing over his beautiful blue eyes . She had n't wanted,after he 'd grown up . And people would still be oohing and ahhing over his beautiful blue eyes . She had n't wanted
mgc0983,mg0924,shoo,shooed,163,10293,1952,1950,FIC,WorksLove,"the newspaper over his face , and she ate chocolates and",shooed,the flies off his big hands . They were red on the,"the newspaper over his face , and she ate chocolates and shooed the flies off his big hands . They were red on the"
mgc0984,mg0791,ooh,oohing,12,10461,1965,1960,FIC,DoLordRemember,We got in there and she looked all around at everything,oohing,and aahing . Like I had asked her into my living room,We got in there and she looked all around at everything oohing and aahing . Like I had asked her into my living room
mgc0985,mg0832,ooh,oohs,16,780037,1983,1980,FIC,Changes,"beau. She didn't want to end up like Mel. "" She just",oohs,"and coos and smiles at them all in the halls at school, and I","beau. She didn't want to end up like Mel. "" She just oohs and coos and smiles at them all in the halls at school, and I"
mgc0986,mg0365,boo,booing,91,129839,1954,1950,MAG,SportsIll,"from hundreds of miles , were gentle . There was little",booing,of the dying gods . Most of them knew -- the Yankees,"from hundreds of miles , were gentle . There was little booing of the dying gods . Most of them knew -- the Yankees"
mgc0987,mg0433,boo,booing,106,125224,1984,1980,MAG,SportsIll,bout in Munich . // Biggs was more hurt by the,booing,"than by Damiani 's punches . "" What do they want from","bout in Munich . // Biggs was more hurt by the booing than by Damiani 's punches . "" What do they want from"
mgc0988,mg1373,wow,wowed,81,4084087,2010,2010,MAG,VegTimes,"#meal that a homesick expat vegified , the dishes that",wowed,us and the stories behind them will win you over too .,"#meal that a homesick expat vegified , the dishes that wowed us and the stories behind them will win you over too ."
mgc0989,mg1446,wow,wows,15,670176,1987,1980,NEWS,WallStJrnl,"Gephardt woos key Biden supporters, lavishing praise on him in public appearances. Jackson",wows,"white audiences in Iowa and Democratic National Committee members in Washington, but he and","Gephardt woos key Biden supporters, lavishing praise on him in public appearances. Jackson wows white audiences in Iowa and Democratic National Committee members in Washington, but he and"
mgc0990,mg0664,boo,boos,18,16260,1980,1980,FIC,Mov:RagingBull,"the matter with you , you motherfucker ? Hit me !",Boos,and catcalls echo through the Garden . This is not even a,"the matter with you , you motherfucker ? Hit me ! Boos and catcalls echo through the Garden . This is not even a"
mgc0991,mg0621,boo,boos,91,727716,1969,1960,NEWS,NYT-Reg,"f Or : "" There were some cheers and a few",boos,for Mr. Lindsay as he began his campaign a few hours later,"f Or : "" There were some cheers and a few boos for Mr. Lindsay as he began his campaign a few hours later"
mgc0992,mg0868,shoo,shooed,212,3136,1910,1910,FIC,EmigrantTrail,looked over their shoulders radiating proud content . Then she,shooed,"them out and went about her work of "" redding up ,","looked over their shoulders radiating proud content . Then she shooed them out and went about her work of "" redding up ,"
mgc0993,mg0010,boo,booed,7,220464,1926,1920,MAG,Time,"#) , by Laborite M. P. 's who cat-called and",booed,among themselves while a message from the King was read . #,"#) , by Laborite M. P. 's who cat-called and booed among themselves while a message from the King was read . #"
mgc0994,mg1076,shoo,shooed,2,4199138,2017,2010,FIC,Analog,"when they fear we will eat them ? "" She absently",shooed,a cub away front the four mammaries on her belly . #,"when they fear we will eat them ? "" She absently shooed a cub away front the four mammaries on her belly . #"
mgc0995,mg0765,ooh,oohed,24,431602,1959,1950,MAG,NatGeog,"twenty or so untries that I had visited , they """,oohed,""" and hed "" with envy . "" We are glad that","twenty or so untries that I had visited , they "" oohed "" and hed "" with envy . "" We are glad that"
mgc0996,mg1406,wow,wowing,26,210833,1966,1960,MAG,Time,"#City , Rome , Bonn and Geneva . Batoman is",wowing,them on TV in Tokyo and playing in Buenos Aires and London,"#City , Rome , Bonn and Geneva . Batoman is wowing them on TV in Tokyo and playing in Buenos Aires and London"
mgc0997,mg0398,boo,booing,71,99544,1967,1960,MAG,SportsIll,crowd booing -- and if you think the one they 're,booing,"is the player , then you have n't been to a ball","crowd booing -- and if you think the one they 're booing is the player , then you have n't been to a ball"
mgc0998,mg0997,shoo,shooed,30,424053,1992,1990,MAG,NatlParks,the park from 1981 to 1991 . After the bruin was,shooed,"away , the waterlogged guests considered the incident humorous","the park from 1981 to 1991 . After the bruin was shooed away , the waterlogged guests considered the incident humorous"
mgc0999,mg0138,boo,booed,281,273726,1969,1960,MAG,Time,#apprenticeship restrictions that deny jobs to Negroes . They,booed,. When he urged building workers to increase their productivity,#apprenticeship restrictions that deny jobs to Negroes . They booed . When he urged building workers to increase their productivity
mgc1000,mg0366,boo,booing,14,10336,1955,1950,FIC,BangDrumSlowly,"like I thought booing was a compliment , and they stopped",booing,"and laughed , and I warmed with Jonah and went in in","like I thought booing was a compliment , and they stopped booing and laughed , and I warmed with Jonah and went in in"
mgc1001,mg0293,boo,booing,137,485038,1900,1900,MAG,Nation,this is about twice the size of the corresponding portion of,Booing,'s work . This increase is in part the result of the,this is about twice the size of the corresponding portion of Booing 's work . This increase is in part the result of the
mgc1002,mg0555,boo,boos,250,170315,1946,1940,MAG,Time,"of the coming heavyweight fight , and was drowned out by",boos,". The day before , Manhattan police raided the Jacobs Ticket","of the coming heavyweight fight , and was drowned out by boos . The day before , Manhattan police raided the Jacobs Ticket"
mgc1003,mg1084,shoo,shooed,35,5003152,2019,2010,FIC,SouthernRev,". Still , Lorenzo , the elder , could n't be",shooed,"away . # Juan said he 'd wait for their parents ,",". Still , Lorenzo , the elder , could n't be shooed away . # Juan said he 'd wait for their parents ,"
mgc1004,mg1322,wow,wowed,13,340163,1990,1990,MAG,Time,"#the President is providing strong leadership , they are not",wowed,by his habit of substituting rhetoric for action . # So far,"#the President is providing strong leadership , they are not wowed by his habit of substituting rhetoric for action . # So far"
mgc1005,mg1416,wow,wowing,30,606750,1994,1990,NEWS,WashPost,#bids for minor office . The young Kennedys are n't,wowing,"voters . Now comes the third generation of Bushes , clinging to","#bids for minor office . The young Kennedys are n't wowing voters . Now comes the third generation of Bushes , clinging to"
mgc1006,mg0167,boo,booed,242,10628,1977,1970,FIC,Mirkieim,"#"" A part of the listeners cheered , a part",booed,", most stood in troubledmuteness . Never before had the","#"" A part of the listeners cheered , a part booed , most stood in troubledmuteness . Never before had the"
mgc1007,mg0195,boo,booed,59,668951,1988,1980,NEWS,Chicago,#for the last 16 years . I ' ve been,booed,"by 60 , 000 people . "" Ask Judge Bob Thomas what","#for the last 16 years . I ' ve been booed by 60 , 000 people . "" Ask Judge Bob Thomas what"
mgc1008,mg0807,ooh,oohing,17,50424,2005,2000,FIC,FantasySciFi,"double-triplane kite into a towed glider . Peter loved it ,",oohing,and ahhing with a child 's utter confidence that adults would not,"double-triplane kite into a towed glider . Peter loved it , oohing and ahhing with a child 's utter confidence that adults would not"
mgc1009,mg0679,boo,boos,107,378889,1986,1980,MAG,Time,"1969 , when Oh ! Calcutta ! opened to almost universal",boos,"from the critics : the first moon landing , Watergate , gas","1969 , when Oh ! Calcutta ! opened to almost universal boos from the critics : the first moon landing , Watergate , gas"
mgc1010,mg0607,boo,boos,31,725095,1965,1960,NEWS,NYT-Reg,txt Representative John V. Lindsay was greeted with a cascade of,boos,"and cries of "" pinko "" on Wall Street yesterday when be","txt Representative John V. Lindsay was greeted with a cascade of boos and cries of "" pinko "" on Wall Street yesterday when be"
mgc1011,mg1412,wow,wowing,5,299242,1984,1980,MAG,Time,# 299243,Wowing,"big groups and small , Ferraro is suddenly a heroine # Just","# 299243 Wowing big groups and small , Ferraro is suddenly a heroine # Just"
mgc1012,mg0043,boo,booed,72,703763,1939,1930,NEWS,NYT-Reg,#it could not have been a regular commercial transaction .,Booed,by Leftists in London Wireless to THE NEW YORK TIMES . LONDON,#it could not have been a regular commercial transaction . Booed by Leftists in London Wireless to THE NEW YORK TIMES . LONDON
mgc1013,mg0318,boo,booing,195,10027,1932,1930,FIC,MagnoliaStreet,", had come and knocked their heads together and stopped them",booing,. They knew that John Cooper was now away at sea .,", had come and knocked their heads together and stopped them booing . They knew that John Cooper was now away at sea ."
mgc1014,mg0268,boo,booed,104,4120256,2012,2010,FIC,Bk:150Pounds,"#lost to obesity-related cancer a year . "" # Someone",booed,"her , but she ignored it , continuing with her facts :","#lost to obesity-related cancer a year . "" # Someone booed her , but she ignored it , continuing with her facts :"
mgc1015,mg1375,wow,wowed,4,4105101,2011,2010,MAG,CountryLiving,###4105102 Stylist Halligan Smith shares the party tricks that,wowed,at her wedding -- and are sure to upgrade any event .,###4105102 Stylist Halligan Smith shares the party tricks that wowed at her wedding -- and are sure to upgrade any event .
mgc1016,mg0342,boo,booing,68,781944,1941,1940,FIC,CityIllusion,"you sons-a-bitches ! "" He gazed fiercely at hoodlums who were",booing,"him . "" Ladeez and gentamun , we got a grand visiter","you sons-a-bitches ! "" He gazed fiercely at hoodlums who were booing him . "" Ladeez and gentamun , we got a grand visiter"
mgc1017,mg1324,wow,wowed,97,667262,1990,1990,NEWS,USAToday,"#I look back , I find many of my experts",wowed,"' em . Here , in order of appearance , are some","#I look back , I find many of my experts wowed ' em . Here , in order of appearance , are some"
mgc1018,mg0751,boo,boos,54,5004038,2019,2010,FIC,Analog,"usual cheers and wolf whistles , she heard a number of",boos,"and taunts . "" Sleeping on the job , Blaze ? ""","usual cheers and wolf whistles , she heard a number of boos and taunts . "" Sleeping on the job , Blaze ? """
mgc1019,mg0146,boo,booed,174,277885,1971,1970,MAG,Time,#last year proved to be a debacle for Bernstein-he was,booed,"on the podium , picketed by the Jewish Defense League ,","#last year proved to be a debacle for Bernstein-he was booed on the podium , picketed by the Jewish Defense League ,"
mgc1020,mg0088,boo,booed,272,10285,1952,1950,FIC,Sybil,#earn his daily wages doing a routine job . They,booed,". The bull was at the horse now , and Matagatos came","#earn his daily wages doing a routine job . They booed . The bull was at the horse now , and Matagatos came"
mgc1021,mg0108,boo,booed,209,204858,1960,1960,MAG,Time,#ceremonies at a state trucking association meeting was roundly,booed,when he asked members to join him in a rollicking chorus of,#ceremonies at a state trucking association meeting was roundly booed when he asked members to join him in a rollicking chorus of
mgc1022,mg0521,boo,boos,86,701483,1935,1930,NEWS,NYT-Reg,"man , your friend and mine , "" he said before",boos,"drowned out his voice , "" spent his own money fighting for","man , your friend and mine , "" he said before boos drowned out his voice , "" spent his own money fighting for"
mgc1023,mg0989,shoo,shooed,136,773646,1988,1980,NF/ACAD,WorldWithinWorld,by strange affinities and incantations : oratory was at last,shooed,out of the laboratory . This approach was only completed in the,by strange affinities and incantations : oratory was at last shooed out of the laboratory . This approach was only completed in the
mgc1024,mg0324,boo,booing,1,10078,1936,1930,FIC,GoneWithWind,but the chief did n't . What the hell are they,booing,"about ? he said , No cop would tell him , so","but the chief did n't . What the hell are they booing about ? he said , No cop would tell him , so"
mgc1025,mg0780,ooh,oohed,2,36663,2009,2000,FIC,Unseen,"she told them , "" Lucky , "" and they generally",oohed,and aahed and said what a great name it was . #,"she told them , "" Lucky , "" and they generally oohed and aahed and said what a great name it was . #"
mgc1026,mg0806,ooh,oohing,10,26583,2005,2000,FIC,HissyFit,"teas , enough sappy wedding showers , enough family and friends",oohing,and aahing over the perfect couple . A.J. had had enough too,"teas , enough sappy wedding showers , enough family and friends oohing and aahing over the perfect couple . A.J. had had enough too"
mgc1027,mg1308,wow,wowed,9,722812,1962,1960,NEWS,WallStJrnl,#made three speeches in the state several months ago and,wowed,"businessmen with his economic views . "" There are people","#made three speeches in the state several months ago and wowed businessmen with his economic views . "" There are people"
mgc1028,mg0629,boo,boos,105,728691,1970,1970,NEWS,Chicago,The exit of the demonstrators was met by mixed applause and,boos,"from the audience of 10,000 attending the commencement .","The exit of the demonstrators was met by mixed applause and boos from the audience of 10,000 attending the commencement ."
mgc1029,mg0445,boo,booing,171,5221078,1990,1990,TV/MOV,Rocky V,"... turbocharged . Tommy "" The Machine "" Gunn ! (",booing,", somecheering ) Looks like the fans are unhappy with Tommy Gunn","... turbocharged . Tommy "" The Machine "" Gunn ! ( booing , somecheering ) Looks like the fans are unhappy with Tommy Gunn"
mgc1030,mg0038,boo,booed,148,454773,1937,1930,MAG,Atlantic,#all used up on the first one . The public,booed,me to the skies ; but somehow or other I managed to,#all used up on the first one . The public booed me to the skies ; but somehow or other I managed to
mgc1031,mg0207,boo,booed,269,53495,1991,1990,FIC,SouthernRev,#who compared ironing to the joys of sex and got,booed,. Once she read Goody a letter the woman had sent her,#who compared ironing to the joys of sex and got booed . Once she read Goody a letter the woman had sent her
mgc1032,mg1229,shoo,shooing,8,4161304,2015,2010,FIC,Bk:DeadlyAffairAt,across her face and she waves her right hand as if,shooing,"a fly . "" Jenny 's not here ? "" Her voice","across her face and she waves her right hand as if shooing a fly . "" Jenny 's not here ? "" Her voice"
mgc1033,mg0543,boo,boos,264,149625,1940,1940,MAG,Time,", Michigan automobile workers who greeted him with",boos,. # Concrete proposals in the Willkie case : # Taxation .,", Michigan automobile workers who greeted him with boos . # Concrete proposals in the Willkie case : # Taxation ."
mgc1034,mg0764,ooh,oohed,21,187277,1957,1950,MAG,Time,to U.S. Model Suzy Parker . Dallas was frankly overwhelmed .,Oohed,"one Southern Methodist University coed : "" Gee . I hardly know","to U.S. Model Suzy Parker . Dallas was frankly overwhelmed . Oohed one Southern Methodist University coed : "" Gee . I hardly know"
mgc1035,mg0613,boo,boos,121,14322,1967,1960,FIC,Play:MelodramaPlay,"so very blue (He stomps his foot , the band",boos,"him , DUKE gives them the finger , DANA enters with scissors.","so very blue (He stomps his foot , the band boos him , DUKE gives them the finger , DANA enters with scissors."
mgc1036,mg1288,shoo,shoos,36,4090068,2010,2010,FIC,Bk:FatherRain,"They circle around us , tails thwapping , and my father",shoos,them out into the dining room and shuts the door . Then,"They circle around us , tails thwapping , and my father shoos them out into the dining room and shuts the door . Then"
mgc1037,mg0354,boo,booing,156,16593,1949,1940,FIC,Mov:SetUpThe,lands an inch under the belt . A few fans start,booing,", but the gong drowns them out . Stoker looks at the","lands an inch under the belt . A few fans start booing , but the gong drowns them out . Stoker looks at the"
mgc1038,mg1104,shoo,shooing,113,4451,1922,1920,FIC,HiddenGold,"You know , father , I never could wax enthusiastic over",shooing,"the cows to roost and things like that . "" "" Um","You know , father , I never could wax enthusiastic over shooing the cows to roost and things like that . "" "" Um"
mgc1039,mg0837,ooh,oohs,21,419037,1994,1990,MAG,ChristCentury,"125,000 CDs sold -- from 1992 to 1993. The man who prompts the """,oohs,""" and "" ahs "" began his musical career as a choirboy at Highgate School","125,000 CDs sold -- from 1992 to 1993. The man who prompts the "" oohs "" and "" ahs "" began his musical career as a choirboy at Highgate School"
mgc1040,mg1101,shoo,shooing,98,5699,1921,1920,FIC,WildJusticeStories,", telling the natives beforehand about the photograph , and",shooing,off the children when they come too close to it . The,", telling the natives beforehand about the photograph , and shooing off the children when they come too close to it . The"
mgc1041,mg1197,shoo,shooing,90,50308,2005,2000,FIC,FantasySciFi,"Lorenzo ? "" "" Quite probably . "" He made a",shooing,"motion . She moved to the doorway . "" I was most","Lorenzo ? "" "" Quite probably . "" He made a shooing motion . She moved to the doorway . "" I was most"
mgc1042,mg0993,shoo,shooed,96,10778,1989,1980,FIC,Minotaur,". The Labrador wanted to come with him , but he",shooed,it back and latched the gate behind him . He opened his,". The Labrador wanted to come with him , but he shooed it back and latched the gate behind him . He opened his"
mgc1043,mg0315,boo,booing,154,10027,1932,1930,FIC,MagnoliaStreet,names of De Wet and Cronje arose amid a hissing and,booing,", and the relief of Ladysmith aroused such thunder that you might","names of De Wet and Cronje arose amid a hissing and booing , and the relief of Ladysmith aroused such thunder that you might"
mgc1044,mg0841,ooh,oohs,25,407009,1999,1990,MAG,coca,"close to being a swimsuit issue, you're holding it. Nothing elicits more",oohs,"and ahhs, more envy, more full-contact elbowing around the light box in the","close to being a swimsuit issue, you're holding it. Nothing elicits more oohs and ahhs, more envy, more full-contact elbowing around the light box in the"
mgc1045,mg0325,boo,booing,2,701862,1936,1930,NEWS,NYT-Reg,political feelings . In the crowded Place de l'Opera cheers and,booing,alternated and a strong force of Mobile Guards was on hand .,political feelings . In the crowded Place de l'Opera cheers and booing alternated and a strong force of Mobile Guards was on hand .
mgc1046,mg0385,boo,booing,104,204861,1960,1960,MAG,Time,"front-office job from 1957 to 1960 . "" Mickey finds the",booing,terribly hard to take . He becomes defiant and throws bats and,"front-office job from 1957 to 1960 . "" Mickey finds the booing terribly hard to take . He becomes defiant and throws bats and"
mgc1047,mg0640,boo,boos,249,10542,1971,1970,FIC,MerryMonthMay,to a smattering ofp182applause and a great number of derisive,boos,". The blond boy beat his gavel and recognized someone else ,","to a smattering ofp182applause and a great number of derisive boos . The blond boy beat his gavel and recognized someone else ,"
mgc1048,mg0971,shoo,shooed,189,10636,1978,1970,FIC,Whistle,while Billy talked about the company until the nurse came and,shooed,them all away . Inwardly Winch was cursing savagely . All of,while Billy talked about the company until the nurse came and shooed them all away . Inwardly Winch was cursing savagely . All of
mgc1049,mg1338,wow,wowed,23,399276,1999,1990,MAG,TechReview,"#accounts of the incident , however , he was n't",wowed,"by the mere existence of scanner technology , which has been","#accounts of the incident , however , he was n't wowed by the mere existence of scanner technology , which has been"
mgc1050,mg0941,shoo,shooed,110,492185,1964,1960,MAG,SatEvePost,"Hilton Hotel , cro Jed with commercial trwelers , and Bob",shooed,me its dimly lighted Golden Cit ? Bar . As %e drove,"Hilton Hotel , cro Jed with commercial trwelers , and Bob shooed me its dimly lighted Golden Cit ? Bar . As %e drove"
mgc1051,mg0736,boo,boos,151,4133039,2015,2010,NEWS,Atlanta,the nomination . He raised his hand and shrugged as the,boos,"rained down . "" I can not say , "" Trump said","the nomination . He raised his hand and shrugged as the boos rained down . "" I can not say , "" Trump said"
mgc1052,mg0768,ooh,oohed,16,10518,1969,1960,FIC,SickFriends,mentioned four times a day that she loved him . She,oohed,and cooed in bed . Her morning breath had never been the,mentioned four times a day that she loved him . She oohed and cooed in bed . Her morning breath had never been the
mgc1053,mg0412,boo,booing,45,287156,1976,1970,MAG,Time,"Wagner himself designed , and they brought on a storm of",booing,deep and raw . A few people both booed and clapped at,"Wagner himself designed , and they brought on a storm of booing deep and raw . A few people both booed and clapped at"
mgc1054,mg0704,boo,boos,174,45835,2001,2000,FIC,FantasySciFi,them to make them look good . There are a few,boos,"when I return to my comer . I feel Jimmy Riley ,","them to make them look good . There are a few boos when I return to my comer . I feel Jimmy Riley ,"
mgc1055,mg0565,boo,boos,84,773925,1950,1950,NF/ACAD,FieldBrokenStones,", my weight hung on it . B000000 B0000000000 .... Loud",boos,"descended from the tier-walks above us , B00000 . . . then",", my weight hung on it . B000000 B0000000000 .... Loud boos descended from the tier-walks above us , B00000 . . . then"
mgc1056,mg0477,boo,booing,108,118301,2007,2000,MAG,SportsIll,underscored by dozens of smaller ones each year : Eagles fans,booing,the choice of Donovan McNabb over Heisman Trophy winner Ricky,underscored by dozens of smaller ones each year : Eagles fans booing the choice of Donovan McNabb over Heisman Trophy winner Ricky
mgc1057,mg1350,wow,wowed,100,416772,2001,2000,MAG,Astronomy,"#then you 'll see dark . "" The crowd was",wowed,". For Dobson , the party was clearly just an excuse to","#then you 'll see dark . "" The crowd was wowed . For Dobson , the party was clearly just an excuse to"
mgc1058,mg1244,shoo,shooing,86,5250078,2018,2010,FIC,Fan Fic,"Nor 's presence made her agitated , and she made a",shooing,"motion towards the girl , who darted out of the room and","Nor 's presence made her agitated , and she made a shooing motion towards the girl , who darted out of the room and"
mgc1059,mg0309,boo,booing,10,697413,1930,1930,NEWS,NYT-Reg,followed the three t from the Tombs to the court house,booing,and hissing the angry judge . It was learned on good authority,followed the three t from the Tombs to the court house booing and hissing the angry judge . It was learned on good authority
mgc1060,mg1042,shoo,shooed,210,28035,2005,2000,FIC,Coil,". When the small group reached the psychology building , she",shooed,them on their way . One young man was particularly sweet .,". When the small group reached the psychology building , she shooed them on their way . One young man was particularly sweet ."
mgc1061,mg0455,boo,booing,167,16177,1995,1990,FIC,Mov:Virtuosity,forget her face is now 40 feet high . FANS are,booing,", or cheering , depending on their mood . An EMCEE stands","forget her face is now 40 feet high . FANS are booing , or cheering , depending on their mood . An EMCEE stands"
mgc1062,mg0120,boo,booed,128,211333,1966,1960,MAG,Time,"#abuse . # "" The first time I was ever",booed,"in my life was with the Cowboys , "" says Meredith .","#abuse . # "" The first time I was ever booed in my life was with the Cowboys , "" says Meredith ."
mgc1063,mg0964,shoo,shooed,202,10601,1975,1970,FIC,BeyondBedroomWall,". A crowd had gathered behind Nearchose . He turned ,",shooed,"them away . "" Nothing to see . Everything 's okay .",". A crowd had gathered behind Nearchose . He turned , shooed them away . "" Nothing to see . Everything 's okay ."
mgc1064,mg0498,boo,boos,179,678106,1908,1900,NEWS,NYT-Reg,"Once , and It evoked a mixture of howls and """,boos,""" from all over the hall , with wild shouts of approval","Once , and It evoked a mixture of howls and "" boos "" from all over the hall , with wild shouts of approval"
mgc1065,mg1438,wow,wows,7,10455,1965,1960,FIC,AnAmericanDream,"poco, I started to trundle along on Bess's extra ventures. They were",wows,. Had to talk my way out of a bad place or two -- Bess,"poco, I started to trundle along on Bess's extra ventures. They were wows . Had to talk my way out of a bad place or two -- Bess"
mgc1066,mg0116,boo,booed,43,724325,1964,1960,NEWS,NYT-Reg,"#the day was at Fordham University , where he was",booed,"as well as cheered . Smiling , he told ' a crowd","#the day was at Fordham University , where he was booed as well as cheered . Smiling , he told ' a crowd"
mgc1067,mg0651,boo,boos,48,732697,1976,1970,NEWS,Chicago,marred his appearance at a suburban shopping center with,boos,"and jeers . In what Mayor Daley called "" the greatest salute","marred his appearance at a suburban shopping center with boos and jeers . In what Mayor Daley called "" the greatest salute"
mgc1068,mg1278,shoo,shoos,37,16065,1983,1980,FIC,Mov:TradingPlaces,"him go . Randolph smiles at the gawking employees , and",shoos,them out . RANDOLPH (continuing ; full of false compassion ),"him go . Randolph smiles at the gawking employees , and shoos them out . RANDOLPH (continuing ; full of false compassion )"
mgc1069,mg1424,wow,wowing,16,623884,2005,2000,NEWS,SanFran,#in the historic Fuller Building on Madison Avenue . #,Wowing,the crowd were must-have delights from Bonhams ' upcoming,#in the historic Fuller Building on Madison Avenue . # Wowing the crowd were must-have delights from Bonhams ' upcoming
mgc1070,mg0544,boo,boos,232,492248,1941,1940,MAG,SatEvePost,customers raised the roof of Briggs Stadium with violent,boos,. Greenberg threatened to beat Ruth 's record down to the final,customers raised the roof of Briggs Stadium with violent boos . Greenberg threatened to beat Ruth 's record down to the final
mgc1071,mg1053,shoo,shooed,109,4090195,2010,2010,FIC,Bk:DeadHead,"jeans , held the diner 's screen door open , and",shooed,"me inside . "" C'm on , Linnaeus , "" she said","jeans , held the diner 's screen door open , and shooed me inside . "" C'm on , Linnaeus , "" she said"
mgc1072,mg1405,wow,wowing,6,722812,1962,1960,NEWS,WallStJrnl,#and favoring added incentives for private investment .,Wowing,"Colorado Businessmen In Colorado , which just elected a","#and favoring added incentives for private investment . Wowing Colorado Businessmen In Colorado , which just elected a"
mgc1073,mg0368,boo,booing,31,10336,1955,1950,FIC,BangDrumSlowly,for me . I still did not know what they were,booing,"at , and the paper did not know , neither , some","for me . I still did not know what they were booing at , and the paper did not know , neither , some"
mgc1074,mg1423,wow,wowing,13,648978,2004,2000,NEWS,NYT,"#, wearing a tie and arriving by private plane ,",wowing,"Spielvogel 's teenage secretary . # "" He comes in and first","#, wearing a tie and arriving by private plane , wowing Spielvogel 's teenage secretary . # "" He comes in and first"
mgc1075,mg0284,boo,booed,49,5005036,2018,2010,MAG,ESPN,#. # The New York-born coach is out after being,booed,at home following Wednesday 's loss to Sidigas Avellino . # A,#. # The New York-born coach is out after being booed at home following Wednesday 's loss to Sidigas Avellino . # A
mgc1076,mg1394,wow,wowed,88,5021046,2018,2010,NEWS,USA TODAY,#nominee Sara Bareilles received the Johnny Mercer Award and,wowed,"with her performance onstage . # Mellencamp sang "" Jack and","#nominee Sara Bareilles received the Johnny Mercer Award and wowed with her performance onstage . # Mellencamp sang "" Jack and"
mgc1077,mg1170,shoo,shooing,55,25010,1993,1990,FIC,StainlessSteel,", where she could keep watch in a nearby room ,",shooing,her granddaughter back into a lighted parlor whenever she,", where she could keep watch in a nearby room , shooing her granddaughter back into a lighted parlor whenever she"
mgc1078,mg1287,shoo,shoos,20,4076249,2010,2010,FIC,Read,"check myself , but Thatha does n't get angry . He",shoos,me away when I thank him . Narr 3 : Amma waits,"check myself , but Thatha does n't get angry . He shoos me away when I thank him . Narr 3 : Amma waits"
mgc1079,mg1364,wow,wowed,56,780501,2004,2000,FIC,Mov:BatmanYearOne,"#SUPER COP ' . ANCHOR , BRIAN Detective James Gordon",wowed,the city of Gotham by single-handedly rescuing a small child,"#SUPER COP ' . ANCHOR , BRIAN Detective James Gordon wowed the city of Gotham by single-handedly rescuing a small child"
mgc1080,mg1159,shoo,shooing,22,378619,1985,1980,MAG,Time,"Exocet missiles , are on constant alert , occasionally",shooing,away Iranian intruders . Qaboos has also seen to it that Oman,"Exocet missiles , are on constant alert , occasionally shooing away Iranian intruders . Qaboos has also seen to it that Oman"
mgc1081,mg0034,boo,booed,232,141434,1936,1930,MAG,Time,"#this unprecedented sight , a group of reactionaries hissed ,",booed,", catcalled . # Five minutes later , accompanied by Exchange","#this unprecedented sight , a group of reactionaries hissed , booed , catcalled . # Five minutes later , accompanied by Exchange"
mgc1082,mg1342,wow,wowed,18,622069,2000,2000,NEWS,SanFran,#'s premium Chateauneuf du Pape producers . Connoisseurs will be,wowed,"by the 1996 Chateau St. Jean Cinq Cepages , the Sonoma blend","#'s premium Chateauneuf du Pape producers . Connoisseurs will be wowed by the 1996 Chateau St. Jean Cinq Cepages , the Sonoma blend"
mgc1083,mg0468,boo,booing,164,429174,2002,2000,MAG,SportingNews,the jeers on his first shot . Then he heard more,booing,", louder and louder throughout the game . He finished that","the jeers on his first shot . Then he heard more booing , louder and louder throughout the game . He finished that"
mgc1084,mg0303,boo,booing,116,3457,1914,1910,FIC,AdesFables,"he had been sitting on the Fence for many years ,",booing,"those who tried to saw Wood , his Satellites began coaxing him","he had been sitting on the Fence for many years , booing those who tried to saw Wood , his Satellites began coaxing him"
mgc1085,mg0523,boo,boos,136,16341,1935,1930,FIC,Mov:NightAtOperaA,wig - speaks - turns and goes to b.g. - Audience,boos,o.s. - LASPARY ( o.s . ) Never in my life (,wig - speaks - turns and goes to b.g. - Audience boos o.s. - LASPARY ( o.s . ) Never in my life (
mgc1086,mg0813,ooh,oohing,18,4090158,2010,2010,FIC,Bk:WannaGetLucky?,"opinion . As usual , a crowd clustered under them ,",oohing,and ahhing . Continues ...,"opinion . As usual , a crowd clustered under them , oohing and ahhing . Continues ..."
mgc1087,mg1099,shoo,shooing,115,466902,1918,1910,MAG,Harpers,bet if her town was bombarded she 'd go right on,shooing,the flies out of her kitchen and mopping up her pantry floor,bet if her town was bombarded she 'd go right on shooing the flies out of her kitchen and mopping up her pantry floor
mgc1088,mg0376,boo,booing,122,10336,1955,1950,FIC,BangDrumSlowly,"arm at them and waved and smiled , like I thought",booing,"was a compliment , and they stopped booing and laughed , and","arm at them and waved and smiled , like I thought booing was a compliment , and they stopped booing and laughed , and"
mgc1089,mg0257,boo,booed,226,648988,2005,2000,NEWS,NYT,#you become a distraction . No one likes to be,booed,", and his teammates know he wants to be traded . It","#you become a distraction . No one likes to be booed , and his teammates know he wants to be traded . It"
mgc1090,mg0450,boo,booing,19,14640,1993,1990,FIC,Play:ThreeAmericanisms,to boo too so my voice 'll get lost in the,booing,and they will henceforth get lost and be gone and not notice,to boo too so my voice 'll get lost in the booing and they will henceforth get lost and be gone and not notice
mgc1091,mg0863,shoo,shooed,190,1581,1905,1900,FIC,TalesRoad,for good . The ' hoppers came abuzzin ' But I,shooed,"them all away , Next blew the hot winds furious ; Still","for good . The ' hoppers came abuzzin ' But I shooed them all away , Next blew the hot winds furious ; Still"
mgc1092,mg0491,boo,booing,130,4177085,2016,2010,MAG,Salon,experience to have an entire crowd of people . . .,booing,you and it 's especially unique when they 're actually saying,experience to have an entire crowd of people . . . booing you and it 's especially unique when they 're actually saying
mgc1093,mg0773,ooh,oohed,5,54621,1997,1990,FIC,SouthernRev,"finally the baby lay curled in a tiny red ball ,",oohed,"and aahed over by Mama , and Tom stood up . #","finally the baby lay curled in a tiny red ball , oohed and aahed over by Mama , and Tom stood up . #"
mgc1094,mg0787,ooh,oohing,20,10053,1934,1930,FIC,UnfinishedCathedral,"no , "" she exclaimed , and took his hand ,",oohing,"earnestly into his face . "" Let some eloquent man like Brekker","no , "" she exclaimed , and took his hand , oohing earnestly into his face . "" Let some eloquent man like Brekker"
mgc1095,mg0851,ooh,oohs,35,4163091,2013,2010,FIC,GettysburgRev,toward the men in the first row of tables. The bending elicited the predictable,oohs,"and exhortations. Another linebacker type, maybe the bartender's brother, was stationed","toward the men in the first row of tables. The bending elicited the predictable oohs and exhortations. Another linebacker type, maybe the bartender's brother, was stationed"
mgc1096,mg1124,shoo,shooing,82,23628,1951,1950,FIC,Harpers,"shrugs ) apparently from nowhere , and Denis is kept busy",shooing,minors out of the place . But on Sunday nights the bar,"shrugs ) apparently from nowhere , and Denis is kept busy shooing minors out of the place . But on Sunday nights the bar"
mgc1097,mg0259,boo,booed,36,112386,2006,2000,MAG,SportsIll,#If the players here have been spoiled by not being,booed,"and we 've changed that , "" relief pitcher Randy Flores says","#If the players here have been spoiled by not being booed and we 've changed that , "" relief pitcher Randy Flores says"
mgc1098,mg0870,shoo,shooed,123,2560,1912,1910,FIC,MeltingMolly,the bottle encounters of the night before -- saw Mr. Johnson,shooed,off down the street by Mrs. Johnson ; saw the doctor 's,the bottle encounters of the night before -- saw Mr. Johnson shooed off down the street by Mrs. Johnson ; saw the doctor 's
mgc1099,mg0059,boo,booed,153,708188,1944,1940,NEWS,NYT-Reg,#which the Dewey caravan passed . Many spectators in Scranton,booed,"Mr. Dewey , and many called out "" We want Roosevelt .","#which the Dewey caravan passed . Many spectators in Scranton booed Mr. Dewey , and many called out "" We want Roosevelt ."
mgc1100,mg0619,boo,boos,13,214927,1969,1960,MAG,Time,The audience response at the Hamburg premiere was a blend of,boos,"and bravos , although applause predominated at a different","The audience response at the Hamburg premiere was a blend of boos and bravos , although applause predominated at a different"
mgc1101,mg0726,boo,boos,32,4116014,2011,2010,NEWS,USAToday,a deliberately provocative title that has won its author public,boos,"and even death threats . # "" Solitude is important , ""","a deliberately provocative title that has won its author public boos and even death threats . # "" Solitude is important , """
mgc1102,mg1352,wow,wowed,37,387094,2002,2000,MAG,Environmental,"#with herds of buffaloe , Elk Antelopes , "" the",wowed,"explorers reported , according to The Way to the Western Sea by","#with herds of buffaloe , Elk Antelopes , "" the wowed explorers reported , according to The Way to the Western Sea by"
mgc1103,mg0258,boo,booed,264,780530,2005,2000,FIC,Mov:Munich,#to the funerals because she did n't want to be,booed,. It 's a good sign that you did n't ask questions,#to the funerals because she did n't want to be booed . It 's a good sign that you did n't ask questions
mgc1104,mg0077,boo,booed,231,305655,1949,1940,MAG,Time,#and the crowd really let go . A hard-bitten minority,booed,", but they were drowned out by the cheers . It was","#and the crowd really let go . A hard-bitten minority booed , but they were drowned out by the cheers . It was"
mgc1105,mg0243,boo,booed,14,634258,2002,2000,NEWS,Chicago,"#is down to this : hitting around .210 , getting",booed,and having fans outwardly question whether he 's trying . # The,"#is down to this : hitting around .210 , getting booed and having fans outwardly question whether he 's trying . # The"
mgc1106,mg1141,shoo,shooing,25,728025,1969,1960,NEWS,WallStJrnl,", "" he says . "" Then , I 'm always",shooing,away people who come on my land to pick the stuff .,", "" he says . "" Then , I 'm always shooing away people who come on my land to pick the stuff ."
mgc1107,mg0333,boo,booing,125,454773,1937,1930,MAG,Atlantic,"I sneaked off toward the barrera , and the shouting and",booing,were terrific . Eventually I did place the banderillas ? not k,"I sneaked off toward the barrera , and the shouting and booing were terrific . Eventually I did place the banderillas ? not k"
mgc1108,mg0231,boo,booed,166,5243035,1999,1990,TV/MOV,Freaks and Geeks,#got booed off the stage . We did n't get,booed,off the stage . So what do you say ? You wan,#got booed off the stage . We did n't get booed off the stage . So what do you say ? You wan
mgc1109,mg0115,boo,booed,18,207735,1964,1960,MAG,Time,"#than at San Francisco in July , where Republican delegates",booed,"and hissed newsmen from the floor . In contrast , never has","#than at San Francisco in July , where Republican delegates booed and hissed newsmen from the floor . In contrast , never has"
mgc1110,mg0405,boo,booing,46,728346,1970,1970,NEWS,Chicago,had demonstrated this ' by walking calmly in the vicinity of,booing,demonstrators . and entering his car outside Parliament house .,had demonstrated this ' by walking calmly in the vicinity of booing demonstrators . and entering his car outside Parliament house .
mgc1111,mg0702,boo,boos,187,44249,1999,1990,FIC,Analog,had a considerable following . But there were also scattered,boos,", and even one raucous shout of , "" We want Michael","had a considerable following . But there were also scattered boos , and even one raucous shout of , "" We want Michael"
mgc1112,mg1111,shoo,shooing,28,221811,1939,1930,MAG,Time,"(Maharajas rarely carry a cent in their pantaloons ) ,",shooing,"away swindlers , for whom he has a keen nose . #","(Maharajas rarely carry a cent in their pantaloons ) , shooing away swindlers , for whom he has a keen nose . #"
mgc1113,mg1234,shoo,shooing,68,4164329,2017,2010,FIC,Bk:Devoted:Novel,", Thelma gently scolded him like a mother hen , practically",shooing,"him out of the house . "" You 've got bishop work",", Thelma gently scolded him like a mother hen , practically shooing him out of the house . "" You 've got bishop work"
mgc1114,mg0654,boo,boos,75,774125,1977,1970,NF/ACAD,TasteAmerica,"excoriating "" those "" on "" welfare . "" A few",boos,"broke from the floor , to be lost in louder booing from","excoriating "" those "" on "" welfare . "" A few boos broke from the floor , to be lost in louder booing from"
mgc1115,mg0854,ooh,oohs,38,5020024,2018,2010,NEWS,cleveland.com,impressive when rolling out our scrambling around. Those completions drew almost as many',oohs,"' as the deep balls in the finale. # "" This dude just rolled","impressive when rolling out our scrambling around. Those completions drew almost as many' oohs ' as the deep balls in the finale. # "" This dude just rolled"
mgc1116,mg0609,boo,boos,3,725895,1966,1960,NEWS,NYT-Let,"profit rules , offered in the recently completed",Boos,"Alien report on the over-the-counter markets , is hardly","profit rules , offered in the recently completed Boos Alien report on the over-the-counter markets , is hardly"
mgc1117,mg0251,boo,booed,159,640240,2004,2000,NEWS,Denver,"#Tito of Yugoslavia in 1964 , and in 1968 was",booed,off a Broadway stage - for all the right reasons . #,"#Tito of Yugoslavia in 1964 , and in 1968 was booed off a Broadway stage - for all the right reasons . #"
mgc1118,mg0594,boo,boos,72,204861,1960,1960,MAG,Time,"he 's brooding . "" When Mantle is down , the",boos,begin to rumble throughout Yankee Stadium even before he steps,"he 's brooding . "" When Mantle is down , the boos begin to rumble throughout Yankee Stadium even before he steps"
mgc1119,mg1194,shoo,shooing,77,30308,2003,2000,FIC,StreetDreams,gasp and turned around . A man wearing a toque was,shooing,"me away with dismissive hands . "" Zis is a food establishment","gasp and turned around . A man wearing a toque was shooing me away with dismissive hands . "" Zis is a food establishment"
mgc1120,mg0577,boo,boos,64,715831,1953,1950,NEWS,NYT-Reg,. Mr. Connolly quickly roused the Ryan followers to volleys of,boos,"as he assailed David Beck , head of the International",". Mr. Connolly quickly roused the Ryan followers to volleys of boos as he assailed David Beck , head of the International"
mgc1121,mg0049,boo,booed,180,705128,1940,1940,NEWS,NYT-Reg,"#fans , the gathering could boo , too . It",booed,"President Roosevelt , all New Dealers , Mayor La Guardia ,","#fans , the gathering could boo , too . It booed President Roosevelt , all New Dealers , Mayor La Guardia ,"
mgc1122,mg0895,shoo,shooed,194,468813,1930,1930,MAG,Harpers,that idiotic basement listening to a servants ' chorus . I,shooed,them all upstairs into our kitchenette and yanked open drawers,that idiotic basement listening to a servants ' chorus . I shooed them all upstairs into our kitchenette and yanked open drawers
mgc1123,mg0119,boo,booed,115,96893,1965,1960,MAG,SportsIll,#1948 he had become a certified ex-celebrity . The crowd,booed,him so lustily when he came to bat in one exhibition game,#1948 he had become a certified ex-celebrity . The crowd booed him so lustily when he came to bat in one exhibition game
mgc1124,mg1389,wow,wowed,98,4162232,2015,2010,FIC,Confrontation,"#like the meekest man on the planet , was suitably",wowed,", told me to go ahead -- "" whatever you think is","#like the meekest man on the planet , was suitably wowed , told me to go ahead -- "" whatever you think is"
mgc1125,mg0598,boo,boos,90,205861,1961,1960,MAG,Time,205862,Boos,for Bobby # Mail to Democratic National Headquarters has run,205862 Boos for Bobby # Mail to Democratic National Headquarters has run
mgc1126,mg0797,ooh,oohing,11,39352,1995,1990,FIC,HarpersMag,# He passes around snapshots of his ranch and we sit,oohing,and aahing while holding our lemonades between our knees . It 's,# He passes around snapshots of his ranch and we sit oohing and aahing while holding our lemonades between our knees . It 's
mgc1127,mg1431,wow,wowing,31,5009109,2019,2010,MAG,Gizmodo,#starred in . # Advertisement # When it comes to,wowing,your friends with a deep knowledge of the works of a particular,#starred in . # Advertisement # When it comes to wowing your friends with a deep knowledge of the works of a particular
mgc1128,mg1027,shoo,shooed,6,38214,2000,2000,FIC,SouthernRev,he 'd thought . But his lips stuck together . She,shooed,"at him with her hands , and he realized he was still","he 'd thought . But his lips stuck together . She shooed at him with her hands , and he realized he was still"
mgc1129,mg0767,ooh,oohed,18,773510,1968,1960,NF/ACAD,BroadcastManagement,"in one way , that 's a lot of money .",oohed,"at in another way , it 's a lot of progress .","in one way , that 's a lot of money . oohed at in another way , it 's a lot of progress ."
mgc1130,mg0245,boo,booed,114,429174,2002,2000,MAG,SportingNews,"#in Boston , mind you-hated Walker . Hated him .",Booed,"him relentlessly , like the time in April 1999 when Walker began","#in Boston , mind you-hated Walker . Hated him . Booed him relentlessly , like the time in April 1999 when Walker began"
mgc1131,mg0873,shoo,shooed,225,2826,1914,1910,FIC,WithTorchy,"tick of six-forty-five , and inside of three minutes Aunty has",shooed,"us into the dinin ' room . And , say , the","tick of six-forty-five , and inside of three minutes Aunty has shooed us into the dinin ' room . And , say , the"
mgc1132,mg0948,shoo,shooed,235,216020,1968,1960,MAG,Time,in their own responses . Nostalgia is a bug not easily,shooed,". # Love-Hate . For Disney , nostalgia was an article of","in their own responses . Nostalgia is a bug not easily shooed . # Love-Hate . For Disney , nostalgia was an article of"
mgc1133,mg0442,boo,booing,103,16194,1990,1990,FIC,Mov:ScenesFromMall,. . twenty . . . A couple of kids start,booing,sympathetically from within . -- 3 -- NICK (grins ) Allies,. . twenty . . . A couple of kids start booing sympathetically from within . -- 3 -- NICK (grins ) Allies
mgc1134,mg0648,boo,boos,106,732128,1975,1970,NEWS,Chicago,to crithe . The statement was met with a chorus of,boos,"from the courtroom spectators , but Judge Brown made no move to","to crithe . The statement was met with a chorus of boos from the courtroom spectators , but Judge Brown made no move to"
mgc1135,mg0828,ooh,oohs,12,14383,1976,1970,FIC,Play:WePeople,emphasis of light is on Bailey and Lucy. The minuet concludes to handclapping and,oohs,"of appreciative feminine voices in the sound track -- "" Beautiful, "" "" Oh","emphasis of light is on Bailey and Lucy. The minuet concludes to handclapping and oohs of appreciative feminine voices in the sound track -- "" Beautiful, "" "" Oh"
mgc1136,mg0078,boo,booed,12,431409,1950,1950,MAG,ReadersDigest,"#his corner , and inspected his manicure while the crowd",booed,and cheered . From time to time Gorgeous removed a gold bobby,"#his corner , and inspected his manicure while the crowd booed and cheered . From time to time Gorgeous removed a gold bobby"
mgc1137,mg0934,shoo,shooed,13,92460,1959,1950,MAG,SportsIll,"occupied in Louisville , Wichita and Indianapolis before being",shooed,away by Standke . The remarkable fact is that responsible,"occupied in Louisville , Wichita and Indianapolis before being shooed away by Standke . The remarkable fact is that responsible"
mgc1138,mg0646,boo,boos,81,16135,1975,1970,FIC,Mov:Nashville,welcome -- a get-well welcome for Barbara-Jean . And as the,boos,"change to applause , Barnett makes his way up the ramp to","welcome -- a get-well welcome for Barbara-Jean . And as the boos change to applause , Barnett makes his way up the ramp to"
mgc1139,mg0718,boo,boos,243,648988,2005,2000,NEWS,NYT,"# When the season started , Raptors fans greeted him with",boos,". Once with the Nets , he admitted to John Thompson on","# When the season started , Raptors fans greeted him with boos . Once with the Nets , he admitted to John Thompson on"
mgc1140,mg0193,boo,booed,87,432335,1987,1980,MAG,Newsweek,"#more than 20,600 Americans . Vice President George Bush was",booed,during his keynote address when he urged increased AIDS testing,"#more than 20,600 Americans . Vice President George Bush was booed during his keynote address when he urged increased AIDS testing"
mgc1141,mg0252,boo,booed,219,775898,2004,2000,NF/ACAD,WhoAreWe?Challenges,"#red , white , and green flags "" ; they",booed,"when "" The Star-Spangled Banner "" was played ; they "" pelted","#red , white , and green flags "" ; they booed when "" The Star-Spangled Banner "" was played ; they "" pelted"
mgc1142,mg0635,boo,boos,109,491263,1971,1970,MAG,SatEvePost,"allow a mistake , or a series of them , or",boos,"from the crowd ( ya bum , ya ! ) to upset","allow a mistake , or a series of them , or boos from the crowd ( ya bum , ya ! ) to upset"
mgc1143,mg0048,boo,booed,154,494169,1940,1940,MAG,NewRepublic,#it is reasonable to suppose that the hostile crowd which,booed,Mr. Wallace on his arrival was either paid by or influenced by,#it is reasonable to suppose that the hostile crowd which booed Mr. Wallace on his arrival was either paid by or influenced by
mgc1144,mg0482,boo,booing,172,4121318,2011,2010,FIC,Bk:Suckerpunch,"pumping their fists under a dome of smoke , cheering and",booing,", their night made or ruined because I walked out while Porter","pumping their fists under a dome of smoke , cheering and booing , their night made or ruined because I walked out while Porter"
mgc1145,mg1169,shoo,shooing,26,25018,1993,1990,FIC,VoiceInWind,"folks ! "" She waved her hand as if she were",shooing,"away pesky gnats . "" You folks , "" she said ,","folks ! "" She waved her hand as if she were shooing away pesky gnats . "" You folks , "" she said ,"
mgc1146,mg0118,boo,booed,24,492050,1965,1960,MAG,SatEvePost,#. Whereas in Lawrence 's play the boy had been,booed,and jeered at by a crowd of townspeople when he first came,#. Whereas in Lawrence 's play the boy had been booed and jeered at by a crowd of townspeople when he first came
mgc1147,mg0032,boo,booed,241,490300,1934,1930,MAG,NewYorker,"#an old lady , or something : the crowd had",booed,", more blows had been struck , and the cops suddenly urged","#an old lady , or something : the crowd had booed , more blows had been struck , and the cops suddenly urged"
mgc1148,mg1222,shoo,shooing,21,4122089,2012,2010,FIC,Analog,"approved course of action for every imaginable situation , and",shooing,"away anyone who might say an unauthorized "" Hello "" to an","approved course of action for every imaginable situation , and shooing away anyone who might say an unauthorized "" Hello "" to an"
mgc1149,mg0527,boo,boos,178,701976,1936,1930,NEWS,NYT-Reg,"William Randolph Hearst . A chorus ' of groans and """,boos,""" arose . "" Remember , "" she continued , "" that","William Randolph Hearst . A chorus ' of groans and "" boos "" arose . "" Remember , "" she continued , "" that"
mgc1150,mg1281,shoo,shoos,19,16055,1988,1980,FIC,Mov:MysticPizza,maternally at Jojo . LEONAManny says you 're pregnant . Leona,shoos,"Kat away and slides in next to Jojo . LEONAHoney , you","maternally at Jojo . LEONAManny says you 're pregnant . Leona shoos Kat away and slides in next to Jojo . LEONAHoney , you"
mgc1151,mg1382,wow,wowed,11,4141057,2013,2010,MAG,GolfMag,"#, streamsongresort.com # Our course ranking panelists were",wowed,"by both Streamsong 's Red and Blue courses , but Red gets","#, streamsongresort.com # Our course ranking panelists were wowed by both Streamsong 's Red and Blue courses , but Red gets"
mgc1152,mg0129,boo,booed,250,275314,1968,1960,MAG,Time,#the breakdown of order and respect . When the hecklers,booed,", Wallace bowed and blew them kisses . "" They got me","#the breakdown of order and respect . When the hecklers booed , Wallace bowed and blew them kisses . "" They got me"
mgc1153,mg0525,boo,boos,260,701483,1935,1930,NEWS,NYT-Reg,"to find the method . "" He was interrupted by more",boos,". "" The method is secondary , "" he finally managed to","to find the method . "" He was interrupted by more boos . "" The method is secondary , "" he finally managed to"
mgc1154,mg0535,boo,boos,26,704831,1940,1940,NEWS,NYT-Reg,of Indiana placed Wendell L. Willkie in nomination . Mingled,boos,and cheers followed Mr. Halleck 's assertion that his candidate,of Indiana placed Wendell L. Willkie in nomination . Mingled boos and cheers followed Mr. Halleck 's assertion that his candidate
mgc1155,mg0331,boo,booing,155,10078,1936,1930,FIC,GoneWithWind,Every once in a while we could hear the crowd outside,booing,", and we knew why , but the chief did n't .","Every once in a while we could hear the crowd outside booing , and we knew why , but the chief did n't ."
mgc1156,mg0645,boo,boos,52,10595,1975,1970,FIC,LastValley,acknowledge their right to drown him out with their hisses and,boos,and sporadic shouts . The audience clearly favored the other,acknowledge their right to drown him out with their hisses and boos and sporadic shouts . The audience clearly favored the other
mgc1157,mg0597,boo,boos,56,721857,1961,1960,NEWS,NYT-Reg,station and at the exit . The cheers were mixed with,boos,"and whistles . Riding in a 1961 Ford convertible , and surrounded","station and at the exit . The cheers were mixed with boos and whistles . Riding in a 1961 Ford convertible , and surrounded"
mgc1158,mg0131,boo,booed,3,273726,1969,1960,MAG,Time,"#he urged building workers to increase their productivity , they",booed,again . He advised the unionists to end other practices that,"#he urged building workers to increase their productivity , they booed again . He advised the unionists to end other practices that"
mgc1159,mg0567,boo,boos,253,431409,1950,1950,MAG,ReadersDigest,"crowd , it set up a crescendo chorus of catcalls and",boos,. Wagner was so impressed by his reception that he dreamed up,"crowd , it set up a crescendo chorus of catcalls and boos . Wagner was so impressed by his reception that he dreamed up"
mgc1160,mg0643,boo,boos,202,731239,1974,1970,NEWS,CSMonitor,19740305_3 txt To a chorus of,boos,", Harold Wilson returned to No. 10 Downing Street as prime","19740305_3 txt To a chorus of boos , Harold Wilson returned to No. 10 Downing Street as prime"
mgc1161,mg1401,wow,wowing,28,228082,1948,1940,MAG,Time,"#her with excited greetings . Said Jennie , who began",wowing,U.S. concert audiences after she got out of France in 1940 :,"#her with excited greetings . Said Jennie , who began wowing U.S. concert audiences after she got out of France in 1940 :"
mgc1162,mg1166,shoo,shooing,1,773682,1992,1990,NF/ACAD,LifeOnDryLine,left a barbed-wire gate too far from the adjoining fences while,shooing,"a calf through the opening on foot , and Dandy , tied","left a barbed-wire gate too far from the adjoining fences while shooing a calf through the opening on foot , and Dandy , tied"
mgc1163,mg0380,boo,booing,25,187374,1957,1950,MAG,Time,states predictably joined Republican Burdick in bipartisan,booing,"at Benson 's announcement . ' ' A shocking injustice ! ""","states predictably joined Republican Burdick in bipartisan booing at Benson 's announcement . ' ' A shocking injustice ! """
mgc1164,mg0730,boo,boos,191,4088035,2011,2010,NEWS,CSMonitor,"quip goes over well , a flash of anger if someone",boos,", and sadness when he mentions the shooting . # And it","quip goes over well , a flash of anger if someone boos , and sadness when he mentions the shooting . # And it"
mgc1165,mg0124,boo,booed,131,10491,1967,1960,FIC,EighthDay,#persecutors. |p236Early in her career Lily was often hissed or,booed,in the opera houses of Europe ; she waited tranquilly through the,#persecutors. |p236Early in her career Lily was often hissed or booed in the opera houses of Europe ; she waited tranquilly through the
mgc1166,mg1274,shoo,shoos,41,16251,1976,1970,FIC,Mov:NextStopGreenwich,the bathroom . -- 37 -- 25 . LIVING ROOM Bernstein,shoos,two or three cats off a spot on a sofa and they,the bathroom . -- 37 -- 25 . LIVING ROOM Bernstein shoos two or three cats off a spot on a sofa and they
mgc1167,mg0351,boo,booing,42,16691,1949,1940,FIC,Mov:EasyLiving,tense and silent at window which overlooks playing field . The,BOOING,comes over scene.145 MED . SHOT -- Pete . On his way,tense and silent at window which overlooks playing field . The BOOING comes over scene.145 MED . SHOT -- Pete . On his way
mgc1168,mg0894,shoo,shooed,116,10010,1930,1930,FIC,CharlieChanCarries,"to meet until seven , but Mr. Tait had sort of",shooed,"me out . "" "" Who else was in the lobby ?","to meet until seven , but Mr. Tait had sort of shooed me out . "" "" Who else was in the lobby ?"
mgc1169,mg1366,wow,wowed,72,49845,2004,2000,FIC,SouthernRev,"#specially to that one dance , and their two-step had",wowed,"their guests , if not themselves-and she was n't trying to dance","#specially to that one dance , and their two-step had wowed their guests , if not themselves-and she was n't trying to dance"
mgc1170,mg0541,boo,boos,208,149624,1940,1940,MAG,Time,"plant sprouted workers at every window , and up went the",boos,", loud , clear , mocking in the fresh Indian summer day","plant sprouted workers at every window , and up went the boos , loud , clear , mocking in the fresh Indian summer day"
mgc1171,mg0208,boo,booed,271,422103,1991,1990,MAG,Sierra,#The timber industry applauded and the environmental community,booed,". The big problem , complained critics like Chris Ballantyne ,","#The timber industry applauded and the environmental community booed . The big problem , complained critics like Chris Ballantyne ,"
mgc1172,mg0272,boo,booed,108,4129095,2013,2010,NEWS,USAToday,"#well -- Tuesday in Portland , Trail Blazers fans strangely",booed,him during player introductions -- he 's nothing short of,"#well -- Tuesday in Portland , Trail Blazers fans strangely booed him during player introductions -- he 's nothing short of"
mgc1173,mg1180,shoo,shooing,143,42349,1997,1990,FIC,Triquarterly,"the entryway , we felt the breeze from his bony hand",shooing,"us out . # "" See ? "" I said to the","the entryway , we felt the breeze from his bony hand shooing us out . # "" See ? "" I said to the"
mgc1174,mg1306,wow,wowed,76,239318,1957,1950,MAG,Time,#. # But it was in Burma that Benny really,wowed,"them . In Rangoon , Benny led his band dressed in pink","#. # But it was in Burma that Benny really wowed them . In Rangoon , Benny led his band dressed in pink"
mgc1175,mg1153,shoo,shooing,121,10643,1978,1970,FIC,FoolsDie,". I watched him as he went into the house ,",shooing,the last of the kids still playing on the lawn into the,". I watched him as he went into the house , shooing the last of the kids still playing on the lawn into the"
mgc1176,mg0604,boo,boos,216,723544,1963,1960,NEWS,Chicago,escorted outside . Altho there were a few scattered catcalls and,boos,", the crowd of 1,750 gave Stevenson two standing ovations at the","escorted outside . Altho there were a few scattered catcalls and boos , the crowd of 1,750 gave Stevenson two standing ovations at the"
mgc1177,mg1168,shoo,shooing,11,25013,1993,1990,FIC,ShadowBoxer,"Blood drew him out only once , abou bees , after",shooing,"a yellow jacket off his food . "" I saw a man","Blood drew him out only once , abou bees , after shooing a yellow jacket off his food . "" I saw a man"
mgc1178,mg0440,boo,booing,129,2642328,1989,1980,TV/MOV,Married with Children,"for seven years in a row . Why , hissing and",booing,"you actually seems to energize the whole convention . Peg , do","for seven years in a row . Why , hissing and booing you actually seems to energize the whole convention . Peg , do"
mgc1179,mg1164,shoo,shooing,80,10781,1989,1980,FIC,JoyLuckClub,"try to calm her down , but those hospital people keep",shooing,me out . Anytime someone official comes they ask me to leave,"try to calm her down , but those hospital people keep shooing me out . Anytime someone official comes they ask me to leave"
mgc1180,mg1139,shoo,shooing,131,216420,1965,1960,MAG,Time,"breezily for half an hour , even posed for cameramen before",shooing,them away with word that on doctor 's orders he will take,"breezily for half an hour , even posed for cameramen before shooing them away with word that on doctor 's orders he will take"
mgc1181,mg0575,boo,boos,204,714863,1952,1950,NEWS,Chicago,"provisions to adjust inequities , "" that the greatest wave of",boos,", hoots , and catcalls broke out . One elderly woman shook","provisions to adjust inequities , "" that the greatest wave of boos , hoots , and catcalls broke out . One elderly woman shook"
mgc1182,mg0225,boo,booed,169,652862,1997,1990,NEWS,NYT,"#career , bombed at the 1967 Monterey Pop Festival ,",booed,off the stage by a stoned audience that could n't follow her,"#career , bombed at the 1967 Monterey Pop Festival , booed off the stage by a stoned audience that could n't follow her"
mgc1183,mg0444,boo,booing,143,5221078,1990,1990,TV/MOV,Rocky V,"a new champion Tommy "" The Machine "" Gunn ! (",booing,) Congratulations . A sensational upset victory . You 're now,"a new champion Tommy "" The Machine "" Gunn ! ( booing ) Congratulations . A sensational upset victory . You 're now"
mgc1184,mg1103,shoo,shooing,15,2581,1922,1920,FIC,VehementFlame,"here . "" After that he was too much absorbed in",shooing,ants off the marmalade to give any thought to his wife .,"here . "" After that he was too much absorbed in shooing ants off the marmalade to give any thought to his wife ."
mgc1185,mg1451,wow,wows,20,337253,1988,1980,MAG,Time,"markets, the dollar moves in a startling new direction: upward. -- GM",wows,' em at the Waldorf. # 28 # World # The U. S. war,"markets, the dollar moves in a startling new direction: upward. -- GM wows ' em at the Waldorf. # 28 # World # The U. S. war"
mgc1186,mg1151,shoo,shooing,29,10616,1976,1970,FIC,yyy,a nearby barroom pass to and fro serving mint juleps and,shooing,away the cows that sometimes get loose and wander along the,a nearby barroom pass to and fro serving mint juleps and shooing away the cows that sometimes get loose and wander along the
mgc1187,mg1189,shoo,shooing,112,30669,2000,2000,FIC,WorldsHonor,", drag out that leftover turkey , "" Aleksandr said ,",shooing,"the children inside . "" No , Larisa , you can look",", drag out that leftover turkey , "" Aleksandr said , shooing the children inside . "" No , Larisa , you can look"
mgc1188,mg0322,boo,booing,58,701305,1935,1930,NEWS,NYT-Reg,"a series of roll-calls , cheers , rebel yells , and",booing,greeted the few brief remarks that were permitted . Rankin Tells,"a series of roll-calls , cheers , rebel yells , and booing greeted the few brief remarks that were permitted . Rankin Tells"
mgc1189,mg0721,boo,boos,180,112386,2006,2000,MAG,SportsIll,"part of the ownership group since 1996 , labeled it ,",boos,""" of frustration . "" A team that had won 205 games","part of the ownership group since 1996 , labeled it , boos "" of frustration . "" A team that had won 205 games"
mgc1190,mg0056,boo,booed,274,491902,1942,1940,MAG,SatEvePost,"#court , he was in for it . The crowd",booed,. The players griped with extra enthusiasm . Fort Wayne lost by,"#court , he was in for it . The crowd booed . The players griped with extra enthusiasm . Fort Wayne lost by"
mgc1191,mg0374,boo,booing,76,10336,1955,1950,FIC,BangDrumSlowly,", "" said Dutch . "" The press-box says they are",booing,me for working you before the All-Star Game . I can not,", "" said Dutch . "" The press-box says they are booing me for working you before the All-Star Game . I can not"
mgc1192,mg1117,shoo,shooing,30,780154,1948,1940,FIC,KissYourElbow,also a medic with a stretcher and a couple of policemen,shooing,away the crowd . The doctor took one look at Kendall and,also a medic with a stretcher and a couple of policemen shooing away the crowd . The doctor took one look at Kendall and
mgc1193,mg0836,ooh,oohs,20,394680,1992,1990,MAG,Astronomy,394681 Remember when a 10-inch reflector drew,oohs,and aahs at star parties? Now many of us don't even bat an,394681 Remember when a 10-inch reflector drew oohs and aahs at star parties? Now many of us don't even bat an
mgc1194,mg0677,boo,boos,186,671442,1985,1980,NEWS,NYT,from the Second Division - Karl Lentz and Georges-Rene,Boos,", an Alsatian - were given death sentences by a French court","from the Second Division - Karl Lentz and Georges-Rene Boos , an Alsatian - were given death sentences by a French court"
mgc1195,mg0931,shoo,shooed,97,10346,1956,1950,FIC,Greenwillow,like a sunbonnet and chewing on a cabbage leaf . Dorrie,shooed,"it gently out of the garden , feeling already a little remorseful","like a sunbonnet and chewing on a cabbage leaf . Dorrie shooed it gently out of the garden , feeling already a little remorseful"
mgc1196,mg0191,boo,booed,216,671472,1985,1980,NEWS,NYT,"#of the British stiff upper lip. // Oh , some",booed,"when the referee , Alan Mills , agreed to John McEnroe '","#of the British stiff upper lip. // Oh , some booed when the referee , Alan Mills , agreed to John McEnroe '"
mgc1197,mg1305,wow,wowed,62,309129,1956,1950,MAG,Time,#the rest of the cast sang in German . She,wowed,"the crowd . In Amsterdam , U.S. Coloratura Soprano Marilyn Tyler","#the rest of the cast sang in German . She wowed the crowd . In Amsterdam , U.S. Coloratura Soprano Marilyn Tyler"
mgc1198,mg0474,boo,booing,119,112386,2006,2000,MAG,SportsIll,we were being written about and the way the fans were,booing,"us sometimes , it almost felt like we were a below-.500 team","we were being written about and the way the fans were booing us sometimes , it almost felt like we were a below-.500 team"
mgc1199,mg0439,boo,booing,56,670792,1989,1980,NEWS,NYT,"lyrics , with 200 or so onlookers shouting lustily ( or",booing,good-naturedly ) - just won ' t do . As the name,"lyrics , with 200 or so onlookers shouting lustily ( or booing good-naturedly ) - just won ' t do . As the name"
mgc1200,mg0194,boo,booed,253,670147,1987,1980,NEWS,WallStJrnl,"#are wildly cheered , and acquisitions are generally",booed,", "" Hutton ' s Mr. Baker says . "" A large","#are wildly cheered , and acquisitions are generally booed , "" Hutton ' s Mr. Baker says . "" A large"
mgc1201,mg0561,boo,boos,129,16691,1949,1940,FIC,Mov:EasyLiving,. The CAMERA MOVES IN CLOSE ON Buddy . The crowd,boos,loudly . Tears in Buddy 's eyes as he watches Pete .,. The CAMERA MOVES IN CLOSE ON Buddy . The crowd boos loudly . Tears in Buddy 's eyes as he watches Pete .
mgc1202,mg1397,wow,wowed,26,5014196,2019,2010,MAG,The Verge,#come to life and hopes the people watching are as,wowed,"by the sphere as he is . "" It 's fun to","#come to life and hopes the people watching are as wowed by the sphere as he is . "" It 's fun to"
mgc1203,mg1080,shoo,shooed,181,4199190,2017,2010,FIC,Highlights for Children,listening to the mouse scurrying in the walls . So she,shooed,"the mouse outside . # "" I feel bad playing pranks on","listening to the mouse scurrying in the walls . So she shooed the mouse outside . # "" I feel bad playing pranks on"
mgc1204,mg0246,boo,booed,130,622951,2002,2000,NEWS,SanFran,#'s a mystery to me why misogyny is so roundly,booed,"in the media , while misandry like yours is allowed to flourish","#'s a mystery to me why misogyny is so roundly booed in the media , while misandry like yours is allowed to flourish"
mgc1205,mg0911,shoo,shooed,75,470988,1941,1940,MAG,Harpers,in the breeze watching a neighborhood fire ? until his parents,shooed,"him down . Armstrong was only nineteen years of age when ,","in the breeze watching a neighborhood fire ? until his parents shooed him down . Armstrong was only nineteen years of age when ,"
mgc1206,mg1378,wow,wowed,63,4145053,2012,2010,MAG,MotherJones,"#She cradles her 11-month-old , Gavyn , who has just",wowed,"the festival 's baby pageant with his seersucker onesie . "" I","#She cradles her 11-month-old , Gavyn , who has just wowed the festival 's baby pageant with his seersucker onesie . "" I"
mgc1207,mg1064,shoo,shooed,56,4120340,2012,2010,FIC,Bk:LastChanceBeauty,and peered under the lid of the cardboard box . Granny,shooed,her away . But then Granny lifted up the box lid and,and peered under the lid of the cardboard box . Granny shooed her away . But then Granny lifted up the box lid and
mgc1208,mg1261,shoo,shoos,22,23340,1937,1930,FIC,Harpers,an ' He come back like a aggravatin ' chicken you,shoos,offen de porch . A man as well to leave ' em,an ' He come back like a aggravatin ' chicken you shoos offen de porch . A man as well to leave ' em
mgc1209,mg0363,boo,booing,4,263390,1953,1950,MAG,Time,Communism grew even louder last week . But according to the,booing,"and cheering , spectators outside the actual ring were throwing","Communism grew even louder last week . But according to the booing and cheering , spectators outside the actual ring were throwing"
mgc1210,mg0958,shoo,shooed,48,10586,1974,1970,FIC,MyLifeAsMan,I cried and the baby cried and Gloria came in and,shooed,Guy out of the house and put me to bed . Gloria,I cried and the baby cried and Gloria came in and shooed Guy out of the house and put me to bed . Gloria
mgc1211,mg1419,wow,wowing,18,358300,1998,1990,MAG,Time,"#and makes Madonna look like a media wallflower , is",wowing,the retirees with lines about how he 'd hate to be in,"#and makes Madonna look like a media wallflower , is wowing the retirees with lines about how he 'd hate to be in"
mgc1212,mg0852,ooh,oohs,36,4139142,2014,2010,MAG,Astronomy,"The first night, we had a lively session in the classroom -- lots of",oohs,"and aahs, and many questions. But alas, we were clouded out,","The first night, we had a lively session in the classroom -- lots of oohs and aahs, and many questions. But alas, we were clouded out,"
mgc1213,mg1259,shoo,shoos,31,10076,1936,1930,FIC,HeadOW-Hollow,on the fence posts . Constable Ricks runs down there and,shoos,them away and strikes the air at them as they fly with,on the fence posts . Constable Ricks runs down there and shoos them away and strikes the air at them as they fly with
mgc1214,mg0951,shoo,shooed,218,780105,1972,1970,FIC,FortuneMadeHis,fighting over a bit of meat on the floor . Someone,shooed,"them out , and we could hear a strange whistling sound .","fighting over a bit of meat on the floor . Someone shooed them out , and we could hear a strange whistling sound ."
mgc1215,mg0540,boo,boos,203,149624,1940,1940,MAG,Time,"From the factories , from the men of Pontiac , came",boos,", hisses . # "" Sticks Stones . "" Oakland County 's","From the factories , from the men of Pontiac , came boos , hisses . # "" Sticks Stones . "" Oakland County 's"
mgc1216,mg0358,boo,booing,95,10285,1952,1950,FIC,Sybil,and he smiled up at them cynically . They were really,booing,"Pacote 's failure to appear . "" A sweet bull , ""","and he smiled up at them cynically . They were really booing Pacote 's failure to appear . "" A sweet bull , """
mgc1217,mg0705,boo,boos,247,370797,2001,2000,MAG,Time,""" to address global warming , the hall filled with",boos,". That 's because the U.S. , the world 's largest producer",""" to address global warming , the hall filled with boos . That 's because the U.S. , the world 's largest producer"
mgc1218,mg0384,boo,booing,144,2529771,1959,1950,TV/MOV,Bonanza,blast devouring hunger and parching thirst rend the traitor ! (,booing,") Dearest father , in thy mercy , save him ! Plead","blast devouring hunger and parching thirst rend the traitor ! ( booing ) Dearest father , in thy mercy , save him ! Plead"
mgc1219,mg0625,boo,boos,266,273726,1969,1960,MAG,Time,to end other practices that raise building costs . More,boos,". # Reddening but unruffled , Romney continued : "" There is","to end other practices that raise building costs . More boos . # Reddening but unruffled , Romney continued : "" There is"
mgc1220,mg0785,ooh,oohed,25,4136076,2014,2010,NEWS,STLouis,each stall held a mom and a baby . As we,oohed,", aahed and took pictures , one mother brought her foal over","each stall held a mom and a baby . As we oohed , aahed and took pictures , one mother brought her foal over"
mgc1221,mg0162,boo,booed,156,732652,1976,1970,NEWS,CSMonitor,#they did in 1964 when they nominated Barry Goldwater and,booed,Nelson Rockefeller . ? State primary laws which allocate,#they did in 1964 when they nominated Barry Goldwater and booed Nelson Rockefeller . ? State primary laws which allocate
mgc1222,mg0849,ooh,oohs,33,4113022,2012,2010,MAG,ParentingEarly,"# Decor Values # When it comes to decorations, it's all about the",oohs,and aahs. # 1. Rainbow Party Create this wreath with cardboard and streamers,"# Decor Values # When it comes to decorations, it's all about the oohs and aahs. # 1. Rainbow Party Create this wreath with cardboard and streamers"
mgc1223,mg1092,shoo,shooing,152,2682,1900,1900,FIC,VoicePeople,"row of pointed chicken coops the three younger children were """,shooing,""" up the tiny yellow broods . The yard was unkempt and","row of pointed chicken coops the three younger children were "" shooing "" up the tiny yellow broods . The yard was unkempt and"
mgc1224,mg1331,wow,wowed,10,66357,1996,1990,MAG,SportsIll,#savvy and immeasurable enthusiasm . Though Allen was n't,wowed,"by Blechen 's physical gifts , he did proclaim Blechen the","#savvy and immeasurable enthusiasm . Though Allen was n't wowed by Blechen 's physical gifts , he did proclaim Blechen the"
mgc1225,mg0559,boo,boos,19,16593,1949,1940,FIC,Mov:SetUpThe,looks at referee in protest . The referee ignores him .,Boos,and catcalls fill the air . In a moment several programs and,looks at referee in protest . The referee ignores him . Boos and catcalls fill the air . In a moment several programs and
mgc1226,mg0799,ooh,oohing,4,13212,1999,1990,FIC,Play:IphigeniaCrash,FRESA GIRL 1 2 Take us . ALL FRESA GIRLS IPHIGENIA,Oohing,and aahing into infinity . ALL FRESA GIRLS freeze mid-dance .,FRESA GIRL 1 2 Take us . ALL FRESA GIRLS IPHIGENIA Oohing and aahing into infinity . ALL FRESA GIRLS freeze mid-dance .
mgc1227,mg0381,boo,booing,94,719421,1958,1950,NEWS,NYT-Reg,"lire about $1,600 . The anti-Callas faction kept whistling and",booing,outside the opera house and in front of Miss Callas ' hotel,"lire about $1,600 . The anti-Callas faction kept whistling and booing outside the opera house and in front of Miss Callas ' hotel"
mgc1228,mg0329,boo,booing,131,10078,1936,1930,FIC,GoneWithWind,"told him . Ha ha , he said , they 're",booing,"you and the cops , that 's who . Every man ,","told him . Ha ha , he said , they 're booing you and the cops , that 's who . Every man ,"
mgc1229,mg0283,boo,booed,42,5015053,2018,2010,NEWS,New York Post,"#to shut me down . ' ' # Kanter ,",booed,"as usual at his former workplace , said he had n't gone","#to shut me down . ' ' # Kanter , booed as usual at his former workplace , said he had n't gone"
mgc1230,mg1059,shoo,shooed,93,4121141,2011,2010,FIC,Bk:MotorCityShakedown,"only a cat . Breathing a sigh of relief , I",shooed,it away and continued up the stairs . When I reached the,"only a cat . Breathing a sigh of relief , I shooed it away and continued up the stairs . When I reached the"
mgc1231,mg0448,boo,booing,6,612506,1992,1990,NEWS,Atlanta,they cheered me . It just shows that after all the,booing,"and cursing and throwing stuff at you , they really respect you","they cheered me . It just shows that after all the booing and cursing and throwing stuff at you , they really respect you"
mgc1232,mg1086,shoo,shooed,142,5003303,2019,2010,FIC,Boulevard,. It was like looking into the sun . Janie physically,shooed,"Rothberg away from the computer , shooed him from the apartment",". It was like looking into the sun . Janie physically shooed Rothberg away from the computer , shooed him from the apartment"
mgc1233,mg1387,wow,wowed,32,4141160,2014,2010,MAG,GolfMag,#at The American Club . The revamped 4128991 Run course,wowed,competitors at the 2012 U.S. Women ' s Open . And the,#at The American Club . The revamped 4128991 Run course wowed competitors at the 2012 U.S. Women ' s Open . And the
mgc1234,mg0042,boo,booed,71,703763,1939,1930,NEWS,NYT-Reg (1),"#. LONDON , Jan. ** Minister Neville Chamberlain was",booed,by left wing demonstrators as he left for Rome today carrying his,"#. LONDON , Jan. ** Minister Neville Chamberlain was booed by left wing demonstrators as he left for Rome today carrying his"
mgc1235,mg0991,shoo,shooed,191,10768,1988,1980,FIC,Dragonsdawn,tell them something about what happened in this clearing . He,shooed,"them all back to the edges of the wood , so they","tell them something about what happened in this clearing . He shooed them all back to the edges of the wood , so they"
mgc1236,mg0387,boo,booing,127,310508,1961,1960,MAG,Time,"Army reservist to his Congressman , "" but I led the",booing,"when Kennedy 's picture came on the newsreel . "" Last week","Army reservist to his Congressman , "" but I led the booing when Kennedy 's picture came on the newsreel . "" Last week"
mgc1237,mg0926,shoo,shooed,186,10319,1954,1950,FIC,Messiah,message of John Cave to the world ) . Paul then,shooed,the team out with instructions he was not to be bothered .,message of John Cave to the world ) . Paul then shooed the team out with instructions he was not to be bothered .
mgc1238,mg0099,boo,booed,30,132454,1957,1950,MAG,SportsIll,#minds than ever before . He has been cheered and,booed,and laughed at and second-guessed across the length and breadth,#minds than ever before . He has been cheered and booed and laughed at and second-guessed across the length and breadth
mgc1239,mg1116,shoo,shooing,43,4173,1947,1940,FIC,GreenerThanYou,of the militia being confined to patrolling the area and,shooing,decent citizens away . I wondered if a new strategy contemplated,of the militia being confined to patrolling the area and shooing decent citizens away . I wondered if a new strategy contemplated
mgc1240,mg0093,boo,booed,95,10336,1955,1950,FIC,BangDrumSlowly,"#a thing was "" possible , "" and Dutch got",booed,"for it . I beat Washington Friday night , probably the best","#a thing was "" possible , "" and Dutch got booed for it . I beat Washington Friday night , probably the best"
mgc1241,mg0356,boo,booing,199,10252,1949,1940,FIC,BraveBulls,the bull for a sword thrust . There is whistling and,booing,". "" The sword hit bone ! It 's still in Bello","the bull for a sword thrust . There is whistling and booing . "" The sword hit bone ! It 's still in Bello"
mgc1242,mg0401,boo,booing,126,214423,1968,1960,MAG,Time,'s going to last too long . There were people actually,booing,when I saw it . The wretches .,'s going to last too long . There were people actually booing when I saw it . The wretches .
mgc1243,mg0070,boo,booed,16,260025,1946,1940,MAG,Time,#: in her last appearance there in 1940 she was,booed,"and hissed by a claque . The claque had been hired ,","#: in her last appearance there in 1940 she was booed and hissed by a claque . The claque had been hired ,"
mgc1244,mg0818,ooh,oohs,2,14115,1961,1960,FIC,Play:CrawlingArnold,". The stage is dark and voices come out of the darkness. Everybody """,oohs,""" and "" ahhhs "" at the projection. BARRY That's little Will at",". The stage is dark and voices come out of the darkness. Everybody "" oohs "" and "" ahhhs "" at the projection. BARRY That's little Will at"
mgc1245,mg1121,shoo,shooing,13,476126,1950,1950,MAG,Harpers,"pulled their skirts out of the way . Men jostled ,",shooing,and hooting . . In desperation Teare grabbed a thin arm that,"pulled their skirts out of the way . Men jostled , shooing and hooting . . In desperation Teare grabbed a thin arm that"
mgc1246,mg0143,boo,booed,46,729712,1971,1970,NEWS,Chicago,#to all of the visiting orchestra concerts last season and,booed,"at each finale . "" Generally , the audience behaved as it","#to all of the visiting orchestra concerts last season and booed at each finale . "" Generally , the audience behaved as it"
mgc1247,mg0478,boo,booing,162,641851,2007,2000,NEWS,Denver,", we have to do better . I hear the fans",booing,", I hear the chants for Marty , but what they do",", we have to do better . I hear the fans booing , I hear the chants for Marty , but what they do"
mgc1248,mg1226,shoo,shooing,70,4160290,2013,2010,FIC,Bk:BodiesWater,", hitting him with the oven mitt in her hand and",shooing,"him out the door . He obeyed , blowing kisses and tipping",", hitting him with the oven mitt in her hand and shooing him out the door . He obeyed , blowing kisses and tipping"
mgc1249,mg0940,shoo,shooed,125,441080,1963,1960,MAG,Atlantic,", made therounds with kisses and handshakes and were promptly",shooed,"off to bed . Chagall looked at his watch , trying to",", made therounds with kisses and handshakes and were promptly shooed off to bed . Chagall looked at his watch , trying to"
mgc1250,mg0689,boo,boos,113,328863,1989,1980,MAG,Time,to a New Jersey flag factory during the campaign drew some,boos,"from the political commentators , but Bush never blushed . #","to a New Jersey flag factory during the campaign drew some boos from the political commentators , but Bush never blushed . #"
mgc1251,mg0889,shoo,shooed,160,4933,1922,1920,FIC,VirginiaScout,. And Mrs. Davis bustled out of the cabin and energetically,shooed,the curious youngsters away . And now I was riding away to,. And Mrs. Davis bustled out of the cabin and energetically shooed the curious youngsters away . And now I was riding away to
mgc1252,mg0424,boo,booing,151,10636,1978,1970,FIC,Whistle,"and everyone was on his feet , yelling , cheering ,",booing,", Amelia asked , "" What color is a crowd ? ""","and everyone was on his feet , yelling , cheering , booing , Amelia asked , "" What color is a crowd ? """
mgc1253,mg1065,shoo,shooed,105,4160270,2013,2010,FIC,Bk:LeadMeHomeNovel,was thankful . # CHAPTER 2 # By the time Shiloh,shooed,"Lemuel , Omari , Raphael , and David out of the house","was thankful . # CHAPTER 2 # By the time Shiloh shooed Lemuel , Omari , Raphael , and David out of the house"
mgc1254,mg1211,shoo,shooing,49,36233,2008,2000,FIC,IAmNotCop!,"the ticket back to him , but he made a little",shooing,gesture with his fingers . All I could think to say was,"the ticket back to him , but he made a little shooing gesture with his fingers . All I could think to say was"
mgc1255,mg0316,boo,booing,163,698832,1932,1930,NEWS,NYT-Reg,Where on Wednesday he had gone home surrounded by policemen and,booing,", last night he received mild applause . He and some of","Where on Wednesday he had gone home surrounded by policemen and booing , last night he received mild applause . He and some of"
mgc1256,mg0350,boo,booing,22,16691,1949,1940,FIC,Mov:EasyLiving,", stops.PETEDid you hear them boo me ? ANNEAs fine a",booing,as I 've heard in a long time.PETEI guess fickle is the,", stops.PETEDid you hear them boo me ? ANNEAs fine a booing as I 've heard in a long time.PETEI guess fickle is the"
mgc1257,mg1171,shoo,shooing,123,53868,1993,1990,FIC,SouthernRev,", with gray distraught hair , lumbered in and out ,",shooing,"the orange cat , freshening Mattie 's tea , peeling apples for",", with gray distraught hair , lumbered in and out , shooing the orange cat , freshening Mattie 's tea , peeling apples for"
mgc1258,mg1346,wow,wowed,83,411424,2000,2000,MAG,USCatholic,#all U.S. prison inmates . By the time Denzel Washington,wowed,"us with his portrayal of Hurricane Carter last year , African","#all U.S. prison inmates . By the time Denzel Washington wowed us with his portrayal of Hurricane Carter last year , African"
mgc1259,mg1020,shoo,shooed,14,45344,1999,1990,FIC,Frontiers,"herself . I feel like a slug , but after being",shooed,"away from the kitchen , I undo the top button of my","herself . I feel like a slug , but after being shooed away from the kitchen , I undo the top button of my"
mgc1260,mg0249,boo,booed,167,747044,2003,2000,NF/ACAD,LawPublicPol,"#, New Mexico ) , during which Lockwood is regularly",booed,off the stage after tap dancing and fiddling . # Lockwood is,"#, New Mexico ) , during which Lockwood is regularly booed off the stage after tap dancing and fiddling . # Lockwood is"
mgc1261,mg0668,boo,boos,238,16260,1980,1980,FIC,Mov:RagingBull,out of the clinch in disgust . There are no more,boos,. JAKE has won over the crowd . TIME CUT : END,out of the clinch in disgust . There are no more boos . JAKE has won over the crowd . TIME CUT : END
mgc1262,mg0922,shoo,shooed,206,10222,1947,1940,FIC,SecondGrowth,Pennsylvania . He ran down two little girls in playsuits and,shooed,them in long enough for Ruth to hug them and give them,Pennsylvania . He ran down two little girls in playsuits and shooed them in long enough for Ruth to hug them and give them
mgc1263,mg0622,boo,boos,115,727586,1969,1960,NEWS,Chicago,when they paraded thru downtown Washington and drew jeers and,boos,from visitors here for the Presidential inauguration. 10,when they paraded thru downtown Washington and drew jeers and boos from visitors here for the Presidential inauguration. 10
mgc1264,mg0672,boo,boos,140,668484,1983,1980,NEWS,Boston,"called for a roll call vote , despite the groans and",boos,"of delegates , on a a platform amendment affirming a woman '","called for a roll call vote , despite the groans and boos of delegates , on a a platform amendment affirming a woman '"
mgc1265,mg0975,shoo,shooed,215,10662,1980,1980,FIC,MorgansPassing,second corner to wait for the Berger girls . Helena Berger,shooed,them out the door -- two little freckled redheads in plaid,second corner to wait for the Berger girls . Helena Berger shooed them out the door -- two little freckled redheads in plaid
mgc1266,mg1046,shoo,shooed,201,28690,2006,2000,FIC,ChallengerPark,brandishing their hall passes to come back and gawk . Lorelei,shooed,"them away , and Davis , preoccupied with his emotional","brandishing their hall passes to come back and gawk . Lorelei shooed them away , and Davis , preoccupied with his emotional"
mgc1267,mg1268,shoo,shoos,15,16372,1962,1960,FIC,Mov:RideHighCountry,- REVERSE 6X3 As the Policeman runs up to Judd and,shoos,him to a side street . POLICEMANClear the street ! Ca n't,- REVERSE 6X3 As the Policeman runs up to Judd and shoos him to a side street . POLICEMANClear the street ! Ca n't
mgc1268,mg0053,boo,booed,201,10163,1942,1940,FIC,SunIsMyUndoing,#own headgear . The more orderly sections of the mob,booed,their disapproval of these antics but took no measures against,#own headgear . The more orderly sections of the mob booed their disapproval of these antics but took no measures against
mgc1269,mg0724,boo,boos,4,33849,2007,2000,FIC,GunShy,"attempted to usurp the power of the American people . """,Boos,"all around . Stubbs nodded sympathetically . "" More recently ,","attempted to usurp the power of the American people . "" Boos all around . Stubbs nodded sympathetically . "" More recently ,"
mgc1270,mg0711,boo,boos,175,374090,2002,2000,MAG,Time,"about the commercials . Premovie ads , which used to draw",boos,"when one or two would pop up before the coming attractions ,","about the commercials . Premovie ads , which used to draw boos when one or two would pop up before the coming attractions ,"
mgc1271,mg0106,boo,booed,109,492593,1959,1950,MAG,SatEvePost,#with the American Federation of Labor . The disheartened actors,booed,him for suggesting that they line up with hod carriers and,#with the American Federation of Labor . The disheartened actors booed him for suggesting that they line up with hod carriers and
mgc1272,mg0151,boo,booed,54,10573,1973,1970,FIC,Burr,#that His Mightiness was often -- unthinkable lese-majeste --,booed,at the theatre and in the streets . Knowing the high almost,#that His Mightiness was often -- unthinkable lese-majeste -- booed at the theatre and in the streets . Knowing the high almost
mgc1273,mg0798,ooh,oohing,2,54283,1996,1990,FIC,FantasySciFi,". She spent hours peeking into every nook and cranny ,",oohing,and aahing at the flowery wallpaper and the elegant carved,". She spent hours peeking into every nook and cranny , oohing and aahing at the flowery wallpaper and the elegant carved"
mgc1274,mg0218,boo,booed,188,62710,1994,1990,MAG,SportsIll,"#of the Chicago Stadium crowd apparently agreed , because they",booed,the Bulls on occasion . The reaction did n't seem particularly,"#of the Chicago Stadium crowd apparently agreed , because they booed the Bulls on occasion . The reaction did n't seem particularly"
mgc1275,mg1320,wow,wowed,15,494946,1989,1980,MAG,NewRepublic,"#. ) The earliest commentators , most of whom were",wowed,"by Picasso the person , got wrong who did what . and","#. ) The earliest commentators , most of whom were wowed by Picasso the person , got wrong who did what . and"
mgc1276,mg1428,wow,wowing,7,4129031,2013,2010,NEWS,USAToday,#a lean mobile-focused machine to churn out products capable of,wowing,"customers . Along with that , Microsoft will need to morph into","#a lean mobile-focused machine to churn out products capable of wowing customers . Along with that , Microsoft will need to morph into"
mgc1277,mg0403,boo,booing,206,16316,1968,1960,FIC,Mov:Skidoo,", saintly expression on his face as he watches . The",booing,: BEANY ( angrily ) Didja see that ! ! ! That,", saintly expression on his face as he watches . The booing : BEANY ( angrily ) Didja see that ! ! ! That"
mgc1278,mg1066,shoo,shooed,8,4163295,2014,2010,FIC,FantasySciFi,"begun to draw flies . He stood next to it ,",shooed,"away a bluebottle that buzzed around the broken head , then took","begun to draw flies . He stood next to it , shooed away a bluebottle that buzzed around the broken head , then took"
mgc1279,mg0305,boo,booing,7,253662,1923,1920,MAG,Time,"In Europe , especially in Italy , hissing , whistling ,",booing,and even missile throwing are accepted institutions .,"In Europe , especially in Italy , hissing , whistling , booing and even missile throwing are accepted institutions ."
mgc1280,mg0800,ooh,oohing,26,426110,2001,2000,MAG,Entertainment,"of eight women out front , a reading group that 's",oohing,"over Kitchen Confidential , so Bourdain stays hidden in the back","of eight women out front , a reading group that 's oohing over Kitchen Confidential , so Bourdain stays hidden in the back"
mgc1281,mg0844,ooh,oohs,28,402093,2002,2000,MAG,TodaysParent,", the opening night campfire mysteriously lights by itself. "" There are lots of",oohs,"and ahhs, "" says camp director David Woollven. "" And I never give",", the opening night campfire mysteriously lights by itself. "" There are lots of oohs and ahhs, "" says camp director David Woollven. "" And I never give"
mgc1282,mg1040,shoo,shooed,101,32776,2005,2000,FIC,TakeMe,"going to do you proud . I promise . "" She",shooed,"Janica off . "" Go on . Your line is up next","going to do you proud . I promise . "" She shooed Janica off . "" Go on . Your line is up next"
mgc1283,mg0627,boo,boos,57,276987,1970,1970,MAG,Time,"filled the New York Hilton ballroom with Tarzanlike cries ,",boos,"and whistles . Next , harp music played while the screens flashed","filled the New York Hilton ballroom with Tarzanlike cries , boos and whistles . Next , harp music played while the screens flashed"
mgc1284,mg1201,shoo,shooing,93,51302,2006,2000,FIC,FantasySciFi,"and whispered , "" I can not . "" Bandar made",shooing,"motions toward the wall , but Huffley looked away . The","and whispered , "" I can not . "" Bandar made shooing motions toward the wall , but Huffley looked away . The"
mgc1285,mg0278,boo,booed,89,4170162,2016,2010,NF/ACAD,Journalism History,"#Aurelio , who represented Mayor John V. Lindsay , were",booed,"during their speeches.62 # Not all politicians , however , were","#Aurelio , who represented Mayor John V. Lindsay , were booed during their speeches.62 # Not all politicians , however , were"
mgc1286,mg0328,boo,booing,107,141032,1936,1930,MAG,Time,"Negro Jimmy Clark , who was so enraged at the continued",booing,that he floored his Syracuse University opponent for a count of,"Negro Jimmy Clark , who was so enraged at the continued booing that he floored his Syracuse University opponent for a count of"
mgc1287,mg0856,shoo,shooed,135,4545,1883,1880,FIC,GroceryManAndPecks,"to her boudoir and set , but after he had been",shooed,out of the gardens and flower beds he seemed to be nervous,"to her boudoir and set , but after he had been shooed out of the gardens and flower beds he seemed to be nervous"
mgc1288,mg0173,boo,booed,210,432022,1980,1980,MAG,USNWR,"#Richmond , Va. , Mayor Coleman Young of Detroit was",booed,when he called for support of President Carter . Many blacks,"#Richmond , Va. , Mayor Coleman Young of Detroit was booed when he called for support of President Carter . Many blacks"
mgc1289,mg0596,boo,boos,230,270440,1960,1960,MAG,Time,"rally platform with Johnson , Furcolo got a hearty round of",boos,". Clearly , something was amiss in Democratic Boston . Indeed ,","rally platform with Johnson , Furcolo got a hearty round of boos . Clearly , something was amiss in Democratic Boston . Indeed ,"
mgc1290,mg1034,shoo,shooed,106,55820,2001,2000,FIC,SouthernRev,the bedroom with strong lye soap . And the old lady,shooed,Livvie and me away whenever we came near . We represented disease,the bedroom with strong lye soap . And the old lady shooed Livvie and me away whenever we came near . We represented disease
mgc1291,mg1225,shoo,shooing,7,4163115,2013,2010,FIC,IowaRev,winter . My father waved his hand as if he were,shooing,"a fly , dismissing the memory of his son . "" Well","winter . My father waved his hand as if he were shooing a fly , dismissing the memory of his son . "" Well"
mgc1292,mg0269,boo,booed,122,4128097,2012,2010,NEWS,CSMonitor,#should borrow money from their parents . When the crowd,booed,"his mentions of Romney , Obama interjected , "" Do n't boo","#should borrow money from their parents . When the crowd booed his mentions of Romney , Obama interjected , "" Do n't boo"
mgc1293,mg1205,shoo,shooing,51,51980,2007,2000,FIC,FantasySciFi,"Stink . It . Up . "" She makes a tired",shooing,"gesture . "" Go home , you greedy little boy . No","Stink . It . Up . "" She makes a tired shooing gesture . "" Go home , you greedy little boy . No"
mgc1294,mg0969,shoo,shooed,47,10645,1978,1970,FIC,ThursdayRabbiWalked,"keep her waiting . "" And waving his arms , he",shooed,Gore and Billy into the dining room . As Gore spread his,"keep her waiting . "" And waving his arms , he shooed Gore and Billy into the dining room . As Gore spread his"
mgc1295,mg0457,boo,booing,8,400333,1998,1990,MAG,Environmental,practices straight from the factory farm . After the,booing,"and hissing and agency grandstanding subsided , an outraged","practices straight from the factory farm . After the booing and hissing and agency grandstanding subsided , an outraged"
mgc1296,mg1372,wow,wowed,35,4079030,2010,2010,NEWS,Denver,#Colorado Symphony to guest conduct an all-Mozart program . He,wowed,Denver audiences a little more than a year ago with a nuanced,#Colorado Symphony to guest conduct an all-Mozart program . He wowed Denver audiences a little more than a year ago with a nuanced
mgc1297,mg0277,boo,booed,56,4186118,2016,2010,NEWS,Los Angeles Times,#said . # At the commission meeting -- where protesters,booed,Beck as he walked into the room -- activist Melina Abdullah,#said . # At the commission meeting -- where protesters booed Beck as he walked into the room -- activist Melina Abdullah
mgc1298,mg1008,shoo,shooed,78,53932,1994,1990,FIC,FantasySciFi,", yes , of course , come in . "" She",shooed,"him into the nearest room , which turned out to be a",", yes , of course , come in . "" She shooed him into the nearest room , which turned out to be a"
mgc1299,mg1177,shoo,shooing,47,39392,1995,1990,FIC,Triquarterly,shook his sheet of foolscap at Buster as if he were,shooing,flies . Then he wiped his glasses with the end of his,shook his sheet of foolscap at Buster as if he were shooing flies . Then he wiped his glasses with the end of his
mgc1300,mg1195,shoo,shooing,20,49338,2004,2000,FIC,FantasySciFi,"Magic ! "" then blew air over my lips as if",shooing,"away a gossamer . My assistant said , "" You also like","Magic ! "" then blew air over my lips as if shooing away a gossamer . My assistant said , "" You also like"
mgc1301,mg0642,boo,boos,122,103836,1972,1970,MAG,SportsIll,"one of their favorites , and Carlton may hear those famous",boos,"if he does n't get oil "" to a smart start .","one of their favorites , and Carlton may hear those famous boos if he does n't get oil "" to a smart start ."
mgc1302,mg0011,boo,booed,76,692504,1926,1920,NEWS,NYT-Reg,#speech by Representative Tydings was cheered by the wets and,booed,"by the drys . "" Any one who dares say anything against","#speech by Representative Tydings was cheered by the wets and booed by the drys . "" Any one who dares say anything against"
mgc1303,mg0317,boo,booing,182,10027,1932,1930,FIC,MagnoliaStreet,. It was not pleasant to rtm the gauntlet of that,booing,. But he thought better of it . I Iis heart was,. It was not pleasant to rtm the gauntlet of that booing . But he thought better of it . I Iis heart was
mgc1304,mg0732,boo,boos,70,4145104,2013,2010,MAG,MotherJones,""" End the Fed , "" or into a chorus of",boos,at the mention of establishment figures like Sens . John McCain,""" End the Fed , "" or into a chorus of boos at the mention of establishment figures like Sens . John McCain"
mgc1305,mg1302,wow,wowed,2,189080,1950,1950,MAG,Time,#and festivity ; deep in the Borneo jungle he once,wowed,an aboriginal audience with some impromptu Scottish reels .,#and festivity ; deep in the Borneo jungle he once wowed an aboriginal audience with some impromptu Scottish reels .
mgc1306,mg0550,boo,boos,222,10189,1944,1940,FIC,DeepRiver,"that is ag-gression ! "" He seemed barely to hear the",boos,", whistles , and cheers . The gallery vibrated with stamping feet","that is ag-gression ! "" He seemed barely to hear the boos , whistles , and cheers . The gallery vibrated with stamping feet"
mgc1307,mg1315,wow,wowed,96,491634,1979,1970,MAG,SatEvePost,#come striding out of the West to Stockbridge ( Duke,wowed,' em ! ) and sit for their portraits ; even the,#come striding out of the West to Stockbridge ( Duke wowed ' em ! ) and sit for their portraits ; even the
mgc1308,mg0092,boo,booed,23,10333,1955,1950,FIC,SomethingValue,#taking one apprehensive look at the crowd . The onlookers,booed,and jeered as the ladies were helped into the saddle . One,#taking one apprehensive look at the crowd . The onlookers booed and jeered as the ladies were helped into the saddle . One
mgc1309,mg1272,shoo,shoos,35,252078,1972,1970,MAG,Time,) want in on the drive and the profits . Duke,shoos,"them off , but they skulk along behind the cows , waiting",") want in on the drive and the profits . Duke shoos them off , but they skulk along behind the cows , waiting"
mgc1310,mg0248,boo,booed,150,623036,2003,2000,NEWS,SanFran,"#I ever dropped one was in Philadelphia , and they",booed,"me , "" he said . "" Fortunately , we won the","#I ever dropped one was in Philadelphia , and they booed me , "" he said . "" Fortunately , we won the"
mgc1311,mg0508,boo,boos,267,299632,1925,1920,MAG,Time,"champion , whose unpopularity was evinced by squalls of",boos,". # Then began the slapping , spanking bout of brawn and","champion , whose unpopularity was evinced by squalls of boos . # Then began the slapping , spanking bout of brawn and"
mgc1312,mg0408,boo,booing,159,10570,1973,1970,FIC,GreatAmericanNovel,had anyone out in the first inning . The crowd was,booing,", his own teammateswere moaning , and Spit was in a rage","had anyone out in the first inning . The crowd was booing , his own teammateswere moaning , and Spit was in a rage"
mgc1313,mg1250,shoo,shoos,2,745708,1886,1880,NEWS,NYT-Reg,"unfounded , that Strikers in the vicinity of the machine",shoos,at Summit-avenue bad stopped the Kirkwood train and detached it,"unfounded , that Strikers in the vicinity of the machine shoos at Summit-avenue bad stopped the Kirkwood train and detached it"
mgc1314,mg0171,boo,booed,129,111616,1979,1970,MAG,SportsIll,"#Cuevas ? "" Oh , no . I 've been",booed,"in Orlando , "" he says . "" But I have a","#Cuevas ? "" Oh , no . I 've been booed in Orlando , "" he says . "" But I have a"
mgc1315,mg1120,shoo,shooing,137,16124,1949,1940,FIC,Mov:ReignOfTerror,man and woman -- traitors to the Republic . GRANDMA (,shooing,"them out ) Well , you wo n't find them in that","man and woman -- traitors to the Republic . GRANDMA ( shooing them out ) Well , you wo n't find them in that"
mgc1316,mg1190,shoo,shooing,117,38329,2000,2000,FIC,FantasySciFi,"Tell the women to bring hot water-boiling if possible . """,Shooing,"the frightened men away , Klara rapped orders to the women .","Tell the women to bring hot water-boiling if possible . "" Shooing the frightened men away , Klara rapped orders to the women ."
mgc1317,mg0925,shoo,shooed,54,10304,1953,1950,FIC,GoldenApplesSun,thought of or felt by any means . OtherwiseI 'd have,shooed,"her away , for I liked Sophie Geratis too well to give","thought of or felt by any means . OtherwiseI 'd have shooed her away , for I liked Sophie Geratis too well to give"
mgc1318,mg0001,boo,booed,158,780742,1883,1880,NEWS,NYT-Reg,"#going to die . "" Capt . Nelms said he",booed,"not , and remarked that the doctors did not think his condition","#going to die . "" Capt . Nelms said he booed not , and remarked that the doctors did not think his condition"
mgc1319,mg0189,boo,booed,47,432234,1985,1980,MAG,Newsweek,#. Terry Branstad watched his popularity ratings plummet and was,booed,at football games before he finally said he would no longer stand,#. Terry Branstad watched his popularity ratings plummet and was booed at football games before he finally said he would no longer stand
mgc1320,mg0029,boo,booed,117,301609,1934,1930,MAG,Time,#by sympathetic cheers from a gallery which nearly always,booed,"him , Shore recovered his nerve , played a lusty game but","#by sympathetic cheers from a gallery which nearly always booed him , Shore recovered his nerve , played a lusty game but"
mgc1321,mg1439,wow,wows,8,23865,1969,1960,FIC,Harpers,"the bottle this time, schmilling it over the side bye-bye, Russians. Muffled",wows,"around the quiet trio, Gary still hanging on the lines. Then a widening","the bottle this time, schmilling it over the side bye-bye, Russians. Muffled wows around the quiet trio, Gary still hanging on the lines. Then a widening"
mgc1322,mg0300,boo,booing,177,4868,1907,1900,FIC,Convert,eard . ' He retired to a chorus of cheers and,booing,", while the chairman , more harassed than ever , it would","eard . ' He retired to a chorus of cheers and booing , while the chairman , more harassed than ever , it would"
mgc1323,mg0843,ooh,oohs,27,138502,2001,2000,MAG,SportsIll,", "" continues Davis. "" His edge is the highlights, dunking, the",oohs,and aahs. But it's hard for that to be the motivation. Your,", "" continues Davis. "" His edge is the highlights, dunking, the oohs and aahs. But it's hard for that to be the motivation. Your"
mgc1324,mg0399,boo,booing,134,99544,1967,1960,MAG,SportsIll,standing nose to nose yelling at each other with the crowd,booing,-- and if you think the one they 're booing is the,standing nose to nose yelling at each other with the crowd booing -- and if you think the one they 're booing is the
mgc1325,mg0198,boo,booed,98,668987,1989,1980,NEWS,Chicago,"#a smothering defense that limited Bill Cartwright , who was",booed,"frequently in the second half , to only two shots in 41","#a smothering defense that limited Bill Cartwright , who was booed frequently in the second half , to only two shots in 41"
mgc1326,mg0759,boo,boos,257,5017020,2019,2010,NEWS,Chicago Sun-Times,", and he walked off the mound to a cascade of",boos,". "" Especially for me . "" # What happens next at",", and he walked off the mound to a cascade of boos . "" Especially for me . "" # What happens next at"
mgc1327,mg1437,wow,wows,6,133214,1959,1950,MAG,SportsIll,"Snead has to do to arouse a chorus of open-mouthed "" ohs "" and """,wows,""" and "" whees "" is to hit a tee shot. Here it was","Snead has to do to arouse a chorus of open-mouthed "" ohs "" and "" wows "" and "" whees "" is to hit a tee shot. Here it was"
mgc1328,mg0546,boo,boos,163,10176,1943,1940,FIC,TreeGrowsInBrooklyn,wondering about many things : 9596 A Tree Grows in Brooklyn,BOOS,Two 97what made the wind blow and what was grass and why,wondering about many things : 9596 A Tree Grows in Brooklyn BOOS Two 97what made the wind blow and what was grass and why
mgc1329,mg0132,boo,booed,25,727550,1969,1960,NEWS,Chicago,"#and three members of the community . "" Oviatt was",booed,and jeered during his appearance . The campus has had sporadic,"#and three members of the community . "" Oviatt was booed and jeered during his appearance . The campus has had sporadic"
mgc1330,mg1393,wow,wowed,38,5021113,2018,2010,NEWS,Baltimore Sun,"#. Even as a freshman , Olsufka 's skill set",wowed,"Fellona . "" I just knew he was a beast and he","#. Even as a freshman , Olsufka 's skill set wowed Fellona . "" I just knew he was a beast and he"
mgc1331,mg1402,wow,wowing,10,492592,1949,1940,MAG,SatEvePost,"#'s strategists , brooding over the governor 's propensity for",wowing,his constituents by dropping out of the Skies like a Bobby Clark,"#'s strategists , brooding over the governor 's propensity for wowing his constituents by dropping out of the Skies like a Bobby Clark"
mgc1332,mg0375,boo,booing,100,10336,1955,1950,FIC,BangDrumSlowly,"come down after awhile , and Horse warmed , and the",booing,"started and stopped the whole time , turning to cheering when Sid","come down after awhile , and Horse warmed , and the booing started and stopped the whole time , turning to cheering when Sid"
mgc1333,mg0928,shoo,shooed,174,10334,1955,1950,FIC,BandAngels,"will have another drink . "" And did . The bride",shooed,the Kikuyu maids from her room and did a most unbridal thing,"will have another drink . "" And did . The bride shooed the Kikuyu maids from her room and did a most unbridal thing"
mgc1334,mg0531,boo,boos,170,222818,1938,1930,MAG,Time,time because of a bowed tendon . # Whether the Boston,boos,"were louder than the Hollywood boos , no one could determine .","time because of a bowed tendon . # Whether the Boston boos were louder than the Hollywood boos , no one could determine ."
mgc1335,mg1056,shoo,shooed,165,4076215,2010,2010,FIC,Bk:DrSkennersSPEC,finished loading everyone but Radar and the harpy . WhUe she,shooed,"the harpy up the ramp , Radar sauntered around the copter and","finished loading everyone but Radar and the harpy . WhUe she shooed the harpy up the ramp , Radar sauntered around the copter and"
mgc1336,mg0898,shoo,shooed,176,10027,1932,1930,FIC,MagnoliaStreet,plants and tended their leaves and flowers . No wonder she,shooed,the little Jew boys away when they started playing ball or,plants and tended their leaves and flowers . No wonder she shooed the little Jew boys away when they started playing ball or
mgc1337,mg0202,boo,booed,283,91462,1989,1980,MAG,SportsIll,"#that were shown on two huge screens , the crowd",booed,". "" That hurt , "" Morris said on Saturday . ""","#that were shown on two huge screens , the crowd booed . "" That hurt , "" Morris said on Saturday . """
mgc1338,mg0938,shoo,shooed,209,10407,1961,1960,FIC,ClockWithoutHands,"she could neither sit up nor lean back comfortably , eventually",shooed,"them off . "" Sabrina 's tired , "" she said .","she could neither sit up nor lean back comfortably , eventually shooed them off . "" Sabrina 's tired , "" she said ."
mgc1339,mg0649,boo,boos,205,10595,1975,1970,FIC,LastValley,begging the studio audience to quiet down . There were still,boos,", isolated shouts -- a sense of disorder -- abandon . The","begging the studio audience to quiet down . There were still boos , isolated shouts -- a sense of disorder -- abandon . The"
mgc1340,mg0595,boo,boos,213,310890,1960,1960,MAG,Time,"English audience with extempore outbursts , matched booze for",boos,", refused to heed the actors when they faced him across the","English audience with extempore outbursts , matched booze for boos , refused to heed the actors when they faced him across the"
mgc1341,mg0069,boo,booed,149,10193,1945,1940,FIC,Upstart,#I was not afraid of the crowd . When it,booed,"me , for not coming to grips with my enemy , I","#I was not afraid of the crowd . When it booed me , for not coming to grips with my enemy , I"
mgc1342,mg1143,shoo,shooing,69,10554,1972,1970,FIC,Clone,was about him that had so far prevented her from simply,shooing,him out of her life like any other stray biped . True,was about him that had so far prevented her from simply shooing him out of her life like any other stray biped . True
mgc1343,mg0890,shoo,shooed,231,1726,1922,1920,FIC,FlowingGold,"it . And she did . Not until she had """,shooed,""" him out and sent him downstairs , smiling and chuckling at","it . And she did . Not until she had "" shooed "" him out and sent him downstairs , smiling and chuckling at"
mgc1344,mg1019,shoo,shooed,184,43801,1998,1990,FIC,Ploughshares,"what needs to be done around here . "" Aunt Hen",shooed,"the poodle off her lap . My mother butted in , unintentionally","what needs to be done around here . "" Aunt Hen shooed the poodle off her lap . My mother butted in , unintentionally"
mgc1345,mg1048,shoo,shooed,87,36319,2008,2000,FIC,FranklyMyDearIm,"tour business with no phones , "" Luke grumbled as she",shooed,"him out of the office . # "" You , too ,","tour business with no phones , "" Luke grumbled as she shooed him out of the office . # "" You , too ,"
mgc1346,mg0956,shoo,shooed,228,780114,1973,1970,FIC,WildPitch,"we had lifted the litter to a table , Doc Yak",shooed,"us out , all but the sheriff . Three men had come","we had lifted the litter to a table , Doc Yak shooed us out , all but the sheriff . Three men had come"
mgc1347,mg0995,shoo,shooed,26,53232,1990,1990,FIC,SouthernRev,"table . Unbuttoning the top stud of his shirt , he",shooed,away the tabby cat who tried to rub against his legs .,"table . Unbuttoning the top stud of his shirt , he shooed away the tabby cat who tried to rub against his legs ."
mgc1348,mg0533,boo,boos,100,146837,1939,1930,MAG,Time,146838 To a chorus of,boos,"from press and Parliament for bungling its job (TIME , Sept.","146838 To a chorus of boos from press and Parliament for bungling its job (TIME , Sept."
mgc1349,mg0410,boo,booing,147,1073092,1975,1970,TV/MOV,Hard Times,"(RHYTHMICCLATTERING ) (CLAPPING , STAMPING ) ( CHEERING ,",BOOING,) Has been a few unfortunate fighters busted their knuckles on,"(RHYTHMICCLATTERING ) (CLAPPING , STAMPING ) ( CHEERING , BOOING ) Has been a few unfortunate fighters busted their knuckles on"
mgc1350,mg0738,boo,boos,49,4190047,2016,2010,NEWS,The Boston Globe,call positive . The movie was met with a chorus of,boos,"and one critic called director Gus Van Sant 's somber tale ""","call positive . The movie was met with a chorus of boos and one critic called director Gus Van Sant 's somber tale """
mgc1351,mg1003,shoo,shooed,146,25019,1993,1990,FIC,ChimesAlyafaleyn,""" Young man , back to your room . "" She",shooed,"Tamborel away and went with Hwyllum to the saba . "" No",""" Young man , back to your room . "" She shooed Tamborel away and went with Hwyllum to the saba . "" No"
mgc1352,mg1071,shoo,shooed,66,4164143,2015,2010,FIC,NewEnglandRev,"hissed , waving the manga . The teaista snatched it ,",shooed,"her sister toward the door , clutching the manga as if afraid","hissed , waving the manga . The teaista snatched it , shooed her sister toward the door , clutching the manga as if afraid"
mgc1353,mg0939,shoo,shooed,111,2584025,1963,1960,TV/MOV,The Fugitive,"either . I 'm tellin ' you , sheriff , she",shooed,me off with a gun . And look at what she did,"either . I 'm tellin ' you , sheriff , she shooed me off with a gun . And look at what she did"
mgc1354,mg1224,shoo,shooing,106,4120306,2012,2010,FIC,Bk:BroadwayBabyNovel,November air . She could hear a baby crying and someone,shooing,something off a porch . She imagined someone in one of the,November air . She could hear a baby crying and someone shooing something off a porch . She imagined someone in one of the
mgc1355,mg1343,wow,wowed,29,408871,2000,2000,MAG,Backpacker,"#the 17-mile Kinkaid Lake Trail , and prepare to be",wowed,by wild rock formations and the oak-and-hickory-filled,"#the 17-mile Kinkaid Lake Trail , and prepare to be wowed by wild rock formations and the oak-and-hickory-filled"
mgc1356,mg0307,boo,booing,192,467910,1925,1920,MAG,Harpers,thought the applause unanimous but was received with a burst of,booing,. The argument is that if an author is willing to be,thought the applause unanimous but was received with a burst of booing . The argument is that if an author is willing to be
mgc1357,mg0068,boo,booed,112,180703,1945,1940,MAG,Time,"#attended a football game in Sao Paulo , the crowd",booed,him out of the stadium .,"#attended a football game in Sao Paulo , the crowd booed him out of the stadium ."
mgc1358,mg0019,boo,booed,5,698144,1931,1930,NEWS,NYT-Reg,#lifetime associates on the Labor benches . They jeered and,booed,"all through the speech whenever Mr. Snowden mentioned economy ,","#lifetime associates on the Labor benches . They jeered and booed all through the speech whenever Mr. Snowden mentioned economy ,"
mgc1359,mg0551,boo,boos,110,10196,1945,1940,FIC,MrTuttFindsWay,"the sheriff arrest ye fer assault . "" Then , amid",boos,"from the crowd , he ducked quickly behind a pillar and slipped","the sheriff arrest ye fer assault . "" Then , amid boos from the crowd , he ducked quickly behind a pillar and slipped"
mgc1360,mg0603,boo,boos,211,205167,1963,1960,MAG,Time,"applause at its end . There were no pickets , no",boos,", no threats .","applause at its end . There were no pickets , no boos , no threats ."
mgc1361,mg0415,boo,booing,142,1075147,1976,1970,TV/MOV,Robin and Marian,3126964 ( crowd_shouting ) (,booing,) Come on ! Hit ' I'm ! Hit ' I'm !,3126964 ( crowd_shouting ) ( booing ) Come on ! Hit ' I'm ! Hit ' I'm !
mgc1362,mg0887,shoo,shooed,141,4895,1922,1920,FIC,FightingEdge,clean even though ragged and unkempt . Every Saturday night she,shooed,Pete Tolliver out of the house and took a bath in the,clean even though ragged and unkempt . Every Saturday night she shooed Pete Tolliver out of the house and took a bath in the
mgc1363,mg1369,wow,wowed,5,389266,2007,2000,MAG,BoysLife,"#PLAYING THE BIG STAGE Through the years , Beckham also",wowed,audiences for two of the globe 's most celebrated clubs : England,"#PLAYING THE BIG STAGE Through the years , Beckham also wowed audiences for two of the globe 's most celebrated clubs : England"
mgc1364,mg0981,shoo,shooed,158,10695,1982,1980,FIC,DinnerAtHomesick,"When it was over , she switched off the TV and",shooed,"the children up the stairs . Quinn , the youngest , who","When it was over , she switched off the TV and shooed the children up the stairs . Quinn , the youngest , who"
mgc1365,mg1028,shoo,shooed,39,38940,2000,2000,FIC,FantasySciFi,song . A voice like that never called pigs home or,shooed,"chickens , "" Benedict countered . "" Besides , I caught her","song . A voice like that never called pigs home or shooed chickens , "" Benedict countered . "" Besides , I caught her"
mgc1366,mg1325,wow,wowed,53,422054,1991,1990,MAG,USNWR,#even to heal burns faster . Their successes have sufficiently,wowed,the American Medical Association 's Council on Scientific,#even to heal burns faster . Their successes have sufficiently wowed the American Medical Association 's Council on Scientific
mgc1367,mg1123,shoo,shooing,158,10262,1950,1950,FIC,Town,bed . They thought it was flies and kept twitching and,shooing,. The whole company had to choke to keep back from laughing,bed . They thought it was flies and kept twitching and shooing . The whole company had to choke to keep back from laughing
mgc1368,mg0631,boo,boos,152,729098,1970,1970,NEWS,NYT-Reg,"show of amity , Mr. Lindsay applauded vigorously when the",boos,rang out at the end of Mr. Rockefeller 's speech and the,"show of amity , Mr. Lindsay applauded vigorously when the boos rang out at the end of Mr. Rockefeller 's speech and the"
mgc1369,mg0824,ooh,oohs,8,10554,1972,1970,FIC,Clone,anticipatory rus/fling of paper napkins; the crack of crisp breadsticks being broken; little,oohs,"', ahs', and urns' of gustatory pleasure; and all interspersed","anticipatory rus/fling of paper napkins; the crack of crisp breadsticks being broken; little oohs ', ahs', and urns' of gustatory pleasure; and all interspersed"
mgc1370,mg1147,shoo,shooing,2,10598,1975,1970,FIC,BrightArrows,"! Git ! "" and stomped her foot like she was",shooing,a cat . Backing up through the door and pulling it shut,"! Git ! "" and stomped her foot like she was shooing a cat . Backing up through the door and pulling it shut"
mgc1371,mg0515,boo,boos,16,773927,1930,1930,NF/ACAD,"""Hey!Yellowbacks!""","the bottom corridor was shattered by the sound of whistling ,",boos,and cat-calls . I may not have mentioned that our cell is,"the bottom corridor was shattered by the sound of whistling , boos and cat-calls . I may not have mentioned that our cell is"
mgc1372,mg1118,shoo,shooing,56,10239,1948,1940,FIC,Moth,it was Helen that had thrown it . Mr. Legg began,shooing,"her into the house . All that took maybe one second ,","it was Helen that had thrown it . Mr. Legg began shooing her into the house . All that took maybe one second ,"
mgc1373,mg0962,shoo,shooed,34,10595,1975,1970,FIC,LastValley,"around to kiss everybody good night , then let themselves be",shooed,"away . Outside , the night 's chill pressed against them as","around to kiss everybody good night , then let themselves be shooed away . Outside , the night 's chill pressed against them as"
mgc1374,mg0936,shoo,shooed,115,781981,1961,1960,FIC,FinalDeduction,through the routine motions for an hour and a half they,shooed,"me out , and at a quarter past six I was paying","through the routine motions for an hour and a half they shooed me out , and at a quarter past six I was paying"
mgc1375,mg1284,shoo,shoos,17,29810,1995,1990,FIC,TimeButterflies,". A kitten lies recklessly under the runners , and she",shoos,"it away "" What is it you want to know ? """,". A kitten lies recklessly under the runners , and she shoos it away "" What is it you want to know ? """
mgc1376,mg0250,boo,booed,55,648971,2004,2000,NEWS,NYT,#2 for 17 in the last four losses and was,booed,"at Yankee Stadium . # Then , of course , there was","#2 for 17 in the last four losses and was booed at Yankee Stadium . # Then , of course , there was"
mgc1377,mg0469,boo,booing,54,385726,2003,2000,MAG,NatlReview,"Talladega , his name was greeted with a great outbreak of",booing,from the fans . SOME DEMOGRAPHICS # What then of those,"Talladega , his name was greeted with a great outbreak of booing from the fans . SOME DEMOGRAPHICS # What then of those"
mgc1378,mg0988,shoo,shooed,204,10753,1987,1980,FIC,WorldAsIFoundIt,and at times they tried to restrain her . Impatiently Martha,shooed,"them away . "" Passover is almost here -- we must be","and at times they tried to restrain her . Impatiently Martha shooed them away . "" Passover is almost here -- we must be"
mgc1379,mg0292,boo,booing,202,9696,1894,1890,FIC,CowboyLady,"Loud noise and confusion , cat-calls , whistling , hissing and",booing,. ( The JUDGE raps for order in vain . Finally the,"Loud noise and confusion , cat-calls , whistling , hissing and booing . ( The JUDGE raps for order in vain . Finally the"
mgc1380,mg0963,shoo,shooed,157,780110,1975,1970,FIC,MassacreAtFall,"home before candlelighting time . After an early supper , Caleb",shooed,"the children up to their beds in the loft . "" I","home before candlelighting time . After an early supper , Caleb shooed the children up to their beds in the loft . "" I"
mgc1381,mg0880,shoo,shooed,177,2728,1920,1920,FIC,GardenPlynck,", only to sink down again , trembling , as Sara",shooed,the little rollicking things safely down through the opening .,", only to sink down again , trembling , as Sara shooed the little rollicking things safely down through the opening ."
mgc1382,mg1275,shoo,shoos,24,16199,1980,1980,FIC,Mov:TomHorn,"outta here . THE CAMERA PANS To Deputy Proctor , who",shoos,the children away as he approaches . PAN ACROSS the children as,"outta here . THE CAMERA PANS To Deputy Proctor , who shoos the children away as he approaches . PAN ACROSS the children as"
mgc1383,mg1457,wow,wows,26,379675,2005,2000,MAG,Time,"and more relevant as he has aged # WARREN BUFFETT, 75 The investment seer",wows,"20,000 at his annual revival. Lately he has bought utilities ahead of surging energy","and more relevant as he has aged # WARREN BUFFETT, 75 The investment seer wows 20,000 at his annual revival. Lately he has bought utilities ahead of surging energy"
mgc1384,mg1374,wow,wowed,102,4086067,2010,2010,NEWS,Houston,## All might have been forgiven had the signature ceviches,wowed,. They did not . There were never more than two kinds,## All might have been forgiven had the signature ceviches wowed . They did not . There were never more than two kinds
mgc1385,mg1072,shoo,shooed,89,4161223,2015,2010,FIC,Bk:HeartsMadeWhole,"how I 'd get by without you . "" # She",shooed,"him with a flutter of her hands . "" I 'm sure","how I 'd get by without you . "" # She shooed him with a flutter of her hands . "" I 'm sure"
mgc1386,mg0101,boo,booed,155,266564,1957,1950,MAG,Time,#. At first white high-school students boycotted classes and,booed,"Negro newcomers , but these protests soon ended when school","#. At first white high-school students boycotted classes and booed Negro newcomers , but these protests soon ended when school"
mgc1387,mg0265,boo,booed,172,641868,2007,2000,NEWS,Chicago,"#a disappointment to their fans . McNabb , who was",booed,"on draft day by fans , has taken the brunt of the","#a disappointment to their fans . McNabb , who was booed on draft day by fans , has taken the brunt of the"
mgc1388,mg0460,boo,booing,161,5244121,1998,1990,TV/MOV,CatDog,back . That freak 's a totally normal freak . (,Booing,", hissing ) Come on , cat . (Moaning ) (","back . That freak 's a totally normal freak . ( Booing , hissing ) Come on , cat . (Moaning ) ("
mgc1389,mg1179,shoo,shooing,128,52951,1995,1990,FIC,FantasySciFi,did n't know if he wanted luck . He 'd tried,shooing,"the thing away , but it would n't leave , and he","did n't know if he wanted luck . He 'd tried shooing the thing away , but it would n't leave , and he"
mgc1390,mg0052,boo,booed,11,167321,1941,1940,MAG,Time,#well-mannered meetings of the Federation . The galleries,booed,and cheered with organized isolationist efficiency . # The,#well-mannered meetings of the Federation . The galleries booed and cheered with organized isolationist efficiency . # The
mgc1391,mg1061,shoo,shooed,3,4120274,2012,2010,FIC,Bk:SimpleSpring,"gather eggs twice a day ? "" Sam asked as he",shooed,a handful of hens from the coop . At the age of,"gather eggs twice a day ? "" Sam asked as he shooed a handful of hens from the coop . At the age of"
mgc1392,mg1051,shoo,shooed,1,4090279,2010,2010,FIC,Bk:CinderellaDeal,"Flattery in the flesh , practically hissing at him as he",shooed,"a cat away from his rebuilt black Porsche , her dark ,","Flattery in the flesh , practically hissing at him as he shooed a cat away from his rebuilt black Porsche , her dark ,"
mgc1393,mg0982,shoo,shooed,153,10709,1983,1980,FIC,HollywoodWives,one lamp draped with a singed pink chiffon scarf . She,shooed,"the cat off the bed , threw off her plastic raincoat ,","one lamp draped with a singed pink chiffon scarf . She shooed the cat off the bed , threw off her plastic raincoat ,"
mgc1394,mg1156,shoo,shooing,109,780031,1981,1980,FIC,Stroll,"'ll see if he comes up now , she raged ,",shooing,the black smoke out the offending window . He came up all,"'ll see if he comes up now , she raged , shooing the black smoke out the offending window . He came up all"
mgc1395,mg0861,shoo,shooed,33,780997,1905,1900,NEWS,NYT-Reg,"had heart-to-heart talks with the indicator , but they were",shooed,away . As the game proceeded the crowd saw that it was,"had heart-to-heart talks with the indicator , but they were shooed away . As the game proceeded the crowd saw that it was"
mgc1396,mg0530,boo,boos,60,222818,1938,1930,MAG,Time,and the shore of the Pacific one afternoon last week lusty,boos,"arose from the throats of 116,000 racetrack fans . At Suffolk","and the shore of the Pacific one afternoon last week lusty boos arose from the throats of 116,000 racetrack fans . At Suffolk"
mgc1397,mg1075,shoo,shooed,211,4161246,2015,2010,FIC,Bk:StayNovel,". # The kids ' free time evaporated , and David",shooed,"them one at a time toward the bath , reminding Brent that",". # The kids ' free time evaporated , and David shooed them one at a time toward the bath , reminding Brent that"
mgc1398,mg0816,ooh,oohing,13,4145107,2013,2010,MAG,MotherJones,"find severalNRCS people holding their own little clump of dirt ,",oohing,and ahhing at the sight . # Then we cross the street,"find severalNRCS people holding their own little clump of dirt , oohing and ahhing at the sight . # Then we cross the street"
mgc1399,mg1449,wow,wows,18,13311,1988,1980,FIC,Play:StickHorse,for court hearings. What else have we done but drink and dance at pow,wows,and hang around Indian rodeo? JAKE We've made our donations to Indian bingo,for court hearings. What else have we done but drink and dance at pow wows and hang around Indian rodeo? JAKE We've made our donations to Indian bingo
mgc1400,mg1230,shoo,shooing,24,4161324,2015,2010,FIC,Bk:SatansLullabyMedieval,"the rancorous older nun . She raised an eyebrow . """,Shooing,"away our prioress ' cat , Arthur . She has never approved","the rancorous older nun . She raised an eyebrow . "" Shooing away our prioress ' cat , Arthur . She has never approved"
mgc1401,mg1038,shoo,shooed,196,32605,2004,2000,FIC,SweetLandStories,sang their own dirty words to a nursery rhyme . I,shooed,them away and they scattered off for a minute hooting and,sang their own dirty words to a nursery rhyme . I shooed them away and they scattered off for a minute hooting and
mgc1402,mg0872,shoo,shooed,150,2874,1914,1910,FIC,BertWilsonInRockies,"Melton 's housewifely instincts asserted themselves , and she",shooed,the boys off to their rooms to rid themselves of the dust,"Melton 's housewifely instincts asserted themselves , and she shooed the boys off to their rooms to rid themselves of the dust"
mgc1403,mg0239,boo,booed,170,370298,2001,2000,MAG,Time,"#with an angel 's wing on her shoulder , got",booed,off the stage at the 1967 Monterey Pop Festival . That may,"#with an angel 's wing on her shoulder , got booed off the stage at the 1967 Monterey Pop Festival . That may"
mgc1404,mg1021,shoo,shooed,19,44944,1999,1990,FIC,FantasySciFi,then he was gone and I swam down to Elizabeth and,shooed,away the butcherbirds and read the note written on the bottom of,then he was gone and I swam down to Elizabeth and shooed away the butcherbirds and read the note written on the bottom of
mgc1405,mg1136,shoo,shooing,135,16356,1963,1960,FIC,Mov:IrmaLaDouce,"girls one by one , unloading them from the van and",shooing,them into the station . Nestor extricates himself from the,"girls one by one , unloading them from the van and shooing them into the station . Nestor extricates himself from the"
mgc1406,mg1200,shoo,shooing,81,31472,2006,2000,FIC,KindredSpirit,""" Go on . Ask her , "" Rocco said ,",shooing,"Melissa toward Hallie with both hands . "" Ready for the collision",""" Go on . Ask her , "" Rocco said , shooing Melissa toward Hallie with both hands . "" Ready for the collision"
mgc1407,mg0817,ooh,oohs,1,203464,1960,1960,MAG,Time,"' - roll call of teen-agers are often banished between aahs, or missing between",oohs,", they do not grow oppressive. If Dick Van Dyke and Chita Rivera,","' - roll call of teen-agers are often banished between aahs, or missing between oohs , they do not grow oppressive. If Dick Van Dyke and Chita Rivera,"
mgc1408,mg0186,boo,booed,121,432181,1984,1980,MAG,Newsweek,"#much too safe , in the opinion of those who",booed,his decision to pass on four successive longjump attempts ? and,"#much too safe , in the opinion of those who booed his decision to pass on four successive longjump attempts ? and"
mgc1409,mg0865,shoo,shooed,222,4868,1907,1900,FIC,Convert,church . That 's a long skirt . We are usually,shooed,"upstairs directly we get back , to put on a short one","church . That 's a long skirt . We are usually shooed upstairs directly we get back , to put on a short one"
mgc1410,mg0945,shoo,shooed,183,10471,1966,1960,FIC,OriginBrunists,"a ragged throw rug in a corner with the cockroaches ,",shooed,"the older one , boy about three or four , on out","a ragged throw rug in a corner with the cockroaches , shooed the older one , boy about three or four , on out"
mgc1411,mg0745,boo,boos,108,4182033,2017,2010,MAG,Vanity Fair,as Kimmy sings her first few notes through terrorized tears amid,boos,"from the crowd , it 's hard not to feel for her","as Kimmy sings her first few notes through terrorized tears amid boos from the crowd , it 's hard not to feel for her"
mgc1412,mg0756,boo,boos,150,5005045,2019,2010,MAG,ESPN,"throw line with 7:06 left in the first quarter , the",boos,"rained down , only to transform into applause seconds later","throw line with 7:06 left in the first quarter , the boos rained down , only to transform into applause seconds later"
mgc1413,mg0051,boo,booed,282,470835,1940,1940,MAG,Harpers,#a half . My wife lighted a cigarette and was,booed,". "" Put out that match ! "" Then the all-clear sounded","#a half . My wife lighted a cigarette and was booed . "" Put out that match ! "" Then the all-clear sounded"
mgc1414,mg0633,boo,boos,63,479237,1971,1970,MAG,Harpers,blacks and Puerto Ricans . Aurelio managed to smile through the,boos,as he accepted for himself and the mayor honorary membership in,blacks and Puerto Ricans . Aurelio managed to smile through the boos as he accepted for himself and the mayor honorary membership in
mgc1415,mg1183,shoo,shooing,45,45427,1999,1990,FIC,VirginiaQRev,"on toilets-lined the walls . Behind the counter , absently",shooing,"flies away from the potato salad with a ladle , was a","on toilets-lined the walls . Behind the counter , absently shooing flies away from the potato salad with a ladle , was a"
mgc1416,mg1321,wow,wowed,48,432444,1989,1980,MAG,Newsweek,#name with new life ? In a recent move that,wowed,"Seventh Avenue , the Perry Ellis Sportswear company bet its","#name with new life ? In a recent move that wowed Seventh Avenue , the Perry Ellis Sportswear company bet its"
mgc1417,mg0289,boo,booing,3,9846,1866,1860,FIC,GoodCompanyEvery,"deserted Scotland and her Cause , somewhat basely ; took to",booing,"and booing for Causes of their own , unhappy mortals ; --","deserted Scotland and her Cause , somewhat basely ; took to booing and booing for Causes of their own , unhappy mortals ; --"
mgc1418,mg0937,shoo,shooed,134,10406,1961,1960,FIC,JourneyMatecumbe,"a kind of powdery , baked-on face who somebody said was",shooed,"out of Mobile , he did n't say why , and two","a kind of powdery , baked-on face who somebody said was shooed out of Mobile , he did n't say why , and two"
mgc1419,mg0590,boo,boos,245,720063,1958,1950,NEWS,NYT-Reg,"the sewer rental increase , the crowd broke out into loud",boos,". Otherwise it showed little emotion . ? John V , Lindsay","the sewer rental increase , the crowd broke out into loud boos . Otherwise it showed little emotion . ? John V , Lindsay"
mgc1420,mg0599,boo,boos,134,441547,1962,1960,MAG,Atlantic,"associate counsel noted , at least there were fewer hisses and",boos,"now . TE next day was Friday , May 27 , 1932","associate counsel noted , at least there were fewer hisses and boos now . TE next day was Friday , May 27 , 1932"
mgc1421,mg1102,shoo,shooing,154,5087,1921,1920,FIC,PaganMadonna,in the world . I wish the job was permanent --,shooing,"' em away from you . "" She sent him a quick","in the world . I wish the job was permanent -- shooing ' em away from you . "" She sent him a quick"
mgc1422,mg1142,shoo,shooing,96,431802,1970,1970,MAG,Atlantic,"he tells me , waving his gun barrel like a man",shooing,off a cow . I lower my camera . Hughes Bakery .,"he tells me , waving his gun barrel like a man shooing off a cow . I lower my camera . Hughes Bakery ."
mgc1423,mg0184,boo,booed,58,125224,1984,1980,MAG,SportsIll,"#miss . Yet the crowd of 6,403 applauded Damiani and",booed,Biggs when the 4-1 decision was announced . Perhaps the,"#miss . Yet the crowd of 6,403 applauded Damiani and booed Biggs when the 4-1 decision was announced . Perhaps the"
mgc1424,mg0698,boo,boos,155,773479,1994,1990,NF/ACAD,Six-MinuteFraternity,"winner was made , the crowd responded with a chorus of",boos,since many in the audience thought Dickinson was on the verge of,"winner was made , the crowd responded with a chorus of boos since many in the audience thought Dickinson was on the verge of"
mgc1425,mg0157,boo,booed,285,1072251,1974,1970,TV/MOV,The Taking of Pelham...,#'ll happen ? What always happens . I 'll get,booed,. - He 's a very sick man . - Will you,#'ll happen ? What always happens . I 'll get booed . - He 's a very sick man . - Will you
mgc1426,mg1307,wow,wowed,77,492587,1959,1950,MAG,SatEvePost,"#had never heard anybody swing classical music , and it",wowed,"them . Instead of leaving , people stood up and yelled .","#had never heard anybody swing classical music , and it wowed them . Instead of leaving , people stood up and yelled ."
mgc1427,mg1052,shoo,shooed,95,4090146,2010,2010,FIC,Bk:HowClarissaBurden,fly lit on the tip of Marilyn 's nose ; Clarissa,shooed,"it away ) , the jadeite dishware stacked in pale green heaps","fly lit on the tip of Marilyn 's nose ; Clarissa shooed it away ) , the jadeite dishware stacked in pale green heaps"
mgc1428,mg0771,ooh,oohed,9,40324,1992,1990,FIC,Atlantic,was that this house had so much storage space . Mom,oohed,"and aahed . "" Is this a microwave ? "" she asked","was that this house had so much storage space . Mom oohed and aahed . "" Is this a microwave ? "" she asked"
mgc1429,mg0731,boo,boos,76,4113083,2012,2010,MAG,ParentingSchool,with frosting and edible glitter . # 4 . Ty Beanie,Boos,Buddy Unicorn ( $13 ; amazon.com ) # 5 . DIY castle,with frosting and edible glitter . # 4 . Ty Beanie Boos Buddy Unicorn ( $13 ; amazon.com ) # 5 . DIY castle
mgc1430,mg0713,boo,boos,101,31090,2003,2000,FIC,WrongfulDeathNovel,"to Ireland in late May 2001 , he was greeted with",boos,from protesters . But he did n't mind . He said it,"to Ireland in late May 2001 , he was greeted with boos from protesters . But he did n't mind . He said it"
mgc1431,mg0516,boo,boos,9,5603,1932,1930,FIC,VulcansWorkshop,"aplomb . Speechless with rage , Kulan stood rigid . Furtive",boos,and a few hoarse cheers came from somewhere in the long line,"aplomb . Speechless with rage , Kulan stood rigid . Furtive boos and a few hoarse cheers came from somewhere in the long line"
mgc1432,mg0814,ooh,oohing,24,4121072,2011,2010,FIC,Bk:CitySecrets,"at buying a ticket for Sally Rand 's , chubby brunette",oohing,"over a cheap gold bracelet , boyfriend in glasses spending a buck","at buying a ticket for Sally Rand 's , chubby brunette oohing over a cheap gold bracelet , boyfriend in glasses spending a buck"
mgc1433,mg0431,boo,booing,110,128085,1982,1980,MAG,SportsIll,during a man-up situation . Suddenly the Edmonton bench begins,booing,the Los Angeles power play . Cocky ? You bet . Immature,during a man-up situation . Suddenly the Edmonton bench begins booing the Los Angeles power play . Cocky ? You bet . Immature
mgc1434,mg0644,boo,boos,47,10595,1975,1970,FIC,LastValley,"noise from the audience was too great , the hisses and",boos,"and isolated shouts , the stamping of feet : a swelling wave","noise from the audience was too great , the hisses and boos and isolated shouts , the stamping of feet : a swelling wave"
mgc1435,mg1392,wow,wowed,54,4181105,2017,2010,MAG,Nerdist,#'s show so far . The God of War trailer,wowed,the audience assembled at Los Angeles ' Shrine Auditorium with a,#'s show so far . The God of War trailer wowed the audience assembled at Los Angeles ' Shrine Auditorium with a
mgc1436,mg1005,shoo,shooed,199,25004,1993,1990,FIC,FarriersLane,"legs , asking him all kinds of questions , but he",shooed,them away like gnats and never told them what they wanted to,"legs , asking him all kinds of questions , but he shooed them away like gnats and never told them what they wanted to"
mgc1437,mg1404,wow,wowing,3,245913,1961,1960,MAG,Time,"#79 Wistful Vista , radio home of the McGees ,",wowing,audiences of up to 20 million with Fibber 's cluttered closet and,"#79 Wistful Vista , radio home of the McGees , wowing audiences of up to 20 million with Fibber 's cluttered closet and"
mgc1438,mg0024,boo,booed,198,5618,1932,1930,FIC,Disowned,"#behind him . At this , the crowd jeered and",booed,"the too-hasty youth , who became so resentfully abusive of","#behind him . At this , the crowd jeered and booed the too-hasty youth , who became so resentfully abusive of"
mgc1439,mg0921,shoo,shooed,185,780141,1947,1940,FIC,JeremyBell,so a lot of ' em paid their dollar and they,shooed,"the rest of us out . "" "" Hell , "" said","so a lot of ' em paid their dollar and they shooed the rest of us out . "" "" Hell , "" said"
mgc1440,mg0201,boo,booed,161,2651101,1989,1980,TV/MOV,Moonlighting,#. Start getting a little brave . - I get,booed,"off the stage . - Oh , no . Yes . I","#. Start getting a little brave . - I get booed off the stage . - Oh , no . Yes . I"
mgc1441,mg0589,boo,boos,131,719965,1958,1950,NEWS,NYT-Reg,"democratic means . When Mr. Rarick rose to respond , the",boos,made it difficult for him to be heard . The 39-year-old furnace,"democratic means . When Mr. Rarick rose to respond , the boos made it difficult for him to be heard . The 39-year-old furnace"
mgc1442,mg0227,boo,booed,258,68235,1997,1990,MAG,SportsIll,"#to win or lose the game , the home crowd",booed,. Beck struck out Todd Zeile and coaxed a ground ball to,"#to win or lose the game , the home crowd booed . Beck struck out Todd Zeile and coaxed a ground ball to"
mgc1443,mg0166,boo,booed,139,109911,1977,1970,MAG,SportsIll,#cheering as Walt Frazier -- the same Walt Frazier they,booed,last year as a Knick -- scored 28 points in a 117-112,#cheering as Walt Frazier -- the same Walt Frazier they booed last year as a Knick -- scored 28 points in a 117-112
mgc1444,mg1258,shoo,shoos,34,16406,1929,1920,FIC,Mov:Hallelujah,"around , trying to steal any food they can . Mammy",shoos,them off good-naturedly . 37 MED . CLOSEUP IN THE WAGON Zeke,"around , trying to steal any food they can . Mammy shoos them off good-naturedly . 37 MED . CLOSEUP IN THE WAGON Zeke"
mgc1445,mg0006,boo,booed,29,486180,1925,1920,MAG,Nation,"#Pittsburgh , playing as a professional , he has been",booed,and jeered . Why ? Because the trade goods he had to,"#Pittsburgh , playing as a professional , he has been booed and jeered . Why ? Because the trade goods he had to"
mgc1446,mg0492,boo,booing,132,4177085,2016,2010,MAG,Salon,experience to have an entire crowd of people . . .,booing,"you , "" Tur told Brian Williams VIDEO All Share Services","experience to have an entire crowd of people . . . booing you , "" Tur told Brian Williams VIDEO All Share Services"
mgc1447,mg0904,shoo,shooed,129,431141,1937,1930,MAG,NatGeog,EXTRA LEG When the last of our Panama friends had been,shooed,"onto the wharf , we dropped down the harbor and were soon","EXTRA LEG When the last of our Panama friends had been shooed onto the wharf , we dropped down the harbor and were soon"
mgc1448,mg1202,shoo,shooing,101,51657,2006,2000,FIC,SouthernRev,"has accumulated , and a flight attendant is already there",shooing,"people back to their seats , and the overhead speaker is going","has accumulated , and a flight attendant is already there shooing people back to their seats , and the overhead speaker is going"
mgc1449,mg1006,shoo,shooed,227,25008,1993,1990,FIC,StrangeDevices,", for a picture in honor of Uncle ! "" Romi",shooed,"us onto the porch . "" An automatic family picture , """,", for a picture in honor of Uncle ! "" Romi shooed us onto the porch . "" An automatic family picture , """
mgc1450,mg1122,shoo,shooing,95,307231,1950,1950,MAG,Time,were men who urged that U.N . forces content themselves with,shooing,North Koreans across the 38th parallel . Leading spokesman for,were men who urged that U.N . forces content themselves with shooing North Koreans across the 38th parallel . Leading spokesman for
mgc1451,mg1173,shoo,shooing,144,25031,1993,1990,FIC,ComingUpDownHome,"you audition for the talent show , "" he said ,",shooing,"us to the door . "" Good-bye ! "" As we were","you audition for the talent show , "" he said , shooing us to the door . "" Good-bye ! "" As we were"
mgc1452,mg0862,shoo,shooed,104,1494,1905,1900,FIC,Motormaniacs,James to switch the car around and back up . I,shooed,Jones into the tonneau and turned the knob on him . He,James to switch the car around and back up . I shooed Jones into the tonneau and turned the knob on him . He
mgc1453,mg1140,shoo,shooing,139,10457,1965,1960,FIC,WhiteLotus,""" he furiously said to Reed-Mat . "" I am just",shooing,"them , "" Reed-Mat said . "" I will give you ten",""" he furiously said to Reed-Mat . "" I am just shooing them , "" Reed-Mat said . "" I will give you ten"
mgc1454,mg1273,shoo,shoos,10,16231,1973,1970,FIC,Mov:DontPlayUsCheap,Earnestine jumps to her feet to help her . Miss Maybell,shoos,her away . Miss Maybell then turns to her niece and asks,Earnestine jumps to her feet to help her . Miss Maybell shoos her away . Miss Maybell then turns to her niece and asks
mgc1455,mg1231,shoo,shooing,61,4161271,2015,2010,FIC,Bk:ShiftingSand,"accepting my explanation . I sink down into the water ,",shooing,"him away while I finish washing up . # "" Ronnie needs","accepting my explanation . I sink down into the water , shooing him away while I finish washing up . # "" Ronnie needs"
mgc1456,mg0458,boo,booing,81,5237114,1998,1990,TV/MOV,Just Shoot Me!,. That was changed behind my back . Will you stop,booing,me ? I 'm not the enemy . If you 'd read,. That was changed behind my back . Will you stop booing me ? I 'm not the enemy . If you 'd read
mgc1457,mg0211,boo,booed,78,135885,1993,1990,MAG,SportsIll,#he became physically ill . Though he had not been,booed,"by the home crowd as Danny had been at the Meadowlands ,","#he became physically ill . Though he had not been booed by the home crowd as Danny had been at the Meadowlands ,"
mgc1458,mg1326,wow,wowed,87,347643,1992,1990,MAG,Time,#first time since 1964 -- not because two young Southerners,wowed,"voters there , but because both states had plunged from","#first time since 1964 -- not because two young Southerners wowed voters there , but because both states had plunged from"
mgc1459,mg1049,shoo,shooed,55,36431,2009,2000,FIC,MurderAtAcademy,"a gazelle . # Allie powdered my forehead , but I",shooed,"her away . "" Can you see Cindy ? Did she get","a gazelle . # Allie powdered my forehead , but I shooed her away . "" Can you see Cindy ? Did she get"
mgc1460,mg1030,shoo,shooed,9,370005,2001,2000,MAG,Time,. I sent him back to his stretch limo . I,shooed,away a man who called himself Papa and tried to stuff a,. I sent him back to his stretch limo . I shooed away a man who called himself Papa and tried to stuff a
mgc1461,mg0655,boo,boos,126,109908,1977,1970,MAG,SportsIll,"all New York , or so it seemed , had heard",boos,"in the Garden in the past two non-winning , non-playoff seasons ,","all New York , or so it seemed , had heard boos in the Garden in the past two non-winning , non-playoff seasons ,"
mgc1462,mg0244,boo,booed,65,662761,2002,2000,NEWS,AP,#said he was not surprised RHP Jose Mesa was loudly,booed,"by Cleveland fans Monday night . "" That 's just the way","#said he was not surprised RHP Jose Mesa was loudly booed by Cleveland fans Monday night . "" That 's just the way"
