coding_id,family,term,genre,source,left,target,right,exclude,exclusion_reason,verbal_syntax,semantic_residue,interactional_residue,targeted_entity,coder_notes
mgc0001,shoo,shooing,NF/ACAD,AnimalHusbandry,"it , by running at it , throwing sticks , """,shooing,""" it , and the like . This should never be done",0,,1,1,1,0,primary coding rule
mgc0002,shoo,shooing,NEWS,CSMonitor,", above the construction activity , sharp-eyed guides are",shooing,the curious away from an unfinished nuclear-fusion exhibit . US,0,,1,1,1,1,primary coding rule
mgc0003,boo,booing,TV/MOV,Breaking the Press,do n't come off the bench ! Sit down ! (,BOOING,) Double technical . Number 2 is gone . Hl-TOP : Time,1,no recoverable verbal syntax,0,0,0,0,excluded by primary coding rule
mgc0004,shoo,shooing,TV/MOV,Psych,one is not welcome here . Shoo . And we 're,shooing,. We 're shooing . We 're shooing . Auf wiedersehen .,0,,1,1,1,0,primary coding rule
mgc0005,boo,boos,FIC,Mov:RagingBull,RAY is the winner . JAKE is stunned . The CROWD,boos,so loud and for so long that THE ANNOUNCER is unable to,0,,1,1,1,0,primary coding rule
mgc0006,boo,booing,FIC,Play:VotesWomen,if she can myke erself eard.PILCHER retires in the midst of,booing,and cheers . CHAIRMAN (harassed and trying to creat a diversion,1,noun use,0,0,0,0,excluded by primary coding rule
mgc0007,ooh,oohing,NEWS,SanFran,"off the shell , dipping toast points into the broth ,",oohing,"and aahing for the camera . When the lights went off ,",0,,1,1,1,0,primary coding rule
mgc0008,wow,wowed,NEWS,CSMonitor,#Sarah Palin as his running mate . Her charisma initially,wowed,"the nation , but many voters quickly became concerned she was not",0,,1,1,0,1,primary coding rule
mgc0009,boo,boos,FIC,Convert,"pay that price , too . ' Above a volley of",boos,"and groans she went on , ' But we are opposed to",1,noun use,0,0,0,0,excluded by primary coding rule
mgc0010,boo,booed,FIC,LizaLambeth,#and the villains -- the house yelled and hissed and,booed,", while the poor brutes bowed and tried to look as if",0,,1,1,1,0,primary coding rule
mgc0011,shoo,shooed,MAG,SportsIll,", somebody tosses away a cigarette and the little kids are",shooed,"off the court again . Dennis DuVal , who made the dean",0,,1,1,1,1,primary coding rule
mgc0012,boo,boos,FIC,HairyApe,"he is interrupted by a storm of catcalls , hisses ,",boos,", hard laughter . VOICES -- Turn it off ! Shut up",1,noun use,0,0,0,0,excluded by primary coding rule
mgc0013,boo,booing,FIC,Play:CircusValentine,p. 66 IN THE CENTER RINGGoldie continues . The crowd is,booing,louder now . GOLDIE Fred bought this tent because he wanted to,0,,1,1,1,1,primary coding rule
mgc0014,boo,boos,NEWS,Chicago,cries from the Teatro Alla Scala 's top two galleries were,boos,"of disapproval . Language Barrier "" I was absolutely shattered",1,noun use,0,0,0,0,excluded by primary coding rule
mgc0015,boo,booing,FIC,Play:GameInches,". Booo . "" But today , the fans are n't",booing,". They 're quiet , almost kind . It 's not putting",1,no recoverable verbal syntax,0,0,0,0,excluded by primary coding rule
mgc0016,shoo,shooing,MAG,Nation,teachers to membership -- a refusal that has the effect of,shooing,teachers still farther away from any kind of classroom work that,0,,1,1,1,0,primary coding rule
mgc0017,wow,wowed,FIC,Bk:PhantomAngel,"#to be wowed . Trust me , they will be",wowed,". And the music ? I promise you , people will be",0,,1,1,1,0,primary coding rule
mgc0018,shoo,shooed,FIC,ThreeWishes,"one who 'll have to cover for you . "" Bree",shooed,"her off . "" No one else is coming in . Not",0,,1,1,1,1,primary coding rule
mgc0019,boo,booed,MAG,Time,#and feathered by the studio audience instead of being merely,booed,and shamed ?,0,,1,1,1,0,primary coding rule
mgc0020,ooh,oohing,TV/MOV,Undercovers,pack it . Okay then . When you two have finished,oohing,"and aahing over the toy , me and Mrs . Yorn need",0,,1,1,1,1,primary coding rule
mgc0021,boo,booed,MAG,Time,"#City , Mo. , attracted 300 supporters , who continually",booed,and jeered the drug 's critics . # These legal and legislative,0,,1,1,1,0,primary coding rule
mgc0022,shoo,shooing,TV/MOV,Psych,And we 're shooing . We 're shooing . We 're,shooing,. Auf wiedersehen . Sweet . You heard Lassiter . We need,0,,1,1,1,0,primary coding rule
mgc0023,boo,booing,MAG,Time,knuckled down on the discharge of union leaders . Braving a,booing,", Mayor Marvin put Mr. Rand 's terms before the workers .",1,no recoverable verbal syntax,0,0,0,0,excluded by primary coding rule
mgc0024,boo,booed,MAG,Time,"#, the octogenarian hero of the elderly , also was",booed,"by a white audience last week . Douglas Fraser , the president",0,,1,1,1,1,primary coding rule
mgc0025,wow,wowed,MAG,TechReview,"#and the mathematician touting the technology , together they",wowed,venture capitalists on both coasts . Backed by $12.5 million,0,,1,1,0,0,primary coding rule
mgc0026,shoo,shooing,MAG,Time,"essentially a professional crisis manager , defusing fights ,",shooing,off troublemakers and healing broken souls with sugar and steel,0,,1,1,1,1,primary coding rule
mgc0027,wow,wowed,NEWS,Denver,"#bleachers and capacity crowds , where the McCaffrey siblings",wowed,them on the basketball floor . # First came Eddie . Already,0,,1,1,1,1,primary coding rule
mgc0028,shoo,shooing,FIC,DarkPage,"the rner , the puffing Amos behind him . A cop",shooing,"Curious kids away greeted him . "" What are you doing here",0,,1,1,1,0,primary coding rule
mgc0029,boo,boos,MAG,Newsweek,traditional talking tuxedo in midring brought forth a chorus of,boos,. Boxing has come a long way from the days when men,1,noun use,0,0,0,0,excluded by primary coding rule
mgc0030,shoo,shooed,FIC,Boulevard,"sun . Janie physically shooed Rothberg away from the computer ,",shooed,him from the apartment dining room entirely . She printed the,0,,1,1,1,1,primary coding rule
mgc0031,shoo,shooing,FIC,TrueLove,", nigger ! "" The man tries to edge away ,",shooing,his kids ahead of him . It 's not necessarily that he,0,,1,1,1,1,primary coding rule
mgc0032,wow,wowed,MAG,Time,"#gold medals at the 1996 Atlanta Olympics , she has",wowed,"sports fans with graceful and tenacious swordswomanship ,",0,,1,1,1,0,primary coding rule
mgc0033,ooh,oohs,FIC,Mov:Skidoo,"floating down through the air and just then his colorful parachute opens to the """,oohs,"and ahhs "" of the crowd. This is the scene in New York,",1,noun use,0,0,0,0,excluded by primary coding rule
mgc0034,boo,booed,FIC,ReturnLannyBudd,"#unacknowledged legislators of mankind . "" The Reds hissed and",booed,"this speech , but the Germans gave the speaker an ovation .",0,,1,1,1,1,primary coding rule
mgc0035,boo,booed,FIC,MagnoliaStreet,#that John Cooper was now away at sea . They,booed,as if Benny Edelman had not saved little Tommie Wright from,0,,1,1,1,0,primary coding rule
mgc0036,boo,booing,TV/MOV,Stars and Stripes Fo...,"? Shall fade ? ? Be scattered ? ? [Crowd_Shouting] ,",Booing,The scoundrel . Nincompoop . Let 's get out of here before,0,,1,1,1,1,primary coding rule
mgc0037,boo,booing,FIC,LoveFeast,concoction passed around . Dean Borden booed when he refuses .,Booing,billows as proctors follow Dean 's lead . Turtlenecked chaplain,1,no recoverable verbal syntax,0,0,0,0,excluded by primary coding rule
mgc0038,boo,booed,NEWS,Chicago,"#was leaving the hotel after the speech , the protesters",booed,"him loudly , the first evidence of hostility that Ford has",0,,1,1,1,1,primary coding rule
mgc0039,shoo,shooing,FIC,AdesFables,"brave Woman who was back there in the lonesome Shack ,",shooing,"the Prairie Wolves away from the Cradle , and he resolved to",0,,1,1,1,1,primary coding rule
mgc0040,boo,booed,MAG,NewRepublic,#guarantee to the Secret Service that he would not be,booed,", cursed and generally maligned by some of his hearers .",0,,1,1,1,0,primary coding rule
mgc0041,boo,booed,NEWS,NYT-Reg,#with Romans ? forefathers of the Romans who cheered and,booed,last night . Early this morning it was still uncertain whether,0,,1,1,1,0,primary coding rule
mgc0042,ooh,oohs,FIC,Mov:FantasticFourThe,"of flame (their future callsign), over the city skyline. The crowd",oohs,"and aahs. Ben watches, unimpressed. # BEN # Showoff. People drink,",0,,1,1,1,0,primary coding rule
mgc0043,boo,booed,TV/MOV,Passage to Marseille,"#"" and the loyal French soldiers are understood to have",booed,". "" What kind of a war is this ? Soldiers say",0,,1,1,1,0,primary coding rule
mgc0044,boo,boos,MAG,SportsIll,"24 , in a game Boston would win 9-8 , the",boos,"and chants of "" Clemens sucks ! "" that accompanied his departure",1,noun use,0,0,0,0,excluded by primary coding rule
mgc0045,wow,wowing,MAG,Engadget,#at CES in a few weeks . But instead of,wowing,"the world with it 's non-stop teaser videos , it was the",0,,1,1,0,1,primary coding rule
mgc0046,boo,boos,MAG,Time,suddenly interrupted by a tremendous clamor of sound-effect,boos,"catcalls . Then the Nazi announcer spoke up . "" This ,",1,noun use,0,0,0,0,excluded by primary coding rule
mgc0047,boo,booing,FIC,BlindManWithPistol,"law and order . "" The cameras briefly showed the spectators",booing,", then switched quickly to other sound trucks , occupied by",0,,1,1,1,0,primary coding rule
mgc0048,boo,booing,FIC,GoodCompanyEvery,"and her Cause , somewhat basely ; took to booing and",booing,"for Causes of their own , unhappy mortals ; -- and Scotland",1,OCR/proper-name/non-target use,0,0,0,0,excluded by primary coding rule
mgc0049,wow,wows,MAG,Time,"love to hear their language spoken. "" # A good mimic, she often",wows,French audiences with take-offs of people who heckle husband George. She has never been,0,,1,1,1,1,primary coding rule
mgc0050,shoo,shooed,FIC,ValeriasLastStand,. It was the same scene every day . Some even,shooed,"her away . # "" Leave my food alone , "" they",0,,1,1,1,1,primary coding rule
mgc0051,boo,booed,MAG,Huffington Post,"#Act , according to WJBF . # The crowd also",booed,when Wilson said he supported President Donald Trump 's,0,,1,1,1,0,primary coding rule
mgc0052,boo,booing,TV/MOV,All the King's Men,of here ! - What 's the idea ? They 're,booing,you . - My head ... - The doctor said it 's,0,,1,1,1,0,primary coding rule
mgc0053,shoo,shooed,FIC,LiteraryRev,"chilled again , her body weak . Day after day he",shooed,"away pigeons , murmuring words of encouragement , until",0,,1,1,1,1,primary coding rule
mgc0054,wow,wowed,FIC,IslandsInStream,"#Hymie slouched forward and banged his brows , going """,Wowed,""" and "" Zaddafuck , waddafuck ! "" And Boomie fluttered fingers",1,non-verbal vocalization,0,0,0,0,excluded by primary coding rule
mgc0055,boo,booing,FIC,Mov:SetUpThe,"air and Nelson dances tantalizingly about him , the fans start",booing,"and stamping . Nelson , with a broad smile , stops and",0,,1,1,1,0,primary coding rule
mgc0056,boo,boos,NEWS,USAToday,"makes no sense at all . "" # Perry , drawing",boos,"from an audience of 5,000 at the Orange County Convention Center",1,noun use,0,0,0,0,excluded by primary coding rule
mgc0057,ooh,oohs,MAG,Time,"When Sony released its $1,000 digital picture frame last year, it got lots of",oohs,and aahs but few takers. Now come the clones: Idea Grove is hawking,1,noun use,0,0,0,0,excluded by primary coding rule
mgc0058,shoo,shooed,FIC,BoazBrown,seat to beat out a few loud clashes before the organist,shooed,them away . The cheerful hum of church folk idly socializing,0,,1,1,1,1,primary coding rule
mgc0059,shoo,shooing,FIC,CrownStars,'s arm and flew over the tangle with the idea of,shooing,the youngsters back to the ship . But the arrival of this,0,,1,1,1,1,primary coding rule
mgc0060,boo,booed,NEWS,NYT-Reg,#Crowds gathered at the scene of the clashes . They,booed,the policemen and when trucks from the government sugar,0,,1,1,1,1,primary coding rule
mgc0061,ooh,oohed,MAG,Time,"cheerfully hammed a few appropriate poses for photographers ,",oohed,and aahed like any common citizen at the power of Army 's,0,,1,1,1,1,primary coding rule
mgc0062,boo,boos,MAG,SportsIll,them without complaint but still not understanding the Garden,boos,or why the New York press had made him the whipping boy,1,noun use,0,0,0,0,excluded by primary coding rule
mgc0063,boo,booed,MAG,SportsIll,#to make a pitching change out of fear of being,booed,". // "" That has an effect on the team , """,0,,1,1,1,1,primary coding rule
mgc0064,wow,wowed,NEWS,Chicago,"#Still , this is a young and resilient team that",wowed,the West without Keith Tkachuk and Jeremy Roenick this season .,0,,1,1,0,1,primary coding rule
mgc0065,boo,boos,MAG,Bleacher Report,Taylor was an ugly 4-of-14 for 19 yards and drew loud,boos,"and "" we want Baker "" chants from the crowd . A",1,noun use,0,0,0,0,excluded by primary coding rule
mgc0066,shoo,shooed,FIC,ListeningHouse,"too , lady . Go on ahead there . "" He",shooed,"us on ahead of him , made us sit on the black",0,,1,1,1,1,primary coding rule
mgc0067,shoo,shooing,FIC,WhereItLies,"accept that , ma'am . "" He spread his arms ,",shooing,"me back from the doorway . "" You can tell your whole",0,,1,1,1,0,primary coding rule
mgc0068,shoo,shooing,MAG,Atlantic,even then were apparently sent only with the intent of ',shooing,"' several belligerent Tommies back to their own side , for the",0,,1,1,1,0,primary coding rule
mgc0069,shoo,shooed,FIC,Play:AnnullaAnAutobiography,to really take a job . And do you know they,shooed,me out ? Do you know why ? They found out my,0,,1,1,1,0,primary coding rule
mgc0070,wow,wowed,MAG,Time,#Bobby and Ethel given to Old Joe for his birthday,wowed,"the patriarch , who called Lowe and said he wanted him to",0,,1,1,0,1,primary coding rule
mgc0071,wow,wowed,NEWS,CSMonitor,#our early prediction list . While Chris Medina never really,wowed,"enough vocally to belong in the Top 24 , it was a",0,,1,1,0,0,primary coding rule
mgc0072,boo,booing,TV/MOV,The Munsters,in a row . Even the crowd 's getting tired of,booing,"him . Look , Jerry , I 've got one more gimmick",0,,1,1,1,1,primary coding rule
mgc0073,boo,boos,MAG,Newsweek,", Stephen King , Paul Simon , George Steinbrenner ( most",boos,upon introduction ) and Natalie Cole (biggest cheers ) ? all,1,noun use,0,0,0,0,excluded by primary coding rule
mgc0074,boo,booed,FIC,Ploughshares,"#for ten rounds , even if you lost and got",booed,. At least you 'd be around to collect on another payday,0,,1,1,1,1,primary coding rule
mgc0075,boo,booing,MAG,PopMech,"the piano player , the audience cheering for the hero and",booing,the villain in a variety of languages that might have been heard,0,,1,1,1,1,primary coding rule
mgc0076,boo,boos,FIC,Arrangement,was I really dealing in controversy . Merely leading cheers and,boos,. He said everything in my piece was predictable . That I,1,noun use,0,0,0,0,excluded by primary coding rule
mgc0077,boo,booed,MAG,Time,#stadium . Cheers and applause ? Hardly . The fans,booed,lustily . # Those jeers apparently never reached East Berlin .,0,,1,1,1,0,primary coding rule
mgc0078,ooh,oohs,FIC,TicketHome,were swaddled in woolen scarves and down coats. They sent up soft choruses of,oohs,and aaaahs when the cat with a sixteen-foot bow tie emerged from a side street,1,noun use,0,0,0,0,excluded by primary coding rule
mgc0079,shoo,shoos,MAG,Time,"pose , he holds a thick cigar in one hand and",shoos,"away his old English sheep dog , Wellington , with the other",0,,1,1,1,1,primary coding rule
mgc0080,boo,booed,MAG,Time,"#'s end 30,000 workers jammed Buffalo Stadium in Paris ,",booed,moderate French Labor Union Boss Lon Jouhaux completely off the,0,,1,1,1,0,primary coding rule
mgc0081,shoo,shoos,FIC,Play:TrumpetInLand,my thanks . BERNARD GRUBE Now away with you ! (,Shoos,the widows out . ) CHRISTIAN GREGOR (Laconically . ) You,1,unclear or non-verbal use,0,0,0,0,excluded by primary coding rule
mgc0082,shoo,shooing,FIC,SouthwestRev,"to his dad , the old man makes a to-do of",shooing,"the Mrs. and then whispers conspiratorially , "" You been dippin '",0,,1,1,1,1,primary coding rule
mgc0083,boo,booing,NEWS,Chicago,""" he said . The crowd responded with a chorus of",booing,". "" It 's not a Catholic issue , "" Carter added",1,noun use,0,0,0,0,excluded by primary coding rule
mgc0084,boo,booed,FIC,TalesRoad,#think of . Finally he asked me for ' Hairts,Booed,"Doon . ' "" As I played ' The Heart Bowed Down",1,OCR/proper-name/non-target use,0,0,0,0,excluded by primary coding rule
mgc0085,boo,booing,FIC,Convert,", anyway ? "" ' In the chorus of cheers and",booing,"some one sang out , ' He 's a jolly good fellow",1,noun use,0,0,0,0,excluded by primary coding rule
mgc0086,boo,booed,NEWS,Atlanta,#now . Thigpen went from 57 to 35 and they,booed,"him out of town . "" . . . . Cardinals set-up",0,,1,1,1,1,primary coding rule
mgc0087,boo,boos,FIC,Mov:Nashville,"as our guest . How 's that , huh ? The",boos,"continue , but the cheers and applause that filter in lead him",1,noun use,0,0,0,0,excluded by primary coding rule
mgc0088,boo,boos,NEWS,Chicago,"and evening gowns , they were greeted with obscene catcalls and",boos,. An especially angry reception was given to millionaire W.,1,noun use,0,0,0,0,excluded by primary coding rule
mgc0089,boo,booed,NEWS,Houston,#. Because he has endured the bad times and been,booed,", this year 's success means that much more to him .",0,,1,1,1,1,primary coding rule
mgc0090,wow,wowed,NEWS,Denver,"#comes into the museum , that they are so completely",wowed,with the experience -- and that it 's not just about fashion,0,,1,1,0,0,primary coding rule
mgc0091,shoo,shooing,FIC,Azalea,he went home to fetch the bird-net with little bells .,Shooing,"his puzzled mother and sister back into the house , he marched",0,,1,1,1,1,primary coding rule
mgc0092,boo,booing,MAG,Time,"Woodstock IV , showing no disapproval then or later over the",booing,"of Republican Senator Trent Lott , who had come to pay his",1,noun use,0,0,0,0,excluded by primary coding rule
mgc0093,boo,boos,NEWS,NYT-Reg,The names of Senators Taft and Vandenberg raised a chorus of,boos,and hisses . President Truman 's name also brought similar but,1,noun use,0,0,0,0,excluded by primary coding rule
mgc0094,boo,boos,NEWS,NYT-Reg,A. F. L. organizational drive . But the loudest and longest,boos,came when he accused Governor Dewey and Gov . Alfred E. Driscoll,1,noun use,0,0,0,0,excluded by primary coding rule
mgc0095,ooh,oohs,FIC,FarewellHorizontal,frieze. Hit with a pinlight a second before the animation comes to life:,oohs,"and ahhs from all the tables. With these military tribes, you always knew",1,noun use,0,0,0,0,excluded by primary coding rule
mgc0096,shoo,shoos,FIC,ThisSideParadise,job is to provide and to hold fast . His wife,shoos,"him on , from ten thousand a year to twenty thousand a",0,,1,1,1,1,primary coding rule
mgc0097,shoo,shooed,FIC,SouthwestRev,"to hear them screech . Great . Caught a pigeon ,",shooed,"it in the sack , sloping shingles and blue sky , the",0,,1,1,1,0,primary coding rule
mgc0098,boo,booed,MAG,Nation,#the story becomes even sadder . Was Master Grange ever,booed,from the field while he played with his college mates ? He,0,,1,1,1,0,primary coding rule
mgc0099,boo,boos,FIC,Cabal,"that are predominantly Christian .... "" There was a burst of",boos,and foot-stomping and Hartewell waited until it quieted . Then,1,noun use,0,0,0,0,excluded by primary coding rule
mgc0100,shoo,shooed,NEWS,Chicago,physically exhausted and emotionally depleted . Typically I,shooed,the boys out of the kitchen so I could perform yet another,0,,1,1,1,1,primary coding rule
mgc0101,boo,booed,MAG,NewYorker,#lotus position to complain about his innovation . ( People,booed,"when Bob Dylan plugged in his guitar , too . ) """,0,,1,1,1,0,primary coding rule
mgc0102,shoo,shooed,FIC,GreenerThanYou,various degrees of resistance the inhabitants were carried or,shooed,from their dwellings . While the wrangling over its destruction,0,,1,1,1,0,primary coding rule
mgc0103,shoo,shooing,NEWS,SanFran,"talk to the pharmacist , "" said the hotel clerk ,",shooing,"us out the door . # The pharmacist , a young woman",0,,1,1,1,1,primary coding rule
mgc0104,shoo,shooed,FIC,MurderAtABA,12:40 P.M. It was somewhat past twelve-thirty when we were all,shooed,into the next room to the tables reserved for us near the,0,,1,1,1,0,primary coding rule
mgc0105,boo,booed,MAG,Time,"#their long inaction , he addressed them and was roundly",booed,. This time the troops knew that action could not be long,0,,1,1,1,0,primary coding rule
mgc0106,shoo,shooed,FIC,IdasPassion,"asleep . The family got on her nerves , and she",shooed,Sweetbabe away when he wanted to read aloud to her even though,0,,1,1,1,0,primary coding rule
mgc0107,boo,boos,NEWS,NYT-Reg,"Willkie was a Democrat until very ' recently , as many",boos,as cheers came from the galleries after this statement . It was,1,noun use,0,0,0,0,excluded by primary coding rule
mgc0108,shoo,shooing,FIC,UnfinishedCathedral,I had a fancy that in a moment she would be,shooing,me out of the house as I had seen her shoo recalcitrant,0,,1,1,1,0,primary coding rule
mgc0109,shoo,shooed,FIC,TreasureValley,Twelve Tribes emigrated from the back yard they were promptly,shooed,across the street and over into the doctor 's garden . Davy,0,,1,1,1,0,primary coding rule
mgc0110,boo,booing,NEWS,Chicago,walk out there and see all these people ; they were,booing,"us a couple weeks ago , "" Marshall said . "" Guys",0,,1,1,1,1,primary coding rule
mgc0111,shoo,shooed,FIC,DoorbellRang,"was the busiest time of day downstairs for Felix , I",shooed,him out and took Wolfe 's coat and hung it up and,0,,1,1,1,1,primary coding rule
mgc0112,boo,booed,MAG,Time,"#'s home state of Colorado last month , football fans",booed,in Denver 's Mile High Stadium . Reason : for nearly nine,0,,1,1,1,0,primary coding rule
mgc0113,boo,booed,NEWS,Atlanta,"#, "" Boas said . "" He had never been",booed,"before , even when he was running go-karts . "" # Boas",0,,1,1,1,1,primary coding rule
mgc0114,wow,wowing,FIC,MyLifeAsMan,#for you when you got home from a day of,wowing,"the teachers . You were n't exactly trained to take punishment ,",0,,1,1,1,1,primary coding rule
mgc0115,wow,wows,MAG,Smithsonian,", one of the greatest drummers of all time still riffs up a storm and",wows,"fellow musicians # YOU MAY NOT HAVE HEARD of Roy Haynes, but you have",0,,1,1,1,0,primary coding rule
mgc0116,wow,wowed,NEWS,CSMonitor,#unsolicited print to the 1992 Toronto film festival . It,wowed,the programmers . Though the film went on to win the American,0,,1,1,0,1,primary coding rule
mgc0117,shoo,shooed,FIC,LionIsInStreets,""" Three flies buzzed and circled over the table . Verity",shooed,"at them ineffectually . "" We 'll get some screens , first",0,,1,1,1,0,primary coding rule
mgc0118,ooh,oohing,FIC,Ploughshares,", but the tiger was silent . When the audience was",oohing,and aahing over the tamer placing his head into a lion 's,0,,1,1,1,1,primary coding rule
mgc0119,boo,booed,MAG,USNWR,"#Party Congress in France last October , he was roundly",booed,. French officials say the U.S. has scored points by,0,,1,1,1,0,primary coding rule
mgc0120,shoo,shooed,MAG,Time,watching . An ABC television crew staying in the hotel was,shooed,off and told to come back when the food had been served,0,,1,1,1,1,primary coding rule
mgc0121,shoo,shooed,FIC,FantasySciFi,the lawn . # Mrs. Meadows opened the glass door and,shooed,"her pet out . "" Now at least he wo n't be",0,,1,1,1,1,primary coding rule
mgc0122,boo,booing,FIC,Play:CircusValentine,stupid . IN THE CENTER RINGGoldie continues . The crowd is,booing,"now . GOLDIE The only thing we ownThat 's worth anything ,",0,,1,1,1,1,primary coding rule
mgc0123,boo,booed,MAG,Time,"#at a session earlier in the week , hissed and",booed,"the cherished French thesis of "" No Disarmament Without",0,,1,1,1,1,primary coding rule
mgc0124,shoo,shooed,FIC,WarRoses,his office long after the others had gone . He had,shooed,"away the cleaning woman , a portly Spanish-looking lady who",0,,1,1,1,1,primary coding rule
mgc0125,boo,booing,MAG,Time,"the town centre , Willkie got his first real baptism by",booing,: a three-story red-brick General Motors assembly plant,1,no recoverable verbal syntax,0,0,0,0,excluded by primary coding rule
mgc0126,shoo,shooed,FIC,ConfidenceInIzmir,and millions of devalued lira were at stake . The waiter,shooed,"the hawker from their table , and a final fingernail of sun",0,,1,1,1,1,primary coding rule
mgc0127,boo,boos,NEWS,Washington Post,"pricey quarterback , his return to Denver resulting in numerous",boos,and a 27-9 Texans loss in which the road team made things,1,noun use,0,0,0,0,excluded by primary coding rule
mgc0128,boo,booing,NEWS,Chicago,"reached the microphone , she could not be heard over the",booing,of the audience . The University of Illinois walkout occurred,1,noun use,0,0,0,0,excluded by primary coding rule
mgc0129,ooh,oohed,FIC,Analog,"overhead , and Andrea gasped . Several of the other astronomers",oohed,"and aahed . "" Make a wish , "" Craig said .",0,,1,1,1,0,primary coding rule
mgc0130,wow,wowed,NEWS,Chicago,"#Mr. Clarke ? s own statement , he had not",Wowed,much aptitude for business and had been erratic . His brother,1,non-verbal vocalization,0,0,0,0,excluded by primary coding rule
mgc0131,boo,boos,MAG,USAToday,"Each time they come into view , they are met with",boos,"from all around but , to everyone 's surprise , no punishment",1,noun use,0,0,0,0,excluded by primary coding rule
mgc0132,boo,booed,MAG,SatEvePost,#political speech last year when some people in the audience,booed,her . What would you have done if you 'd been the,0,,1,1,1,1,primary coding rule
mgc0133,boo,booed,NEWS,Chicago,#concert which has a ' star . ' They even,booed,Herbert von Karajan 's ' Die Walkuere . ' At other times,0,,1,1,1,1,primary coding rule
mgc0134,boo,booing,FIC,Bk:WhenDevilDoesnt,"and mask , came out onto the balcony above . The",booing,"got louder , but this devil hissed back and stomped his feet",1,noun use,0,0,0,0,excluded by primary coding rule
mgc0135,shoo,shooed,MAG,Time,to the British airfield where the planes were parked : they,shooed,away all visitors . Finally Chennault took his appeal to Britain,0,,1,1,1,1,primary coding rule
mgc0136,shoo,shooed,FIC,Cow-Country,challenge he made no reply whatever . The group around Jeff,shooed,"Smoky gently toward the other side of the corral , thereby",0,,1,1,1,0,primary coding rule
mgc0137,ooh,oohed,MAG,Time,"near the roof girders , and a family-trade crowd of 4,320",oohed,and aahed . This was the finale of the Holiday on Ice,0,,1,1,1,0,primary coding rule
mgc0138,boo,boos,NEWS,WashPost,"massaging his fan base , which he publicly reprimanded after",boos,were heard at Smith Center during an overtime win over Saint,1,noun use,0,0,0,0,excluded by primary coding rule
mgc0139,boo,boos,FIC,Mov:AndroclesLion,to attack . Their instructions are intermingled with,boos,and catcalls and cries of derision . 418 MED . SHOT of,1,noun use,0,0,0,0,excluded by primary coding rule
mgc0140,ooh,oohing,MAG,Esquire,""" he tells the woman from exTra , who has been",oohing,"on camera over his success , "" I 'm in this unique",0,,1,1,1,1,primary coding rule
mgc0141,boo,boos,MAG,Time,"also feed his awesomely detailed Guide , which includes ahs and",boos,"for 7,500 wines . Parker devotes more lineage to bottom-drawer",1,noun use,0,0,0,0,excluded by primary coding rule
mgc0142,shoo,shooed,FIC,FantasySciFi,"what has that to do with it ? "" The Witch",shooed,"her out of the hut . # As the Witch predicted ,",0,,1,1,1,1,primary coding rule
mgc0143,shoo,shooed,FIC,VisionsCody,". . "" The non-corn came up at that point and",shooed,"them toward the stairs . They went down the steps , along",0,,1,1,1,1,primary coding rule
mgc0144,boo,booed,MAG,Time,"#Johnson , Democratic leader of the U.S. Senate , were",booed,"and hissed ( California Governor Pat Brown later apologized ,",0,,1,1,1,1,primary coding rule
mgc0145,shoo,shooing,FIC,LifeSayingsMrs,"invisible annoyance . It was all without avail , and """,shooing,""" was bootless , for the sound came again to her wakeful",1,noun use,0,0,0,0,excluded by primary coding rule
mgc0146,boo,boos,MAG,Atlantic,"may dwell on it thus much . The word cpuo-t ,",boos,occurs only five times in ancient Greek poetry ; twice it is,1,proper-name/metalinguistic/non-target use,0,0,0,0,excluded by primary coding rule
mgc0147,boo,booing,MAG,Time,. At one point he waited for the crowd to stop,booing,"McEnroe , then declared : "" He 's only 19 . """,0,,1,1,1,0,primary coding rule
mgc0148,boo,boos,FIC,Line,"a storm of applause came a hurricane of catcalls , of",boos,"and stamping feet . The guard , a chunky , red-faced little",1,noun use,0,0,0,0,excluded by primary coding rule
mgc0149,wow,wowing,FIC,Bk:SecretsLostSummer,"#, she opened her own studio in February , immediately",wowing,everyone . It was as if she had reached critical mass --,0,,1,1,0,0,primary coding rule
mgc0150,boo,booed,NEWS,Atlanta,"#for an examination and a tape job , and was",booed,when he came charging out of the tunnel . He returned to,0,,1,1,1,1,primary coding rule
mgc0151,shoo,shooed,FIC,ManWithNoShadow,"tower of yours , so I drove back . The police",shooed,"me away . Sweetie , why do you have the police there",0,,1,1,1,0,primary coding rule
mgc0152,boo,boos,FIC,MerryMonthMay,"a worker , who was asking to large numbers of angry",boos,whether the developing general strikes might not be doing more,1,noun use,0,0,0,0,excluded by primary coding rule
mgc0153,boo,boos,NEWS,Chicago,"here 's liberty ! "" shrieked Clara , amid chorus of",boos,". "" I 've got some ) roperty and I 'll sell",1,noun use,0,0,0,0,excluded by primary coding rule
mgc0154,shoo,shooed,FIC,YoungLonigan,", and Mrs. Lonigan signaled her husband to pause until she",shooed,the innocent ones off to Loretta 's room . They scampered out,0,,1,1,1,1,primary coding rule
mgc0155,boo,boos,FIC,Fan Fic (1),"from the ordinary birds and a combination of cheers ,",boos,", and hisses from the B.A.A.D. members . Eventually , they",1,noun use,0,0,0,0,excluded by primary coding rule
mgc0156,boo,booed,FIC,Play:CircusValentine,#a little twisted . You were wonderful . VLADIMIROV They,booed,him . TRINA They 're stupid . What do they know about,0,,1,1,1,1,primary coding rule
mgc0157,boo,booed,MAG,Time,"#, as French movie audiences cheered pictures of Mends and",booed,"the procession of Old Guard leaders to the presidential palace ,",0,,1,1,1,1,primary coding rule
mgc0158,shoo,shooing,FIC,Commentary,and mother bird . What reward does he receive ? #,Shooing,"the bird , he falls and dies . # Rabbi Elisha sees",0,,1,1,1,1,primary coding rule
mgc0159,boo,boos,NEWS,NYT-Reg,"the Republic will forgive and understand . "" As for the",boos,"from the top gallery at the end of ' Costa Diva ,",1,noun use,0,0,0,0,excluded by primary coding rule
mgc0160,boo,booing,NEWS,NYT,"crowd yesterday greeted the Bills ' touchdown with silence , not",booing,. These were fans who produced their outsized yellow-foam hands,1,no recoverable verbal syntax,0,0,0,0,excluded by primary coding rule
mgc0161,boo,booed,NEWS,NYT-Reg,"# -- not Mussolini . "" They chanted their slogans and",booed,"and shouted "" Arms for Spain ! "" for a quarter of",0,,1,1,1,0,primary coding rule
mgc0162,boo,booing,NEWS,NYT-Reg,the strike be a secret one . All of yesterday 's,booing,"was reserved for the Mayor , Controller Lazarus Joseph , the",1,noun use,0,0,0,0,excluded by primary coding rule
mgc0163,shoo,shooing,FIC,MyÁntonia,"laughing , waving her apron before her as if she were",shooing,"chickens . She was a spare , tall woman , a little",0,,1,1,1,0,primary coding rule
mgc0164,boo,boos,NEWS,Chicago,to the ground in the melee . A giant chorus of,boos,erupted as Agnew 's car pulled into the driveway and he entered,1,noun use,0,0,0,0,excluded by primary coding rule
mgc0165,shoo,shoos,FIC,Mov:RedHotRomance,off and Tom picks up the King and carries him and,shoos,"them all before him into the palace , having jerked off their",0,,1,1,1,1,primary coding rule
mgc0166,ooh,oohs,MAG,NewYorker,"a new piece based on that, "" he said. The room erupted in",oohs,"and cheers. I caught a look on Mitchell's face that said, """,1,noun use,0,0,0,0,excluded by primary coding rule
mgc0167,wow,wows,NEWS,NYT-Ed,"able to resist Tammany persuasions, Tammany demands, for his removal. But Commissioner",Wows,has the opportunity to increase his already great reputation by sticking to his post until,1,noun/proper-name/acronym use,0,0,0,0,excluded by primary coding rule
mgc0168,boo,booed,FIC,DeepRiver,#and stood up ; tenants of the windows catcalled and,booed,", even P343the well-mannered rose hastily for a better look and",0,,1,1,1,0,primary coding rule
mgc0169,shoo,shooing,FIC,Bk:HellRichmondANovel,"Moses . # They looked Brown over , then , after",shooing,"the flies , applied their claws to the corpse . Brown had",0,,1,1,1,1,primary coding rule
mgc0170,boo,booing,FIC,BangDrumSlowly,", "" Cluck ! You ! Cluck there ! What you",booing,"at ? "" He was quite hoarse . He could hardly speak",0,,1,1,1,0,primary coding rule
mgc0171,boo,booing,NEWS,NYT-Reg,", an angry , flustered figure , - with a !",booing,"crowd at his heels , Mr. Todd began preIparing subpoenas for the",1,no recoverable verbal syntax,0,0,0,0,excluded by primary coding rule
mgc0172,boo,booing,NEWS,AP,# CLEVELAND : Manager Charlie Manuel did not agree with the,booing,"of Mesa , but understood it . "" If he is here",1,noun use,0,0,0,0,excluded by primary coding rule
mgc0173,boo,booing,NEWS,Chicago,"New Zealand , Jan. 15 Thursday ? Hundreds of shouting ,",booing,war protesters surged against police lines this afternoon in a,1,no recoverable verbal syntax,0,0,0,0,excluded by primary coding rule
mgc0174,boo,booed,NEWS,Chicago,#a villain because of his roughhouse style . The crowd,booed,Laimbeer and blamed him for Krystkowiak ' s injury after he was,0,,1,1,1,0,primary coding rule
mgc0175,wow,wowing,NEWS,NYT,"#scored a team-high 18 points in 17 second-half minutes ,",wowing,the crowd in his hometown . That stirring performance came less,0,,1,1,1,1,primary coding rule
mgc0176,shoo,shoos,FIC,Mov:RedHotRomance,chased by the marines . Tom quickly jerks off blindfolds and,shoos,the whole bunch -- King and Councilors - - into the palace,1,unclear or non-verbal use,0,0,0,0,excluded by primary coding rule
mgc0177,boo,booed,MAG,Time,#blind leading the blind ? ' ' He was promptly,booed,": almost half the audience was over 50 . In fact ,",0,,1,1,1,0,primary coding rule
mgc0178,boo,booed,MAG,SportsIll,"#consoling Biggs , who earlier in the evening had been",booed,by his countrymen after he 'd defeated Francesco Damiani of,0,,1,1,1,1,primary coding rule
mgc0179,shoo,shoos,FIC,BlueCreekCañon,"swinging out from its next-door neighbor , bore the legend ,",Shoos,"1/2 Soled Here . "" But , I say , "" he",1,OCR/proper-name/non-target use,0,0,0,0,excluded by primary coding rule
mgc0180,boo,boos,NF/ACAD,TasteAmerica,"when Wallace sounded his "" busin "" ' theme , the",boos,and hisses were absorbed by conservative delegate applause and,1,noun use,0,0,0,0,excluded by primary coding rule
mgc0181,ooh,oohs,MAG,Time,"work. Occasionally he got studio jobs in New York, "" mostly background'",oohs,"' and' aahs' for commercials, "" he once recalled. "" I",1,noun use,0,0,0,0,excluded by primary coding rule
mgc0182,boo,booing,FIC,Mov:Skidoo,a seat behind them The Man and Beany . They 're,booing,"like crazy , all except Tony , who has an absolutely euphoric",1,no recoverable verbal syntax,0,0,0,0,excluded by primary coding rule
mgc0183,shoo,shooing,FIC,WorkAStoryExperience,""" said Mrs. Wilkins pinning up her gown , and """,shooing,""" her brood out of the room , which they entirely filled",0,,1,1,1,0,primary coding rule
mgc0184,boo,boos,TV/MOV,Miami Vice,", from Tallahassee , [Bobby] Sykesl [Bobby] Sykes . Cheers ,",Boos,"And in the blue corner , standing 5 foot 8 , weighing",1,noun use,0,0,0,0,excluded by primary coding rule
mgc0185,boo,booed,MAG,SportsIll,"#New York , early in the 1952-53 season , they",booed,Captain Allan Stanley off the Garden ice and stayed away from,0,,1,1,1,0,primary coding rule
mgc0186,boo,booed,MAG,SportsIll,#6-1 loss to the Mets . Shortstop Rafael Ramirez was,booed,"that night for making three errors . Ramirez does n't mind ,",0,,1,1,1,1,primary coding rule
mgc0187,boo,booing,MAG,Time,"'s announcement was inaudible in the loudest , most prolonged",booing,( 20 minutes ) that has ever occurred in Madison Square Garden,1,noun use,0,0,0,0,excluded by primary coding rule
mgc0188,boo,boos,MAG,Time,and whacked a ball at him . Such unseemly pique drew,boos,"from the crowd and a rebuke from Ashe , who complained to",1,noun use,0,0,0,0,excluded by primary coding rule
mgc0189,boo,boos,MAG,SatEvePost,pplause . Wumen 's screams . General hum of voices .,Boos,", razzherries . After-show hubbub , boys selling music sheets ,",1,noun use,0,0,0,0,excluded by primary coding rule
mgc0190,shoo,shooed,MAG,SatEvePost,"of the white school , shut out of the playground and",shooed,away from the movies . His father and mother resented this,0,,1,1,1,1,primary coding rule
mgc0191,boo,booed,MAG,Time,"#attacked U.S. aid to France , he was jeered and",booed,by voices from all the non-Communist benches . Comrade Duclos,0,,1,1,1,1,primary coding rule
mgc0192,boo,booing,TV/MOV,On the Line,just right and the world 's perfect ... until they start,booing,me . You never know who might listen to your song ...,0,,1,1,1,0,primary coding rule
mgc0193,boo,boos,NEWS,NYT-Reg,weeks denounced who ordered them barred from the big meeting .,Boos,for President Sigman and applause and cheers for Mr. Hyman and,1,noun use,0,0,0,0,excluded by primary coding rule
mgc0194,boo,boos,MAG,Time,"at the cops . # In the Knesset , unruffled by",boos,"and yells of "" Resign ! "" , Ben-Gurion was as frank",1,noun use,0,0,0,0,excluded by primary coding rule
mgc0195,ooh,oohing,MAG,MotorBoating,to Barnum 's best . While the dignitaries and executives were,oohing,and ahhing on the dock and the PR types were handing out,0,,1,1,1,0,primary coding rule
mgc0196,boo,booing,MAG,Time,"a loyal group , wildly cheering his cheapest sallies , hissing",booing,his inquisitor . Outside was an admiring multitude who really,1,noun use,0,0,0,0,excluded by primary coding rule
mgc0197,shoo,shoos,MAG,NewYorker,"of space . "" Moving around among the children , she",shoos,them all into a room crowded with beds for their afternoon rest,0,,1,1,1,1,primary coding rule
mgc0198,wow,wowed,MAG,Time,"#an appearance at New York University last week , Clark",wowed,the crowd with his thoughts on Iraq (he opposed the war,0,,1,1,1,1,primary coding rule
mgc0199,boo,booed,MAG,SatEvePost,"#. And by the way , have you ever been",booed,"by 60,000 people for blowing a sale ? Professional ballplayers ,",0,,1,1,1,1,primary coding rule
mgc0200,shoo,shooed,FIC,FantasySciFi,"eagle again , putting the brakes on my protestations . He",shooed,the hunchback away and put his hand on the switch that would,0,,1,1,1,1,primary coding rule
mgc0201,shoo,shooing,TV/MOV,The Magnificent Seven,If that 's your taste ... I heard of a job,shooing,"' some flies away from a village , but I do n't",0,,1,1,1,0,primary coding rule
mgc0202,wow,wowed,NEWS,USA TODAY,# # Rookie first-round running backs the last four years have,wowed,"with highlight reels of hurdles , from the Rams ' Todd Gurley",0,,1,1,0,0,primary coding rule
mgc0203,shoo,shooed,FIC,FantasySciFi,"the story hard as I can , man . "" Margery",shooed,"Gammage back into the bathroom . "" All right , all right",0,,1,1,1,0,primary coding rule
mgc0204,shoo,shooed,FIC,Analog,"tight quarters inside my hut with the bumbling Hickok , Lamon",shooed,him out and had the fire up and going in less than,0,,1,1,1,1,primary coding rule
mgc0205,boo,booed,FIC,EagleOnCoin,"#outside a crescendoing auto horn , held down hard ,",booed,past at considerable speed . It might have been only some,1,OCR/proper-name/non-target use,0,0,0,0,excluded by primary coding rule
mgc0206,boo,boos,NEWS,NYT-Reg,"when he addressed the chair with "" Patman of Texas """,boos,came from around and from the galleries . The gavel of the,1,noun use,0,0,0,0,excluded by primary coding rule
mgc0207,boo,boos,FIC,Mov:Nashville,a heart now . He is interrupted by a holocaust of,boos,", which continue as he speaks . BARNETTYou do n't mean that",1,noun use,0,0,0,0,excluded by primary coding rule
mgc0208,shoo,shooed,FIC,SouthernRev,"she 'd planned , Martha climbed the rickety wooden stepladder ,",shooed,"away helpers , and strung Japanese paper lanterns from the big",0,,1,1,1,1,primary coding rule
mgc0209,boo,boos,FIC,Play:HairyApe,"he is interrupted by a storm of catcalls , hisses ,",boos,", hard laughter . ) VOICES Turn it off ! Shut up",1,noun use,0,0,0,0,excluded by primary coding rule
mgc0210,boo,boos,MAG,Time,their gloved hands in a clenched-fist salute . A wave of,boos,rippled through the spectators as the pair left the field . Smith,1,noun use,0,0,0,0,excluded by primary coding rule
mgc0211,boo,booed,NEWS,Houston,#Cleveland Browns Stadium for the first time . He was,booed,unmercifully before and during the game . One sign greeting,0,,1,1,1,1,primary coding rule
mgc0212,boo,booed,MAG,SportsIllustrated,"#his career in the major Alston has been jeered ,",booed,", mocked . hooted , taunted , derided , maligned , criticized",0,,1,1,1,0,primary coding rule
mgc0213,shoo,shooing,FIC,CamelBookmobile,"Yes , yes . "" Fi waved her hand as though",shooing,away a gnat-a gesture that Chris and Devi could n't see from,0,,1,1,1,1,primary coding rule
mgc0214,ooh,oohs,FIC,Bk:LeadingLines,I've only been called to the office twice. There's a bunch of,oohs,"around the room. # "" The rules! You're breaking the rules!",1,noun use,0,0,0,0,excluded by primary coding rule
mgc0215,boo,booed,MAG,SatEvePost,"#Fern , that his speech was so bad the audience",booed,him . ( Not true . ) And he loves to tell,0,,1,1,1,1,primary coding rule
mgc0216,boo,boos,FIC,Mov:EasyLiving,-- The CAMERA MOVES IN CLOSE ON Buddy . The crowd,BOOS,loudly . Tears in Buddy 's eyes as he watches Pete.144 EXT,0,,1,1,1,0,primary coding rule
mgc0217,wow,wowing,FIC,ChristmasShoes,"#lunch , conferences over the phone . The visions of",wowing,a courtroom with my verbal prowess faded as the firm 's partners,0,,1,1,0,1,primary coding rule
mgc0218,shoo,shooed,FIC,LifeSayingsMrs,"chest of drawers , and under the washstand , and """,shooed,""" until she could "" shoo "" no more . The reader",0,,1,1,1,0,primary coding rule
mgc0219,wow,wowing,NEWS,WallStJrnl,"#events like a blazing newspaper headline , or Louis Farrakhan",wowing,"them at Madison Square Garden , can be a grim sight .",0,,1,1,0,1,primary coding rule
mgc0220,boo,booing,FIC,BangDrumSlowly,"about it a long time . "" What in hell they",booing,"at ? "" said I. "" Search me , "" said Dutch",0,,1,1,1,0,primary coding rule
mgc0221,shoo,shooed,FIC,FantasySciFi,body for disposal in a disused mine shaft . Then she,shooed,"Brown and Milo out too , so she could start the cleanup",0,,1,1,1,0,primary coding rule
mgc0222,wow,wowed,MAG,PopScience,"#Rogers , the co-founder of Arizona-based Local Motors . Rogers",wowed,Immelt with his model for community-based product development,0,,1,1,0,0,primary coding rule
mgc0223,shoo,shooed,MAG,SportsIll,"for a long time , wrinkling his nose , before he",shooed,everybody away from Vega 's bed and pulled the curtains around it,0,,1,1,1,0,primary coding rule
mgc0224,boo,boos,MAG,ESPN,"just before tipoff , the crowd responded with a mixture of",boos,"and cheers , with the boos being perhaps more pronounced . #",1,noun use,0,0,0,0,excluded by primary coding rule
mgc0225,boo,booing,MAG,SportsIll,"Chambliss is less understanding . "" I do n't agree with",booing,"players , "" he says . "" Raffy gets a lot of",0,,1,1,1,0,primary coding rule
mgc0226,shoo,shooed,MAG,SatEvePost,"him . Splashing water in front of the tiger , Hack",shooed,"him back , praying meanwhile that no zoo visitors had got up",0,,1,1,1,1,primary coding rule
mgc0227,boo,booing,MAG,Time,"Nhu : "" You 're not helping us by hissing or",booing,"us . Tell us precisely what 's wrong with us . """,0,,1,1,1,0,primary coding rule
mgc0228,boo,booing,MAG,RollingStone.com,"Miami-Dade , the one we were in . An attempt at",booing,"stopped almost as it started , perhaps out of embarrassment . #",1,noun use,0,0,0,0,excluded by primary coding rule
mgc0229,ooh,oohed,FIC,SaltyLikeBlood,", rockets -- whatever Rachel imagined . Mostly I gasped and",oohed,". In a moment I found myself blinking away tears , overwhelmed",0,,1,1,1,0,primary coding rule
mgc0230,boo,booed,NEWS,NYT-Reg,"#from the Ryan camp were branded "" traitors "" and",booed,almost as roundly as Governor Dewey . The front rows were,0,,1,1,1,0,primary coding rule
mgc0231,wow,wowed,MAG,Time,"#of shoes and bags and sunglasses , bought by those",wowed,"by the couture . And then there 's Chanel , where the",0,,1,1,0,0,primary coding rule
mgc0232,boo,boos,MAG,Time,"on the great issues , the most striking phenomena were the",boos,"and catcalls , four-letter words and shouts of "" Sieg heil !",1,noun use,0,0,0,0,excluded by primary coding rule
mgc0233,boo,boos,MAG,ESPN,would later unfold . # After a first half of mostly,boos,"directed at Davis , the reaction changed late in the contest .",1,noun use,0,0,0,0,excluded by primary coding rule
mgc0234,shoo,shooed,FIC,SlowWaltzInCedar,"the side . But , having told it , the dean",shooed,the junior faculty out of his office and left them with the,0,,1,1,1,1,primary coding rule
mgc0235,boo,booed,NEWS,NYT-Reg,"#Mr. Rockefeller , Mr. Lindsay and the other speakers were",booed,repeatedly and loudly by about 35 blacks and Puerto Ricans,0,,1,1,1,1,primary coding rule
mgc0236,boo,booed,MAG,Time,"#on the Confederate flag controversy , some white students",booed,". It was an awkward moment , but Bush did n't panic",0,,1,1,1,0,primary coding rule
mgc0237,wow,wowed,FIC,Bk:PhantomAngel,#n't make a sound . Audiences today want to be,wowed,". Trust me , they will be wowed . And the music",0,,1,1,1,1,primary coding rule
mgc0238,boo,boos,NEWS,NYT-Reg,"threw at you and raise the fare . "" There were",boos,and hissing from the crowd as he started to walk away .,1,noun use,0,0,0,0,excluded by primary coding rule
mgc0239,wow,wows,NEWS,Chicago,"camaraderie of the big watch, Now I'm counting the days again. Indopondont",Wows,Alliance,1,noun/proper-name/acronym use,0,0,0,0,excluded by primary coding rule
mgc0240,boo,booed,NEWS,NYT-Let,#this way . But it was the Giant adherents who,booed,"while "" The Star-Spangled Banner "" was being played , and no",0,,1,1,1,0,primary coding rule
mgc0241,boo,booed,FIC,Harpers,"#. You 've had your fun . "" The crowd",booed,", "" I wash my hands . "" The announcing man stepped",0,,1,1,1,0,primary coding rule
mgc0242,wow,wowed,NEWS,NYT,"#presented Moche artifacts from northern Peru , should n't have",wowed,visitors at the Met . Although the kind of objects in art,0,,1,1,1,1,primary coding rule
mgc0243,ooh,oohs,NF/ACAD,HistoryBroadcasting,"Adam and Eve, written by Arch Oboler. She filled out the dialogue with",oohs,"and grunts that brought thousands of angry letters, many of which found their way",1,noun use,0,0,0,0,excluded by primary coding rule
mgc0244,boo,booing,FIC,Mov:Charade,"only children 's can be -- laughing at the slapstick ,",booing,"the villain , frightened by the perils . 79 . MED .",0,,1,1,1,1,primary coding rule
mgc0245,boo,booed,NEWS,Chicago,"#the meetings , which he did not attend , was",booed,by some persons when he rose to talk yesterday . A recent,0,,1,1,1,1,primary coding rule
mgc0246,boo,booed,NEWS,NYT-Reg,"#of the $2,400,000,000 "" printingpress "" Bonus Bill , was",booed,", the convention of the American Legion today again went on",0,,1,1,1,1,primary coding rule
mgc0247,shoo,shooing,FIC,Bk:TrueToYou,". "" # "" Speak for yourself . "" Britt made",shooing,"motions as she approached . # "" Scoot. "" # "" Britt",1,adjectival use without recoverable verbal syntax,0,0,0,0,excluded by primary coding rule
mgc0248,shoo,shooing,FIC,FantasySciFi,their squawks and dirge-like cries . So they aie already,shooing,"them off for the day , thought Stone . He fumbled in",0,,1,1,1,1,primary coding rule
mgc0249,boo,booed,NEWS,NYT-Reg,"#LaGuardia was greeted by an enthusiastic crowd of 3,000 that",booed,"mention of Tammany or . An overflow crowd of 300 , standing",0,,1,1,1,0,primary coding rule
mgc0250,shoo,shooing,FIC,FantasySciFi,"and improper nutrition . "" Afra waved her hand in a",shooing,"motion . D.J . escaped . She checked her mailbox , afraid",1,adjectival use without recoverable verbal syntax,0,0,0,0,excluded by primary coding rule
mgc0251,shoo,shooing,FIC,FantasySciFi,"Raffalon signaled again , but the shade 's reply was a",shooing,"motion of one withered hand . "" I am to tell you",1,adjectival use without recoverable verbal syntax,0,0,0,0,excluded by primary coding rule
mgc0252,boo,booed,NEWS,Chicago,#. Members of an angry crowd of about 350 landlords,booed,and shouted at the rent stabilizer who had flown to Detroit from,0,,1,1,1,1,primary coding rule
mgc0253,wow,wowed,MAG,SatEvePost,#might have thought he had lost by now . He,wowed,"the young people for twenty years , but how can he still",0,,1,1,1,1,primary coding rule
mgc0254,shoo,shooed,FIC,Bk:WinHerHeart,""" # "" Never mind , "" she said as she",shooed,"Eden toward the parlor . "" We 've been friends too long",0,,1,1,1,0,primary coding rule
mgc0255,boo,booed,MAG,SportsIll,"#rally . "" ' We had Bob Hope . We",booed,him off the stage . We booed the Smothers Brothers off the,0,,1,1,1,1,primary coding rule
mgc0256,shoo,shooed,FIC,AmScholar,"A/C on . "" He kissed my cheek , and I",shooed,"him away . "" Good grief , "" I said . I",0,,1,1,1,1,primary coding rule
mgc0257,shoo,shooed,FIC,FantasySciFi,"a pile of packages . Sage gathered them in , then",shooed,"D.B. out of the plane . Alone , she stripped and stepped",0,,1,1,1,0,primary coding rule
mgc0258,wow,wowed,TV/MOV,Eastwick,"#, Move that saltshaker . Okay . Prepare to be",wowed,. I 'm prepared . Hey ! I was making progress .,0,,1,1,0,0,primary coding rule
mgc0259,wow,wowing,MAG,Time,"#in Marshall , Texas . Before long , he was",wowing,"audiences with a folksy , rip-roaring delivery . He took a church",0,,1,1,1,1,primary coding rule
mgc0260,shoo,shooing,FIC,Fan Fic,"the cook , stepping back to let him through and then",shooing,him off with her hands . She caught sight of Florrie a,0,,1,1,1,1,primary coding rule
mgc0261,boo,booed,MAG,NewYorker,"#that he could n't hit the hall , the stand",booed,the pitcher.1Vhen he hit a home run and won the game Tuesday,0,,1,1,1,1,primary coding rule
mgc0262,shoo,shoos,FIC,Mov:WhileCitySleeps,. Kritzer tries to whisper something in her ear but she,shoos,"him away . DOROTHYWhat 's the matter , Walter ? INT .",0,,1,1,1,1,primary coding rule
mgc0263,shoo,shooing,MAG,Time,Boutros Boutros-Ghali told American officials that besides,shooing,"away looters and distributing food , troops should disarm",0,,1,1,1,1,primary coding rule
mgc0264,boo,booing,NEWS,USAToday,"if it meant winning , Stewart and Gordon seem impervious to",booing,". # "" Earnhardt was the type of person who could be",1,no recoverable verbal syntax,0,0,0,0,excluded by primary coding rule
mgc0265,shoo,shooed,FIC,Child-World,"at him , an ' sticks , an ' got him",shooed,"Down off o ' there , he come a-floppin ' down An",0,,1,1,1,0,primary coding rule
mgc0266,boo,booed,MAG,NatlReview,"#At a big Madison Square Garden event , Hillary was",booed,", Bill was cheered . Win some , lose some . #",0,,1,1,1,1,primary coding rule
mgc0267,wow,wowed,MAG,People,"#into the 14,000-sq. -ft. abode in November 2011 after being",wowed,"by the home 's "" exquisite "" views . "" We 're",0,,1,1,0,1,primary coding rule
mgc0268,boo,booed,TV/MOV,Freaks and Geeks,"#'ve been there Friday , ' cause Saturday we got",booed,off the stage . We did n't get booed off the stage,0,,1,1,1,0,primary coding rule
mgc0269,shoo,shooing,MAG,SatEvePost,"filled with honey , still liquid and sweet , and of",shooing,"a wasp away from the precious contents , the insect unmindful of",0,,1,1,1,1,primary coding rule
mgc0270,boo,booed,MAG,Time,"#in favor of open housing in 1966 , he was",booed,and jeered . His own mounting concern about the war in Viet,0,,1,1,1,1,primary coding rule
mgc0271,boo,boos,FIC,CryChildren,marked the crowd commenting on his exit with little jeers and,boos,", and she knew that Mary Desmond was looking very hard across",1,noun use,0,0,0,0,excluded by primary coding rule
mgc0272,boo,boos,MAG,Time,with the soaring lyrical glories of Puccini 's music-nobody,boos,"a sunset . But Mimi , the consumptive Parisian seamstress , has",0,,1,1,1,1,primary coding rule
mgc0273,boo,booed,FIC,BechABook,"#Bech thought it was miraculous , but the man was",booed,. A touching black-haired girl from Bulgaria hesitantly sang,0,,1,1,1,1,primary coding rule
mgc0274,wow,wowing,MAG,Gizmodo,#Ormston 's Black Hammer series has spent the past year,wowing,"us with its weird take on the golden age of superheroes ,",0,,1,1,0,1,primary coding rule
mgc0275,boo,boos,MAG,SportsIll,"a pool of suspicion , filled with curses , whistles ,",boos,"; vibrating with sundry shouts of "" Miss it , "" """,1,noun use,0,0,0,0,excluded by primary coding rule
mgc0276,boo,booing,NEWS,Chicago,"greeted then by a "" thunderous , heart warming chorus of",booing,""" but that when he told the story of Hiss as a",1,noun use,0,0,0,0,excluded by primary coding rule
mgc0277,wow,wowed,MAG,Gizmodo,#it to . # Ever since its haunting first trailer,wowed,"San Diego Comic-Con last year , Michael Dougherty 's King of the",0,,1,1,0,0,primary coding rule
mgc0278,boo,booing,FIC,BangDrumSlowly,"and I kept on warming , and the crowd kept on",booing,". There was this one cluck hanging over the fence , and",1,no recoverable verbal syntax,0,0,0,0,excluded by primary coding rule
mgc0279,shoo,shooed,FIC,WhenSheWasGood,"a big fuss about not letting her touch anything , and",shooed,her directly into the house . Mr. Sowerby began to fold up,0,,1,1,1,1,primary coding rule
mgc0280,boo,booing,TV/MOV,61*,: Boo ! [CROWD_BOOING] Can you believe this ? They 're,booing,"him in his own ballpark . Yeah , I wonder why ,",0,,1,1,1,1,primary coding rule
mgc0281,boo,booed,TV/MOV,The 27 Club,"#, dude . Show me the video of Lily getting",booed,offstage last night . Jenny made us leave before it was over,0,,1,1,1,0,primary coding rule
mgc0282,shoo,shooed,FIC,ChimesAlyafaleyn,"soon , Meynoc 's mamma would die . 1O | Eleyna",shooed,"him into bed . "" You 've been a good boy ,",0,,1,1,1,1,primary coding rule
mgc0283,boo,boos,MAG,SportsIll,"by California rules , making it an llth-round knockout . The",boos,"were unfair , the result of a cultural misunderstanding which is",1,noun use,0,0,0,0,excluded by primary coding rule
mgc0284,wow,wowed,NEWS,STLouis,"#collection , "" Tenth of December . "" Khaled Hosseini",wowed,"thousands through the summer with his best-selling "" And the",0,,1,1,0,0,primary coding rule
mgc0285,boo,booed,NEWS,Chicago,"#. ing the board meeting , mostly public employes ,",booed,the Republicans as they criticized the procedures of Kusper ' s,0,,1,1,1,1,primary coding rule
mgc0286,shoo,shooed,FIC,FantasySciFi,"a moment I was stunned , just staring . Then I",shooed,the monks out of the airlock like a flock of chickens and,0,,1,1,1,1,primary coding rule
mgc0287,boo,booing,FIC,Play:EnchantedMaze,with the college colors -- Then all of a sudden the,booing,began down in the stands . I thought Father 's eyes would,1,noun use,0,0,0,0,excluded by primary coding rule
mgc0288,shoo,shooed,FIC,MildredPierce (1),from school . She gave them milk and cookies and,shooed,them out to play . Then she changed her dress and put,0,,1,1,1,1,primary coding rule
mgc0289,shoo,shooed,FIC,Landloper,"homes in spite of the city 's growth , and they",shooed,the children out of their yards where the flower-beds struggled,0,,1,1,1,1,primary coding rule
mgc0290,boo,booed,NEWS,NYT-Reg,#planning and organization . The Communists were isolated and,booed,once again in the chamber while the Government announced that it,0,,1,1,1,0,primary coding rule
mgc0291,shoo,shooed,FIC,VoyagesDrDolittle,us . Luckily the old men turned round in time and,shooed,her away . You may be sure though that we took a,0,,1,1,1,1,primary coding rule
mgc0292,boo,booed,FIC,NewEnglandRev,"#cheers broke out from the gallery , as other voices",booed,and shouted for order . Radwan and I grabbed Abu Mahmud around,0,,1,1,1,0,primary coding rule
mgc0293,boo,boos,NEWS,NYT-Reg,". Fifty customers , mostly women , passed the lines .",Boos,", shouts and noises of derision sounded from the pickets .",1,noun use,0,0,0,0,excluded by primary coding rule
mgc0294,shoo,shooing,FIC,Pandemonium,""" Oh . . . "" She made a gesture like",shooing,"a fly . "" Too much . You saw it ? Which",0,,1,1,1,1,primary coding rule
mgc0295,boo,booed,MAG,Time,#put Mr. Rand 's terms before the workers . They,booed,. The Mayor then went to New York to see Mr. Rand,0,,1,1,1,0,primary coding rule
mgc0296,boo,booed,NEWS,NYT-Reg,"#a Rome report tonight in a Milan newspaper , they",booed,Fascism . Shortly before one o'clock the crowd poured through,0,,1,1,1,0,primary coding rule
mgc0297,boo,boos,NEWS,NYT-Let,"stimuli from the surrounding crowd . Cries , remarks ,",boos,", grimaces , gestures , the mass movement and actual physical",1,noun use,0,0,0,0,excluded by primary coding rule
mgc0298,shoo,shooing,FIC,MurderOnAstorPlace,that she might actually faint . But the other woman was,shooing,"her out . If she fainted in the hallway , she was",0,,1,1,1,1,primary coding rule
mgc0299,boo,booed,MAG,Time,#word the Kremlin likes to hurl at Jews . Laborites,booed,and hissed as Churchill started to stride out of the House .,0,,1,1,1,0,primary coding rule
mgc0300,boo,booing,FIC,Play:StringGame (1),"with great good humor and interest , cheering and",booing,"at appropriate moments ) CECIL What is happening here ? Fada ,",0,,1,1,1,0,primary coding rule
mgc0301,ooh,oohs,FIC,Ploughshares,"a "" gourmet "" dinner and I remembered to keep up a constant stream of",oohs,"and ahs and compliments, which sounded so exaggerated to Brice that he raised an",1,noun use,0,0,0,0,excluded by primary coding rule
mgc0302,boo,boos,NEWS,Chicago,"-- Another night , another ice flap , another round of",boos,"in the arena . Only this time , your loser was the",1,noun use,0,0,0,0,excluded by primary coding rule
mgc0303,shoo,shooed,FIC,DarkeningGreen,"He tried to take Larry 's thumb , but the Keeper",shooed,"the Wolfman away from his cot . "" Benja , Benja .",0,,1,1,1,1,primary coding rule
mgc0304,shoo,shooed,FIC,TheresPippinsCheese,her tongue was tart upon a just occasion and although she,shooed,"the children with her apron , secretly she liked to have them",0,,1,1,1,1,primary coding rule
mgc0305,ooh,oohed,FIC,FantasySciFi,"Selene upwind , back the way they had come . Alexi",oohed,"excitedly , asking innumerable questions , without awaiting",0,,1,1,1,0,primary coding rule
mgc0306,boo,booed,MAG,Time,"#interception percentage in N.F.L. history , was savagely",booed,"by the home crowd . Directly , he was benched (just",0,,1,1,1,0,primary coding rule
mgc0307,boo,booed,MAG,Harpers,#thousand or more orench spectators cheered the Roueanians and,booed,the Americans with Teat consistency . That attitude seemd o us,0,,1,1,1,1,primary coding rule
mgc0308,wow,wows,FIC,Play:Segwohi,resented me? PEYTO Yes. When I had to dance beside you at pow,wows,the way you wanted. When I had to stay with you on the farm,1,noun/proper-name/acronym use,0,0,0,0,excluded by primary coding rule
mgc0309,shoo,shooed,FIC,OurTown,"and such a "" swell young man . "" But Nora",shooed,"him off the front porch in the summer following , because he",0,,1,1,1,1,primary coding rule
mgc0310,shoo,shooed,FIC,OrchardKeeper,kittens bobbing over the floor like blown lint . Mr Eller,shooed,his hand at him and he left . The storekeeper drummed his,0,,1,1,1,1,primary coding rule
mgc0311,boo,boos,FIC,Play:CircusValentine,"is a smattering of unenthusiastic applause , and a couple of",boos,. Goldie leaves the spotlight without bowing . There is one final,1,noun use,0,0,0,0,excluded by primary coding rule
mgc0312,wow,wowed,MAG,Redbook,"#with us below , recounting times when other women have",wowed,"you with their loyalty and concern , show how sometimes small",0,,1,1,0,0,primary coding rule
mgc0313,boo,booing,FIC,Convert,your eyes . Only a moment was she arrested by either,booing,"or applause . When a knot of young men , who had",1,noun use,0,0,0,0,excluded by primary coding rule
mgc0314,boo,boos,FIC,Play:HairyApe,"States ! (A perfect storm of hisses , catcalls ,",boos,", and hard laughter . ) VOICES (Scornfully . ) Hurrah",1,noun use,0,0,0,0,excluded by primary coding rule
mgc0315,shoo,shooed,FIC,WhiteMoll,""" Yes , "" said the Adventurer . "" But I",shooed,"them all out , as soon as we found you were not",0,,1,1,1,1,primary coding rule
mgc0316,shoo,shooing,FIC,Ploughshares,who are still standing in the doorway . While he is,shooing,"them away with harsh sounds , the Chinese woman looks at Lavinia",0,,1,1,1,1,primary coding rule
mgc0317,boo,boos,FIC,FlightFromNatchez,with emotion . From one section of the room there were,boos,"and groans , and when Grace heard this she stood up and",1,noun use,0,0,0,0,excluded by primary coding rule
mgc0318,shoo,shooed,FIC,SouthernRev,have a peck at Miss Potts 's oats . The woman,shooed,it away with her foot . She drew from her apron some,0,,1,1,1,0,primary coding rule
mgc0319,wow,wowed,NEWS,Denver,#Rhodesia . ' Subsequent exhibitions in London and New York,wowed,critics ; and the sculptural renaissance gathered momentum .,0,,1,1,0,1,primary coding rule
mgc0320,boo,boos,MAG,ESPN,"his racket into the ground , drawing the first and only",boos,of a titanic match . # Djokovic held his hands up as,1,noun use,0,0,0,0,excluded by primary coding rule
mgc0321,wow,wowing,FIC,EustaceChisholm,#vibrate the leaves on the trees . The victimsreeled around,wowing,and hooting and holding their heads . One sat on the edge,0,,1,1,0,0,primary coding rule
mgc0322,ooh,oohs,FIC,Play:LouisianaCavalier,"-- daisy circlets, violets, etc. The people show their appreciation with """,oohs,""" and "" ahs. "") p. 65 VOICES Beautiful! A happy day for",1,noun use,0,0,0,0,excluded by primary coding rule
mgc0323,boo,boos,NF/ACAD,FieldsPsychology,"is greeted with cheers , any mention of the enemy with",boos,. The art of crowd making in all three situations is essentially,1,noun use,0,0,0,0,excluded by primary coding rule
mgc0324,boo,booing,FIC,Speedboat,"lines , with ghostly ranks of ancestors backstage hissingand",booing,". If you cared to carry it back through the centuries ,",1,no recoverable verbal syntax,0,0,0,0,excluded by primary coding rule
mgc0325,boo,booed,MAG,SportsIll,"#, said he could hardly remember a visiting player being",booed,", let alone a St. Louis player . "" If the players",0,,1,1,1,1,primary coding rule
mgc0326,boo,booed,NEWS,CSMonitor,"#resented his fame and fortune , the fans who often",booed,"when they felt he wasn ' t giving a "" million-dollar effort",0,,1,1,1,0,primary coding rule
mgc0327,boo,booing,NEWS,NYT-Reg,were boos and Roosevelt buttons were numerous . Much of the,booing,", according to those in the front cars of the parade ,",1,noun use,0,0,0,0,excluded by primary coding rule
mgc0328,ooh,oohed,FIC,HeritageHatcher,of sleeping potions -- so she opened the door and !,oohed,in . Mr. Loffen says that by then Harry 'd been gone,1,OCR or unclear context,0,0,0,0,excluded by primary coding rule
mgc0329,boo,booing,MAG,SportsIll,feel for the game . He had been frustrated by the,booing,"he sometimes received at the Meadowlands , Seton Hall 's home",1,noun use,0,0,0,0,excluded by primary coding rule
mgc0330,shoo,shooed,NF/ACAD,SideApes,"was n't perceived . Next day , however , he was",shooed,"out into the open on the island , and was promptly beaten",0,,1,1,1,1,primary coding rule
mgc0331,boo,booing,FIC,FlightFromNatchez,". "" His answer shot back . There was a faint",booing,"at the back of the hall and scattered applause , in which",0,,1,1,1,0,primary coding rule
mgc0332,shoo,shooed,MAG,NatlReview,"results , the Croatian government blinked . Refugees were",shooed,"away and obliquely told , in the unromantic words of cartoonist",0,,1,1,1,1,primary coding rule
mgc0333,wow,wowed,MAG,Time,"#top Pentagon , White House and budget-making jobs , Tower",wowed,Bush during their Nov. 17 meeting and several days later made a,0,,1,1,0,0,primary coding rule
mgc0334,boo,booing,NEWS,Atlanta,the game . # It was n't long before they were,booing,the home team . The Hawks took an 11-2 lead behind two,0,,1,1,1,1,primary coding rule
mgc0335,boo,booing,MAG,Time,my nine-year-old son after a game that I did n't take,booing,"personally and I did n't want him to take it personally ,",1,no recoverable verbal syntax,0,0,0,0,excluded by primary coding rule
mgc0336,shoo,shooing,FIC,FantasySciFi,onto one big log-boat . # Ug the lot-many-lot made a,shooing,"motion with his hands . # "" Go way , "" he",1,adjectival use without recoverable verbal syntax,0,0,0,0,excluded by primary coding rule
mgc0337,boo,boos,NEWS,NYT-Reg,for a year pending such a vote . Dr. Terry evoked,boos,"when he said he felt no such vote was necessary . """,1,noun use,0,0,0,0,excluded by primary coding rule
mgc0338,shoo,shooed,FIC,TreeGrowsInBrooklyn,"third , "" but ... "" They welcomed the midwife and",shooed,Johnny out of the place . He sat on the stoop and,0,,1,1,1,0,primary coding rule
mgc0339,wow,wows,MAG,Time,284474 How do you replace a swinging conductor who wears a Beatle hairdo and,wows,"the crowds with his lithe podium acrobatics? If the man is Seiji Ozawa,",0,,1,1,1,1,primary coding rule
mgc0340,shoo,shooing,FIC,HeavenHell,"mounted Satan . America 's Ace of Players appeared suddenly ,",shooing,Willa inside so he could speak privately . Trump stepped close to,0,,1,1,1,0,primary coding rule
mgc0341,shoo,shooing,FIC,Mov:RedHotRomance,it down . 141 . THE KING 'S BEDCHAMBER Roland is,shooing,the King and Councilors down the stairway . Frijole keeps,0,,1,1,1,1,primary coding rule
mgc0342,shoo,shooed,FIC,Big-TownRound-,feel at home by teasing her . In the evenings he,shooed,out the pair of them to a moving-picture show and once or,0,,1,1,1,1,primary coding rule
mgc0343,boo,booing,MAG,Time,""" These people do n't know what the hell they 're",booing,". "" # "" Mantle wants to be so great he can",1,no recoverable verbal syntax,0,0,0,0,excluded by primary coding rule
mgc0344,boo,booing,NEWS,NYT-Ed,". After this confession there is no end to the """,booing,""" and sweet speaking with which the World welcomes its new ally",1,OCR/proper-name/non-target use,0,0,0,0,excluded by primary coding rule
mgc0345,boo,boos,NEWS,WashPost,"as the starter in the ninth game . # "" The",boos,", that was the hardest thing , "" Brunell said . """,1,noun use,0,0,0,0,excluded by primary coding rule
mgc0346,shoo,shooed,FIC,RoadManyWonder,"giggling and going "" nyaah-nyaah "" and wiggling around . Millie",shooed,them off without shooing off Mr. Blue (how she 'd charmed,0,,1,1,1,1,primary coding rule
mgc0347,shoo,shooing,NEWS,NYT-Reg,"cathedral steps , and dozens of policemen were kept busy '",shooing,"them away . One woman , apparently surprised at being sent back",0,,1,1,1,1,primary coding rule
mgc0348,ooh,oohed,FIC,Analog,"like a dream . # In the back , the girls",oohed,and ahhed at the site of Mendenhall Glacier to the north .,0,,1,1,1,1,primary coding rule
mgc0349,boo,boos,NEWS,NYT-Reg,"for the "" VinsonLegion "" Bonus Bill before Congress . The",boos,that met Mr. Patman as he discussed his measure before the,1,noun use,0,0,0,0,excluded by primary coding rule
mgc0350,boo,booing,TV/MOV,Rocky,? Keep moving . (bell ) ( crowd_shouting ) (,booing,) Give him one ! (bell ) (cheering_and_applause ) (,1,no recoverable verbal syntax,0,0,0,0,excluded by primary coding rule
mgc0351,shoo,shooing,MAG,SatEvePost,"that the police were busily engaged in clearing the platform ,",shooing,all the people out of sight of the tracks into an open,0,,1,1,1,0,primary coding rule
mgc0352,boo,booing,FIC,AllYourBornDays,George was holding his hands up again . But they began,booing,"and yelling now , more and more of them , and suddenly",0,,1,1,1,0,primary coding rule
mgc0353,boo,booing,MAG,SportsIll,'d like to know where that got started . I know,booing,is Part of the Game and The American Way and all that,1,no recoverable verbal syntax,0,0,0,0,excluded by primary coding rule
mgc0354,shoo,shooing,MAG,Time,: PLEASE GET SICK . A big painted rock aimed at,shooing,away pilots seeking to land says PISS OFF . To the north,0,,1,1,1,1,primary coding rule
mgc0355,boo,boos,NEWS,NYT-Reg,"had been large'ly respectful , although there ' were some",boos,". However , Monday night in the Gravesend section of Brooklyn ,",1,noun use,0,0,0,0,excluded by primary coding rule
mgc0356,boo,boos,NEWS,Chicago,"everything was fine . "" There were one or two real",boos,"at the concerts in Berlin and Hamburg , for reasons still not",1,noun use,0,0,0,0,excluded by primary coding rule
mgc0357,shoo,shooing,FIC,ScholScope,", confused . "" Go home ! "" I shouted ,",shooing,"him away . Boo slunk into the woods , his head low",0,,1,1,1,1,primary coding rule
mgc0358,boo,booed,MAG,Time,"#had had enough . At his first appearance , they",booed,"and catcalled for 20 minutes , while Lewis nervously ran a comb",0,,1,1,1,0,primary coding rule
mgc0359,boo,booed,MAG,Bleacher Report,"#, it took a hopeful Cleveland by surprise as fans",booed,the team throughout the contest at FirstEnergy Stadium . The,0,,1,1,1,1,primary coding rule
mgc0360,shoo,shooed,MAG,Time,"Man Out ! "" Trouble started when the Reverend Powell brusquely",shooed,"news photographers away , so that a photographer could shoot",0,,1,1,1,0,primary coding rule
mgc0361,boo,booing,TV/MOV,Bonanza,of this earth were ineffectual to assuage my vengeance . (,booing,") Bring forth the untamed steed . Hey , what are they",1,no recoverable verbal syntax,0,0,0,0,excluded by primary coding rule
mgc0362,boo,booing,TV/MOV,The Simpsons,"the king of kings . Excellent . Smithers , are they",booing,"me ? No . They 're saying , "" Boo-urns , Boo-urns",0,,1,1,1,0,primary coding rule
mgc0363,shoo,shooing,FIC,Harpers,"the thin woman came to the door and opened it ,",shooing,the children in with an unexpected harsh snarl in her voice .,0,,1,1,1,1,primary coding rule
mgc0364,boo,booing,MAG,NewYorker,premises . THE memorable thing about the Dog Show was the,booing,of the Scottish terrier . We watched a team of four Scotties,1,noun use,0,0,0,0,excluded by primary coding rule
mgc0365,boo,booing,NEWS,NYT-Reg,union hall was marked by a number of near-fights and much,booing,first of Mr. Quill and later of Mr. Hogan . The whole,1,no recoverable verbal syntax,0,0,0,0,excluded by primary coding rule
mgc0366,shoo,shoos,NF/ACAD,archive,that with one hat the hatter can purchase two pairs of,shoos,", and "" vice versa . "" Anything that is not generally",1,OCR/proper-name/non-target use,0,0,0,0,excluded by primary coding rule
mgc0367,boo,boos,NEWS,Washington Post,The judging of the terrier group elicited the first and only,boos,"of the night from the crowd , who had cheered loudly for",1,noun use,0,0,0,0,excluded by primary coding rule
mgc0368,boo,booed,MAG,ESPN,#pumped in New Orleans ' first six points and was,booed,"every time he got the ball early on , only to be",0,,1,1,1,1,primary coding rule
mgc0369,shoo,shooing,FIC,RoadManyWonder,""" He wagged the gun barrel at me like he was",shooing,"a chicken . "" Suppose you back off about five steps .",0,,1,1,1,1,primary coding rule
mgc0370,ooh,oohed,FIC,FantasySciFi,"to shoulder with him in the watery December light , and",oohed,and ahhed as he showed off the Swiss Army knife Dad had,0,,1,1,1,0,primary coding rule
mgc0371,boo,boos,FIC,SilverGhost,", the haunter moans . B000000 b00000000000 , the haunter",boos,". M00000000000o m00000000000 , yourself , Jimbo moos . Hey ,",0,,1,1,1,0,primary coding rule
mgc0372,boo,booed,MAG,Time,"#pitchers ' battle . "" No one has ever yet",booed,a homerun and certainly the greatest crowd-getter in recent,0,,1,1,1,1,primary coding rule
mgc0373,boo,booed,MAG,Nation,"#party "" ) , the delegates listened passively , occasionally",booed,or wandered out of the arena . When it was all over,0,,1,1,1,0,primary coding rule
mgc0374,boo,booed,MAG,Time,#a Labor paradox . A so-called C. I. O. audience,booed,hissed every mention of the name of John Lewis . # Thus,0,,1,1,1,0,primary coding rule
mgc0375,boo,booed,MAG,Atlantic,#would put us on the level of the morons who,booed,Le Sacre du Printemps . But what is the point ? Is,0,,1,1,1,0,primary coding rule
mgc0376,shoo,shooed,MAG,Time,demeanor of the cold Chinese princess . Signor Lauri-Volpi,shooed,". I called . Teddy came . "" # # Ganna Walska",0,,1,1,1,0,primary coding rule
mgc0377,ooh,oohs,MAG,Astronomy,"out a nice dark site, stay warm, and get ready for some """,oohs,""" and "" aahs. "" #",1,noun use,0,0,0,0,excluded by primary coding rule
mgc0378,boo,booed,MAG,Time,#Terry Baker-who hails from Portland . Thirty thousand fans,booed,everything Munson did . The Portland Reporter even ran an,0,,1,1,1,0,primary coding rule
mgc0379,boo,boos,NEWS,NYT-Reg,"it grew "" without campaign funds , "" a storm of",boos,came from the galleries . To answer complaints that Mr. Willkie,1,noun use,0,0,0,0,excluded by primary coding rule
mgc0380,boo,boos,MAG,Time,their employees ' locker room . # Perhaps it was the,boos,and catcalls that made the players and the owners settle so,1,noun use,0,0,0,0,excluded by primary coding rule
mgc0381,wow,wowed,MAG,Cosmopolitan,#wonder that so many American women have been wooed and,wowed,"by men who do n't like Big Macs , have never heard",0,,1,1,0,0,primary coding rule
mgc0382,boo,booed,MAG,Newsweek,"#they show up at ball games , politicians are often",booed,". Obama -- the self-described "" skinny kid with a funny name",0,,1,1,1,0,primary coding rule
mgc0383,boo,booed,MAG,Time,"#festival favorite too ; instead it got soundly , roundly",booed,", possibly because Moreau overworks her villainy . The film is",0,,1,1,1,0,primary coding rule
mgc0384,wow,wowed,FIC,Play:BriefMoment,"#, she 'll wow everybody . HAROLD SIGRIFT She 's",wowed,"Rod already . KATHRYN DEAN Damn good taste , Rod . p.",0,,1,1,0,0,primary coding rule
mgc0385,boo,booing,FIC,Convert,' In the midst of isolated cheers and a volume of,booing,", she went on -- ' When he brought a resolution before",1,noun use,0,0,0,0,excluded by primary coding rule
mgc0386,shoo,shooing,FIC,Triquarterly (Online),"guards yell at each other and point at the boy ,",shooing,"him away , cursing . The boy stops running and stands frozen",0,,1,1,1,1,primary coding rule
mgc0387,shoo,shooing,FIC,Play:TooMuchBusiness,"him again and makes motion with his hands , as if",shooing,"chickens . BURT goes , bewildered , then MANNY comes back to",0,,1,1,1,0,primary coding rule
mgc0388,boo,boos,TV/MOV,"Hollywood, je t'aime",to be familiar with the concept . No drugs beyond the,boos,"and the nummy . No guests . And finally , you 'll",1,noun use,0,0,0,0,excluded by primary coding rule
mgc0389,wow,wows,TV/MOV,Is My Face Red?,has a good joke. He's used it for years and years that still,wows,"him. Sorry. [telephone_ringing] Hello. Oh, just a minute, Mr.",0,,1,1,0,1,primary coding rule
mgc0390,boo,boos,NEWS,CSMonitor,""" Today it should be rephrased to read : "" Nobody",boos,"the town booster . "" That is , I think , the",0,,1,1,1,1,primary coding rule
mgc0391,wow,wowing,FIC,JoyLuckClub,"#talked : "" I can just see her now ,",wowing,"the angels with her Chinese cooking and gung-ho attitude . "" And",0,,1,1,0,1,primary coding rule
mgc0392,shoo,shooed,FIC,GraceHarlowesOverland,did n't know Henry was down there or I 'd a,shooed,"him out before ye set down . "" "" I wo n't",0,,1,1,1,1,primary coding rule
mgc0393,boo,booed,MAG,Time,#the regular evening editions while as many as 250 pickets,booed,from the sidewalk . Ten were arrested for disorderly conduct .,0,,1,1,1,0,primary coding rule
mgc0394,boo,booed,MAG,Harpers,"#the party , some of them angry at Lee ,",booed,and shouted at him and at almost everyone else who dared to,0,,1,1,1,1,primary coding rule
mgc0395,boo,booed,NEWS,Atlanta,"#. # "" He was hurt that he had gotten",booed,", "" Boas said . "" He had never been booed before",0,,1,1,1,1,primary coding rule
mgc0396,shoo,shooed,FIC,JudithGodlessValley,plate and filled his cup with scalding coffee . Then she,shooed,"the children to bed in the next room and , returning ,",0,,1,1,1,1,primary coding rule
mgc0397,shoo,shooed,MAG,Time,"in at Guernsey , one of the Channel Islands , was",shooed,"off , Iried Sark and alarmed the Channel Islands ' Royal Court",0,,1,1,1,1,primary coding rule
mgc0398,wow,wowed,FIC,WhenEgyptWentBroke,"#woman , and women slop over when they 're all",wowed,"up ! She 'd have to tell your sister , would n't",1,non-verbal vocalization,0,0,0,0,excluded by primary coding rule
mgc0399,shoo,shooing,FIC,LionIsInStreets,"his face , and the mother in her softened her ,",shooing,"away the madness and shaming her for longing , however",0,,1,1,1,1,primary coding rule
mgc0400,boo,booed,NEWS,NYT-Reg,#Lloyd George and Sir Hamar Greenwood were not hissed or,booed,at any point in the lecture . At the outset Father Duffy,0,,1,1,1,1,primary coding rule
mgc0401,boo,booed,MAG,SportsIll,#eyes had blinded him . // Some of the crowd,booed,as the little Nigerian street brawler stayed on his stool when,0,,1,1,1,0,primary coding rule
mgc0402,shoo,shooed,MAG,Time,", onetime (1933-38 ) U.S. Comptroller of the Currency ,",shooed,away this legal red herring as often as it appeared . The,0,,1,1,1,1,primary coding rule
mgc0403,shoo,shooed,FIC,Analog,to William 's bed . William picked off the sensors and,shooed,"away the little automata , but did n't meet Belisarius ' eyes",0,,1,1,1,1,primary coding rule
mgc0404,boo,booing,FIC,HeavenHell,". He started to wave , but checked when he heard",booing,. His normally ruddy face darkened and he quickly stepped back,1,no recoverable verbal syntax,0,0,0,0,excluded by primary coding rule
mgc0405,boo,booing,FIC,HeavenHell,""" Why do n't you hang Ben Wade ? "" Loud",booing,", which only goaded the President . "" Why do n't you",1,no recoverable verbal syntax,0,0,0,0,excluded by primary coding rule
mgc0406,boo,booed,NEWS,WallStJrnl,#get home and get their thoughts collected the delegates who,booed,every mention ' of his name at Thursday 's night session will,0,,1,1,1,1,primary coding rule
mgc0407,boo,boos,NEWS,NYT-Reg,"from demonstrators in Chicago , whose actions were marked by",boos,"and angry cries , and by , what he viewed as acceptance",1,noun use,0,0,0,0,excluded by primary coding rule
mgc0408,boo,booed,MAG,Nation,#turn . The police jeered hysterically and the hunger marchers,booed,". Later , Senator Costigan came out and was indignant at what",0,,1,1,1,1,primary coding rule
mgc0409,boo,boos,NEWS,NYT-Reg,say on such weapons ' use . The question that drew,boos,was whether Senator Goldwater would run on all of the platform,1,noun use,0,0,0,0,excluded by primary coding rule
mgc0410,boo,booing,FIC,Play:ThreeAmericanisms,go . Boing.And once they are done with the boings commence,booing,and the booings are as bad as the boings and the boings,1,no recoverable verbal syntax,0,0,0,0,excluded by primary coding rule
mgc0411,shoo,shoos,FIC,Mov:ReignOfTerror,"gulp down their milk , rise from the table . Grandma",shoos,them through a door INTO the bedroom and closes the door .,0,,1,1,1,1,primary coding rule
mgc0412,ooh,oohed,FIC,FantasySciFi,", for running the lights and electric motor . "" She",oohed,"appreciatively at the electric light . "" And even more important",0,,1,1,1,1,primary coding rule
mgc0413,shoo,shooed,FIC,BandAngels,notice . It was after six when Auntie Marne finally,shooed,the last customer out and collapsed into the pile of excelsior in,0,,1,1,1,1,primary coding rule
mgc0414,shoo,shooed,FIC,GoodAsGold,"pushing through . "" I wantsome coffee too . "" Belle",shooed,"them all outside the kitchen . When Dina , flanked by Esther",0,,1,1,1,1,primary coding rule
mgc0415,wow,wowed,MAG,Time,"#brooch ) . Last week , suave , dark-eyed Ben",wowed,the ladies again with a fashion show for Chicago 's pet society,0,,1,1,0,1,primary coding rule
mgc0416,shoo,shooed,FIC,TreasureValley,"Munn , indignant at this unsolicited presentation , as promptly",shooed,"them back again , and war was declared . Tim had hitherto",0,,1,1,1,1,primary coding rule
mgc0417,boo,boos,MAG,Daily Beast,"The notion that Putin has been "" abused "" drew heavy",boos,"from the audience at Manhattan 's Ed Sullivan Theater . # """,1,noun use,0,0,0,0,excluded by primary coding rule
mgc0418,boo,booed,MAG,USNWR,#. Feelings grew so heated that many blacks not only,booed,"Andrew Young , black mayor of Atlanta , for defending Mondale but",0,,1,1,1,0,primary coding rule
mgc0419,shoo,shooed,FIC,Ploughshares,and that was evidence . Someone walked by a pigpen and,shooed,them just for fun because pigs scare so easily and that was,0,,1,1,1,1,primary coding rule
mgc0420,shoo,shooed,FIC,FantasySciFi,"elephants , more fascinated than perturbed , until Lady Dustan",shooed,her and her sister in the direction of the house . Lady,0,,1,1,1,1,primary coding rule
mgc0421,boo,booed,FIC,Harper's Magazine,#a crudely daubed banner proclaiming willie power . We all,booed,". Then the camera cut to a mid-shot ; Lewis , crouched",0,,1,1,1,0,primary coding rule
mgc0422,boo,booed,TV/MOV,Freaks and Geeks,"#. I saw them open for Tull , they got",booed,"off the stage . Thanks a lot , man . Lindsay ,",0,,1,1,1,0,primary coding rule
mgc0423,shoo,shooing,MAG,Scribners,"refused to join with Russia , Germany , and France in",shooing,Japan off the continent . Scrutinizing her attitude at this time,0,,1,1,1,0,primary coding rule
mgc0424,wow,wows,NF/ACAD,JIssuesNursing,"# Post implementation, ethnographic researchers again shadowed nurses who used workstations on wheels (",WOWs,) integrated with hand held scanners. They reported an overwhelmingly positive impact on nursing,1,noun/proper-name/acronym use,0,0,0,0,excluded by primary coding rule
mgc0425,shoo,shooed,FIC,KingYS,the rain into the common room of the hostel . They,shooed,"the help away and came to attention , ranked , before the",0,,1,1,1,1,primary coding rule
mgc0426,wow,wowing,FIC,BigNap,"#take over for me , since I was obviously not",wowing,"the room with my parenting skills . "" Hey , Rubes ,",0,,1,1,0,1,primary coding rule
mgc0427,shoo,shooed,FIC,FantasySciFi,"n't think she recognized me ; at any rate , she",shooed,me off with a shocking lack of compassion . I hung around,0,,1,1,1,0,primary coding rule
mgc0428,shoo,shooing,FIC,GorgeousGirl,"interested in the prayer book ; and , with the Pom",shooing,"him out by sharp , ear-piercing barks , Steve left the room",0,,1,1,1,1,primary coding rule
mgc0429,wow,wows,MAG,Smithsonian,have been rubbed smooth by familiarity. The marvel is that the septuagenarian Haynes still,wows,"cutting-edge musicians. In 1997, he cut short a vacation in Barbados to fill",0,,1,1,1,0,primary coding rule
mgc0430,shoo,shoos,FIC,Mov:PlanetApes,"suddenly . Nova bumps into him . He turns , impatiently",shoos,"her away , then looks o.s. , again . 172 ZIRA AND",0,,1,1,1,1,primary coding rule
mgc0431,boo,boos,FIC,BartholomewFair,the dogs . At the appearance of Samson the crowd 's,boos,turned into cheers . Crisp chained the bear to the tethering,1,noun use,0,0,0,0,excluded by primary coding rule
mgc0432,shoo,shooed,FIC,WithTorchy,"up on the rail outside , if the cop ai n't",shooed,"him off , "" says I. "" Then keep him there until",0,,1,1,1,1,primary coding rule
mgc0433,boo,booed,NEWS,NYT-Let,"#his head , indicating that such a number would be",booed,"by the thousands of young , collegiate , jitterbug dancers",0,,1,1,1,0,primary coding rule
mgc0434,shoo,shooed,FIC,Minotaur,laughing . He blew Rita a kiss . After dinner Callie,shooed,Jake and Toad off to the screened-in porch while she cleaned up,0,,1,1,1,0,primary coding rule
mgc0435,boo,boos,TV/MOV,Hamburger Hill,could come here . And see how you low Class eleven,boos,"live . Is that it ? Brother Blood . Hey , how",1,proper-name/metalinguistic/non-target use,0,0,0,0,excluded by primary coding rule
mgc0436,wow,wowed,MAG,ChristCentury,#character . During his interviews Cairns by all accounts,wowed,"students , faculty and administrators ; he was offered a full",0,,1,1,0,0,primary coding rule
mgc0437,wow,wowing,NEWS,CSMonitor,#'s Mini Cooper-sized rover Curiosity has spent the past week,wowing,"the mission 's scientists , engineers , and the public with each",0,,1,1,0,1,primary coding rule
mgc0438,boo,boos,NEWS,NYT-Let,"audience is able to catch the notes of applause , the",boos,", the heckling and the varied multitude of inarticulate sounds",1,noun use,0,0,0,0,excluded by primary coding rule
mgc0439,shoo,shoos,FIC,Play:SmallWarOnMurray,And what is the result ? ( Orderly salutes and Frederick,shoos,"him U. L. ) The result is , to put it bluntly",0,,1,1,1,1,primary coding rule
mgc0440,wow,wowed,NEWS,Denver,"#Eric Decker showed in his interview , and Demaryius Thomas",wowed,the staff with his ability to quickly learn a variety of,0,,1,1,0,1,primary coding rule
mgc0441,boo,booed,MAG,NewRepublic,"#. "" Exploitation and special privileges are not necessarily",booed,"on scarcity : they may exist fulsomely , as the salary and",0,,1,1,1,0,primary coding rule
mgc0442,boo,boos,NEWS,NYT-Reg,"200,000 the police estimated , but mingled with the cheers were",boos,"and Roosevelt buttons were numerous . Much of the booing ,",1,noun use,0,0,0,0,excluded by primary coding rule
mgc0443,boo,booed,MAG,SportsIll,#Who started it ? Who was the first guy who,booed,"the umpire and called him a blind bat and yelled , """,0,,1,1,1,1,primary coding rule
mgc0444,shoo,shooed,FIC,CryAngels,medical . But when the men arrived with a stretcher she,shooed,them out of her room and came down carrying her bag .,0,,1,1,1,1,primary coding rule
mgc0445,boo,booed,MAG,RollingStone,"#' ' ) So from the start , the Belgians",booed,the Yanks . One headline said it all : MARK MORRIS GO,0,,1,1,1,1,primary coding rule
mgc0446,boo,booed,NEWS,Houston,#Because he has endured the bad times and has been,booed,", this year 's success means that much more to him .",0,,1,1,1,1,primary coding rule
mgc0447,boo,booing,TV/MOV,CatDog,stomachs . I give you the amazing tree-headed dog . (,Booing,", complaining ) I want my money back . That freak 's",1,no recoverable verbal syntax,0,0,0,0,excluded by primary coding rule
mgc0448,wow,wows,TV/MOV,Young People,"they were billed under Costello's Trained Seals. She can remember. "" Bob",wows,"them in Cleveland. Flicks legit takes back seat. "" Remember when we were",0,,1,1,0,1,primary coding rule
mgc0449,ooh,oohs,NEWS,USAToday,"car, one you'd show off to friends and expect to get the """,oohs,""" and "" attaboys "" you might with a $ 17,000 Honda Civic or Toyota",1,noun use,0,0,0,0,excluded by primary coding rule
mgc0450,boo,booed,MAG,Time,"#. In Mexico City 's busiest tourist section , they",booed,"at shops displaying U.S. signs , cheered those with German names",0,,1,1,1,0,primary coding rule
mgc0451,boo,booing,FIC,Speedboat,"not really cheering No , No , Nanette . They are",booing,Hair . Or whateverelse it is on stage that they hate and,0,,1,1,1,1,primary coding rule
mgc0452,shoo,shoos,FIC,Mov:LostWorldThe,"his glasses , finds that Jocko has them , irritably """,shoos,""" Jocko away , and then calls out to Challenger : SUMMERLEE-",1,unclear or non-verbal use,0,0,0,0,excluded by primary coding rule
mgc0453,boo,booed,NF/ACAD,AmerScholar,"#he hit just eight home runs , and was routinely",booed,at home and away as the club compiled its first losing record,0,,1,1,1,0,primary coding rule
mgc0454,shoo,shooing,FIC,ReliableWifeNovel,"the brush of a skirt 's hem , a gloved hand",shooing,"a fly from a freckled nose had once been enough , had",0,,1,1,1,1,primary coding rule
mgc0455,ooh,oohing,MAG,Forum,before my 7rst baby came . The clerks were motherly :,oohing,"souls who "" understood "" and graduate nurses in uniforms who wore",1,OCR/adjectival/unclear use,0,0,0,0,excluded by primary coding rule
mgc0456,boo,boos,FIC,DeepRiver,"figure . The gaunt , drab man on the Floor ignored",boos,or cheers . With one hand against the back of his seat,1,noun use,0,0,0,0,excluded by primary coding rule
mgc0457,shoo,shooing,FIC,Analog,". # "" Yes , "" Lawrence said , making a",shooing,"motion toward the screen , "" it 's playtime. "" # Mazer",1,adjectival use without recoverable verbal syntax,0,0,0,0,excluded by primary coding rule
mgc0458,ooh,oohing,NEWS,Denver,people . ' # Then came and still come the pundits,oohing,"and aahing outward disapproval . Repeating these words , they",1,OCR/adjectival/unclear use,0,0,0,0,excluded by primary coding rule
mgc0459,shoo,shooed,MAG,Time,"honking , flapping geese . He slid back the frames ,",shooed,the birds out .,0,,1,1,1,1,primary coding rule
mgc0460,wow,wowed,MAG,Time,"#In the men 's field , the Soviets dazzled and",wowed,"with their daring assortment of triple flips on the vault , the",0,,1,1,0,0,primary coding rule
mgc0461,wow,wowing,MAG,SkyTelescope,#your monitor . But I 'd wager you will be,wowing,them as much with the equipment as with the globular itself For,0,,1,1,0,1,primary coding rule
mgc0462,boo,boos,NF/ACAD,TasteAmerica,"Democratic Party for so many years , "" bringing on more",boos,". Yet , when Wallace finished speaking , and those bodyguards",1,noun use,0,0,0,0,excluded by primary coding rule
mgc0463,boo,booing,NEWS,NYTimes,", the critics continued to vent their spleens by loudly",booing,"Matteo Garrone 's "" Reality , ' the surprise -- and very",1,no recoverable verbal syntax,0,0,0,0,excluded by primary coding rule
mgc0464,boo,booed,FIC,Sybil,#position in front of the first picador . The public,booed,"Matagatos as he slid back through the fence , and he smiled",0,,1,1,1,0,primary coding rule
mgc0465,boo,boos,NEWS,NYT-Reg,critical of Mr. Finch 's actions as Secretary . Hisses and,boos,"punctuated the reading , underscoring the discontent that many",1,noun use,0,0,0,0,excluded by primary coding rule
mgc0466,boo,booing,FIC,Play:GameInches,"he 's been in a slump , and the fans are",booing,"him , something about water skiing and a pinkie injury . With",0,,1,1,1,1,primary coding rule
mgc0467,wow,wowing,FIC,FantasySciFi,#maiden voyage from Southampton . I describe how Nijinsky 's,wowing,"Paris , and explain that China has just become a Republic .",0,,1,1,0,0,primary coding rule
mgc0468,wow,wowed,MAG,Time,"#in the past year to have become TIME-worthy , """,wowed,""" Their Majesties . Antic : opening conversation at the banquet",0,,1,1,0,0,primary coding rule
mgc0469,boo,booed,MAG,Time,"#. . . . "" the crowd jumped up and",booed,for 15 minutes .,0,,1,1,1,0,primary coding rule
mgc0470,boo,booing,FIC,Convert,"grudgingly and after more "" scenes . "" ' Whereupon loud",booing,testified to the audience 's horror of anything approaching,1,noun use,0,0,0,0,excluded by primary coding rule
mgc0471,shoo,shoos,FIC,Ploughshares,"glass wall , until the ward closes and a patient nun",shoos,us out . I find the door with my father 's number,0,,1,1,1,1,primary coding rule
mgc0472,shoo,shooed,FIC,NoneShallLookBack,for over a month . She got up . Molly had,shooed,the horse on and they moved forward a little faster . They,0,,1,1,1,1,primary coding rule
mgc0473,shoo,shooed,FIC,WildPitch,"was plenty good , way I saw it . He sure",shooed,"that professor away , him that was first tryin ' to help",0,,1,1,1,0,primary coding rule
mgc0474,ooh,oohs,MAG,Cosmopolitan,"to give, he mimicked my massage, and I let him know via loud",oohs,and ahhs where I most fancied his fingerwork. Going mano a mano gave me,1,noun use,0,0,0,0,excluded by primary coding rule
mgc0475,boo,boos,NEWS,Pittsburgh,"it with others and register their feelings online . "" Ms.",Boos,"is no Web geek , but she has adapted technology in other",1,proper-name/metalinguistic/non-target use,0,0,0,0,excluded by primary coding rule
mgc0476,wow,wowed,MAG,Time,"#looking slim as ever in her well-above-the-knee sequin outfit ,",wowed,the crowd by dancing the Jerk with her host . # *,0,,1,1,1,1,primary coding rule
mgc0477,boo,booed,NEWS,NYTimes,"#, "" Post Tenebras Lux , ' had been harshly",booed,after its first press screening . The screenwriting prize went,0,,1,1,1,0,primary coding rule
mgc0478,boo,boos,MAG,NewYorker,"the first act with whistles , cheers , snickers , and",boos,. One of the intermissions was punctuated with the far-off sound,1,noun use,0,0,0,0,excluded by primary coding rule
mgc0479,shoo,shooed,FIC,FantasySciFi,"talking about him , calling him an old kook . He",shooed,the tourists off as gracefully as he could and sent Raymond up,0,,1,1,1,1,primary coding rule
mgc0480,wow,wowed,FIC,Stitch,#Mr. Noonan thought he was smart . She 'd been,wowed,"by him from the minute he showed up . And , after",0,,1,1,0,1,primary coding rule
mgc0481,boo,boos,FIC,Play:GameInches,"San Pedro . Clearly , George is a man used to",boos,". Booo booo booo ! "" Eeeef the Canadian faaans do n't",1,noun use,0,0,0,0,excluded by primary coding rule
mgc0482,shoo,shooed,FIC,Stroll,"on her bed , ignoring her neighbor 's cough , Owl",shooed,away the new kitten and carefully arranged around her her five,0,,1,1,1,1,primary coding rule
mgc0483,wow,wowing,MAG,Time,"#, April 11 ) . "" Happy "" Chandler was",wowing,the voters everywhere with his own special brand of political,0,,1,1,0,1,primary coding rule
mgc0484,boo,boos,MAG,Fortune,"Lula was sworn in last Thursday , to both cheers and",boos,. The former president 's appointment was then suspended by a,1,noun use,0,0,0,0,excluded by primary coding rule
mgc0485,boo,booed,NEWS,NYT-Reg,"#and the remaining elders , about 300 in all ,",booed,this action . After a lull the demonstration was renewed when the,0,,1,1,1,1,primary coding rule
mgc0486,boo,boos,FIC,Sybil,", in a voice inaudible even to himself . Cheers and",boos,"greeted him , in a proportion of one to three . He",1,noun use,0,0,0,0,excluded by primary coding rule
mgc0487,boo,booed,MAG,SportsIll,#old days the fans accepted it ; now he was,booed,"when he drew the penalty . In 1985 , Bullough brought in",0,,1,1,1,1,primary coding rule
mgc0488,wow,wows,FIC,Messiah,""" He showed me a proof sheet of a tabloid story: "" Mystery Prophet",Wows,"TV Audience, "" with a photograph of Cave taken from the telecast and another",0,,1,1,1,1,primary coding rule
mgc0489,boo,booing,FIC,Bk:HomeRunFreedom,into the dirt . Kids had n't mastered the art of,booing,"yet . Even though it just came with the territory , the",1,no recoverable verbal syntax,0,0,0,0,excluded by primary coding rule
mgc0490,boo,booed,NEWS,WashPost,"#let that bother you . "" # Jurgensen was once",booed,heartily as he walked onto Franklin Field for the Philadelphia,0,,1,1,1,0,primary coding rule
mgc0491,boo,booed,MAG,Atlantic,"#to make , nor is he more likely to be",booed,. Modesty stands much in the way . Few indeed have been,0,,1,1,1,0,primary coding rule
mgc0492,shoo,shoos,FIC,FantasySciFi,"or you 'll be stuck here for hours . "" He",shoos,"you through the door . # As you walk out , the",0,,1,1,1,1,primary coding rule
mgc0493,boo,boos,NEWS,NYT-Reg,"to present the British viewpoint regarding Ireland , hisses and",boos,from Sinn Fein adherents in the audience prevented him from,1,noun use,0,0,0,0,excluded by primary coding rule
mgc0494,boo,boos,MAG,Time,have been acknowledging the kinship when she tried to quiet the,boos,"at Carnegie Hall by shouting the Greek word for "" good """,1,noun use,0,0,0,0,excluded by primary coding rule
mgc0495,wow,wowed,MAG,Entertainment,"#Lucas recommends E.T . to Steven Spielberg , who is",wowed,"and signs him up for the lead in E.T. , replacing original",0,,1,1,0,1,primary coding rule
mgc0496,wow,wows,MAG,Prevention,"is part of this challenge. To keep things fun, Chris Freytag created four",WOWs,(workouts of the week). Download PDFs and watch Chris demo the moves,1,noun/proper-name/acronym use,0,0,0,0,excluded by primary coding rule
mgc0497,boo,booing,NEWS,Chicago,that thousands of women and girls are daily In danger of,booing,their lives in factory fire traps . Pleads to Save Lives of,0,,1,1,1,1,primary coding rule
mgc0498,shoo,shooed,FIC,Fan Fic,"this experience with her new friends . # Smiling , Tori",shooed,"them out of her store , and they made their way to",0,,1,1,1,1,primary coding rule
mgc0499,boo,booing,FIC,Play:IcarussMother,. ) BILL What a rotten guy ! ( They stop,booing,and just stare at the sky . ) FRANK He 's gone,0,,1,1,1,1,primary coding rule
mgc0500,boo,boos,MAG,Time,leer with a demonic joy reminiscent of Hieronymous Bosch . #,Boos,and Bravos . Penderecki scored the opera for an 80-voice chorus,1,noun use,0,0,0,0,excluded by primary coding rule
mgc0501,shoo,shoos,FIC,Mov:BigEasyThe,"Osborne , please . Guerra pauses at the door . Remy",shoos,"him out . REMY (continuing ) Anne , meet me for",0,,1,1,1,1,primary coding rule
mgc0502,ooh,oohing,MAG,Time,"While the small (38,494 ) Yankee Stadium crowd was still",oohing,"in amazement , Louis bounced off the ropes and went to work",0,,1,1,1,0,primary coding rule
mgc0503,shoo,shoos,NEWS,CSMonitor,(Mr. Mom ) Dragoti decides to close the set and,shoos,"everyone out. // During our interview , Hanks talked a bit about",0,,1,1,1,1,primary coding rule
mgc0504,boo,booed,MAG,NewYorker,"#the president of the National Hockey League , and cveryhodt",booed,"( hockey fans hate officials ) , and then Emile Francis ,",0,,1,1,1,0,primary coding rule
mgc0505,shoo,shooing,FIC,TrueJustice,"nougat . "" Murrow vanished . Karp looked around and made",shooing,"motions . "" Go home , people , show 's over .",1,adjectival use without recoverable verbal syntax,0,0,0,0,excluded by primary coding rule
mgc0506,boo,booed,FIC,MagnoliaStreet,"#she asked . The other followed , chanting . They",booed,"louder and longer than usual that night ; for last time ,",0,,1,1,1,0,primary coding rule
mgc0507,wow,wowed,MAG,TechReview,"#on Humanoid and Friendly Robotics . There , Waseda engineers",wowed,crowds with both Hadaly-2 and an ungainly bipedal humanoid,0,,1,1,1,1,primary coding rule
mgc0508,boo,booed,NEWS,NYT-Reg,"#Mayor 's arrival . And when he arrived , they",booed,him and began shouting slogans . Mr. Beame did not appear to,0,,1,1,1,1,primary coding rule
mgc0509,ooh,oohs,MAG,SportsIll,"C, Seat 4 of the mezzanine. "" I always got a lot of",oohs,"and ahs, "" Hadfield said, "" but I didn't get many goals",1,noun use,0,0,0,0,excluded by primary coding rule
mgc0510,boo,booing,FIC,Mov:MajorLeague,call one bit . Doyle imitates the sound of a crowd,booing,". Taylor , meanwhile , has gone out to the mound .",0,,1,1,1,0,primary coding rule
mgc0511,boo,boos,NEWS,Chicago,"war , "" they shouted in repetitious unison . Chanting and",boos,"continued when Sen. Edward Kennedy , one of their heroes , urged",1,noun use,0,0,0,0,excluded by primary coding rule
mgc0512,shoo,shooing,FIC,QuicksilverPool,"He might have said more , but his sister made a",shooing,"gesture with her hands . "" That will be enough . Off",1,adjectival use without recoverable verbal syntax,0,0,0,0,excluded by primary coding rule
mgc0513,ooh,oohed,MAG,SportsIll,14 of 22 from the Friar patch while the SEC champions,oohed,and aahed with the rest of the crowd . All season Providence,0,,1,1,1,0,primary coding rule
mgc0514,shoo,shoos,FIC,HeadOW-Hollow,""" Okay , Cackleberry , "" says Corner Stone . He",shoos,"them with his sweat-wet handkerchief . "" Hot day -- a damned",0,,1,1,1,1,primary coding rule
mgc0515,shoo,shooed,FIC,Friday,"far end of the garden with Anita , and children firmly",shooed,"away . Anita said , "" Marjorie dear "" ? I 'm",0,,1,1,1,1,primary coding rule
mgc0516,boo,booing,FIC,GoneWithWind,", said the chief . Then he heard the crowd outside",booing,", and he changed his mind . Wait a minute , he",1,no recoverable verbal syntax,0,0,0,0,excluded by primary coding rule
mgc0517,wow,wowed,MAG,Time,"#Open . In practice , Nicklaus shot a 65 ,",wowed,"spectators by reaching Royal Birkdale 's par-five , 510-yd.",0,,1,1,0,0,primary coding rule
mgc0518,boo,boos,MAG,PopSci,produces much of the tetrae : used in automotive gas to,boos,"numbers , publishes an annual of the fuel recommendations spc",1,noun use,0,0,0,0,excluded by primary coding rule
mgc0519,shoo,shooed,FIC,FantasySciFi,"gazing in aimless fascination at whatever she was doing , until",shooed,"away - she saw him on the floor , playing with Milady",0,,1,1,1,1,primary coding rule
mgc0520,boo,boos,FIC,LetterLaw,"Zeckler managed to stumble from the witness stand , amid riotous",boos,"and hisses , and tottered into the anteroom. * * * *",1,noun use,0,0,0,0,excluded by primary coding rule
mgc0521,ooh,oohing,FIC,MercedesCoffin,of gardening aficionados traipsing through his property,oohing,and aahing and congratulating Rina on a job well done . #,0,,1,1,1,0,primary coding rule
mgc0522,boo,booed,MAG,SportsIll,"#through his career . Whenever he made out , they",booed,him . I know that at Minneapolis he could hit home runs,0,,1,1,1,1,primary coding rule
mgc0523,boo,booed,MAG,Time,#night before . Mrs. Taft and the Senator had been,booed,by those awful Communists ) . But then the atmosphere changed,0,,1,1,1,1,primary coding rule
mgc0524,shoo,shooed,FIC,Analog,"he do . "" She nodded excitedly toward the apartment and",shooed,"me with a smile . "" Miro yo . "" # With",0,,1,1,1,0,primary coding rule
mgc0525,ooh,oohing,FIC,Mov:MyFavoriteYear,"start . They both begin eating the dim sum and """,oohing,""" and "" aahing . "" It 's obvious that K.C. has",0,,1,1,1,0,primary coding rule
mgc0526,shoo,shooed,FIC,WorldWithoutEnd,"wretched teats . Go on out of here . "" Gideon",shooed,her and she left the table but not the room . When,0,,1,1,1,1,primary coding rule
mgc0527,shoo,shooed,TV/MOV,"Third Finger, Left Hand",". OH , YOU DID , HUH ? YES . I-I",SHOOED,"SOME ART DEALER OUT OF HERE , AND THEN THE STEWARD TOLD",0,,1,1,1,0,primary coding rule
mgc0528,boo,boos,NEWS,NYT,time that Holmes entered the ring to a long chorus of,boos,to the moment that Cooney ' s manager jumped into the ring,1,noun use,0,0,0,0,excluded by primary coding rule
mgc0529,boo,boos,MAG,Time,. But elsewhere his plan is sure to provoke as many,boos,as cheers . Republican Bob Packwood of Oregon and Democrat,1,noun use,0,0,0,0,excluded by primary coding rule
mgc0530,wow,wowed,FIC,CerealMurders,#could n't afford to alienate her parents before I had,wowed,them with my baking . I handed an unsmiling Audrey a cheese,0,,1,1,0,1,primary coding rule
mgc0531,boo,booed,MAG,NewYorker,"#the short space of one week , a Scottish terrier",booed,by an audience and President Roosevelt criticized by Charles,0,,1,1,1,0,primary coding rule
mgc0532,shoo,shooed,FIC,Seduction,of drinking wine had pretty well done me in . Rosie,shooed,Andrew and me outside while she finished up the dishes . We,0,,1,1,1,0,primary coding rule
mgc0533,boo,booing,MAG,Time,title bout which Negro Howell King won despite the unholy,booing,of partisan spectators who thought he had overcome Chicago 's,1,noun use,0,0,0,0,excluded by primary coding rule
mgc0534,boo,boos,FIC,Ploughshares,""" # "" Boos , "" said the conductor . """,Boos,". "" # "" Bus , "" said somebody else . #",1,noun use,0,0,0,0,excluded by primary coding rule
mgc0535,wow,wowed,MAG,Time,#) musicomedy zany whose who-me ? expression and wild dancing,wowed,Broadway in 1949 's Gentlemen Prefer Blondes ; and Charles,0,,1,1,0,0,primary coding rule
mgc0536,shoo,shooing,FIC,Bk:BridgeScarletLeaves,"along with their mother . # Jo waved her hands ,",shooing,"away the tension . "" So it 's settled . We 'll",0,,1,1,1,1,primary coding rule
mgc0537,shoo,shooed,FIC,SciFI & Fantasy,pattern branched over its tiles . Reb Moulie and Coach Shep,shooed,away the pygmy swans . Ikva knelt to lay down her offerings,0,,1,1,1,1,primary coding rule
mgc0538,boo,booing,FIC,Arrangement,poets read ) . When the lecture was over and the,booing,"had ceased , we were joined by a thickset man with blue",1,noun use,0,0,0,0,excluded by primary coding rule
mgc0539,boo,booed,MAG,Time,#patiently time and again while scattered hecklers hoo ed and,booed,during his United Nations Day speech in Dallas ' Memorial,0,,1,1,1,0,primary coding rule
mgc0540,boo,booing,NF/ACAD,AmerScholar,"said he was quitting : "" He was sick of the",booing,", sick of playing in New York , and he was going",1,noun use,0,0,0,0,excluded by primary coding rule
mgc0541,boo,booed,MAG,SatEvePost,#public-speaking course ever went through worse agonies . He was,booed,"at a meeting dominated by the German-American Band and , while he",0,,1,1,1,1,primary coding rule
mgc0542,shoo,shooed,MAG,People,"my legs . This was n't his usual behavior . """,Shooed,"away , Midnight persisted . "" I heard him through the baby",0,,1,1,1,1,primary coding rule
mgc0543,boo,booed,NEWS,Chicago,"#from Ned Fritz , a Dallas attorney , who was",booed,"and hooted while speaking for the national ticket Gov . Shivers ,",0,,1,1,1,1,primary coding rule
mgc0544,ooh,oohing,TV/MOV,The Emperor's Club,"come up to the front of the classroom ? Classmates """,Oohing,", "" [Laughing] Would you mind finishing this diagram for me ?",0,,1,1,1,0,primary coding rule
mgc0545,boo,booing,NEWS,NYT-Let,"last night , which lost no opportunity ' of hissing and",booing,at every mention of the name of the President of the United,0,,1,1,1,0,primary coding rule
mgc0546,shoo,shooed,FIC,RisingTides,"he do ? "" "" Another A. "" She winked and",shooed,"Ethan away . Seth had such a sharp brain , she thought",0,,1,1,1,0,primary coding rule
mgc0547,wow,wowed,MAG,GolfMag,"#. Campbell went on Late Show with David Letterman ,",wowed,"a "" Sports Day "" audience at son Thomas 's school in",0,,1,1,1,1,primary coding rule
mgc0548,shoo,shooed,FIC,ParisRev,"for their faces , everyone else clustered around , then got",shooed,"back , then closed in again , cheering happily as a telltale",0,,1,1,1,0,primary coding rule
mgc0549,boo,boos,MAG,Time,"very eminent public servant . "" To a soft moan of",boos,"from his audience he quickly put a stop : "" I mean",1,noun use,0,0,0,0,excluded by primary coding rule
mgc0550,boo,booing,NEWS,NYT-Reg,do n't intend to push my way through a crowd of,booing,", hissing people without some kind of protection , "" he added",1,no recoverable verbal syntax,0,0,0,0,excluded by primary coding rule
mgc0551,boo,booing,TV/MOV,Bob's Burgers,": Boo ! No , no , no booing . No",booing,"mort . You know him , too . He 's one of",1,no recoverable verbal syntax,0,0,0,0,excluded by primary coding rule
mgc0552,boo,booing,MAG,SportsIll,team in the new Busch Stadium in 2006 -- not raucous,booing,"perhaps but , as Fred Hanser , part of the ownership group",1,no recoverable verbal syntax,0,0,0,0,excluded by primary coding rule
mgc0553,boo,boos,NEWS,NYT-Reg,". "" ' From the glittering audience undignified whistles ,",boos,and catcalls rose . In the galleries fans and foes of Miss,1,noun use,0,0,0,0,excluded by primary coding rule
mgc0554,boo,booed,NEWS,Chicago,#just two runs on four hits -- and the crowd,booed,loudly . # The first pitch to Theriot was inside and the,0,,1,1,1,0,primary coding rule
mgc0555,shoo,shooed,FIC,Highlights (1),""" AwWw , "" whined the seven kids . Mom",shooed,them out . Aunt Brenda followed to make sure they found the,0,,1,1,1,1,primary coding rule
mgc0556,boo,booed,MAG,Time,"#was struck by the audience , a section of which",booed,when a telegram was read . . . signed by General Hugh,0,,1,1,1,0,primary coding rule
mgc0557,shoo,shooing,FIC,FantasySciFi,should . There was nothing left to do . With a,shooing,"motion she sent them out , and went to watch from behind",1,adjectival use without recoverable verbal syntax,0,0,0,0,excluded by primary coding rule
mgc0558,shoo,shoos,FIC,Play:Pirate,"She picks it up , covers his face with it --",shoos,away a humming fly that wants to settle on his nose .,0,,1,1,1,1,primary coding rule
mgc0559,wow,wowed,TV/MOV,Cagney & Lacey,"#build a nuclear bomb . Oh , that 's what",wowed,"me . It was just after the time of Molotov cocktails ,",0,,1,1,0,1,primary coding rule
mgc0560,boo,booed,MAG,Entertainment,#members ' lower extremities . Its Grand Jury Prize was,booed,"by some at the Palais , while Jury members looked on in",0,,1,1,1,1,primary coding rule
mgc0561,boo,boos,NEWS,Atlanta,an announcement that was greeted by applause and a smattering of,boos,from the 700 attendees as the day began . Trump later tried,1,noun use,0,0,0,0,excluded by primary coding rule
mgc0562,wow,wows,MAG,SouthernLiv,"tumblers helps create a more interesting, textural setting. # 2 Choose furniture that",wows,". "" Think of your space as an indoor dining room, and look for",1,noun or non-verbal use,0,0,0,0,excluded by primary coding rule
mgc0563,boo,booed,NEWS,Chicago,#a soft water service convention were startled when they were,booed,"as they entered the hotel . "" I guess they do n't",0,,1,1,1,1,primary coding rule
mgc0564,boo,boos,NEWS,NYT-Reg,the Fusion ticket . Mitchel 's letter was greeted with mingled,boos,and cheers . James A. Allen denounced both Prendergast and for,1,noun use,0,0,0,0,excluded by primary coding rule
mgc0565,boo,boos,NEWS,NYT-Reg,for the president and its readiness to expel his foes .,Boos,"and catcalls greeted each appearance of , the three top",1,noun use,0,0,0,0,excluded by primary coding rule
mgc0566,boo,booed,MAG,Vanity Fair,"#, spectacular attack of a movie that wants to be",booed,", but that does n't mean we should be swift to do",0,,1,1,1,0,primary coding rule
mgc0567,boo,booing,NEWS,WashPost,"called "" a huge bitter disappointment "" before a stunned and",booing,"crowd of 88,550 at FedEx Field , the Redskins must do the",1,no recoverable verbal syntax,0,0,0,0,excluded by primary coding rule
mgc0568,boo,boos,NEWS,USAToday,", all are demolished except a Volvo 240 . The crowd",boos,". "" Apparently not everyone appreciates the strength of a Volvo ,",0,,1,1,1,0,primary coding rule
mgc0569,boo,booing,MAG,GolfMag,days . # BEST COMEBACK WIN # They 're definitely not,booing,. Fan-favorite Boo Weekley won for the first time in five years,1,no recoverable verbal syntax,0,0,0,0,excluded by primary coding rule
mgc0570,shoo,shooed,FIC,Bk:RaptureBecomes,the water bottles snuggled up against his sides . Mrs. Gilbert,shooed,"Jeb from the room and after taking one last look around ,",0,,1,1,1,0,primary coding rule
mgc0571,wow,wowed,FIC,SickFriends,"#tough , compassionate exterior , litworld succes d'estime , I",wowed,"them in the early stages , duck soup to seem what they",0,,1,1,0,1,primary coding rule
mgc0572,shoo,shooing,FIC,Ploughshares,", the displeasure on his drug-slackened lips , his gesture",shooing,us both out of the room . The nun 's long fingers,0,,1,1,1,1,primary coding rule
mgc0573,boo,booing,FIC,Convert,to their fyces ! Haw ! haw ! ' Roars and,booing,"filled the air . ' We know , for many of us",1,noun use,0,0,0,0,excluded by primary coding rule
mgc0574,ooh,oohing,FIC,SplitHeirs,"and white gowns . They listened wide-eyed to his stories ,",oohing,and aahing over the hero of Fort Ticonderoga and Saratoga . The,0,,1,1,1,1,primary coding rule
mgc0575,shoo,shooed,FIC,MoreFables,the Dressing Room they Stuck there until they had to be,Shooed,"out . They did not know what they were going against ,",0,,1,1,1,1,primary coding rule
mgc0576,shoo,shooed,FIC,SouthernRev,"gazed at him in awe , for their own parents always",shooed,"them away when they told their dreams , and never talked about",0,,1,1,1,1,primary coding rule
mgc0577,wow,wowed,MAG,AmSpect,"#"" This fact-free technique , used often by Rousseau ,",wowed,the literati of Europe circa 1750 and made him the toast of,0,,1,1,0,1,primary coding rule
mgc0578,shoo,shooing,FIC,FantasySciFi,the two of them . Phidrik motioned at Ridimon as if,shooing,him away . Ridimon hopped down from the skiff onto semi-solid,0,,1,1,1,1,primary coding rule
mgc0579,boo,boos,FIC,Mov:RagingBull,"count of nine , ending the match . -- 5 --",Boos,and cheers . The BETTORS scramble back to the BOOKIE to get,1,noun use,0,0,0,0,excluded by primary coding rule
mgc0580,shoo,shooing,FIC,FantasySciFi,". # "" Chop-chop , kids , "" he whispered ,",shooing,"with his gun hand , his finger still meticulously across the",0,,1,1,1,0,primary coding rule
mgc0581,boo,booed,NEWS,WashPost,#San Francisco 49ers at RFK Stadium . They 'd been,booed,by their fans and 49ers Coach Bill Walsh had walked over to,0,,1,1,1,1,primary coding rule
mgc0582,boo,booed,NEWS,Boston,#didn ' t take long . Some San Diego fans,booed,Garry Templeton in the Padres ' second game when he sidesaddled a,0,,1,1,1,0,primary coding rule
mgc0583,shoo,shooing,FIC,RoadManyWonder,""" and wiggling around . Millie shooed them off without",shooing,off Mr. Blue ( how she 'd charmed him I 'll never,0,,1,1,1,1,primary coding rule
mgc0584,shoo,shooing,FIC,Bk:AbsolutelyPositively,"all . "" # "" Something , "" Suz said ,",shooing,"Dovie from her desk chair . "" You look great . """,0,,1,1,1,0,primary coding rule
mgc0585,shoo,shooing,FIC,QueenGene,"gate ? "" "" Who knows ? "" Anjoli said ,",shooing,"with her hand . "" Who pays attention to that sort of",0,,1,1,1,0,primary coding rule
mgc0586,shoo,shooing,FIC,Bk:TalentVanessa,"in the candy aisle . Marv gestured with the handset ,",shooing,her out . She lifted her glossy pink purse and stood .,0,,1,1,1,1,primary coding rule
mgc0587,wow,wowed,NEWS,WashPost,#the polite and well-mannered young man . # He was,wowed,by the physical prowess and countless athletic attributes,0,,1,1,0,1,primary coding rule
mgc0588,wow,wows,FIC,Harpers,"girls. Quiet and windy cold driving, chilly vineyards around and Chay's muffled",wows,". Could he look? Yes: Jack with a finger in Chay, whole",1,noun/proper-name/acronym use,0,0,0,0,excluded by primary coding rule
mgc0589,boo,boos,MAG,SportsIll,huddle and heard what were believed to be the first concerted,boos,ever directed toward a home player in Memorial Stadium 's,1,noun use,0,0,0,0,excluded by primary coding rule
mgc0590,boo,booed,FIC,BangDrumSlowly,"#and I went down and warmed , and the crowd",booed,"me on the way down , and I raised my arm at",0,,1,1,1,0,primary coding rule
mgc0591,boo,boos,NEWS,NYT-Reg,voting place one of the ballots is torn out of the,boos,", the voter 's name being placed on the stub which remain",1,proper-name/metalinguistic/non-target use,0,0,0,0,excluded by primary coding rule
mgc0592,shoo,shooing,FIC,Play:WildernessRoad,EXOM begins ringing his bell loudly again . JULIE MAE starts,shooing,the people off toward the waiting supper . JULIE MAE SIMS Get,0,,1,1,1,1,primary coding rule
mgc0593,boo,booing,TV/MOV,Batman: The Animated...,does n't need Batman . Me too . [ENGLISH] 6233480 (,booing,") You know , Mr . Feeny , just between you and",1,no recoverable verbal syntax,0,0,0,0,excluded by primary coding rule
mgc0594,ooh,oohed,MAG,NewRepublic,". Such precious evidence , said Toland ; and the audience",oohed,and aahed as he said that he had saved it from destruction,0,,1,1,1,0,primary coding rule
mgc0595,boo,boos,FIC,HeavenHell,"dark , from behind . "" A tumult of oaths and",boos,"greeted that . Johnson roared over it , his temper irrevocably",1,noun use,0,0,0,0,excluded by primary coding rule
mgc0596,boo,booing,FIC,BangDrumSlowly,"over the fence , and I said , "" What you",booing,"at ? "" and he threw his hands up in front of",0,,1,1,1,0,primary coding rule
mgc0597,boo,booing,NEWS,WashPost,"against Dallas . "" It was so bad my teammates were",booing,"me when I came into the huddle , "" he said .",0,,1,1,1,1,primary coding rule
mgc0598,boo,booing,TV/MOV,Miami Vice,: We do n't have that in our country . (,booing,) Now what 's strange is that in the time since Iran,1,no recoverable verbal syntax,0,0,0,0,excluded by primary coding rule
mgc0599,boo,boos,MAG,Time,face behind her arm in chagrin . A sour chorus of,boos,"accompanied her exit . Suddenly , in the middle of the act",1,noun use,0,0,0,0,excluded by primary coding rule
mgc0600,boo,boos,FIC,DeepRiver,a burnin ' barn . . . There were a few,boos,", but none that could not be drowned out by stamping feet",1,noun use,0,0,0,0,excluded by primary coding rule
mgc0601,boo,booed,MAG,Harpers,#raccoon in a garbage can . The crowd laughed and,booed,", and people tried out new noises . The gyroscope was now",0,,1,1,1,0,primary coding rule
mgc0602,boo,booing,MAG,SportsIll,had a little difficulty making myself heard . The orchestra kept,booing,"me . They were Giant fans . "" // MacPhail chuckled and",0,,1,1,1,0,primary coding rule
mgc0603,wow,wowed,TV/MOV,In the Gloaming,#'m sure he would have . And you would have,wowed,"him . And Grandpa would have charmed the pants off him ,",0,,1,1,0,1,primary coding rule
mgc0604,ooh,oohs,FIC,Play:WarriorAnt,", poemsThe forms such as they areHear them perform In the heart are the formsThe",oohs,and the aahsThey are the percussionsIn concert through the realmSecret expressions Such as thou art,1,noun use,0,0,0,0,excluded by primary coding rule
mgc0605,shoo,shooing,FIC,XXXYYY,"noise . Behind them a chunky , bright-looking young Indian came",shooing,and waving his arms . Esteban let the birds pass . The,0,,1,1,1,0,primary coding rule
mgc0606,ooh,oohs,FIC,Play:LouisianaCavalier,nods. He hands the package to Manuela who takes out a brilliant shawl.,Oohs,and ahs break from the girls as they crowd up to see.) ST,1,noun use,0,0,0,0,excluded by primary coding rule
mgc0607,shoo,shoos,FIC,Play:MyBlueHeaven,OUT ! OUT ! OUT ! ( Goat noise as MOLLY,shoos,"it out . ) DEAR GOD , DELIVER ME ! (MOLLY",0,,1,1,1,0,primary coding rule
mgc0608,boo,booed,TV/MOV,Married with Children,"#and setting pudding traps , should she awaken we officially",booed,"the baby and began the meeting . Dad , my Daddy once",0,,1,1,1,1,primary coding rule
mgc0609,wow,wowing,FIC,Ploughshares,#a grin . # I spent most of the day,wowing,"my teachers . Ordinarily , I 'd have kept my mouth shut",0,,1,1,1,0,primary coding rule
mgc0610,shoo,shooed,FIC,ShatteredSilk,. She was vaguely aware of voices and movement as Cheryl,shooed,"the men out of the room , and she half-heard Cheryl 's",0,,1,1,1,1,primary coding rule
mgc0611,boo,boos,MAG,SportingNews,"to embrace a player like that , and Walker still hears",boos,in Boston when he is having a bad game . FleetCenter fans,1,noun use,0,0,0,0,excluded by primary coding rule
mgc0612,boo,booed,NEWS,WallStJrnl,#speech to a hospital staff . He says he was,booed,off a stage by the University of Miami Medical School after being,0,,1,1,1,1,primary coding rule
mgc0613,shoo,shooing,MAG,Time,Kong 's greedy haste to make friends with Mao . #,Shooing,Away . The Nationalists reacted quickly . Before Britain,0,,1,1,1,1,primary coding rule
mgc0614,wow,wowed,MAG,Time,"#his months-long tour ; in April , below , he",wowed,the crowd in Montreal .,0,,1,1,1,1,primary coding rule
mgc0615,boo,boos,MAG,ESPN,say . # What ensued Friday night was a mixture of,boos,", cheers and general awkwardness expected to last the duration",1,noun use,0,0,0,0,excluded by primary coding rule
mgc0616,shoo,shooed,FIC,FineLine,"to the adult gunmen of the Irish Republican Army , who",shooed,"him away from their ranks on the grounds of his age ,",0,,1,1,1,1,primary coding rule
mgc0617,boo,boos,MAG,SportsIll,"30 , when he stuffed his ears to block out the",boos,he was getting after hitting .145 in his first 21 home games,1,noun use,0,0,0,0,excluded by primary coding rule
mgc0618,boo,boos,NEWS,Chicago,the United Nations interrupted a speech by Adlai Stevenson with,boos,tonight and spat in his face when he left Dallas Memorial,1,noun use,0,0,0,0,excluded by primary coding rule
mgc0619,boo,booing,FIC,Mov:SinginInRain,DON 'S VOICEAudiences everywhere adored us. 51A MCS - Audience,booing,"- several hold their noses - DON 'S VOICEFinally , we decided",0,,1,1,1,0,primary coding rule
mgc0620,boo,booed,MAG,Time,"#the night at the famed International Sporting Club , openly",booed,and hissed the bridal pair when they at last appeared . #,0,,1,1,1,1,primary coding rule
mgc0621,boo,booed,MAG,Time,#them this kind of attack was familiar . House Republicans,booed,the charge of fraud . The President took a deep dig at,0,,1,1,1,1,primary coding rule
mgc0622,boo,booed,NEWS,NYT-Reg,"#operators . Thomas Horn of Locustdale , Pa. , was",booed,"when he said he opposed the check-off , President , ' C.",0,,1,1,1,1,primary coding rule
mgc0623,boo,boos,NEWS,Chicago Tribune,"as Trump called Sanford "" nasty , "" which prompted some",boos,", the people said . # Earlier Tuesday , a defiant Trump",1,noun use,0,0,0,0,excluded by primary coding rule
mgc0624,shoo,shooing,FIC,Mov:BritishIntelligence,a scraggly mustache and a heavy Cockney accent . MILKMAN (,shooing,"off the kids ) Ere , now ! Ere now ! You",0,,1,1,1,1,primary coding rule
mgc0625,boo,boos,MAG,Nation,"version "" of "" Maggie 's Farm , "" there were",boos,", a cry of "" Bring back Cousin Emmy ! "" -",1,noun use,0,0,0,0,excluded by primary coding rule
mgc0626,boo,booed,FIC,GreatAmericanNovel,#outs back in Asia -- ? How come the fans,booed,and hooted when he came to the plate -- when they used,0,,1,1,1,0,primary coding rule
mgc0627,shoo,shooed,FIC,Bk:DinosaurHunter,was n't a thing I could do about it . I,shooed,"the cats off my bunk and climbed under the covers , intent",0,,1,1,1,1,primary coding rule
mgc0628,shoo,shooed,FIC,PeggyStewartAt,"! "" and with the command of a general Mrs. Harold",shooed,"her brood out into the corridor , where overcoats and caps hung",0,,1,1,1,1,primary coding rule
mgc0629,boo,booing,FIC,yyy,"replaced with quite a number of jeers , whistles , and",booing,". Emma looked at me in amazement . "" They have turned",1,no recoverable verbal syntax,0,0,0,0,excluded by primary coding rule
mgc0630,wow,wowed,MAG,Ms,"#leapt . (Yes , leapt-I am still a teenager",wowed,"by rock stars . ) I expected an original , insightful article",0,,1,1,0,0,primary coding rule
mgc0631,boo,booed,FIC,BangDrumSlowly,"#not hit a home run , and then they actually",booed,Sid himself in the seventh when he reached across the plate and,0,,1,1,1,0,primary coding rule
mgc0632,boo,boos,MAG,Time,"Street Station , some 300 of them swung into action with",boos,", jeers and taunting placards ("" Taft 's G.O.P. is not",1,noun use,0,0,0,0,excluded by primary coding rule
mgc0633,boo,boos,MAG,SportsIll,// There are two sure signs that Murphy has arrived .,Boos,"now greet him on the road , although they are more respectful",1,noun use,0,0,0,0,excluded by primary coding rule
mgc0634,boo,boos,FIC,Ploughshares,"conductor . "" What 's going on ? "" # """,Boos,", "" said the conductor . "" Boos . "" # """,1,noun use,0,0,0,0,excluded by primary coding rule
mgc0635,wow,wows,FIC,Harpers,"room they must be in command, no grooving on color and form, no",wows,"from them, but precision, and only after can they let filter up the",1,noun/proper-name/acronym use,0,0,0,0,excluded by primary coding rule
mgc0636,boo,booing,MAG,Time,"crowd was indignant , stormed about the ringside , hooting ,",booing,". # The last fall was quickly decided . Lewis appeared ,",1,no recoverable verbal syntax,0,0,0,0,excluded by primary coding rule
mgc0637,boo,boos,MAG,Time,". "" He smiled and raised a defiant fist . More",boos,", more hoots . Somebody spat at him . PALME D'OR SCANDALE",1,noun use,0,0,0,0,excluded by primary coding rule
mgc0638,shoo,shooed,FIC,DawnsEarlyLight,"her hoop , Aunt Anabel turned her back on Julian and",shooed,"her charges towards the cloakroom . Of course , if he had",0,,1,1,1,1,primary coding rule
mgc0639,shoo,shooed,FIC,FantasySciFi,"trotting up , eager to smell the stranger , till Susan",shooed,him into the kitchen . She then led the Wattesoon out into,0,,1,1,1,1,primary coding rule
mgc0640,ooh,oohing,MAG,Atlantic,harbor . The customs inspection is thorough . They are !,oohing,for money being smuggled out of the country . Bill no one,1,OCR/adjectival/unclear use,0,0,0,0,excluded by primary coding rule
mgc0641,shoo,shoos,NEWS,NYT-Reg,and his skull fractured . BOY DIES SAVING A DOG .,Shoos,"Neighborhood Pet Off Track , but Trips and Is Run Over Himself",0,,1,1,1,1,primary coding rule
mgc0642,shoo,shooed,FIC,After,""" When she learns how to spell . "" Miss A",shooed,"her from the room . As she went into the hall ,",0,,1,1,1,1,primary coding rule
mgc0643,shoo,shooing,FIC,MadeleineIsSleeping,"groin . Go away ! he exclaimed , like a woman",shooing,hens . Go away this instant ! Charlotte hurriedly shut the door,0,,1,1,1,0,primary coding rule
mgc0644,boo,booed,MAG,Time,"#was speaking against its policy publicly , though hissed and",booed,". Dawn , the organ of the Moslem League , which represents",0,,1,1,1,0,primary coding rule
mgc0645,boo,booed,NEWS,Chicago,"#reinstatement until February . . . . Chuck Person ,",booed,"by Indiana Pacer fans when he was drafted , has been named",0,,1,1,1,0,primary coding rule
mgc0646,shoo,shooed,FIC,ListeningHouse,before I went into that . As politely as possible I,shooed,Mrs Halloran into the parlor to tell her triumphs to Mrs Tewman,0,,1,1,1,0,primary coding rule
mgc0647,shoo,shooed,FIC,GraceHarlowesOverland,"you finish this journey . "" Joe took a broom and",shooed,Henry out into the yard . A scream out there followed almost,0,,1,1,1,0,primary coding rule
mgc0648,wow,wowed,NEWS,WashPost,"#a $ 2,000 check to the Glendening campaign after being",wowed,by the county government 's efforts to expedite his consulting,0,,1,1,0,1,primary coding rule
mgc0649,shoo,shooed,FIC,ChimesAlyafaleyn,"go find Meynoc . "" "" But Pappa ? "" Hwyllum",shooed,"him away . At the corner of the house , Tamborel paused",0,,1,1,1,1,primary coding rule
mgc0650,boo,boos,NEWS,NYT-Reg,"his limousine he got an ovation , with a few shrill",boos,"mixed in , from a crowd estimated at , 11,000 persons by",1,noun use,0,0,0,0,excluded by primary coding rule
mgc0651,wow,wowed,NEWS,USA TODAY,"#Four was bittersweet . The 6-foot-7 , 285-pound freshman who",wowed,college basketball fans all season long was honored with two,0,,1,1,1,0,primary coding rule
mgc0652,shoo,shooing,FIC,Fan Fic,". # "" My witty boys , "" Susannah laughed ,",shooing,them away from her chair so she could begin to turn herself,0,,1,1,1,1,primary coding rule
mgc0653,shoo,shoos,MAG,Time,"When Hlene wanders to the kitchen for companionship , the maid",shoos,"her out , tells her : "" Masters are masters and servants",0,,1,1,1,1,primary coding rule
mgc0654,wow,wowed,MAG,SportsIll,#about short-track came to Salt Lake City ready to be,wowed,". "" People already think these are Apolo 's Olympics , """,0,,1,1,1,0,primary coding rule
mgc0655,boo,booing,FIC,PartisanLeader,", convinced him that more was to be got by """,booing,", "" and resolute subserviency and flattery of the great , than",1,no recoverable verbal syntax,0,0,0,0,excluded by primary coding rule
mgc0656,boo,booed,MAG,Time,"#arrests during the distribution of prizes , police were roundly",booed,"by Chicago cinema audiences . In one theatre , the winner of",0,,1,1,1,0,primary coding rule
mgc0657,boo,booed,NEWS,NYT-Reg,"#passage , members on the Republican side of the aisle",booed,. Laughter broke out from the same quarter as the President,0,,1,1,1,1,primary coding rule
mgc0658,boo,boos,MAG,SportsIll,Pro Pancho Segura announced himself in favor of both cheers and,boos,from the grandstand . And it may be noted in summation that,1,noun use,0,0,0,0,excluded by primary coding rule
mgc0659,boo,booed,NEWS,NYT-Reg,"#a park in Flushing , two dozen women and children",booed,"him , and chanted : "" We want Marchi . Get out",0,,1,1,1,1,primary coding rule
mgc0660,boo,booed,MAG,Time,#against American Smelting and has consequently been,booed,"by workers fearful of the plant 's shutting down , is going",0,,1,1,1,1,primary coding rule
mgc0661,wow,wowing,FIC,Mov:Brick,#show it . # 76 # # PIN # Pow,wowing,? # # BRENDAN # Just shooting the shat . # #,1,non-target compound,0,0,0,0,excluded by primary coding rule
mgc0662,shoo,shooed,FIC,The Antioch Review,"tokens , later rearranging them with his eyes closed . He",shooed,"the dog ( whom he had tolerated until now , even though",0,,1,1,1,1,primary coding rule
mgc0663,ooh,oohs,MAG,SportsIllustrated,", even when the base runner wouldn't dream of advancing. It always draws",oohs,and ahs from the crowd. Clemente also has a habit of swinging wildly at,1,noun use,0,0,0,0,excluded by primary coding rule
mgc0664,boo,booed,FIC,LoveFeast,#rekindled as karmic concoction passed around . Dean Borden,booed,when he refuses . Booing billows as proctors follow Dean 's lead,0,,1,1,1,0,primary coding rule
mgc0665,shoo,shooed,NEWS,NYT,"at last , Wickham swatted at the crumbling paper . Eliza",shooed,him away and then stared in surprise at the liner . For,0,,1,1,1,1,primary coding rule
mgc0666,shoo,shooed,FIC,PassionPlay,"in their direction . Fanny quickly moved toward Dubin , who",shooed,"the animal away . "" At first I thought it was a",0,,1,1,1,1,primary coding rule
mgc0667,wow,wowed,MAG,Cosmopolitan,#of the biggest years of their professional lives and has,wowed,us with his achievements . Listen in as they bravely divulge the,0,,1,1,0,1,primary coding rule
mgc0668,boo,boos,NEWS,NYT,chill of the day . They mustered one last wave of,boos,"as the Giants trudged toward their locker room , a place that",1,noun use,0,0,0,0,excluded by primary coding rule
mgc0669,boo,booing,NEWS,NYT-Reg,"spotlights playing upon them , most delegates cheering and some",booing,", they marched triumphantly from the balcony toward their share",1,no recoverable verbal syntax,0,0,0,0,excluded by primary coding rule
mgc0670,boo,boos,FIC,Mov:RagingBull,66 -- JAKE steps into the ring to both cheers and,boos,( many still remember the Fox fight ) . JAKE raises his,1,noun use,0,0,0,0,excluded by primary coding rule
mgc0671,boo,booing,FIC,BangDrumSlowly,"was this tremendous ovation , cheering from the Mammoth fans and",booing,"from Brooklyn , for they always hated Red in Brooklyn , and",0,,1,1,1,0,primary coding rule
mgc0672,boo,booing,MAG,Harpers,"the scrubwomen , came to thewindows and hollered down to the",booing,Bohunks . But the Bohunks did n't hear what they said ;,1,noun use,0,0,0,0,excluded by primary coding rule
mgc0673,shoo,shooed,FIC,VoiceInWilderness,mistake into the outermost courts of heaven and ought to get,shooed,out . He always looked at the rose-wreathed curtains with a,0,,1,1,1,1,primary coding rule
mgc0674,boo,booed,MAG,Nation,"#Graham crusade here in May , he was picketed and",booed,", and a number of students and several faculty members were",0,,1,1,1,0,primary coding rule
mgc0675,boo,boos,FIC,Play:BoyTimesMan,I 'm going to give him and the other little jig-a,boos,an old fashioned professional butt beatin ' . BRENDA You better,1,noun use,0,0,0,0,excluded by primary coding rule
mgc0676,boo,boos,MAG,ESPN,"But strangely , the majority of the spectators drowned out the",boos,with applause every time Davis made a play . And that occurred,1,noun use,0,0,0,0,excluded by primary coding rule
mgc0677,boo,booed,MAG,SportsIll (1),#and I have never seen a white guy get,booed,"in the Stadium , "" he said after the game , apparently",0,,1,1,1,0,primary coding rule
mgc0678,shoo,shooing,FIC,GoodeysLastStand,a retired hubcap thief in an oversized doorman 's coat was,shooing,black kids away from the display pictures out front . Tina 's,0,,1,1,1,0,primary coding rule
mgc0679,shoo,shooed,TV/MOV,Daktari,"saying , "" Sure , sure , Hedley "" - and",shooed,"me out of the lab . - Oh , wait a minute",0,,1,1,1,0,primary coding rule
mgc0680,shoo,shooing,FIC,VisiblesNovel,""" Go on , "" my father said , making a",shooing,"motion with his hands . # When we reached the roof ,",1,adjectival use without recoverable verbal syntax,0,0,0,0,excluded by primary coding rule
mgc0681,shoo,shooed,FIC,Thirst,on a rolling scroll the humidity behind the glass . Nula,shooed,her away from it . The two girls began to jog toward,0,,1,1,1,1,primary coding rule
mgc0682,shoo,shooing,FIC,SouthernRev,the premature baby who had weighed eight pounds . She was,shooing,"some grandkids now . # "" What I remember , Tate ,",0,,1,1,1,0,primary coding rule
mgc0683,ooh,oohing,MAG,Harpers,"you think of birdwatching , you think of little old ladies",oohing,and aahing over a Vermilion Flycatcher . I do n't have anything,0,,1,1,1,1,primary coding rule
mgc0684,boo,booed,FIC,Play:TwoMarriages,"#important . SERGEI DIAGHELIFF The public , the paying public",booed,it . VASLAV NIJINSKY It 's new . It was not understood,0,,1,1,1,0,primary coding rule
mgc0685,ooh,oohed,FIC,Communities,"he 's mine . "" Ten years earlier her women friends",oohed,"and aahed over her boy-toy , Darren , 26 to her 36",0,,1,1,1,1,primary coding rule
mgc0686,shoo,shooed,FIC,Harpers,did have tea and some pudding . As Clare spoke he,shooed,"the cat from the parlor sofa and picked up a doll ,",0,,1,1,1,1,primary coding rule
mgc0687,boo,booed,NEWS,Chicago,#Bears all those years and the Packers fans had always,booed,"me relentlessly , I was surprised at the welcome I got .",0,,1,1,1,1,primary coding rule
mgc0688,boo,boos,MAG,Time,leaders to adopt reforms . His candor was greeted with,boos,", jeers and catcalls . # "" I want to help you",1,noun use,0,0,0,0,excluded by primary coding rule
mgc0689,shoo,shooing,FIC,SummerPlace,"parked by Mr. Caulfield 's office , and a master was",shooing,the boys away from that part of the quadrangle . John headed,0,,1,1,1,1,primary coding rule
mgc0690,shoo,shooing,FIC,MaidasLittleShop,", "" Dicky explained . He gathered up the dresses and",shooing,"Betsy ahead of him , followed her into the yard . """,0,,1,1,1,0,primary coding rule
mgc0691,boo,booing,MAG,NewRepublic,the losers . Again we are wrong if we think the,booing,"of Rockefeller , the open contempt for the Negro delegates , were",1,noun use,0,0,0,0,excluded by primary coding rule
mgc0692,boo,boos,FIC,Yearling,and rushed him to the door amid cheers and stomps and,boos,. When the three had returned to their seats old Charley Stet,1,noun use,0,0,0,0,excluded by primary coding rule
mgc0693,shoo,shooed,FIC,Bk:TerrorTaffeta,now that he was devoid of anyone to ush . I,shooed,"him down the aisle as I mouthed , "" Go ! Go",0,,1,1,1,1,primary coding rule
mgc0694,boo,booed,FIC,BookFate,"#came for a NASCAR race , members of the crowd",booed,". In 2004 , when President Bush arrived with legendary driver",0,,1,1,1,0,primary coding rule
mgc0695,boo,booed,MAG,Time,#mention Soviet missiles at this week 's rally was loudly,booed,", then voted down . A motion calling for a "" nonviolent",0,,1,1,1,0,primary coding rule
mgc0696,shoo,shooed,NEWS,Chicago,Mr. Bible and the policemen opened a lot of windows and,shooed,the frantic bird into the great outdoors . The police squad went,0,,1,1,1,1,primary coding rule
mgc0697,boo,booed,FIC,ReturnParadise,"#, the English were razzed worse than the Giants are",booed,in Brooklyn . Books were written and there was some talk of,0,,1,1,1,1,primary coding rule
mgc0698,wow,wowing,MAG,SatEvePost,"#Lucy is doing her thing again , and she is",wowing,them today just as she always has . There is an au,0,,1,1,0,1,primary coding rule
mgc0699,boo,booing,FIC,BangDrumSlowly,"looked around , but I could not tell what they were",booing,at . It was quite crazy . I telephoned back to the,0,,1,1,1,1,primary coding rule
mgc0700,boo,booing,FIC,Mov:SetUpThe,in a sling . They fall in a clinch . The,booing,and stamping increases . PAN TO Stoker 's corner . Red is,1,noun use,0,0,0,0,excluded by primary coding rule
mgc0701,wow,wowed,NEWS,SanFran,"#(Food Lovers Network ) . Charles Solomon , who",wowed,"folks with his refined food at Geordy 's , opened the Heights",0,,1,1,0,0,primary coding rule
mgc0702,boo,boos,MAG,Vanity Fair,"movie , the real hell is other people . As lusty",boos,bounced off the walls of the Venice press screening theater,1,noun use,0,0,0,0,excluded by primary coding rule
mgc0703,boo,boos,MAG,Sports Illustrated,cadre of Pittsburgh fans that showered San Jose 's bus with,boos,at the team hotel two days earlier had been received with,1,noun use,0,0,0,0,excluded by primary coding rule
mgc0704,shoo,shooed,FIC,ICanGetItYouWholesale,"said , raising his voice . "" Shoo ! "" They",shooed,". "" What 's up ? "" he said . "" I",0,,1,1,1,0,primary coding rule
mgc0705,boo,boos,FIC,UnderEyeStorm,"another station , and at the cutting off of the music",boos,and groans came down the steps from the others . It was,1,noun use,0,0,0,0,excluded by primary coding rule
mgc0706,shoo,shoos,FIC,KenyonRev,migrate to the motorhome with their laptops and binders . Bill,shoos,"them back to the dusty house , saying , "" Let 's",0,,1,1,1,1,primary coding rule
mgc0707,boo,boos,NEWS,NYT,Giants ' defense was shoved out of the way . #,Boos,"were the least of worries for the Giants , who fell to",1,noun use,0,0,0,0,excluded by primary coding rule
mgc0708,shoo,shooing,FIC,Fan Fic,"seeing that I was trying to keep myself together , already",shooing,"Chubs towards the exit . "" We 'll close the door on",0,,1,1,1,0,primary coding rule
mgc0709,wow,wows,FIC,Analog,"Like time-lapse video of something being dissolved running backward. "" # "" It still",wows,me to see it. This kind of work doesn't really give me any,0,,1,1,0,1,primary coding rule
mgc0710,ooh,oohing,FIC,ParableAboutKing,"Main Street , they reached a crowd of people who were",oohing,and ahhing over something . The children shoved and pushed their,0,,1,1,1,1,primary coding rule
mgc0711,boo,booing,MAG,NewYorker,the Colonial 's was the gallery which had the distinction of,booing,"from its stage the great Yvette Guilbert , then , ten years",0,,1,1,1,0,primary coding rule
mgc0712,wow,wowed,NEWS,Chicago,"#quartet of Bears who participated in the clinic , was",wowed,". # "" Geez , "" he said . "" I think",0,,1,1,0,1,primary coding rule
mgc0713,boo,boos,FIC,Ploughshares,champagne as a forty-five of the Kingston Trio came on to,boos,"and hisses . "" In our house . It was a man",1,noun use,0,0,0,0,excluded by primary coding rule
mgc0714,boo,boos,MAG,Time,orator on the platform . At will the plump priest changed,boos,"for the "" prostituted press "" to resounding cheers for assembled",1,noun use,0,0,0,0,excluded by primary coding rule
mgc0715,shoo,shoos,FIC,Commentary,"bird 's eggs . As the Torah commands , the boy",shoos,"the mother bird . "" If , along the road , you",0,,1,1,1,1,primary coding rule
mgc0716,boo,boos,MAG,Time,to rise . The cheer turned to silence and then to,boos,"as the stock , like a plane that has suddenly stalled ,",1,noun use,0,0,0,0,excluded by primary coding rule
mgc0717,boo,booed,MAG,Time,#. But the audiences that cheered and wept over Cavalleria,booed,and hissed its pedantic successors . # Tribute Applause . The,0,,1,1,1,0,primary coding rule
mgc0718,boo,booing,NF/ACAD,TasteAmerica,"boos broke from the floor , to be lost in louder",booing,"from the galleries . But when Wallace sounded his "" busin """,0,,1,1,1,0,primary coding rule
mgc0719,wow,wowed,MAG,Time,"# 323997 Champignon and all , Mitterrand is",wowed,"by the U.S. # Behind his back , some of his entourage",0,,1,1,0,1,primary coding rule
mgc0720,shoo,shoos,NF/ACAD,Poetry,# I try to shout more questions as a coast guard,shoos,our gnat of a white boat away . Pino complies . I,1,unclear or non-verbal use,0,0,0,0,excluded by primary coding rule
mgc0721,boo,booed,MAG,Time,#new material ; others (the true believers ) have,booed,it . But all cheer when the Millennium Falcon zaps into,0,,1,1,1,0,primary coding rule
mgc0722,boo,booing,FIC,MagnoliaStreet,sweeties the pockets of Nellie Tawnie . Mr. Emmanuel heard the,booing,as he cone in late from his distant excursion in aid of,1,noun use,0,0,0,0,excluded by primary coding rule
mgc0723,ooh,oohs,FIC,Play:CrossSword,"if he were the source of this light. The Indian children give out """,oohs,""" and "" ahs "" at the sight. During a gap in the music",1,noun use,0,0,0,0,excluded by primary coding rule
mgc0724,shoo,shooing,MAG,OutdoorLife,"comes with an improved cylinder tube , which is fine for",shooing,"slugs , and other choke tubes are available for buckshot hunters",0,,1,1,1,0,primary coding rule
mgc0725,boo,booed,FIC,Bk:ThereWasCrookedMan,## The nice people cheered . The Jump ! crowd,booed,. And the Go Johnnie Go bunch dissolved into the restaurant to,0,,1,1,1,0,primary coding rule
mgc0726,shoo,shooed,FIC,SilentThunder,to move into the cooler regions of the highland . Mothers,shooed,"away persistent children , so they could work steadily on ,",0,,1,1,1,1,primary coding rule
mgc0727,boo,booed,MAG,RollingStone,"#. Morris has walked out on that stuff , even",booed,"it on occasion . I HATE modern dance , ' he 'll",0,,1,1,1,0,primary coding rule
mgc0728,shoo,shooing,FIC,Analog,", find ' em , dog . "" Helma made a",shooing,motion . # Cole looked up quizzically and whimpered . # Jadey,1,adjectival use without recoverable verbal syntax,0,0,0,0,excluded by primary coding rule
mgc0729,boo,booed,FIC,SouthernRev,#gaze at the shapes their mouths made . When they,booed,"at my intros , they looked like they were about to apply",0,,1,1,1,0,primary coding rule
mgc0730,wow,wowed,NEWS,CSMonitor,#: Aug. 4 658446 # While most viewers will be,wowed,"by stunning athletic performers at the Olympics , what they may",0,,1,1,1,0,primary coding rule
mgc0731,boo,boos,NF/ACAD,BookSports,"they cast them . Those , whose quoits hit l6 THE",BOOS,"OF SPORTS . of the bands , or moving the toes from",1,proper-name/metalinguistic/non-target use,0,0,0,0,excluded by primary coding rule
mgc0732,wow,wowed,MAG,Americas,"#Rising Star Award at this year 's Gala , Ramos",wowed,the crowd with a Spanish tango collection of ruffled tops and,0,,1,1,1,1,primary coding rule
mgc0733,ooh,oohed,NEWS,NYT-Reg,"the convention on the first two days , came forward and",oohed,"the crowd to join him in singing "" The Long , Long",1,OCR or unclear context,0,0,0,0,excluded by primary coding rule
mgc0734,boo,boos,FIC,Sun-UpOtherPoems,the earth holds tight and the grass falls down and wind,boos,over it . Wind whistles the bees -- bees too busy with,1,noun use,0,0,0,0,excluded by primary coding rule
mgc0735,ooh,oohing,FIC,NeeceysLullaby,", laughing , running , waving at bus drivers , and",oohing,"over fancy cars-Buicks , Chevrolets , or Cadillacs that soared",0,,1,1,1,1,primary coding rule
mgc0736,wow,wows,NF/ACAD,JIssuesNursing,. Nurses cited instant real-time charting as a key time saver. Use of the,WOWs,"also allowed nurses to spend more time in the patients' rooms, thereby reducing",1,noun or non-verbal use,0,0,0,0,excluded by primary coding rule
mgc0737,shoo,shooing,FIC,DredATaleGreat,"nothing ! "" said Tiff , finding that his vigorous """,shooing,""" only scared the whole flock in , instead of admonishing them",1,noun use,0,0,0,0,excluded by primary coding rule
mgc0738,ooh,oohing,NEWS,CSMonitor,went well . Lots of ladies came . I heard them,oohing,and ahing about the library especially . Don ' t worry .,0,,1,1,1,1,primary coding rule
mgc0739,boo,boos,MAG,Nation,"of Clemenceau was , mentioned , and the hall burst into",boos,and hisses and catcalls . For the proletariat of France does not,1,noun use,0,0,0,0,excluded by primary coding rule
mgc0740,boo,booed,FIC,Size14IsNotFat,"#not . See above , re : fear of being",booed,off the stage ) ? Or do I just laugh and say,0,,1,1,1,1,primary coding rule
mgc0741,shoo,shooed,FIC,FantasySciFi,"Thanks , but no thanks . "" "" Still- "" I",shooed,her away with a hundred dollar tip . There was nothing wrong,0,,1,1,1,1,primary coding rule
mgc0742,shoo,shoos,TV/MOV,Saratoga Trunk,tied to her apron strings . Mother 's useful . She,shoos,"the women away , and i let her . But when there",0,,1,1,1,1,primary coding rule
mgc0743,boo,booing,MAG,SatEvePost,"are recruiting for Communism , fomenting strikes and jeering ,",booing,"and hissing the American flag . "" Maybe he 's counting on",1,noun use,0,0,0,0,excluded by primary coding rule
mgc0744,shoo,shooing,FIC,Fan Fic,"about ready . "" Maxine gave Sam a quick hug before",shooing,her and Jake towards the bathroom down the hall . # Over,0,,1,1,1,1,primary coding rule
mgc0745,boo,booing,TV/MOV,All the King's Men,You 're scared . - Get out ! - They 're,booing,"me too . I built this for those dirty ... Thattaboy ,",0,,1,1,1,0,primary coding rule
mgc0746,shoo,shoos,MAG,Time,"answer questions , the House once more resounded with boos and",shoos,. It is common knowledge that the gallant major looks like a,1,OCR/proper-name/non-target use,0,0,0,0,excluded by primary coding rule
mgc0747,shoo,shooed,FIC,Ploughshares,". When Thrip tried to help load the parts , Marni",shooed,"him upstairs . "" There 's cool stuff on the walls ,",0,,1,1,1,1,primary coding rule
mgc0748,boo,boos,FIC,Harpers,", Martin Isaac . "" There were cheers . A few",boos,". The fat guy had out a credit card , and was",1,noun use,0,0,0,0,excluded by primary coding rule
mgc0749,boo,booing,TV/MOV,Bob's Burgers,"Fair . All : Boo ! No , no , no",booing,". No booing mort . You know him , too . He",1,no recoverable verbal syntax,0,0,0,0,excluded by primary coding rule
mgc0750,boo,booed,TV/MOV,61*,#n't matter what the truth is . I still get,booed,for that . - What do you do ? You just get,0,,1,1,1,0,primary coding rule
mgc0751,boo,boos,NEWS,NYT-Reg,they lined up on the curbs . There were a few,boos,"for the Governor , but many more cheers . In some places",1,noun use,0,0,0,0,excluded by primary coding rule
mgc0752,boo,boos,MAG,ESPN,"responded with a mixture of boos and cheers , with the",boos,being perhaps more pronounced . # The crowd jeered Davis every,1,noun use,0,0,0,0,excluded by primary coding rule
mgc0753,boo,boos,FIC,Mov:SetUpThe,... and genn-el-men ... (crowd responds with waves of,boos,) PAN TO -- CLOSE SHOT -- announcer . He is a,1,noun use,0,0,0,0,excluded by primary coding rule
mgc0754,boo,booed,MAG,Nation,"#accused of collaboration in July , after he was roundly",booed,for such comments at a funeral for fifteen black youths in,0,,1,1,1,1,primary coding rule
mgc0755,boo,booed,MAG,Time,"#Edward ("" Silo Charlie "" ) Coughlin , loudly",booed,"President Roosevelt ( "" Rosenfeld "" to Bund speakers ) . Ejected",0,,1,1,1,0,primary coding rule
mgc0756,boo,booing,FIC,ColorPurple,bicycle around the stage for about five minutes . When the,booing,"became too much for him to bear , he screwed up his",1,noun use,0,0,0,0,excluded by primary coding rule
mgc0757,shoo,shoos,FIC,ContempFic,"the parlor . The pale birds swoop . Madame grimaces ,",shoos,them away . More and more now every day . Code word,0,,1,1,1,1,primary coding rule
mgc0758,shoo,shooing,FIC,FantasySciFi,"For some reason , he always chose to join Retsler in",shooing,the gulls away . And then holding watch over the ruined mass,0,,1,1,1,1,primary coding rule
mgc0759,boo,booed,MAG,Time,"#meeting , from Boston to Tulsa . Rocky was ignominiously",booed,". # That was a mere four months ago . Today ,",0,,1,1,1,0,primary coding rule
mgc0760,boo,booed,NEWS,Chicago,"#in the somber expanse of the courtroom , leered and",booed,". There was even , in low voices , a grumbling from",0,,1,1,1,0,primary coding rule
mgc0761,ooh,oohing,TV/MOV,Man Up,"different project that we can do together . ( All """,oohing,""" and "" aahing "" ) Not ... that . (under_breath",1,no recoverable verbal syntax,0,0,0,0,excluded by primary coding rule
mgc0762,shoo,shooing,FIC,SouthernRev,his summers there . He recalled sitting on her porch and,shooing,bluejays out of the fig tree that grew at one end .,0,,1,1,1,0,primary coding rule
mgc0763,shoo,shooed,FIC,AntiochRev,"had my new number . New phone in hand , I",shooed,"him off , "" Now leave . "" He kissed my cheek",0,,1,1,1,1,primary coding rule
mgc0764,shoo,shooing,FIC,RoadTamazunchale,"shepherd jerked to his feet and rushed at the animals ,",shooing,them up through the brush and trees . In seconds they were,0,,1,1,1,1,primary coding rule
mgc0765,boo,boos,NEWS,USAToday,"a 16-14 lead on Alex Henery 's 21-yard field goal ,",boos,"rained down at Lincoln Financial Field . # "" That 's crazy",1,noun use,0,0,0,0,excluded by primary coding rule
mgc0766,boo,booing,MAG,Time,become such a maladroit lover that he caught a peeping Tom,booing,"him . His wife "" cut me down to once a month",0,,1,1,1,1,primary coding rule
mgc0767,boo,boos,FIC,LucyCrown,"vessel apart , but we greeted his conciliatory wavings with more",boos,". He went to T. Wallace , doubtless to ask him to",1,noun use,0,0,0,0,excluded by primary coding rule
mgc0768,boo,booed,NEWS,NYT-Reg,"#primaries as recently as 1950 , but their argument was",booed,", and ignored in the final voting , With thirty-one contests",0,,1,1,1,1,primary coding rule
mgc0769,wow,wowed,FIC,LoveIsEternal,"#, you damn ' dunderhead ) Want us to git",Wowed,"clear out o ' the river ? "" The sweating and oil-smeared",1,non-verbal vocalization,0,0,0,0,excluded by primary coding rule
mgc0770,boo,boos,NF/ACAD,GameShadowsBarry,In park after park they were greeted with a cascade of,boos,. Many fans just stayed away . Attendance in 1995 was down,1,noun use,0,0,0,0,excluded by primary coding rule
mgc0771,shoo,shooed,FIC,WorldWithoutEnd,"work . As the Americans left , the consul 's wife",shooed,them away and back to the screen . The twenty-four dollars stayed,0,,1,1,1,1,primary coding rule
mgc0772,boo,boos,FIC,Mov:MajorLeague,the ball missing him by inches . The stadium explodes with,BOOS,", but as soon as Taylor picks himself up , the crowd",1,noun use,0,0,0,0,excluded by primary coding rule
mgc0773,shoo,shooing,FIC,FantasySciFi,"the hall , at the front door , Schnabel was still",shooing,Lennie and Anja out into the sundrenched yard . Lennie stepped,0,,1,1,1,0,primary coding rule
mgc0774,boo,booed,FIC,FarriersLane,#into the spirit of the thing right away . I,booed,the green knight and called him some awful names until a man,0,,1,1,1,1,primary coding rule
mgc0775,shoo,shooed,MAG,Time,""" to protect their morals . "" The men were """,shooed,"off "" without having their names and addresses printed by the",0,,1,1,1,1,primary coding rule
mgc0776,shoo,shooing,FIC,Essence,"stepped around a fresh pile of horse droppings . Then ,",shooing,away a fat green-and-black fly with a quick fan of her,0,,1,1,1,1,primary coding rule
mgc0777,ooh,oohs,MAG,Cosmopolitan,"Your Lover With Words (Bantam, 1996). Sometimes all it takes is",oohs,"and aahs to etch yourself into his memory forever. Maggie Gallagher, a 26-year-old",1,noun use,0,0,0,0,excluded by primary coding rule
mgc0778,boo,booed,NEWS,CSMonitor,# 19760825_3 txt Jimmy Carter Tuesday was loudly,booed,by delegates to the American Legion national convention as he,0,,1,1,1,0,primary coding rule
mgc0779,shoo,shooing,FIC,GiftDragons,"reprehensible . People were always calling him "" babe "" and",shooing,"him away as being "" too small "" or "" too young",0,,1,1,1,1,primary coding rule
mgc0780,boo,booed,MAG,Time,"#220399 In Manhattan , a suddenly patriotic mob of pedestrians",booed,", hissed , cried : "" If you were a man we",0,,1,1,1,0,primary coding rule
mgc0781,boo,boos,MAG,Time,for terriers in the last 40 Westminster shows ; and the,boos,almost drowned out the applause . But even with Warlord 's defeat,1,noun use,0,0,0,0,excluded by primary coding rule
mgc0782,wow,wows,NEWS,Houston,"baked goods are all-natural and suitable for human consumption, although Immel confessed "" Ciao",Wows,", "" "" Dipped Delights "" and "" Itty Bitty Scary Kitties "" are an",1,noun/proper-name/acronym use,0,0,0,0,excluded by primary coding rule
mgc0783,boo,boos,MAG,SportsIll,the elevator of the West Coast Salt Lake Hotel with the,boos,"of 16,500 fans still ringing in her ears . She 'd already",1,noun use,0,0,0,0,excluded by primary coding rule
mgc0784,boo,boos,NEWS,CSMonitor,was a great roar of noise . There were hisses and,boos,and applause and the pandemonium from the galleries as the,1,noun use,0,0,0,0,excluded by primary coding rule
mgc0785,boo,booed,FIC,LetterLaw,"#One by one the natives nudged one another , and",booed,", and guffawed , until the rising tide of racket drowned out",0,,1,1,1,0,primary coding rule
mgc0786,boo,booing,MAG,Time,", keeps the store ? "" # # Braved a possible",booing,"at Little Rock , Ark. , instead was warmly applauded for firmly",0,,1,1,1,0,primary coding rule
mgc0787,shoo,shooing,MAG,Time,"who spend winters around potbellied stoves , summers",shooing,"away tourists , and election day pulling G.O.P. levers . Fed by",0,,1,1,1,1,primary coding rule
mgc0788,boo,boos,MAG,Time,quick kill . # So let 's hear all the old,boos,", all the dirty sneers . Paste a sticker proclaiming STAMP OUT",1,noun use,0,0,0,0,excluded by primary coding rule
mgc0789,wow,wows,FIC,Play:StickHorse,was finding something pretty to wear that night. We'd stomp-dance at the pow,wows,. Or we'd drink at Factor's. You and your former husband.,1,noun/proper-name/acronym use,0,0,0,0,excluded by primary coding rule
mgc0790,shoo,shooed,FIC,ParisOne,News . Here the kids were selling something else . Abdul,shooed,away the first two or three who came by until Winslow held,0,,1,1,1,1,primary coding rule
mgc0791,wow,wowed,FIC,Bk:LassiterNovel,#eyes or playful smile . Nada . Maybe if I,wowed,"her in closing argument , she 'd lighten up and slip me",0,,1,1,0,1,primary coding rule
mgc0792,shoo,shooed,FIC,Play:AuntMahalysCabin,like a fool . DEPUTY Quietly . Nothing but birds I,shooed,"out of there . SHERIFF Mebbe so , but it might have",0,,1,1,1,1,primary coding rule
mgc0793,wow,wowed,MAG,Parenting,# 408415 They 're the champs-the classic toys that,wowed,kids back then and continue to knock them out now . We,0,,1,1,0,0,primary coding rule
mgc0794,shoo,shooed,FIC,HermanHadTwoDaughters,Walter 's garage in Brookfield Heights . Durgin 's honest cops,shooed,"the kids away . Mornings , Celia stood beside the ruin ,",0,,1,1,1,1,primary coding rule
mgc0795,boo,booed,NF/ACAD,ArtBulletin,"#? They surrounded us , they followed us , they",booed,", they applauded ; fear , joy , succeeded each other on",0,,1,1,1,0,primary coding rule
mgc0796,shoo,shooing,FIC,LotteryAdventures,"every-day . No one moved there except for Mrs. Brewer ,",shooing,her young ones out of sight . He could n't see another,0,,1,1,1,1,primary coding rule
mgc0797,shoo,shooed,FIC,Harpers,"still irritated , explained it to Maggie , but she merely",shooed,"him back to his slide rule . Yet , two hours later",0,,1,1,1,1,primary coding rule
mgc0798,boo,boos,NEWS,Chicago,rose to place Dole 's name in nomination . A few,boos,"were heard , some delegations stayed in their seats , and many",1,noun use,0,0,0,0,excluded by primary coding rule
mgc0799,wow,wowed,MAG,PopScience,#update Robo-Vac Is Finally Here Eureka,wowed,us three years ago with a robotic vacuum that not only swept,0,,1,1,0,1,primary coding rule
mgc0800,ooh,oohed,FIC,SouthernRev,"cake , dazzling with sparklers instead of candles , and Harold",oohed,and aahed and slapped at the sparks swarming his legs like,0,,1,1,1,1,primary coding rule
mgc0801,boo,booed,MAG,Time,"#, Domingo Ortega , Manolo Bienvenida . But Beziers Aficionados",booed,", hooted , threw bottles , for Bziers is stalwartly proletarian",0,,1,1,1,0,primary coding rule
mgc0802,boo,booed,MAG,Time,"#again . McNamara , "" Iron Man , "" was",booed,"all through the race . Brocco , 43-year old champion trying to",0,,1,1,1,1,primary coding rule
mgc0803,boo,booing,MAG,Time,. Even the tea-sippers in the pavilion joined in the vulgar,booing,". What was cricket coming to ? # After the match ,",1,no recoverable verbal syntax,0,0,0,0,excluded by primary coding rule
mgc0804,boo,boos,NEWS,NYT-Reg,"Kimlin had been married twice , her first husband being Adam",Boos,", a prominent business man . None of the incoming boats from",1,proper-name/metalinguistic/non-target use,0,0,0,0,excluded by primary coding rule
mgc0805,boo,booing,FIC,Bk:WhenDevilDoesnt,when he came out onto the balcony . The crowd started,booing,", and he waited for a moment for the noise to stop",0,,1,1,1,0,primary coding rule
mgc0806,shoo,shooed,FIC,IvoryMischief,"weeping mistress to her own room . After that , she",shooed,"away the remainingservants , who had naturally not had the",0,,1,1,1,1,primary coding rule
mgc0807,boo,booing,MAG,Time,". He said , "" Wait a minute . I was",booing,", too . You blew that call . I do take it",0,,1,1,1,1,primary coding rule
mgc0808,shoo,shoos,FIC,Mov:BlueSky,sleeping . Carly appears at the door . The M.P .,shoos,Becky a look and strides past the girls to hand the envelope,1,OCR/proper-name/non-target use,0,0,0,0,excluded by primary coding rule
mgc0809,boo,boos,NEWS,CSMonitor,"allegations against the administration , he was greeted with",boos,". Mr. Lipshutz nonetheless persisted , accusing the Senator of",1,noun use,0,0,0,0,excluded by primary coding rule
mgc0810,boo,boos,MAG,Time,"going on record , Infielder Groat was greeted by a few",boos,along with the cheers when the Pirates met the Philadelphia,1,noun use,0,0,0,0,excluded by primary coding rule
mgc0811,boo,booing,NEWS,NYT-Let,All who listened over the radio were amazed at the continued,booing,during the playing of the national anthem . Had the Giants been,1,noun use,0,0,0,0,excluded by primary coding rule
mgc0812,boo,booed,NEWS,Chicago,"#appearances at the Civic center plaza , where they were",booed,"by angry shoppers and office workers , and at the Criminal Courts",0,,1,1,1,1,primary coding rule
mgc0813,shoo,shooing,FIC,Apron-Strings,"a foot , for she had slipped . She made """,shooing,""" gestures at Clare . "" How much does Miss Crosby owe",0,,1,1,1,0,primary coding rule
mgc0814,boo,boos,MAG,SportsIll,in seven of the past 11 years . // There were,boos,for the home team in the new Busch Stadium in 2006 --,1,noun use,0,0,0,0,excluded by primary coding rule
mgc0815,boo,boos,MAG,SatEvePost,"said , "" Colonel , I hear some of the care",boos,"we bought for the village are dying . Why ? "" The",1,noun use,0,0,0,0,excluded by primary coding rule
mgc0816,boo,booed,NEWS,Denver,#for his work . But he was defeated and even,booed,in a primary that had neophyte Tea Party candidate Dan Maes,0,,1,1,1,0,primary coding rule
mgc0817,shoo,shooed,FIC,FantasySciFi,was supposed to be vacant . Once the intruders had been,shooed,"off , Riley dressed and went to speak to the manager ,",0,,1,1,1,1,primary coding rule
mgc0818,boo,booed,MAG,Time,#began in a lackluster fashion . Soprano Renata Scotto was,booed,"in her opening-night performance of Norma , and a Ring semicycle",0,,1,1,1,1,primary coding rule
mgc0819,shoo,shooed,NEWS,WallStJrnl,man since the first rude trails of pre-history . It has,shooed,the desany of humanity The closing of the caravan routes to the,0,,1,1,1,1,primary coding rule
mgc0820,shoo,shooing,FIC,BrightArrows,", what 's that to you ? "" he says ,",shooing,the kids off a ways where they stood gawping out of kicking,0,,1,1,1,1,primary coding rule
mgc0821,boo,booed,FIC,DeepRiver,"#. Mead shouted a protest . The audience banged ,",booed,", laughed , until the judge brought order . Simon said softly",0,,1,1,1,0,primary coding rule
mgc0822,boo,booing,NEWS,NYT-Reg,"noticeable that most of the cheering , as well as the",booing,", came from the galleries . Mr. Halleck did not attempt to",1,noun use,0,0,0,0,excluded by primary coding rule
mgc0823,wow,wowed,FIC,Bk:CodeWhite,"## To be sure , Kevin O'Day had been less",wowed,by the TV cameras than anyone else in OR 3 . He,0,,1,1,0,0,primary coding rule
mgc0824,boo,booing,NEWS,Chicago,". When the committee reported tonight , considerable",booing,"was heard on the floor . Ike Picks Up Two Ottawa ,",1,no recoverable verbal syntax,0,0,0,0,excluded by primary coding rule
mgc0825,boo,booing,FIC,HeavenHell,""" You 're the traitor , "" someone cried over the",booing,"and hissing . "" You and your National Union Party . Traitors",1,noun use,0,0,0,0,excluded by primary coding rule
mgc0826,boo,booed,NEWS,Chicago,"#to the Super Bowl , and he was still getting",booed,. There 's no way you can rest on what you 've,0,,1,1,1,0,primary coding rule
mgc0827,wow,wowed,NEWS,Detroit Free Press,"#, "" Brandon said . "" I was just completely",wowed,by the energy and thoughtfulness and preparation and the way he,0,,1,1,0,0,primary coding rule
mgc0828,boo,boos,FIC,Mov:SetUpThe,"nods , abstractedly . As he does he is greated by",boos,"and catcalls , punctuated by a very few handclaps , hardly",1,noun use,0,0,0,0,excluded by primary coding rule
mgc0829,ooh,oohed,FIC,FantasySciFi,"his class filled up with lifers , and all the grown-ups",oohed,"and ahhed , saying he had a knack for working with """,0,,1,1,1,0,primary coding rule
mgc0830,shoo,shooed,FIC,MurderAtABA,"party of two or three tried moving in , promptly got",shooed,"out by some waiter , and walked out looking annoyed and",0,,1,1,1,1,primary coding rule
mgc0831,ooh,oohs,NEWS,SanFran,who can break a full-court press single-handedly and whose athleticism is the kind that elicits,oohs,and ahhs. # Ashley and Courtney come from athletic -- and large -- stock,1,noun use,0,0,0,0,excluded by primary coding rule
mgc0832,boo,boos,NEWS,WashPost,budge . # The cheers that once greeted her turned into,boos,". But she insisted that the affluent Northwest community "" step",1,noun use,0,0,0,0,excluded by primary coding rule
mgc0833,shoo,shooed,MAG,Time,"dance . An unidentified WAAC tried to cut in , was",shooed,away by Secret Service men . In the midst of the party,0,,1,1,1,1,primary coding rule
mgc0834,shoo,shooing,MAG,Parenting,that you could come off like a scrooge if you start,shooing,"kids away . You want to seem reasonable , not inhospitable .",0,,1,1,1,0,primary coding rule
mgc0835,boo,boos,MAG,Astronomy,978-1-845-76685-6 . # Swords : An artist 's devotion . Ben,Boos,. Candlewick 978-0-7636-3148-2 . # Take me to your leader :,1,noun use,0,0,0,0,excluded by primary coding rule
mgc0836,boo,booed,MAG,Time,"#Manhattan 's Loew 's State Theater , some 800 stockholders",booed,"and jeered , stamped their feet , shouted raucous questions .",0,,1,1,1,0,primary coding rule
mgc0837,boo,booing,MAG,Harpers,", the crowd gathered round , yelling , cursing , and",booing,. Someone in the crowd reached out with a razor and slashed,1,no recoverable verbal syntax,0,0,0,0,excluded by primary coding rule
mgc0838,shoo,shooed,FIC,TaleTurkeyProudfoot,obeyed him without a word . And she had no sooner,shooed,her youngsters into the chicken house than Turkey Proudfoot,0,,1,1,1,1,primary coding rule
mgc0839,boo,boos,MAG,Time,JOHN GLENN (1992 ) . The Ohio Democrat has heard,boos,"at home , a once unthinkable phenomenon . But he is ,",1,noun use,0,0,0,0,excluded by primary coding rule
mgc0840,boo,booing,MAG,Time,. Willkie did n't notice . The crowd did . The,booing,"grew . # Willkie told them off , votes or no votes",1,noun use,0,0,0,0,excluded by primary coding rule
mgc0841,boo,boos,NEWS,Pittsburgh,"So everyone 's a critic ? No problem , said Karla",Boos,", founder and director of Quantum Theatre in Pittsburgh , which",1,noun use,0,0,0,0,excluded by primary coding rule
mgc0842,boo,boos,MAG,Time,"keeping with the quaint custom at New York tracks , the",boos,"were for Jockey Eddie Arcaro , who rode My Request , the",1,noun use,0,0,0,0,excluded by primary coding rule
mgc0843,boo,booed,MAG,Nation,#crowd of curious civilians following it . The crowds neither,booed,nor cheered . There was in Washington that morning all the,0,,1,1,1,0,primary coding rule
mgc0844,wow,wowed,MAG,Backpacker,"#use the new Bibler Ahwahnee 2 , but the original",wowed,"testers in our field trial of single-wall shelters ("" Tents From",0,,1,1,0,0,primary coding rule
mgc0845,boo,booing,TV/MOV,The Bob Newhart Show,get used to a lot of interruptions ... like snoring and,booing,". Carol , all I need is a good opening joke .",1,no recoverable verbal syntax,0,0,0,0,excluded by primary coding rule
mgc0846,wow,wowed,MAG,Ebony,#even this decade of the ' ' 90s to become,wowed,by the scope of their work . In February of this year,0,,1,1,0,0,primary coding rule
mgc0847,boo,booing,NEWS,WashPost,"back "" did not bother him as much as the incessant",booing,"at FedEx Field , which grew in volume and intensity each week",0,,1,1,1,0,primary coding rule
mgc0848,wow,wows,FIC,Mov:Creak,"cheek down on the side of an alp, and ran my toes through the",wows,"of afghanistan. 116 In the north was the nothing, towards the south the",1,noun/proper-name/acronym use,0,0,0,0,excluded by primary coding rule
mgc0849,boo,booing,FIC,Play:VotesWomen,anyw'y ? A VOICE He 's a jolly good fellow.Cheers and,booing,". MR . PILCHER No , e ai n't , or if",1,noun use,0,0,0,0,excluded by primary coding rule
mgc0850,shoo,shooed,FIC,Pembroke ANovel,"keep ' em in here , "" she said , and",shooed,"them and shook her shawl at them , until they alighted all",0,,1,1,1,1,primary coding rule
mgc0851,boo,booed,NEWS,NYT-Reg,"#, said he was representing the Mayor , one man",booed,"and about 150 teachers and their families , carrying "" Lindsay",0,,1,1,1,0,primary coding rule
mgc0852,shoo,shooed,FIC,StarsInMyPocket,"broad , beautiful wings unfurled and bolstersly beating , she",shooed,"me toward the entrance plate . "" Get on ith you then",0,,1,1,1,0,primary coding rule
mgc0853,shoo,shooing,NEWS,Atlanta,", "" said Russell , flicking her left hand as if",shooing,"away a fly . # Rocking slowly on her back-porch swing ,",0,,1,1,1,1,primary coding rule
mgc0854,boo,booed,MAG,Time,"#middle-income Forest Hills , N.Y. , last week angry crowds",booed,the bulldozers that were breaking ground for a proposed,0,,1,1,1,1,primary coding rule
mgc0855,shoo,shooed,MAG,Time,"the local U. S. consul who , after journalists had been",shooed,out and the Nazi court was about to become a star chamber,0,,1,1,1,1,primary coding rule
mgc0856,boo,booed,MAG,ArtAmerica,"#record , once famously said : "" Our fans never",booed,us . They would n't dare . We outnumbered ' era .,0,,1,1,1,0,primary coding rule
mgc0857,shoo,shooed,FIC,MeltingMolly,"was late , very late before Mrs. Johnson realized it and",shooed,me home to get ready to go to the train along with,0,,1,1,1,0,primary coding rule
mgc0858,wow,wowed,TV/MOV,Alias Nick Beal,#thousand women and ten thousand questions . - The governor,wowed,them . - I knew he would . I wish everybody has,0,,1,1,0,1,primary coding rule
mgc0859,shoo,shoos,NEWS,Atlanta,". Starring Cassidy Gifford , Pfeifer Brown and Ryan",Shoos,. Directed by Travis Cluff and Chris Lofing . (Michael Phillips,1,OCR/proper-name/non-target use,0,0,0,0,excluded by primary coding rule
mgc0860,shoo,shooed,MAG,Harpers,"conductor is summoned . Tickets are inspected , and they are",shooed,"back into the other compartment , a compression box of black",0,,1,1,1,0,primary coding rule
mgc0861,boo,booed,NEWS,NYTimes,#. ' # She had worried that she might be,booed,"off the stage , her son said . Instead , everyone applauded",0,,1,1,1,0,primary coding rule
mgc0862,boo,booing,TV/MOV,Boy Meets World,"effort , a pocket thesaurus for each of you . (",BOOING,) And some candy . (CHEERING ) Here you go .,1,no recoverable verbal syntax,0,0,0,0,excluded by primary coding rule
mgc0863,wow,wows,MAG,RollingStone,Photo: The Greatful Dead (JAY BLAKESBERG) # Photos: Above: Ice-T,wows,the Lollapalooza crowd. Right: One of the sideshow attractions. (NEAL PRESTON/OUTLINE,0,,1,1,1,1,primary coding rule
mgc0864,boo,booed,FIC,Bk:ChristmasCarol,"#and more foreclosures are scheduled .... "" # The crowd",booed,", until Seth held up his hand for silence . # """,0,,1,1,1,0,primary coding rule
mgc0865,shoo,shoos,FIC,JungleLawNovel,", like the dogs in the old fairy tale . He",shoos,these thoughts and images away as he sets his spectacles over his,0,,1,1,1,0,primary coding rule
mgc0866,shoo,shooed,MAG,SatEvePost,before that day was over . Our gaggle of inductees was,shooed,into a building and taken to an upper floor . There I,0,,1,1,1,0,primary coding rule
mgc0867,shoo,shooed,FIC,Bk:SomeKindMagic,who was observing changes in his penile turgidity . Thanh,shooed,"me on through the door , so I went in. # The",0,,1,1,1,0,primary coding rule
mgc0868,boo,booing,NEWS,NYT-Reg,organizers who led the shouting . Mr. Chamberlain heard the,booing,but saw nothing of the scuffle . A phalanx of police and,1,noun use,0,0,0,0,excluded by primary coding rule
mgc0869,boo,booed,FIC,Bk:FifthHeart,"#Domville , two years hence will see him jeered and",booed,when he foolishly will step onto the stage to take his author,0,,1,1,1,0,primary coding rule
mgc0870,shoo,shooing,TV/MOV,The Magnificent Seven,ridiculous . - You heard of anything ? - Yeah .,Shooing,some flies away from a little village . Their village . It,0,,1,1,1,0,primary coding rule
mgc0871,shoo,shooing,FIC,Talisman,"your age ? "" The blind man laughed and made a",shooing,"gesture with one hand . "" Hell , you do n't need",1,adjectival use without recoverable verbal syntax,0,0,0,0,excluded by primary coding rule
mgc0872,boo,boos,NEWS,Chicago Tribune,of the 2017 World Series . # Darvish responded to the,boos,in pregame introductions and before his first at-bat by,1,noun use,0,0,0,0,excluded by primary coding rule
mgc0873,shoo,shooed,FIC,Triquarterly (Online),# The woman stood no taller than five feet . She,shooed,"the man with the back of one hand , and soon he",0,,1,1,1,1,primary coding rule
mgc0874,boo,boos,NEWS,NYT-Reg,stage and was greeted with loud applause and a few scattered,boos,. He has been backed overwhelmingly by the student body in his,1,noun use,0,0,0,0,excluded by primary coding rule
mgc0875,ooh,oohed,MAG,SatEvePost,"already plenty of excitement about the war , the omens !",Oohed,pretty good for a war play called Moloch that Holbrook Blinn had,1,OCR or unclear context,0,0,0,0,excluded by primary coding rule
mgc0876,boo,booing,NEWS,Denver,he recently lashed out at the fans in New York for,booing,"him By dumping Brett Butler , the Mets reduced their payroll to",0,,1,1,1,1,primary coding rule
mgc0877,boo,booed,MAG,Time,#of booing deep and raw . A few people both,booed,and clapped at once . Shouting matches broke out between,0,,1,1,1,1,primary coding rule
mgc0878,shoo,shooing,FIC,Catspaw,", yellows and golds , and he hauled me forward ,",shooing,"Jiro ahead down the hallway . "" Your first time , pretty",0,,1,1,1,0,primary coding rule
mgc0879,shoo,shoos,FIC,ShoreAcres,yeh ! Be yeh going to bed ' r not ?,Shoos,"her away . MILLIE . Goes to the foot of stairs ,",0,,1,1,1,1,primary coding rule
mgc0880,boo,boos,NEWS,NYT-Reg,"seat of the Republican incumbent , Kenneth B. Keating . Mixed",boos,and cheers had greeted Governor Rockefeller 's ironic,1,noun use,0,0,0,0,excluded by primary coding rule
mgc0881,ooh,oohs,MAG,SatEvePost,"and meant to use them before another crowd, as he had used the planted",oohs,"and aahs from one stop to the next, the placards ferried from one town",1,noun use,0,0,0,0,excluded by primary coding rule
mgc0882,shoo,shooing,FIC,WelcomeSerenity,""" Maddie ordered , giving him a stern look , then",shooing,him out of the office . # Jeanette regarded Maddie,0,,1,1,1,1,primary coding rule
mgc0883,boo,booing,MAG,Time,"Said he later : "" I was very amused at the",booing,". "" # Bayreuth has known-and absorbed-protest before ,",1,noun use,0,0,0,0,excluded by primary coding rule
mgc0884,boo,booing,FIC,Sybil,"the flashy spinning lighthousepass , and the crowd left off",booing,"the picador to cheer the matador . "" Asi se torea !",0,,1,1,1,1,primary coding rule
mgc0885,wow,wowed,MAG,Time,"#, sailed ahead to roars of laughter . Victor Moore",wowed,the audience in the role of a dumbbell U. S. Ambassador to,0,,1,1,1,1,primary coding rule
mgc0886,ooh,oohed,FIC,FantasySciFi,", sounding like it had slipped from her quiver . Alexi",oohed,", and asked Natasha , "" Did you see it ? """,0,,1,1,1,0,primary coding rule
mgc0887,shoo,shooing,FIC,LittleBigMan,"occupied he would roust theft ) nut of it , like",shooing,a dog . Some did a little trading in second rate skins,0,,1,1,1,1,primary coding rule
mgc0888,boo,boos,TV/MOV,61*,Roger Maris with his 45th home run drawing a lot of,boos,". - Boy , these Boston fans are tough . ALLEN :",1,noun use,0,0,0,0,excluded by primary coding rule
mgc0889,wow,wowed,MAG,Redbook,"#one night , write down the things he did that",wowed,"you the most . Then write "" Dear insert your husband 's",0,,1,1,0,0,primary coding rule
mgc0890,boo,booed,MAG,SportsIll,#Hope . We booed him off the stage . We,booed,the Smothers Brothers off the stage . We made Paula Poundstone,0,,1,1,1,1,primary coding rule
mgc0891,boo,booing,FIC,SouthernRev,", no one to identify which castoff players they should be",booing,", making their miscues less conspicuous . "" Ca n't I sue",1,no recoverable verbal syntax,0,0,0,0,excluded by primary coding rule
mgc0892,ooh,oohs,MAG,NatGeog,its crystals absorb yellows and reds from the sunlight and reflect the intense blues everyone,oohs,"and ahs about. "" A TINGLING VIBRANCY animates Barbara's voice as she expounds",0,,1,1,1,0,primary coding rule
mgc0893,wow,wowed,MAG,Jet,"#she plays a college dean . On stage , she",wowed,"audiences with strong , compelling performances in A Raisin in",0,,1,1,1,1,primary coding rule
mgc0894,boo,booed,MAG,NewYorker,"#day , for the last two years he has been",booed,"at one of the biggest of these local events , the Labor",0,,1,1,1,1,primary coding rule
mgc0895,shoo,shooing,FIC,Ploughshares,"were more composed , he was gone . Kaye was always",shooing,"them away -- "" Hey , kidlets , go take a short",0,,1,1,1,1,primary coding rule
mgc0896,boo,booing,NEWS,Chicago,good prophet : The first mention of the issue brought sustained,booing,from many of the spoo delegates and guests present . A small,0,,1,1,1,0,primary coding rule
mgc0897,boo,boos,MAG,Time,"to answer questions , the House once more resounded with",boos,and shoos . It is common knowledge that the gallant major looks,1,noun use,0,0,0,0,excluded by primary coding rule
mgc0898,shoo,shooed,FIC,HarborTalesDown,toiling every evening of that summer until his impatient mother,shooed,him off to more laborious toil upon the task in his nightmares,0,,1,1,1,1,primary coding rule
mgc0899,boo,boos,FIC,Harpers,". "" Arthur Greenfield , "" she called . There were",boos,", cheers , applause , whistles . "" Siddown , Art ,",1,noun use,0,0,0,0,excluded by primary coding rule
mgc0900,boo,boos,NEWS,New York Times,"star . Instead , they let out muted cheers mixed with",boos,. # Given the reshuffling hierarchy of sports teams in this,1,noun use,0,0,0,0,excluded by primary coding rule
mgc0901,shoo,shooing,FIC,GoodAsGold,"and be of assistance to Ida , who probably was simultaneously",shooing,"her away and giving her things to do , and reprehending her",0,,1,1,1,1,primary coding rule
mgc0902,boo,booing,MAG,Harpers,"of some sort and was admitted out of turn , amidst",booing,. At 12 o'clock my wife and I went in with a,1,no recoverable verbal syntax,0,0,0,0,excluded by primary coding rule
mgc0903,boo,boos,FIC,CryChildren,"preparing to tear one another to pieces ; then applause ,",boos,", whistles , and tearing waves of laughter , like drunks deriding",1,noun use,0,0,0,0,excluded by primary coding rule
mgc0904,boo,boos,MAG,Time,teeming College of the City of New York there were loud,boos,"and hisses as the Italians marched into a convocation of 3,000",1,noun use,0,0,0,0,excluded by primary coding rule
mgc0905,boo,booing,TV/MOV,Rocky V,angel on my shoulder . Mr George Washington Duke ! (,booing,) And there you have it . A new champion of the,1,no recoverable verbal syntax,0,0,0,0,excluded by primary coding rule
mgc0906,shoo,shooing,FIC,DidSheFall?,the . From the way she bustles us about and keeps,shooing,us out of the house you can tell she does n't want,0,,1,1,1,1,primary coding rule
mgc0907,shoo,shooed,TV/MOV,A Nero Wolfe Mystery,"scarf , and i want it back . But he was",shooed,out because none of them seemed important . (winterhoff ) This,0,,1,1,1,1,primary coding rule
mgc0908,boo,booed,MAG,Time,#Placed ball in the Pacific Ocean YES # YES Was,booed,loudly NO # YES Withdrew from field of play YES # YES,0,,1,1,1,1,primary coding rule
mgc0909,boo,boos,FIC,Mov:JustOneGuys,by your pals at Sturges-Wilder High . . . The class,boos,. RAYMAKERThe Sun-Tribune will award someone a summer,1,noun use,0,0,0,0,excluded by primary coding rule
mgc0910,ooh,oohed,FIC,SplitHeirs,", was to be the site of the pageant . Everyone",oohed,"and ached at this information . Not to be outdone , another",0,,1,1,1,1,primary coding rule
mgc0911,shoo,shooing,FIC,StainlessSteel,"a mother 's voice , scolding but not scolding her ,",shooing,"the other children away , reminding them that they were not",0,,1,1,1,1,primary coding rule
mgc0912,boo,booing,MAG,Time,the ring . # Instantly the auditorium was a bedlam .,Booing,", shouting , shoving spectators tore chairs from the floor ,",1,no recoverable verbal syntax,0,0,0,0,excluded by primary coding rule
mgc0913,shoo,shooing,FIC,Build-Up,", flushed and ravenously hungry , was in the act of",shooing,away a bothersome yellow jacket which was attacking the food.,0,,1,1,1,1,primary coding rule
mgc0914,boo,boos,MAG,Time,", both boxers dragged languidly into action amid a salvo of",boos,". More flaccid pommeling , clinching , pushing . A raucous fan",1,noun use,0,0,0,0,excluded by primary coding rule
mgc0915,shoo,shooing,FIC,ClockWithoutHands,was turned into the matting . Minna and a maid were,shooing,shrieking children into the dressing rooms . Nobody paid any,0,,1,1,1,0,primary coding rule
mgc0916,boo,booed,NEWS,NYT-Reg,"#vote on , even though at earlier rallies they had",booed,Quill suggestions that the vote to end the strike be a secret,0,,1,1,1,0,primary coding rule
mgc0917,wow,wows,FIC,EndError,"of you here. "" Elizabeth stops, an ear cocked for a chorus of",Wows,"! Though none are forthcoming, she is not at all deflated but proceeds with",1,noun/proper-name/acronym use,0,0,0,0,excluded by primary coding rule
mgc0918,boo,booed,NEWS,NYT-Reg,#the State 's program for converting lbarracks into homes was,booed,"as inadequate . Commissioner Moses , however , was the chief",0,,1,1,1,1,primary coding rule
mgc0919,boo,booed,MAG,Harpers,#a matador who let a horse get hurt would be,booed,from the ring for his clumsiness . The same might have |,0,,1,1,1,0,primary coding rule
mgc0920,shoo,shooed,FIC,DanteClubNovel,Then she saw a fly on the parlor drapes . She,shooed,it out the open window with a high-pitched clicking of her tongue,0,,1,1,1,0,primary coding rule
mgc0921,boo,boos,NEWS,NYT-Reg,work week a good one . Nevertheless he was greeted with,boos,". "" I 'm the first Mayor who has no obligations to",1,noun use,0,0,0,0,excluded by primary coding rule
mgc0922,boo,booing,MAG,SportsIll,executed baseball slide . It was too late : Amid loud,booing,"Steven Bradbury , a 28-year-old Australian competing in his",1,no recoverable verbal syntax,0,0,0,0,excluded by primary coding rule
mgc0923,ooh,oohs,NEWS,WashPost,". "" From their earliest birthday parties on, Americans open a gift and everybody",oohs,"and ahhs and touches it and comments on it, but this isn't appropriate",0,,1,1,1,0,primary coding rule
mgc0924,boo,boos,NF/ACAD,MakingFurniture,immediate family . Accounts from the late 1790S and early ',Boos,reveal that Elijah stopped boarding apprentices . Instead he,1,noun use,0,0,0,0,excluded by primary coding rule
mgc0925,shoo,shooed,FIC,NewEnglandRev,"him . "" Buy you lunch , miss ? "" He",shooed,"the kids away . "" I have a doctor 's appointment ,",0,,1,1,1,1,primary coding rule
mgc0926,shoo,shooing,FIC,Mov:ManWhoWouldBeKing,"his head . Carnehan leads Kipling in PAST CAMERA , officiously",shooing,"away the spectators , that His Holiness may give Audience to the",0,,1,1,1,1,primary coding rule
mgc0927,boo,booed,FIC,RubyRiver,#raised a pink tomato above his head . The crowd,booed,". He hitched his pants , paused , hitched them again ,",0,,1,1,1,0,primary coding rule
mgc0928,boo,boos,MAG,Time,. # Whether the Boston boos were louder than the Hollywood,boos,", no one could determine . But the disgruntled racing fans of",1,noun use,0,0,0,0,excluded by primary coding rule
mgc0929,boo,boos,MAG,Time,the Yankees names which brought on some good-natured Brooklyn,boos,". . . and somebody said , ' If you want to",1,noun use,0,0,0,0,excluded by primary coding rule
mgc0930,shoo,shooing,FIC,Ploughshares,"for a moment . He ran out into the woods ,",shooing,the ravens and coyotes . The ravens all screamed and rose into,0,,1,1,1,1,primary coding rule
mgc0931,boo,boos,MAG,Time,"jail , ironically led by Capt . Cohen . Amid the",boos,"of jailbirds , the catcalls of more obvious and unashamed",1,noun use,0,0,0,0,excluded by primary coding rule
mgc0932,shoo,shooed,FIC,Harpers,"entire mission , and he spoke sharply as he turned and",shooed,us along to church . I was so impressed with Aaron 's,0,,1,1,1,1,primary coding rule
mgc0933,boo,booing,FIC,Bk:WhenDevilDoesnt,leather pants with red face paint . Before the crowd stopped,booing,"and hissing , the man started to yell . He seemed unsure",1,noun use,0,0,0,0,excluded by primary coding rule
mgc0934,boo,booing,FIC,CryChildren,shirt with something like a bloodstain . The laughter and the,booing,came to me through the loudspeaker ; the musicians packed up,1,noun use,0,0,0,0,excluded by primary coding rule
mgc0935,boo,booed,FIC,Harpers,"#while Charles Laughton , as Inspector Javert , would be",booed,"until , in the climactic scene in which he removes his uniform",0,,1,1,1,0,primary coding rule
mgc0936,shoo,shooed,FIC,MitlaPass,kitchen table . Val served him some cake and juice and,shooed,the neighbors out . He was too exhaustedto chew . Gideon pulled,0,,1,1,1,1,primary coding rule
mgc0937,wow,wowing,MAG,SatEvePost,#his birds appear by courtesy of The Bulletin and are,wowing,"them at the rate of 30,000 a year . When the Pigeon",0,,1,1,0,1,primary coding rule
mgc0938,boo,boos,NEWS,Chicago,to speak to the audience about peace . Drowned Out by,Boos,"The Very Rev. John Cortelyou , university president , announced",1,noun use,0,0,0,0,excluded by primary coding rule
mgc0939,shoo,shoos,FIC,Analog,", but none of the equipment is recognizable . # Nagkmur",shoos,"her away and sits her by the table , where he questions",0,,1,1,1,1,primary coding rule
mgc0940,boo,booing,MAG,Time,"about the parade grounds in the Georgetown capital-heckling ,",booing,and shouting obscenities . When the last East Indian speaker,1,no recoverable verbal syntax,0,0,0,0,excluded by primary coding rule
mgc0941,boo,booed,MAG,NewRepublic,#accepting speaking engagements for the first time since he was,booed,off the stage at the 1944 Democratic convention at Dallas . He,0,,1,1,1,1,primary coding rule
mgc0942,wow,wowing,NEWS,Boston,#. For persons born around the time Fidel Castro was,wowing,"gullible intellectuals at Harvard , some explanation is",0,,1,1,0,1,primary coding rule
mgc0943,shoo,shooed,MAG,Atlantic,"toward her ; we threatened her with sticks ; we """,shooed,""" at her with demonstrations that would have quickly driven away",0,,1,1,1,0,primary coding rule
mgc0944,wow,wows,FIC,Play:StickHorse,. You might like the ditch. We're the lawnchair club at the pow,wows,now. The slow dance at Factor's. (JAKE HOLDS HER IN HIS,1,noun/proper-name/acronym use,0,0,0,0,excluded by primary coding rule
mgc0945,boo,booed,MAG,NewRepublic,#sat placidly rolling her own cigarettes . Periodically the sea,booed,", hissed , applauded , stood up and sat down . It",0,,1,1,1,0,primary coding rule
mgc0946,boo,boos,FIC,Convert,go to them . We shall never leave off ' (,boos,and groans ) ' till they leave office . Then we 'll,1,noun use,0,0,0,0,excluded by primary coding rule
mgc0947,boo,booing,MAG,Time,"student magazines and meetings , once belabored a dozen",booing,undergraduates with his umbrella . # Three years ago City,1,no recoverable verbal syntax,0,0,0,0,excluded by primary coding rule
mgc0948,boo,booed,MAG,Time,"#scientific . Rushed around New York City , he was",booed,by floor traders at the Stock Exchange and replied that he had,0,,1,1,1,1,primary coding rule
mgc0949,boo,booed,MAG,Time,#role of Uncle Tom in a Budapest cafe and is,booed,". Still , he rejects a standing offer to throw the championship",0,,1,1,1,1,primary coding rule
mgc0950,boo,booed,MAG,USNWR,"#ask a question , some colleagues applauded , and others",booed,". Their reaction prompted Nixon to ask , "" Are you running",0,,1,1,1,0,primary coding rule
mgc0951,shoo,shooing,NEWS,CSMonitor,brick highrises teeter over donkey-carts and street vendors,shooing,flies from fish pulled from the nearby Mediterranean . A,0,,1,1,1,0,primary coding rule
mgc0952,boo,boos,NF/ACAD,FartherShorePolitics,"of , say , Mrs. Roosevelt is mentioned , the audience",boos,", when Ike is mentioned it hisses , and with Goldwater it",0,,1,1,1,0,primary coding rule
mgc0953,boo,booed,NEWS,Chicago,"#e s , Yankees -- no . "" They were",booed,by some arida. tors.,0,,1,1,1,1,primary coding rule
mgc0954,boo,boos,FIC,Play:LordNelsonNaval,American But Hitler 's white like me ! ( There are,boos,and hisses . During this people have begun to crawl towards the,1,noun use,0,0,0,0,excluded by primary coding rule
mgc0955,boo,booed,MAG,Time,"#I 've got compromise fatigue . "" The voter was",booed,down .,0,,1,1,1,1,primary coding rule
mgc0956,boo,booing,FIC,Harpers,I had been led to expect . There was hissing and,booing,"at the end of the first act , and only the personal",0,,1,1,1,0,primary coding rule
mgc0957,boo,booing,TV/MOV,The Girl in the Red ...,"- [Barkers_Shouting] - Fellas , fellas . - [Crowd_Clamoring] ,",Booing,"- [Whistles] - Fellas , fellas , fellas . - [Clamoring_Stops] -",1,no recoverable verbal syntax,0,0,0,0,excluded by primary coding rule
mgc0958,boo,booed,FIC,Upstart,#he was too drunk to hit the mark -- he,booed,and catcalled every time Penny appeared on the stage . The other,0,,1,1,1,0,primary coding rule
mgc0959,shoo,shooing,TV/MOV,Psych,here . Shoo . And we 're shooing . We 're,shooing,. We 're shooing . Auf wiedersehen . Sweet . You heard,0,,1,1,1,0,primary coding rule
mgc0960,shoo,shooing,FIC,StringAmberBeads,descended upon the fair territory of my garden . As for,shooing,"a chicken off , my dear , when its gigantic intellect is",0,,1,1,1,1,primary coding rule
mgc0961,boo,booed,FIC,Convert,"#interchange went on for several minutes , while the crowd",booed,at the bald-headed Labourite for his mistaken enthusiasm .,0,,1,1,1,0,primary coding rule
mgc0962,ooh,oohed,FIC,Bk:DaughterAshes,"and kitchen area , waxed poetic about the screened-in porch and",oohed,and ahed over what the realtor 's listing described as a charming,0,,1,1,1,1,primary coding rule
mgc0963,boo,boos,MAG,NewYorker,"Brooklyn welcome , "" the room erupted in a frenzy of",boos,", cheers , shouts , and whistles . Thirty-odd demonstrators",1,noun use,0,0,0,0,excluded by primary coding rule
mgc0964,boo,boos,FIC,SouthernRev,"over in his pickup truck , our audience burned him with",boos,". He only waved his hands toward his face , as if",1,noun use,0,0,0,0,excluded by primary coding rule
mgc0965,wow,wows,FIC,Play:StickHorse,Oklahoma -- from these northeast hills to the flat prairie -- following rodeos and pow,wows,. I could smell the ripe hay along the road. (THE SPIRIT-DANCERS IN,1,noun/proper-name/acronym use,0,0,0,0,excluded by primary coding rule
mgc0966,boo,boos,TV/MOV,Miami Vice,"Miami 's own Hector "" Bazooka "" Hidalgo ! Cheers ,",Boos,"Hector "" Bazooka "" Hidalgol You guys know what goes on and",1,noun use,0,0,0,0,excluded by primary coding rule
mgc0967,boo,boos,NEWS,Chicago,Thompson and Mayor Hall . The mayor was met with mingled,boos,and applause . Hall 's opening remarks were drowned out with,1,noun use,0,0,0,0,excluded by primary coding rule
mgc0968,shoo,shooed,MAG,Smithsonian,. When the owners of Antojitos Carmen got tired of being,shooed,"away , the Boyle Heights taco table , famous for its Mexico",0,,1,1,1,1,primary coding rule
mgc0969,shoo,shooed,FIC,BigSleep,got a nice clean manly little room in there . He,shooed,you out and locked it up when he had lady visitors .,0,,1,1,1,1,primary coding rule
mgc0970,boo,booed,MAG,Harpers,#. Street meetings attracted meager audiences which either,booed,or threw bottles . In the working-class sections Mosley and his,0,,1,1,1,0,primary coding rule
mgc0971,boo,booed,NEWS,Chicago,"#, too . And called the fight . The crowd",booed,. Thunder shook his head again ? this time in defeat .,0,,1,1,1,0,primary coding rule
mgc0972,boo,booed,MAG,SportsIll,#docs not tip his cap : a ) he is,booed,; b ) he becomes manager of the Texas Rangers . //,0,,1,1,1,1,primary coding rule
mgc0973,boo,boos,TV/MOV,Bedlam,Colby . He fell trying to escape . Some of our,boos,have n't sense enough to keep safe behind their bars . Where,1,noun use,0,0,0,0,excluded by primary coding rule
mgc0974,boo,booing,FIC,Mov:NightAtOperaA,stage - reacts as something is thrown at him - Audience,booing,o.s. - 100B LS - Laspary crossing right and exiting into wings,0,,1,1,1,0,primary coding rule
mgc0975,shoo,shooed,FIC,Bk:OtherDaughterNovel,"sort of governess might have told them no , might have",shooed,them away back to the nursery . But Rachel had never seen,0,,1,1,1,1,primary coding rule
mgc0976,boo,booed,NEWS,NYT-Reg,"#of more than hundred . persons , most of whom",booed,workers leaving the Grant Mill of the B. B. and R. Knight,0,,1,1,1,0,primary coding rule
mgc0977,boo,boos,MAG,Time,anti-Nazis interrupted his dinner at Bund headquarters with,boos,"and brickbats , bum's-rushed him fuming out of town .",1,noun use,0,0,0,0,excluded by primary coding rule
mgc0978,boo,boos,NEWS,Chicago Tribune,an environment where even more popular Democrats were met with,boos,from dissatisfied Sanders delegates . # It was even somewhat,1,noun use,0,0,0,0,excluded by primary coding rule
mgc0979,boo,booed,NEWS,NYT,"#ll miss Lynn and Burleson and Fisk , but they",booed,' em when they didn ' t perform . The fans say,0,,1,1,1,0,primary coding rule
mgc0980,wow,wowed,TV/MOV,The Lizzie McGuire Movie,#Isabella goes blond . Italian pop duo Paolo and Isabella,wowed,"the crowd outside a shop near the Trevi Fountain , showing off",0,,1,1,1,1,primary coding rule
mgc0981,shoo,shooed,FIC,IJamesLewis,"with moral abasement , rose over the girl 's shoulder and",shooed,us back . He began then and there to lecture us all,0,,1,1,1,1,primary coding rule
mgc0982,ooh,oohing,FIC,DirtyWork,after he 'd grown up . And people would still be,oohing,and ahhing over his beautiful blue eyes . She had n't wanted,0,,1,1,1,1,primary coding rule
mgc0983,shoo,shooed,FIC,WorksLove,"the newspaper over his face , and she ate chocolates and",shooed,the flies off his big hands . They were red on the,0,,1,1,1,1,primary coding rule
mgc0984,ooh,oohing,FIC,DoLordRemember,We got in there and she looked all around at everything,oohing,and aahing . Like I had asked her into my living room,0,,1,1,1,0,primary coding rule
mgc0985,ooh,oohs,FIC,Changes,"beau. She didn't want to end up like Mel. "" She just",oohs,"and coos and smiles at them all in the halls at school, and I",0,,1,1,1,1,primary coding rule
mgc0986,boo,booing,MAG,SportsIll,"from hundreds of miles , were gentle . There was little",booing,of the dying gods . Most of them knew -- the Yankees,1,noun use,0,0,0,0,excluded by primary coding rule
mgc0987,boo,booing,MAG,SportsIll,bout in Munich . // Biggs was more hurt by the,booing,"than by Damiani 's punches . "" What do they want from",1,noun use,0,0,0,0,excluded by primary coding rule
mgc0988,wow,wowed,MAG,VegTimes,"#meal that a homesick expat vegified , the dishes that",wowed,us and the stories behind them will win you over too .,0,,1,1,0,1,primary coding rule
mgc0989,wow,wows,NEWS,WallStJrnl,"Gephardt woos key Biden supporters, lavishing praise on him in public appearances. Jackson",wows,"white audiences in Iowa and Democratic National Committee members in Washington, but he and",0,,1,1,1,1,primary coding rule
mgc0990,boo,boos,FIC,Mov:RagingBull,"the matter with you , you motherfucker ? Hit me !",Boos,and catcalls echo through the Garden . This is not even a,1,noun use,0,0,0,0,excluded by primary coding rule
mgc0991,boo,boos,NEWS,NYT-Reg,"f Or : "" There were some cheers and a few",boos,for Mr. Lindsay as he began his campaign a few hours later,1,noun use,0,0,0,0,excluded by primary coding rule
mgc0992,shoo,shooed,FIC,EmigrantTrail,looked over their shoulders radiating proud content . Then she,shooed,"them out and went about her work of "" redding up ,",0,,1,1,1,1,primary coding rule
mgc0993,boo,booed,MAG,Time,"#) , by Laborite M. P. 's who cat-called and",booed,among themselves while a message from the King was read . #,0,,1,1,1,1,primary coding rule
mgc0994,shoo,shooed,FIC,Analog,"when they fear we will eat them ? "" She absently",shooed,a cub away front the four mammaries on her belly . #,0,,1,1,1,1,primary coding rule
mgc0995,ooh,oohed,MAG,NatGeog,"twenty or so untries that I had visited , they """,oohed,""" and hed "" with envy . "" We are glad that",0,,1,1,1,0,primary coding rule
mgc0996,wow,wowing,MAG,Time,"#City , Rome , Bonn and Geneva . Batoman is",wowing,them on TV in Tokyo and playing in Buenos Aires and London,0,,1,1,0,1,primary coding rule
mgc0997,boo,booing,MAG,SportsIll,crowd booing -- and if you think the one they 're,booing,"is the player , then you have n't been to a ball",0,,1,1,1,0,primary coding rule
mgc0998,shoo,shooed,MAG,NatlParks,the park from 1981 to 1991 . After the bruin was,shooed,"away , the waterlogged guests considered the incident humorous",0,,1,1,1,1,primary coding rule
mgc0999,boo,booed,MAG,Time,#apprenticeship restrictions that deny jobs to Negroes . They,booed,. When he urged building workers to increase their productivity,0,,1,1,1,0,primary coding rule
mgc1000,boo,booing,FIC,BangDrumSlowly,"like I thought booing was a compliment , and they stopped",booing,"and laughed , and I warmed with Jonah and went in in",0,,1,1,1,0,primary coding rule
mgc1001,boo,booing,MAG,Nation,this is about twice the size of the corresponding portion of,Booing,'s work . This increase is in part the result of the,1,OCR/proper-name/non-target use,0,0,0,0,excluded by primary coding rule
mgc1002,boo,boos,MAG,Time,"of the coming heavyweight fight , and was drowned out by",boos,". The day before , Manhattan police raided the Jacobs Ticket",1,noun use,0,0,0,0,excluded by primary coding rule
mgc1003,shoo,shooed,FIC,SouthernRev,". Still , Lorenzo , the elder , could n't be",shooed,"away . # Juan said he 'd wait for their parents ,",0,,1,1,1,1,primary coding rule
mgc1004,wow,wowed,MAG,Time,"#the President is providing strong leadership , they are not",wowed,by his habit of substituting rhetoric for action . # So far,0,,1,1,0,0,primary coding rule
mgc1005,wow,wowing,NEWS,WashPost,#bids for minor office . The young Kennedys are n't,wowing,"voters . Now comes the third generation of Bushes , clinging to",0,,1,1,0,0,primary coding rule
mgc1006,boo,booed,FIC,Mirkieim,"#"" A part of the listeners cheered , a part",booed,", most stood in troubledmuteness . Never before had the",0,,1,1,1,0,primary coding rule
mgc1007,boo,booed,NEWS,Chicago,#for the last 16 years . I ' ve been,booed,"by 60 , 000 people . "" Ask Judge Bob Thomas what",0,,1,1,1,1,primary coding rule
mgc1008,ooh,oohing,FIC,FantasySciFi,"double-triplane kite into a towed glider . Peter loved it ,",oohing,and ahhing with a child 's utter confidence that adults would not,0,,1,1,1,0,primary coding rule
mgc1009,boo,boos,MAG,Time,"1969 , when Oh ! Calcutta ! opened to almost universal",boos,"from the critics : the first moon landing , Watergate , gas",1,noun use,0,0,0,0,excluded by primary coding rule
mgc1010,boo,boos,NEWS,NYT-Reg,txt Representative John V. Lindsay was greeted with a cascade of,boos,"and cries of "" pinko "" on Wall Street yesterday when be",1,noun use,0,0,0,0,excluded by primary coding rule
mgc1011,wow,wowing,MAG,Time,# 299243,Wowing,"big groups and small , Ferraro is suddenly a heroine # Just",0,,1,1,0,0,primary coding rule
mgc1012,boo,booed,NEWS,NYT-Reg,#it could not have been a regular commercial transaction .,Booed,by Leftists in London Wireless to THE NEW YORK TIMES . LONDON,0,,1,1,1,0,primary coding rule
mgc1013,boo,booing,FIC,MagnoliaStreet,", had come and knocked their heads together and stopped them",booing,. They knew that John Cooper was now away at sea .,1,no recoverable verbal syntax,0,0,0,0,excluded by primary coding rule
mgc1014,boo,booed,FIC,Bk:150Pounds,"#lost to obesity-related cancer a year . "" # Someone",booed,"her , but she ignored it , continuing with her facts :",0,,1,1,1,1,primary coding rule
mgc1015,wow,wowed,MAG,CountryLiving,###4105102 Stylist Halligan Smith shares the party tricks that,wowed,at her wedding -- and are sure to upgrade any event .,0,,1,1,0,0,primary coding rule
mgc1016,boo,booing,FIC,CityIllusion,"you sons-a-bitches ! "" He gazed fiercely at hoodlums who were",booing,"him . "" Ladeez and gentamun , we got a grand visiter",0,,1,1,1,1,primary coding rule
mgc1017,wow,wowed,NEWS,USAToday,"#I look back , I find many of my experts",wowed,"' em . Here , in order of appearance , are some",0,,1,1,0,0,primary coding rule
mgc1018,boo,boos,FIC,Analog,"usual cheers and wolf whistles , she heard a number of",boos,"and taunts . "" Sleeping on the job , Blaze ? """,1,noun use,0,0,0,0,excluded by primary coding rule
mgc1019,boo,booed,MAG,Time,#last year proved to be a debacle for Bernstein-he was,booed,"on the podium , picketed by the Jewish Defense League ,",0,,1,1,1,1,primary coding rule
mgc1020,boo,booed,FIC,Sybil,#earn his daily wages doing a routine job . They,booed,". The bull was at the horse now , and Matagatos came",0,,1,1,1,1,primary coding rule
mgc1021,boo,booed,MAG,Time,#ceremonies at a state trucking association meeting was roundly,booed,when he asked members to join him in a rollicking chorus of,0,,1,1,1,0,primary coding rule
mgc1022,boo,boos,NEWS,NYT-Reg,"man , your friend and mine , "" he said before",boos,"drowned out his voice , "" spent his own money fighting for",1,noun use,0,0,0,0,excluded by primary coding rule
mgc1023,shoo,shooed,NF/ACAD,WorldWithinWorld,by strange affinities and incantations : oratory was at last,shooed,out of the laboratory . This approach was only completed in the,0,,1,1,1,1,primary coding rule
mgc1024,boo,booing,FIC,GoneWithWind,but the chief did n't . What the hell are they,booing,"about ? he said , No cop would tell him , so",0,,1,1,1,0,primary coding rule
mgc1025,ooh,oohed,FIC,Unseen,"she told them , "" Lucky , "" and they generally",oohed,and aahed and said what a great name it was . #,0,,1,1,1,0,primary coding rule
mgc1026,ooh,oohing,FIC,HissyFit,"teas , enough sappy wedding showers , enough family and friends",oohing,and aahing over the perfect couple . A.J. had had enough too,0,,1,1,1,1,primary coding rule
mgc1027,wow,wowed,NEWS,WallStJrnl,#made three speeches in the state several months ago and,wowed,"businessmen with his economic views . "" There are people",0,,1,1,1,0,primary coding rule
mgc1028,boo,boos,NEWS,Chicago,The exit of the demonstrators was met by mixed applause and,boos,"from the audience of 10,000 attending the commencement .",1,noun use,0,0,0,0,excluded by primary coding rule
mgc1029,boo,booing,TV/MOV,Rocky V,"... turbocharged . Tommy "" The Machine "" Gunn ! (",booing,", somecheering ) Looks like the fans are unhappy with Tommy Gunn",1,no recoverable verbal syntax,0,0,0,0,excluded by primary coding rule
mgc1030,boo,booed,MAG,Atlantic,#all used up on the first one . The public,booed,me to the skies ; but somehow or other I managed to,0,,1,1,1,0,primary coding rule
mgc1031,boo,booed,FIC,SouthernRev,#who compared ironing to the joys of sex and got,booed,. Once she read Goody a letter the woman had sent her,0,,1,1,1,0,primary coding rule
mgc1032,shoo,shooing,FIC,Bk:DeadlyAffairAt,across her face and she waves her right hand as if,shooing,"a fly . "" Jenny 's not here ? "" Her voice",0,,1,1,1,1,primary coding rule
mgc1033,boo,boos,MAG,Time,", Michigan automobile workers who greeted him with",boos,. # Concrete proposals in the Willkie case : # Taxation .,1,noun use,0,0,0,0,excluded by primary coding rule
mgc1034,ooh,oohed,MAG,Time,to U.S. Model Suzy Parker . Dallas was frankly overwhelmed .,Oohed,"one Southern Methodist University coed : "" Gee . I hardly know",0,,1,1,1,0,primary coding rule
mgc1035,boo,boos,FIC,Play:MelodramaPlay,"so very blue (He stomps his foot , the band",boos,"him , DUKE gives them the finger , DANA enters with scissors.",1,noun use,0,0,0,0,excluded by primary coding rule
mgc1036,shoo,shoos,FIC,Bk:FatherRain,"They circle around us , tails thwapping , and my father",shoos,them out into the dining room and shuts the door . Then,0,,1,1,1,1,primary coding rule
mgc1037,boo,booing,FIC,Mov:SetUpThe,lands an inch under the belt . A few fans start,booing,", but the gong drowns them out . Stoker looks at the",0,,1,1,1,1,primary coding rule
mgc1038,shoo,shooing,FIC,HiddenGold,"You know , father , I never could wax enthusiastic over",shooing,"the cows to roost and things like that . "" "" Um",0,,1,1,1,1,primary coding rule
mgc1039,ooh,oohs,MAG,ChristCentury,"125,000 CDs sold -- from 1992 to 1993. The man who prompts the """,oohs,""" and "" ahs "" began his musical career as a choirboy at Highgate School",1,noun use,0,0,0,0,excluded by primary coding rule
mgc1040,shoo,shooing,FIC,WildJusticeStories,", telling the natives beforehand about the photograph , and",shooing,off the children when they come too close to it . The,0,,1,1,1,1,primary coding rule
mgc1041,shoo,shooing,FIC,FantasySciFi,"Lorenzo ? "" "" Quite probably . "" He made a",shooing,"motion . She moved to the doorway . "" I was most",1,adjectival use without recoverable verbal syntax,0,0,0,0,excluded by primary coding rule
mgc1042,shoo,shooed,FIC,Minotaur,". The Labrador wanted to come with him , but he",shooed,it back and latched the gate behind him . He opened his,0,,1,1,1,0,primary coding rule
mgc1043,boo,booing,FIC,MagnoliaStreet,names of De Wet and Cronje arose amid a hissing and,booing,", and the relief of Ladysmith aroused such thunder that you might",1,no recoverable verbal syntax,0,0,0,0,excluded by primary coding rule
mgc1044,ooh,oohs,MAG,coca,"close to being a swimsuit issue, you're holding it. Nothing elicits more",oohs,"and ahhs, more envy, more full-contact elbowing around the light box in the",1,noun use,0,0,0,0,excluded by primary coding rule
mgc1045,boo,booing,NEWS,NYT-Reg,political feelings . In the crowded Place de l'Opera cheers and,booing,alternated and a strong force of Mobile Guards was on hand .,1,noun use,0,0,0,0,excluded by primary coding rule
mgc1046,boo,booing,MAG,Time,"front-office job from 1957 to 1960 . "" Mickey finds the",booing,terribly hard to take . He becomes defiant and throws bats and,1,noun use,0,0,0,0,excluded by primary coding rule
mgc1047,boo,boos,FIC,MerryMonthMay,to a smattering ofp182applause and a great number of derisive,boos,". The blond boy beat his gavel and recognized someone else ,",1,noun use,0,0,0,0,excluded by primary coding rule
mgc1048,shoo,shooed,FIC,Whistle,while Billy talked about the company until the nurse came and,shooed,them all away . Inwardly Winch was cursing savagely . All of,0,,1,1,1,1,primary coding rule
mgc1049,wow,wowed,MAG,TechReview,"#accounts of the incident , however , he was n't",wowed,"by the mere existence of scanner technology , which has been",0,,1,1,0,0,primary coding rule
mgc1050,shoo,shooed,MAG,SatEvePost,"Hilton Hotel , cro Jed with commercial trwelers , and Bob",shooed,me its dimly lighted Golden Cit ? Bar . As %e drove,0,,1,1,1,0,primary coding rule
mgc1051,boo,boos,NEWS,Atlanta,the nomination . He raised his hand and shrugged as the,boos,"rained down . "" I can not say , "" Trump said",1,noun use,0,0,0,0,excluded by primary coding rule
mgc1052,ooh,oohed,FIC,SickFriends,mentioned four times a day that she loved him . She,oohed,and cooed in bed . Her morning breath had never been the,0,,1,1,1,0,primary coding rule
mgc1053,boo,booing,MAG,Time,"Wagner himself designed , and they brought on a storm of",booing,deep and raw . A few people both booed and clapped at,1,noun use,0,0,0,0,excluded by primary coding rule
mgc1054,boo,boos,FIC,FantasySciFi,them to make them look good . There are a few,boos,"when I return to my comer . I feel Jimmy Riley ,",1,noun use,0,0,0,0,excluded by primary coding rule
mgc1055,boo,boos,NF/ACAD,FieldBrokenStones,", my weight hung on it . B000000 B0000000000 .... Loud",boos,"descended from the tier-walks above us , B00000 . . . then",1,noun use,0,0,0,0,excluded by primary coding rule
mgc1056,boo,booing,MAG,SportsIll,underscored by dozens of smaller ones each year : Eagles fans,booing,the choice of Donovan McNabb over Heisman Trophy winner Ricky,0,,1,1,1,1,primary coding rule
mgc1057,wow,wowed,MAG,Astronomy,"#then you 'll see dark . "" The crowd was",wowed,". For Dobson , the party was clearly just an excuse to",0,,1,1,1,1,primary coding rule
mgc1058,shoo,shooing,FIC,Fan Fic,"Nor 's presence made her agitated , and she made a",shooing,"motion towards the girl , who darted out of the room and",1,adjectival use without recoverable verbal syntax,0,0,0,0,excluded by primary coding rule
mgc1059,boo,booing,NEWS,NYT-Reg,followed the three t from the Tombs to the court house,booing,and hissing the angry judge . It was learned on good authority,1,noun use,0,0,0,0,excluded by primary coding rule
mgc1060,shoo,shooed,FIC,Coil,". When the small group reached the psychology building , she",shooed,them on their way . One young man was particularly sweet .,0,,1,1,1,1,primary coding rule
mgc1061,boo,booing,FIC,Mov:Virtuosity,forget her face is now 40 feet high . FANS are,booing,", or cheering , depending on their mood . An EMCEE stands",0,,1,1,1,1,primary coding rule
mgc1062,boo,booed,MAG,Time,"#abuse . # "" The first time I was ever",booed,"in my life was with the Cowboys , "" says Meredith .",0,,1,1,1,0,primary coding rule
mgc1063,shoo,shooed,FIC,BeyondBedroomWall,". A crowd had gathered behind Nearchose . He turned ,",shooed,"them away . "" Nothing to see . Everything 's okay .",0,,1,1,1,1,primary coding rule
mgc1064,boo,boos,NEWS,NYT-Reg,"Once , and It evoked a mixture of howls and """,boos,""" from all over the hall , with wild shouts of approval",1,noun use,0,0,0,0,excluded by primary coding rule
mgc1065,wow,wows,FIC,AnAmericanDream,"poco, I started to trundle along on Bess's extra ventures. They were",wows,. Had to talk my way out of a bad place or two -- Bess,1,noun/proper-name/acronym use,0,0,0,0,excluded by primary coding rule
mgc1066,boo,booed,NEWS,NYT-Reg,"#the day was at Fordham University , where he was",booed,"as well as cheered . Smiling , he told ' a crowd",0,,1,1,1,1,primary coding rule
mgc1067,boo,boos,NEWS,Chicago,marred his appearance at a suburban shopping center with,boos,"and jeers . In what Mayor Daley called "" the greatest salute",1,noun use,0,0,0,0,excluded by primary coding rule
mgc1068,shoo,shoos,FIC,Mov:TradingPlaces,"him go . Randolph smiles at the gawking employees , and",shoos,them out . RANDOLPH (continuing ; full of false compassion ),0,,1,1,1,1,primary coding rule
mgc1069,wow,wowing,NEWS,SanFran,#in the historic Fuller Building on Madison Avenue . #,Wowing,the crowd were must-have delights from Bonhams ' upcoming,0,,1,1,1,1,primary coding rule
mgc1070,boo,boos,MAG,SatEvePost,customers raised the roof of Briggs Stadium with violent,boos,. Greenberg threatened to beat Ruth 's record down to the final,1,noun use,0,0,0,0,excluded by primary coding rule
mgc1071,shoo,shooed,FIC,Bk:DeadHead,"jeans , held the diner 's screen door open , and",shooed,"me inside . "" C'm on , Linnaeus , "" she said",0,,1,1,1,0,primary coding rule
mgc1072,wow,wowing,NEWS,WallStJrnl,#and favoring added incentives for private investment .,Wowing,"Colorado Businessmen In Colorado , which just elected a",0,,1,1,0,0,primary coding rule
mgc1073,boo,booing,FIC,BangDrumSlowly,for me . I still did not know what they were,booing,"at , and the paper did not know , neither , some",0,,1,1,1,1,primary coding rule
mgc1074,wow,wowing,NEWS,NYT,"#, wearing a tie and arriving by private plane ,",wowing,"Spielvogel 's teenage secretary . # "" He comes in and first",0,,1,1,0,0,primary coding rule
mgc1075,boo,booed,MAG,ESPN,#. # The New York-born coach is out after being,booed,at home following Wednesday 's loss to Sidigas Avellino . # A,0,,1,1,1,1,primary coding rule
mgc1076,wow,wowed,NEWS,USA TODAY,#nominee Sara Bareilles received the Johnny Mercer Award and,wowed,"with her performance onstage . # Mellencamp sang "" Jack and",0,,1,1,0,0,primary coding rule
mgc1077,shoo,shooing,FIC,StainlessSteel,", where she could keep watch in a nearby room ,",shooing,her granddaughter back into a lighted parlor whenever she,0,,1,1,1,1,primary coding rule
mgc1078,shoo,shoos,FIC,Read,"check myself , but Thatha does n't get angry . He",shoos,me away when I thank him . Narr 3 : Amma waits,1,unclear or non-verbal use,0,0,0,0,excluded by primary coding rule
mgc1079,wow,wowed,FIC,Mov:BatmanYearOne,"#SUPER COP ' . ANCHOR , BRIAN Detective James Gordon",wowed,the city of Gotham by single-handedly rescuing a small child,0,,1,1,0,1,primary coding rule
mgc1080,shoo,shooing,MAG,Time,"Exocet missiles , are on constant alert , occasionally",shooing,away Iranian intruders . Qaboos has also seen to it that Oman,0,,1,1,1,1,primary coding rule
mgc1081,boo,booed,MAG,Time,"#this unprecedented sight , a group of reactionaries hissed ,",booed,", catcalled . # Five minutes later , accompanied by Exchange",0,,1,1,1,0,primary coding rule
mgc1082,wow,wowed,NEWS,SanFran,#'s premium Chateauneuf du Pape producers . Connoisseurs will be,wowed,"by the 1996 Chateau St. Jean Cinq Cepages , the Sonoma blend",0,,1,1,0,0,primary coding rule
mgc1083,boo,booing,MAG,SportingNews,the jeers on his first shot . Then he heard more,booing,", louder and louder throughout the game . He finished that",1,no recoverable verbal syntax,0,0,0,0,excluded by primary coding rule
mgc1084,boo,booing,FIC,AdesFables,"he had been sitting on the Fence for many years ,",booing,"those who tried to saw Wood , his Satellites began coaxing him",1,no recoverable verbal syntax,0,0,0,0,excluded by primary coding rule
mgc1085,boo,boos,FIC,Mov:NightAtOperaA,wig - speaks - turns and goes to b.g. - Audience,boos,o.s. - LASPARY ( o.s . ) Never in my life (,0,,1,1,1,0,primary coding rule
mgc1086,ooh,oohing,FIC,Bk:WannaGetLucky?,"opinion . As usual , a crowd clustered under them ,",oohing,and ahhing . Continues ...,0,,1,1,1,0,primary coding rule
mgc1087,shoo,shooing,MAG,Harpers,bet if her town was bombarded she 'd go right on,shooing,the flies out of her kitchen and mopping up her pantry floor,0,,1,1,1,1,primary coding rule
mgc1088,boo,booing,FIC,BangDrumSlowly,"arm at them and waved and smiled , like I thought",booing,"was a compliment , and they stopped booing and laughed , and",0,,1,1,1,0,primary coding rule
mgc1089,boo,booed,NEWS,NYT,#you become a distraction . No one likes to be,booed,", and his teammates know he wants to be traded . It",0,,1,1,1,0,primary coding rule
mgc1090,boo,booing,FIC,Play:ThreeAmericanisms,to boo too so my voice 'll get lost in the,booing,and they will henceforth get lost and be gone and not notice,1,noun use,0,0,0,0,excluded by primary coding rule
mgc1091,shoo,shooed,FIC,TalesRoad,for good . The ' hoppers came abuzzin ' But I,shooed,"them all away , Next blew the hot winds furious ; Still",0,,1,1,1,1,primary coding rule
mgc1092,boo,booing,MAG,Salon,experience to have an entire crowd of people . . .,booing,you and it 's especially unique when they 're actually saying,0,,1,1,1,0,primary coding rule
mgc1093,ooh,oohed,FIC,SouthernRev,"finally the baby lay curled in a tiny red ball ,",oohed,"and aahed over by Mama , and Tom stood up . #",0,,1,1,1,1,primary coding rule
mgc1094,ooh,oohing,FIC,UnfinishedCathedral,"no , "" she exclaimed , and took his hand ,",oohing,"earnestly into his face . "" Let some eloquent man like Brekker",1,no recoverable verbal syntax,0,0,0,0,excluded by primary coding rule
mgc1095,ooh,oohs,FIC,GettysburgRev,toward the men in the first row of tables. The bending elicited the predictable,oohs,"and exhortations. Another linebacker type, maybe the bartender's brother, was stationed",1,noun use,0,0,0,0,excluded by primary coding rule
mgc1096,shoo,shooing,FIC,Harpers,"shrugs ) apparently from nowhere , and Denis is kept busy",shooing,minors out of the place . But on Sunday nights the bar,0,,1,1,1,0,primary coding rule
mgc1097,boo,booed,MAG,SportsIll,#If the players here have been spoiled by not being,booed,"and we 've changed that , "" relief pitcher Randy Flores says",0,,1,1,1,1,primary coding rule
mgc1098,shoo,shooed,FIC,MeltingMolly,the bottle encounters of the night before -- saw Mr. Johnson,shooed,off down the street by Mrs. Johnson ; saw the doctor 's,0,,1,1,1,1,primary coding rule
mgc1099,boo,booed,NEWS,NYT-Reg,#which the Dewey caravan passed . Many spectators in Scranton,booed,"Mr. Dewey , and many called out "" We want Roosevelt .",0,,1,1,1,0,primary coding rule
mgc1100,boo,boos,MAG,Time,The audience response at the Hamburg premiere was a blend of,boos,"and bravos , although applause predominated at a different",1,noun use,0,0,0,0,excluded by primary coding rule
mgc1101,boo,boos,NEWS,USAToday,a deliberately provocative title that has won its author public,boos,"and even death threats . # "" Solitude is important , """,1,noun use,0,0,0,0,excluded by primary coding rule
mgc1102,wow,wowed,MAG,Environmental,"#with herds of buffaloe , Elk Antelopes , "" the",wowed,"explorers reported , according to The Way to the Western Sea by",1,non-verbal vocalization,0,0,0,0,excluded by primary coding rule
mgc1103,boo,booed,FIC,Mov:Munich,#to the funerals because she did n't want to be,booed,. It 's a good sign that you did n't ask questions,0,,1,1,1,0,primary coding rule
mgc1104,boo,booed,MAG,Time,#and the crowd really let go . A hard-bitten minority,booed,", but they were drowned out by the cheers . It was",0,,1,1,1,0,primary coding rule
mgc1105,boo,booed,NEWS,Chicago,"#is down to this : hitting around .210 , getting",booed,and having fans outwardly question whether he 's trying . # The,0,,1,1,1,0,primary coding rule
mgc1106,shoo,shooing,NEWS,WallStJrnl,", "" he says . "" Then , I 'm always",shooing,away people who come on my land to pick the stuff .,0,,1,1,1,1,primary coding rule
mgc1107,boo,booing,MAG,Atlantic,"I sneaked off toward the barrera , and the shouting and",booing,were terrific . Eventually I did place the banderillas ? not k,1,no recoverable verbal syntax,0,0,0,0,excluded by primary coding rule
mgc1108,boo,booed,TV/MOV,Freaks and Geeks,#got booed off the stage . We did n't get,booed,off the stage . So what do you say ? You wan,0,,1,1,1,0,primary coding rule
mgc1109,boo,booed,MAG,Time,"#than at San Francisco in July , where Republican delegates",booed,"and hissed newsmen from the floor . In contrast , never has",0,,1,1,1,1,primary coding rule
mgc1110,boo,booing,NEWS,Chicago,had demonstrated this ' by walking calmly in the vicinity of,booing,demonstrators . and entering his car outside Parliament house .,1,no recoverable verbal syntax,0,0,0,0,excluded by primary coding rule
mgc1111,boo,boos,FIC,Analog,had a considerable following . But there were also scattered,boos,", and even one raucous shout of , "" We want Michael",1,noun use,0,0,0,0,excluded by primary coding rule
mgc1112,shoo,shooing,MAG,Time,"(Maharajas rarely carry a cent in their pantaloons ) ,",shooing,"away swindlers , for whom he has a keen nose . #",0,,1,1,1,1,primary coding rule
mgc1113,shoo,shooing,FIC,Bk:Devoted:Novel,", Thelma gently scolded him like a mother hen , practically",shooing,"him out of the house . "" You 've got bishop work",0,,1,1,1,1,primary coding rule
mgc1114,boo,boos,NF/ACAD,TasteAmerica,"excoriating "" those "" on "" welfare . "" A few",boos,"broke from the floor , to be lost in louder booing from",1,noun use,0,0,0,0,excluded by primary coding rule
mgc1115,ooh,oohs,NEWS,cleveland.com,impressive when rolling out our scrambling around. Those completions drew almost as many',oohs,"' as the deep balls in the finale. # "" This dude just rolled",1,noun use,0,0,0,0,excluded by primary coding rule
mgc1116,boo,boos,NEWS,NYT-Let,"profit rules , offered in the recently completed",Boos,"Alien report on the over-the-counter markets , is hardly",1,proper-name/metalinguistic/non-target use,0,0,0,0,excluded by primary coding rule
mgc1117,boo,booed,NEWS,Denver,"#Tito of Yugoslavia in 1964 , and in 1968 was",booed,off a Broadway stage - for all the right reasons . #,0,,1,1,1,1,primary coding rule
mgc1118,boo,boos,MAG,Time,"he 's brooding . "" When Mantle is down , the",boos,begin to rumble throughout Yankee Stadium even before he steps,1,noun use,0,0,0,0,excluded by primary coding rule
mgc1119,shoo,shooing,FIC,StreetDreams,gasp and turned around . A man wearing a toque was,shooing,"me away with dismissive hands . "" Zis is a food establishment",0,,1,1,1,0,primary coding rule
mgc1120,boo,boos,NEWS,NYT-Reg,. Mr. Connolly quickly roused the Ryan followers to volleys of,boos,"as he assailed David Beck , head of the International",1,noun use,0,0,0,0,excluded by primary coding rule
mgc1121,boo,booed,NEWS,NYT-Reg,"#fans , the gathering could boo , too . It",booed,"President Roosevelt , all New Dealers , Mayor La Guardia ,",0,,1,1,1,0,primary coding rule
mgc1122,shoo,shooed,MAG,Harpers,that idiotic basement listening to a servants ' chorus . I,shooed,them all upstairs into our kitchenette and yanked open drawers,0,,1,1,1,1,primary coding rule
mgc1123,boo,booed,MAG,SportsIll,#1948 he had become a certified ex-celebrity . The crowd,booed,him so lustily when he came to bat in one exhibition game,0,,1,1,1,1,primary coding rule
mgc1124,wow,wowed,FIC,Confrontation,"#like the meekest man on the planet , was suitably",wowed,", told me to go ahead -- "" whatever you think is",0,,1,1,0,0,primary coding rule
mgc1125,boo,boos,MAG,Time,205862,Boos,for Bobby # Mail to Democratic National Headquarters has run,1,noun use,0,0,0,0,excluded by primary coding rule
mgc1126,ooh,oohing,FIC,HarpersMag,# He passes around snapshots of his ranch and we sit,oohing,and aahing while holding our lemonades between our knees . It 's,0,,1,1,1,0,primary coding rule
mgc1127,wow,wowing,MAG,Gizmodo,#starred in . # Advertisement # When it comes to,wowing,your friends with a deep knowledge of the works of a particular,0,,1,1,0,0,primary coding rule
mgc1128,shoo,shooed,FIC,SouthernRev,he 'd thought . But his lips stuck together . She,shooed,"at him with her hands , and he realized he was still",0,,1,1,1,0,primary coding rule
mgc1129,ooh,oohed,NF/ACAD,BroadcastManagement,"in one way , that 's a lot of money .",oohed,"at in another way , it 's a lot of progress .",1,OCR or unclear context,0,0,0,0,excluded by primary coding rule
mgc1130,boo,booed,MAG,SportingNews,"#in Boston , mind you-hated Walker . Hated him .",Booed,"him relentlessly , like the time in April 1999 when Walker began",0,,1,1,1,1,primary coding rule
mgc1131,shoo,shooed,FIC,WithTorchy,"tick of six-forty-five , and inside of three minutes Aunty has",shooed,"us into the dinin ' room . And , say , the",0,,1,1,1,1,primary coding rule
mgc1132,shoo,shooed,MAG,Time,in their own responses . Nostalgia is a bug not easily,shooed,". # Love-Hate . For Disney , nostalgia was an article of",0,,1,1,1,0,primary coding rule
mgc1133,boo,booing,FIC,Mov:ScenesFromMall,. . twenty . . . A couple of kids start,booing,sympathetically from within . -- 3 -- NICK (grins ) Allies,0,,1,1,1,1,primary coding rule
mgc1134,boo,boos,NEWS,Chicago,to crithe . The statement was met with a chorus of,boos,"from the courtroom spectators , but Judge Brown made no move to",1,noun use,0,0,0,0,excluded by primary coding rule
mgc1135,ooh,oohs,FIC,Play:WePeople,emphasis of light is on Bailey and Lucy. The minuet concludes to handclapping and,oohs,"of appreciative feminine voices in the sound track -- "" Beautiful, "" "" Oh",1,noun use,0,0,0,0,excluded by primary coding rule
mgc1136,boo,booed,MAG,ReadersDigest,"#his corner , and inspected his manicure while the crowd",booed,and cheered . From time to time Gorgeous removed a gold bobby,0,,1,1,1,1,primary coding rule
mgc1137,shoo,shooed,MAG,SportsIll,"occupied in Louisville , Wichita and Indianapolis before being",shooed,away by Standke . The remarkable fact is that responsible,0,,1,1,1,1,primary coding rule
mgc1138,boo,boos,FIC,Mov:Nashville,welcome -- a get-well welcome for Barbara-Jean . And as the,boos,"change to applause , Barnett makes his way up the ramp to",1,noun use,0,0,0,0,excluded by primary coding rule
mgc1139,boo,boos,NEWS,NYT,"# When the season started , Raptors fans greeted him with",boos,". Once with the Nets , he admitted to John Thompson on",1,noun use,0,0,0,0,excluded by primary coding rule
mgc1140,boo,booed,MAG,Newsweek,"#more than 20,600 Americans . Vice President George Bush was",booed,during his keynote address when he urged increased AIDS testing,0,,1,1,1,1,primary coding rule
mgc1141,boo,booed,NF/ACAD,WhoAreWe?Challenges,"#red , white , and green flags "" ; they",booed,"when "" The Star-Spangled Banner "" was played ; they "" pelted",0,,1,1,1,0,primary coding rule
mgc1142,boo,boos,MAG,SatEvePost,"allow a mistake , or a series of them , or",boos,"from the crowd ( ya bum , ya ! ) to upset",1,noun use,0,0,0,0,excluded by primary coding rule
mgc1143,boo,booed,MAG,NewRepublic,#it is reasonable to suppose that the hostile crowd which,booed,Mr. Wallace on his arrival was either paid by or influenced by,0,,1,1,1,0,primary coding rule
mgc1144,boo,booing,FIC,Bk:Suckerpunch,"pumping their fists under a dome of smoke , cheering and",booing,", their night made or ruined because I walked out while Porter",1,no recoverable verbal syntax,0,0,0,0,excluded by primary coding rule
mgc1145,shoo,shooing,FIC,VoiceInWind,"folks ! "" She waved her hand as if she were",shooing,"away pesky gnats . "" You folks , "" she said ,",0,,1,1,1,1,primary coding rule
mgc1146,boo,booed,MAG,SatEvePost,#. Whereas in Lawrence 's play the boy had been,booed,and jeered at by a crowd of townspeople when he first came,0,,1,1,1,1,primary coding rule
mgc1147,boo,booed,MAG,NewYorker,"#an old lady , or something : the crowd had",booed,", more blows had been struck , and the cops suddenly urged",0,,1,1,1,0,primary coding rule
mgc1148,shoo,shooing,FIC,Analog,"approved course of action for every imaginable situation , and",shooing,"away anyone who might say an unauthorized "" Hello "" to an",0,,1,1,1,1,primary coding rule
mgc1149,boo,boos,NEWS,NYT-Reg,"William Randolph Hearst . A chorus ' of groans and """,boos,""" arose . "" Remember , "" she continued , "" that",1,noun use,0,0,0,0,excluded by primary coding rule
mgc1150,shoo,shoos,FIC,Mov:MysticPizza,maternally at Jojo . LEONAManny says you 're pregnant . Leona,shoos,"Kat away and slides in next to Jojo . LEONAHoney , you",1,unclear or non-verbal use,0,0,0,0,excluded by primary coding rule
mgc1151,wow,wowed,MAG,GolfMag,"#, streamsongresort.com # Our course ranking panelists were",wowed,"by both Streamsong 's Red and Blue courses , but Red gets",0,,1,1,0,1,primary coding rule
mgc1152,boo,booed,MAG,Time,#the breakdown of order and respect . When the hecklers,booed,", Wallace bowed and blew them kisses . "" They got me",0,,1,1,1,0,primary coding rule
mgc1153,boo,boos,NEWS,NYT-Reg,"to find the method . "" He was interrupted by more",boos,". "" The method is secondary , "" he finally managed to",1,noun use,0,0,0,0,excluded by primary coding rule
mgc1154,boo,boos,NEWS,NYT-Reg,of Indiana placed Wendell L. Willkie in nomination . Mingled,boos,and cheers followed Mr. Halleck 's assertion that his candidate,1,noun use,0,0,0,0,excluded by primary coding rule
mgc1155,boo,booing,FIC,GoneWithWind,Every once in a while we could hear the crowd outside,booing,", and we knew why , but the chief did n't .",1,no recoverable verbal syntax,0,0,0,0,excluded by primary coding rule
mgc1156,boo,boos,FIC,LastValley,acknowledge their right to drown him out with their hisses and,boos,and sporadic shouts . The audience clearly favored the other,1,noun use,0,0,0,0,excluded by primary coding rule
mgc1157,boo,boos,NEWS,NYT-Reg,station and at the exit . The cheers were mixed with,boos,"and whistles . Riding in a 1961 Ford convertible , and surrounded",1,noun use,0,0,0,0,excluded by primary coding rule
mgc1158,boo,booed,MAG,Time,"#he urged building workers to increase their productivity , they",booed,again . He advised the unionists to end other practices that,0,,1,1,1,0,primary coding rule
mgc1159,boo,boos,MAG,ReadersDigest,"crowd , it set up a crescendo chorus of catcalls and",boos,. Wagner was so impressed by his reception that he dreamed up,1,noun use,0,0,0,0,excluded by primary coding rule
mgc1160,boo,boos,NEWS,CSMonitor,19740305_3 txt To a chorus of,boos,", Harold Wilson returned to No. 10 Downing Street as prime",1,noun use,0,0,0,0,excluded by primary coding rule
mgc1161,wow,wowing,MAG,Time,"#her with excited greetings . Said Jennie , who began",wowing,U.S. concert audiences after she got out of France in 1940 :,0,,1,1,1,1,primary coding rule
mgc1162,shoo,shooing,NF/ACAD,LifeOnDryLine,left a barbed-wire gate too far from the adjoining fences while,shooing,"a calf through the opening on foot , and Dandy , tied",0,,1,1,1,1,primary coding rule
mgc1163,boo,booing,MAG,Time,states predictably joined Republican Burdick in bipartisan,booing,"at Benson 's announcement . ' ' A shocking injustice ! """,0,,1,1,1,0,primary coding rule
mgc1164,boo,boos,NEWS,CSMonitor,"quip goes over well , a flash of anger if someone",boos,", and sadness when he mentions the shooting . # And it",1,noun use,0,0,0,0,excluded by primary coding rule
mgc1165,boo,booed,FIC,EighthDay,#persecutors. |p236Early in her career Lily was often hissed or,booed,in the opera houses of Europe ; she waited tranquilly through the,0,,1,1,1,0,primary coding rule
mgc1166,shoo,shoos,FIC,Mov:NextStopGreenwich,the bathroom . -- 37 -- 25 . LIVING ROOM Bernstein,shoos,two or three cats off a spot on a sofa and they,0,,1,1,1,1,primary coding rule
mgc1167,boo,booing,FIC,Mov:EasyLiving,tense and silent at window which overlooks playing field . The,BOOING,comes over scene.145 MED . SHOT -- Pete . On his way,1,noun use,0,0,0,0,excluded by primary coding rule
mgc1168,shoo,shooed,FIC,CharlieChanCarries,"to meet until seven , but Mr. Tait had sort of",shooed,"me out . "" "" Who else was in the lobby ?",0,,1,1,1,0,primary coding rule
mgc1169,wow,wowed,FIC,SouthernRev,"#specially to that one dance , and their two-step had",wowed,"their guests , if not themselves-and she was n't trying to dance",0,,1,1,0,0,primary coding rule
mgc1170,boo,boos,MAG,Time,"plant sprouted workers at every window , and up went the",boos,", loud , clear , mocking in the fresh Indian summer day",1,noun use,0,0,0,0,excluded by primary coding rule
mgc1171,boo,booed,MAG,Sierra,#The timber industry applauded and the environmental community,booed,". The big problem , complained critics like Chris Ballantyne ,",0,,1,1,1,0,primary coding rule
mgc1172,boo,booed,NEWS,USAToday,"#well -- Tuesday in Portland , Trail Blazers fans strangely",booed,him during player introductions -- he 's nothing short of,0,,1,1,1,1,primary coding rule
mgc1173,shoo,shooing,FIC,Triquarterly,"the entryway , we felt the breeze from his bony hand",shooing,"us out . # "" See ? "" I said to the",0,,1,1,1,1,primary coding rule
mgc1174,wow,wowed,MAG,Time,#. # But it was in Burma that Benny really,wowed,"them . In Rangoon , Benny led his band dressed in pink",0,,1,1,0,1,primary coding rule
mgc1175,shoo,shooing,FIC,FoolsDie,". I watched him as he went into the house ,",shooing,the last of the kids still playing on the lawn into the,0,,1,1,1,1,primary coding rule
mgc1176,boo,boos,NEWS,Chicago,escorted outside . Altho there were a few scattered catcalls and,boos,", the crowd of 1,750 gave Stevenson two standing ovations at the",1,noun use,0,0,0,0,excluded by primary coding rule
mgc1177,shoo,shooing,FIC,ShadowBoxer,"Blood drew him out only once , abou bees , after",shooing,"a yellow jacket off his food . "" I saw a man",0,,1,1,1,1,primary coding rule
mgc1178,boo,booing,TV/MOV,Married with Children,"for seven years in a row . Why , hissing and",booing,"you actually seems to energize the whole convention . Peg , do",0,,1,1,1,0,primary coding rule
mgc1179,shoo,shooing,FIC,JoyLuckClub,"try to calm her down , but those hospital people keep",shooing,me out . Anytime someone official comes they ask me to leave,0,,1,1,1,0,primary coding rule
mgc1180,shoo,shooing,MAG,Time,"breezily for half an hour , even posed for cameramen before",shooing,them away with word that on doctor 's orders he will take,0,,1,1,1,1,primary coding rule
mgc1181,boo,boos,NEWS,Chicago,"provisions to adjust inequities , "" that the greatest wave of",boos,", hoots , and catcalls broke out . One elderly woman shook",1,noun use,0,0,0,0,excluded by primary coding rule
mgc1182,boo,booed,NEWS,NYT,"#career , bombed at the 1967 Monterey Pop Festival ,",booed,off the stage by a stoned audience that could n't follow her,0,,1,1,1,0,primary coding rule
mgc1183,boo,booing,TV/MOV,Rocky V,"a new champion Tommy "" The Machine "" Gunn ! (",booing,) Congratulations . A sensational upset victory . You 're now,1,no recoverable verbal syntax,0,0,0,0,excluded by primary coding rule
mgc1184,shoo,shooing,FIC,VehementFlame,"here . "" After that he was too much absorbed in",shooing,ants off the marmalade to give any thought to his wife .,0,,1,1,1,0,primary coding rule
mgc1185,wow,wows,MAG,Time,"markets, the dollar moves in a startling new direction: upward. -- GM",wows,' em at the Waldorf. # 28 # World # The U. S. war,0,,1,1,0,0,primary coding rule
mgc1186,shoo,shooing,FIC,yyy,a nearby barroom pass to and fro serving mint juleps and,shooing,away the cows that sometimes get loose and wander along the,0,,1,1,1,1,primary coding rule
mgc1187,shoo,shooing,FIC,WorldsHonor,", drag out that leftover turkey , "" Aleksandr said ,",shooing,"the children inside . "" No , Larisa , you can look",0,,1,1,1,1,primary coding rule
mgc1188,boo,booing,NEWS,NYT-Reg,"a series of roll-calls , cheers , rebel yells , and",booing,greeted the few brief remarks that were permitted . Rankin Tells,1,no recoverable verbal syntax,0,0,0,0,excluded by primary coding rule
mgc1189,boo,boos,MAG,SportsIll,"part of the ownership group since 1996 , labeled it ,",boos,""" of frustration . "" A team that had won 205 games",1,noun use,0,0,0,0,excluded by primary coding rule
mgc1190,boo,booed,MAG,SatEvePost,"#court , he was in for it . The crowd",booed,. The players griped with extra enthusiasm . Fort Wayne lost by,0,,1,1,1,0,primary coding rule
mgc1191,boo,booing,FIC,BangDrumSlowly,", "" said Dutch . "" The press-box says they are",booing,me for working you before the All-Star Game . I can not,0,,1,1,1,1,primary coding rule
mgc1192,shoo,shooing,FIC,KissYourElbow,also a medic with a stretcher and a couple of policemen,shooing,away the crowd . The doctor took one look at Kendall and,0,,1,1,1,1,primary coding rule
mgc1193,ooh,oohs,MAG,Astronomy,394681 Remember when a 10-inch reflector drew,oohs,and aahs at star parties? Now many of us don't even bat an,1,noun use,0,0,0,0,excluded by primary coding rule
mgc1194,boo,boos,NEWS,NYT,from the Second Division - Karl Lentz and Georges-Rene,Boos,", an Alsatian - were given death sentences by a French court",1,noun use,0,0,0,0,excluded by primary coding rule
mgc1195,shoo,shooed,FIC,Greenwillow,like a sunbonnet and chewing on a cabbage leaf . Dorrie,shooed,"it gently out of the garden , feeling already a little remorseful",0,,1,1,1,0,primary coding rule
mgc1196,boo,booed,NEWS,NYT,"#of the British stiff upper lip. // Oh , some",booed,"when the referee , Alan Mills , agreed to John McEnroe '",0,,1,1,1,0,primary coding rule
mgc1197,wow,wowed,MAG,Time,#the rest of the cast sang in German . She,wowed,"the crowd . In Amsterdam , U.S. Coloratura Soprano Marilyn Tyler",0,,1,1,1,1,primary coding rule
mgc1198,boo,booing,MAG,SportsIll,we were being written about and the way the fans were,booing,"us sometimes , it almost felt like we were a below-.500 team",0,,1,1,1,1,primary coding rule
mgc1199,boo,booing,NEWS,NYT,"lyrics , with 200 or so onlookers shouting lustily ( or",booing,good-naturedly ) - just won ' t do . As the name,1,no recoverable verbal syntax,0,0,0,0,excluded by primary coding rule
mgc1200,boo,booed,NEWS,WallStJrnl,"#are wildly cheered , and acquisitions are generally",booed,", "" Hutton ' s Mr. Baker says . "" A large",0,,1,1,1,0,primary coding rule
mgc1201,boo,boos,FIC,Mov:EasyLiving,. The CAMERA MOVES IN CLOSE ON Buddy . The crowd,boos,loudly . Tears in Buddy 's eyes as he watches Pete .,0,,1,1,1,0,primary coding rule
mgc1202,wow,wowed,MAG,The Verge,#come to life and hopes the people watching are as,wowed,"by the sphere as he is . "" It 's fun to",0,,1,1,1,0,primary coding rule
mgc1203,shoo,shooed,FIC,Highlights for Children,listening to the mouse scurrying in the walls . So she,shooed,"the mouse outside . # "" I feel bad playing pranks on",0,,1,1,1,1,primary coding rule
mgc1204,boo,booed,NEWS,SanFran,#'s a mystery to me why misogyny is so roundly,booed,"in the media , while misandry like yours is allowed to flourish",0,,1,1,1,0,primary coding rule
mgc1205,shoo,shooed,MAG,Harpers,in the breeze watching a neighborhood fire ? until his parents,shooed,"him down . Armstrong was only nineteen years of age when ,",0,,1,1,1,1,primary coding rule
mgc1206,wow,wowed,MAG,MotherJones,"#She cradles her 11-month-old , Gavyn , who has just",wowed,"the festival 's baby pageant with his seersucker onesie . "" I",0,,1,1,0,1,primary coding rule
mgc1207,shoo,shooed,FIC,Bk:LastChanceBeauty,and peered under the lid of the cardboard box . Granny,shooed,her away . But then Granny lifted up the box lid and,0,,1,1,1,1,primary coding rule
mgc1208,shoo,shoos,FIC,Harpers,an ' He come back like a aggravatin ' chicken you,shoos,offen de porch . A man as well to leave ' em,0,,1,1,1,1,primary coding rule
mgc1209,boo,booing,MAG,Time,Communism grew even louder last week . But according to the,booing,"and cheering , spectators outside the actual ring were throwing",1,noun use,0,0,0,0,excluded by primary coding rule
mgc1210,shoo,shooed,FIC,MyLifeAsMan,I cried and the baby cried and Gloria came in and,shooed,Guy out of the house and put me to bed . Gloria,0,,1,1,1,0,primary coding rule
mgc1211,wow,wowing,MAG,Time,"#and makes Madonna look like a media wallflower , is",wowing,the retirees with lines about how he 'd hate to be in,0,,1,1,0,1,primary coding rule
mgc1212,ooh,oohs,MAG,Astronomy,"The first night, we had a lively session in the classroom -- lots of",oohs,"and aahs, and many questions. But alas, we were clouded out,",1,noun use,0,0,0,0,excluded by primary coding rule
mgc1213,shoo,shoos,FIC,HeadOW-Hollow,on the fence posts . Constable Ricks runs down there and,shoos,them away and strikes the air at them as they fly with,0,,1,1,1,1,primary coding rule
mgc1214,shoo,shooed,FIC,FortuneMadeHis,fighting over a bit of meat on the floor . Someone,shooed,"them out , and we could hear a strange whistling sound .",0,,1,1,1,1,primary coding rule
mgc1215,boo,boos,MAG,Time,"From the factories , from the men of Pontiac , came",boos,", hisses . # "" Sticks Stones . "" Oakland County 's",1,noun use,0,0,0,0,excluded by primary coding rule
mgc1216,boo,booing,FIC,Sybil,and he smiled up at them cynically . They were really,booing,"Pacote 's failure to appear . "" A sweet bull , """,0,,1,1,1,0,primary coding rule
mgc1217,boo,boos,MAG,Time,""" to address global warming , the hall filled with",boos,". That 's because the U.S. , the world 's largest producer",1,noun use,0,0,0,0,excluded by primary coding rule
mgc1218,boo,booing,TV/MOV,Bonanza,blast devouring hunger and parching thirst rend the traitor ! (,booing,") Dearest father , in thy mercy , save him ! Plead",1,no recoverable verbal syntax,0,0,0,0,excluded by primary coding rule
mgc1219,boo,boos,MAG,Time,to end other practices that raise building costs . More,boos,". # Reddening but unruffled , Romney continued : "" There is",1,noun use,0,0,0,0,excluded by primary coding rule
mgc1220,ooh,oohed,NEWS,STLouis,each stall held a mom and a baby . As we,oohed,", aahed and took pictures , one mother brought her foal over",0,,1,1,1,0,primary coding rule
mgc1221,boo,booed,NEWS,CSMonitor,#they did in 1964 when they nominated Barry Goldwater and,booed,Nelson Rockefeller . ? State primary laws which allocate,0,,1,1,1,0,primary coding rule
mgc1222,ooh,oohs,MAG,ParentingEarly,"# Decor Values # When it comes to decorations, it's all about the",oohs,and aahs. # 1. Rainbow Party Create this wreath with cardboard and streamers,1,noun use,0,0,0,0,excluded by primary coding rule
mgc1223,shoo,shooing,FIC,VoicePeople,"row of pointed chicken coops the three younger children were """,shooing,""" up the tiny yellow broods . The yard was unkempt and",0,,1,1,1,0,primary coding rule
mgc1224,wow,wowed,MAG,SportsIll,#savvy and immeasurable enthusiasm . Though Allen was n't,wowed,"by Blechen 's physical gifts , he did proclaim Blechen the",0,,1,1,0,0,primary coding rule
mgc1225,boo,boos,FIC,Mov:SetUpThe,looks at referee in protest . The referee ignores him .,Boos,and catcalls fill the air . In a moment several programs and,1,noun use,0,0,0,0,excluded by primary coding rule
mgc1226,ooh,oohing,FIC,Play:IphigeniaCrash,FRESA GIRL 1 2 Take us . ALL FRESA GIRLS IPHIGENIA,Oohing,and aahing into infinity . ALL FRESA GIRLS freeze mid-dance .,0,,1,1,1,0,primary coding rule
mgc1227,boo,booing,NEWS,NYT-Reg,"lire about $1,600 . The anti-Callas faction kept whistling and",booing,outside the opera house and in front of Miss Callas ' hotel,1,noun use,0,0,0,0,excluded by primary coding rule
mgc1228,boo,booing,FIC,GoneWithWind,"told him . Ha ha , he said , they 're",booing,"you and the cops , that 's who . Every man ,",0,,1,1,1,0,primary coding rule
mgc1229,boo,booed,NEWS,New York Post,"#to shut me down . ' ' # Kanter ,",booed,"as usual at his former workplace , said he had n't gone",0,,1,1,1,1,primary coding rule
mgc1230,shoo,shooed,FIC,Bk:MotorCityShakedown,"only a cat . Breathing a sigh of relief , I",shooed,it away and continued up the stairs . When I reached the,0,,1,1,1,0,primary coding rule
mgc1231,boo,booing,NEWS,Atlanta,they cheered me . It just shows that after all the,booing,"and cursing and throwing stuff at you , they really respect you",1,noun use,0,0,0,0,excluded by primary coding rule
mgc1232,shoo,shooed,FIC,Boulevard,. It was like looking into the sun . Janie physically,shooed,"Rothberg away from the computer , shooed him from the apartment",0,,1,1,1,0,primary coding rule
mgc1233,wow,wowed,MAG,GolfMag,#at The American Club . The revamped 4128991 Run course,wowed,competitors at the 2012 U.S. Women ' s Open . And the,0,,1,1,0,0,primary coding rule
mgc1234,boo,booed,NEWS,NYT-Reg (1),"#. LONDON , Jan. ** Minister Neville Chamberlain was",booed,by left wing demonstrators as he left for Rome today carrying his,0,,1,1,1,1,primary coding rule
mgc1235,shoo,shooed,FIC,Dragonsdawn,tell them something about what happened in this clearing . He,shooed,"them all back to the edges of the wood , so they",0,,1,1,1,1,primary coding rule
mgc1236,boo,booing,MAG,Time,"Army reservist to his Congressman , "" but I led the",booing,"when Kennedy 's picture came on the newsreel . "" Last week",1,noun use,0,0,0,0,excluded by primary coding rule
mgc1237,shoo,shooed,FIC,Messiah,message of John Cave to the world ) . Paul then,shooed,the team out with instructions he was not to be bothered .,0,,1,1,1,1,primary coding rule
mgc1238,boo,booed,MAG,SportsIll,#minds than ever before . He has been cheered and,booed,and laughed at and second-guessed across the length and breadth,0,,1,1,1,1,primary coding rule
mgc1239,shoo,shooing,FIC,GreenerThanYou,of the militia being confined to patrolling the area and,shooing,decent citizens away . I wondered if a new strategy contemplated,0,,1,1,1,0,primary coding rule
mgc1240,boo,booed,FIC,BangDrumSlowly,"#a thing was "" possible , "" and Dutch got",booed,"for it . I beat Washington Friday night , probably the best",0,,1,1,1,0,primary coding rule
mgc1241,boo,booing,FIC,BraveBulls,the bull for a sword thrust . There is whistling and,booing,". "" The sword hit bone ! It 's still in Bello",1,noun use,0,0,0,0,excluded by primary coding rule
mgc1242,boo,booing,MAG,Time,'s going to last too long . There were people actually,booing,when I saw it . The wretches .,0,,1,1,1,0,primary coding rule
mgc1243,boo,booed,MAG,Time,#: in her last appearance there in 1940 she was,booed,"and hissed by a claque . The claque had been hired ,",0,,1,1,1,1,primary coding rule
mgc1244,ooh,oohs,FIC,Play:CrawlingArnold,". The stage is dark and voices come out of the darkness. Everybody """,oohs,""" and "" ahhhs "" at the projection. BARRY That's little Will at",1,noun use,0,0,0,0,excluded by primary coding rule
mgc1245,shoo,shooing,MAG,Harpers,"pulled their skirts out of the way . Men jostled ,",shooing,and hooting . . In desperation Teare grabbed a thin arm that,0,,1,1,1,0,primary coding rule
mgc1246,boo,booed,NEWS,Chicago,#to all of the visiting orchestra concerts last season and,booed,"at each finale . "" Generally , the audience behaved as it",0,,1,1,1,0,primary coding rule
mgc1247,boo,booing,NEWS,Denver,", we have to do better . I hear the fans",booing,", I hear the chants for Marty , but what they do",0,,1,1,1,0,primary coding rule
mgc1248,shoo,shooing,FIC,Bk:BodiesWater,", hitting him with the oven mitt in her hand and",shooing,"him out the door . He obeyed , blowing kisses and tipping",0,,1,1,1,1,primary coding rule
mgc1249,shoo,shooed,MAG,Atlantic,", made therounds with kisses and handshakes and were promptly",shooed,"off to bed . Chagall looked at his watch , trying to",0,,1,1,1,1,primary coding rule
mgc1250,boo,boos,MAG,Time,to a New Jersey flag factory during the campaign drew some,boos,"from the political commentators , but Bush never blushed . #",1,noun use,0,0,0,0,excluded by primary coding rule
mgc1251,shoo,shooed,FIC,VirginiaScout,. And Mrs. Davis bustled out of the cabin and energetically,shooed,the curious youngsters away . And now I was riding away to,0,,1,1,1,1,primary coding rule
mgc1252,boo,booing,FIC,Whistle,"and everyone was on his feet , yelling , cheering ,",booing,", Amelia asked , "" What color is a crowd ? """,1,no recoverable verbal syntax,0,0,0,0,excluded by primary coding rule
mgc1253,shoo,shooed,FIC,Bk:LeadMeHomeNovel,was thankful . # CHAPTER 2 # By the time Shiloh,shooed,"Lemuel , Omari , Raphael , and David out of the house",0,,1,1,1,0,primary coding rule
mgc1254,shoo,shooing,FIC,IAmNotCop!,"the ticket back to him , but he made a little",shooing,gesture with his fingers . All I could think to say was,1,adjectival use without recoverable verbal syntax,0,0,0,0,excluded by primary coding rule
mgc1255,boo,booing,NEWS,NYT-Reg,Where on Wednesday he had gone home surrounded by policemen and,booing,", last night he received mild applause . He and some of",1,no recoverable verbal syntax,0,0,0,0,excluded by primary coding rule
mgc1256,boo,booing,FIC,Mov:EasyLiving,", stops.PETEDid you hear them boo me ? ANNEAs fine a",booing,as I 've heard in a long time.PETEI guess fickle is the,1,no recoverable verbal syntax,0,0,0,0,excluded by primary coding rule
mgc1257,shoo,shooing,FIC,SouthernRev,", with gray distraught hair , lumbered in and out ,",shooing,"the orange cat , freshening Mattie 's tea , peeling apples for",0,,1,1,1,1,primary coding rule
mgc1258,wow,wowed,MAG,USCatholic,#all U.S. prison inmates . By the time Denzel Washington,wowed,"us with his portrayal of Hurricane Carter last year , African",0,,1,1,0,1,primary coding rule
mgc1259,shoo,shooed,FIC,Frontiers,"herself . I feel like a slug , but after being",shooed,"away from the kitchen , I undo the top button of my",0,,1,1,1,1,primary coding rule
mgc1260,boo,booed,NF/ACAD,LawPublicPol,"#, New Mexico ) , during which Lockwood is regularly",booed,off the stage after tap dancing and fiddling . # Lockwood is,0,,1,1,1,0,primary coding rule
mgc1261,boo,boos,FIC,Mov:RagingBull,out of the clinch in disgust . There are no more,boos,. JAKE has won over the crowd . TIME CUT : END,1,noun use,0,0,0,0,excluded by primary coding rule
mgc1262,shoo,shooed,FIC,SecondGrowth,Pennsylvania . He ran down two little girls in playsuits and,shooed,them in long enough for Ruth to hug them and give them,0,,1,1,1,1,primary coding rule
mgc1263,boo,boos,NEWS,Chicago,when they paraded thru downtown Washington and drew jeers and,boos,from visitors here for the Presidential inauguration. 10,1,noun use,0,0,0,0,excluded by primary coding rule
mgc1264,boo,boos,NEWS,Boston,"called for a roll call vote , despite the groans and",boos,"of delegates , on a a platform amendment affirming a woman '",1,noun use,0,0,0,0,excluded by primary coding rule
mgc1265,shoo,shooed,FIC,MorgansPassing,second corner to wait for the Berger girls . Helena Berger,shooed,them out the door -- two little freckled redheads in plaid,0,,1,1,1,1,primary coding rule
mgc1266,shoo,shooed,FIC,ChallengerPark,brandishing their hall passes to come back and gawk . Lorelei,shooed,"them away , and Davis , preoccupied with his emotional",0,,1,1,1,1,primary coding rule
mgc1267,shoo,shoos,FIC,Mov:RideHighCountry,- REVERSE 6X3 As the Policeman runs up to Judd and,shoos,him to a side street . POLICEMANClear the street ! Ca n't,0,,1,1,1,1,primary coding rule
mgc1268,boo,booed,FIC,SunIsMyUndoing,#own headgear . The more orderly sections of the mob,booed,their disapproval of these antics but took no measures against,0,,1,1,1,1,primary coding rule
mgc1269,boo,boos,FIC,GunShy,"attempted to usurp the power of the American people . """,Boos,"all around . Stubbs nodded sympathetically . "" More recently ,",1,noun use,0,0,0,0,excluded by primary coding rule
mgc1270,boo,boos,MAG,Time,"about the commercials . Premovie ads , which used to draw",boos,"when one or two would pop up before the coming attractions ,",1,noun use,0,0,0,0,excluded by primary coding rule
mgc1271,boo,booed,MAG,SatEvePost,#with the American Federation of Labor . The disheartened actors,booed,him for suggesting that they line up with hod carriers and,0,,1,1,1,1,primary coding rule
mgc1272,boo,booed,FIC,Burr,#that His Mightiness was often -- unthinkable lese-majeste --,booed,at the theatre and in the streets . Knowing the high almost,0,,1,1,1,0,primary coding rule
mgc1273,ooh,oohing,FIC,FantasySciFi,". She spent hours peeking into every nook and cranny ,",oohing,and aahing at the flowery wallpaper and the elegant carved,0,,1,1,1,1,primary coding rule
mgc1274,boo,booed,MAG,SportsIll,"#of the Chicago Stadium crowd apparently agreed , because they",booed,the Bulls on occasion . The reaction did n't seem particularly,0,,1,1,1,1,primary coding rule
mgc1275,wow,wowed,MAG,NewRepublic,"#. ) The earliest commentators , most of whom were",wowed,"by Picasso the person , got wrong who did what . and",0,,1,1,0,1,primary coding rule
mgc1276,wow,wowing,NEWS,USAToday,#a lean mobile-focused machine to churn out products capable of,wowing,"customers . Along with that , Microsoft will need to morph into",0,,1,1,0,0,primary coding rule
mgc1277,boo,booing,FIC,Mov:Skidoo,", saintly expression on his face as he watches . The",booing,: BEANY ( angrily ) Didja see that ! ! ! That,1,noun use,0,0,0,0,excluded by primary coding rule
mgc1278,shoo,shooed,FIC,FantasySciFi,"begun to draw flies . He stood next to it ,",shooed,"away a bluebottle that buzzed around the broken head , then took",0,,1,1,1,1,primary coding rule
mgc1279,boo,booing,MAG,Time,"In Europe , especially in Italy , hissing , whistling ,",booing,and even missile throwing are accepted institutions .,1,no recoverable verbal syntax,0,0,0,0,excluded by primary coding rule
mgc1280,ooh,oohing,MAG,Entertainment,"of eight women out front , a reading group that 's",oohing,"over Kitchen Confidential , so Bourdain stays hidden in the back",0,,1,1,1,1,primary coding rule
mgc1281,ooh,oohs,MAG,TodaysParent,", the opening night campfire mysteriously lights by itself. "" There are lots of",oohs,"and ahhs, "" says camp director David Woollven. "" And I never give",1,noun use,0,0,0,0,excluded by primary coding rule
mgc1282,shoo,shooed,FIC,TakeMe,"going to do you proud . I promise . "" She",shooed,"Janica off . "" Go on . Your line is up next",0,,1,1,1,0,primary coding rule
mgc1283,boo,boos,MAG,Time,"filled the New York Hilton ballroom with Tarzanlike cries ,",boos,"and whistles . Next , harp music played while the screens flashed",1,noun use,0,0,0,0,excluded by primary coding rule
mgc1284,shoo,shooing,FIC,FantasySciFi,"and whispered , "" I can not . "" Bandar made",shooing,"motions toward the wall , but Huffley looked away . The",1,adjectival use without recoverable verbal syntax,0,0,0,0,excluded by primary coding rule
mgc1285,boo,booed,NF/ACAD,Journalism History,"#Aurelio , who represented Mayor John V. Lindsay , were",booed,"during their speeches.62 # Not all politicians , however , were",0,,1,1,1,1,primary coding rule
mgc1286,boo,booing,MAG,Time,"Negro Jimmy Clark , who was so enraged at the continued",booing,that he floored his Syracuse University opponent for a count of,1,noun use,0,0,0,0,excluded by primary coding rule
mgc1287,shoo,shooed,FIC,GroceryManAndPecks,"to her boudoir and set , but after he had been",shooed,out of the gardens and flower beds he seemed to be nervous,0,,1,1,1,1,primary coding rule
mgc1288,boo,booed,MAG,USNWR,"#Richmond , Va. , Mayor Coleman Young of Detroit was",booed,when he called for support of President Carter . Many blacks,0,,1,1,1,1,primary coding rule
mgc1289,boo,boos,MAG,Time,"rally platform with Johnson , Furcolo got a hearty round of",boos,". Clearly , something was amiss in Democratic Boston . Indeed ,",1,noun use,0,0,0,0,excluded by primary coding rule
mgc1290,shoo,shooed,FIC,SouthernRev,the bedroom with strong lye soap . And the old lady,shooed,Livvie and me away whenever we came near . We represented disease,0,,1,1,1,0,primary coding rule
mgc1291,shoo,shooing,FIC,IowaRev,winter . My father waved his hand as if he were,shooing,"a fly , dismissing the memory of his son . "" Well",0,,1,1,1,1,primary coding rule
mgc1292,boo,booed,NEWS,CSMonitor,#should borrow money from their parents . When the crowd,booed,"his mentions of Romney , Obama interjected , "" Do n't boo",0,,1,1,1,1,primary coding rule
mgc1293,shoo,shooing,FIC,FantasySciFi,"Stink . It . Up . "" She makes a tired",shooing,"gesture . "" Go home , you greedy little boy . No",1,adjectival use without recoverable verbal syntax,0,0,0,0,excluded by primary coding rule
mgc1294,shoo,shooed,FIC,ThursdayRabbiWalked,"keep her waiting . "" And waving his arms , he",shooed,Gore and Billy into the dining room . As Gore spread his,0,,1,1,1,0,primary coding rule
mgc1295,boo,booing,MAG,Environmental,practices straight from the factory farm . After the,booing,"and hissing and agency grandstanding subsided , an outraged",1,noun use,0,0,0,0,excluded by primary coding rule
mgc1296,wow,wowed,NEWS,Denver,#Colorado Symphony to guest conduct an all-Mozart program . He,wowed,Denver audiences a little more than a year ago with a nuanced,0,,1,1,1,1,primary coding rule
mgc1297,boo,booed,NEWS,Los Angeles Times,#said . # At the commission meeting -- where protesters,booed,Beck as he walked into the room -- activist Melina Abdullah,0,,1,1,1,0,primary coding rule
mgc1298,shoo,shooed,FIC,FantasySciFi,", yes , of course , come in . "" She",shooed,"him into the nearest room , which turned out to be a",0,,1,1,1,1,primary coding rule
mgc1299,shoo,shooing,FIC,Triquarterly,shook his sheet of foolscap at Buster as if he were,shooing,flies . Then he wiped his glasses with the end of his,0,,1,1,1,0,primary coding rule
mgc1300,shoo,shooing,FIC,FantasySciFi,"Magic ! "" then blew air over my lips as if",shooing,"away a gossamer . My assistant said , "" You also like",0,,1,1,1,1,primary coding rule
mgc1301,boo,boos,MAG,SportsIll,"one of their favorites , and Carlton may hear those famous",boos,"if he does n't get oil "" to a smart start .",1,noun use,0,0,0,0,excluded by primary coding rule
mgc1302,boo,booed,NEWS,NYT-Reg,#speech by Representative Tydings was cheered by the wets and,booed,"by the drys . "" Any one who dares say anything against",0,,1,1,1,0,primary coding rule
mgc1303,boo,booing,FIC,MagnoliaStreet,. It was not pleasant to rtm the gauntlet of that,booing,. But he thought better of it . I Iis heart was,1,noun use,0,0,0,0,excluded by primary coding rule
mgc1304,boo,boos,MAG,MotherJones,""" End the Fed , "" or into a chorus of",boos,at the mention of establishment figures like Sens . John McCain,1,noun use,0,0,0,0,excluded by primary coding rule
mgc1305,wow,wowed,MAG,Time,#and festivity ; deep in the Borneo jungle he once,wowed,an aboriginal audience with some impromptu Scottish reels .,0,,1,1,1,1,primary coding rule
mgc1306,boo,boos,FIC,DeepRiver,"that is ag-gression ! "" He seemed barely to hear the",boos,", whistles , and cheers . The gallery vibrated with stamping feet",1,noun use,0,0,0,0,excluded by primary coding rule
mgc1307,wow,wowed,MAG,SatEvePost,#come striding out of the West to Stockbridge ( Duke,wowed,' em ! ) and sit for their portraits ; even the,0,,1,1,0,0,primary coding rule
mgc1308,boo,booed,FIC,SomethingValue,#taking one apprehensive look at the crowd . The onlookers,booed,and jeered as the ladies were helped into the saddle . One,0,,1,1,1,0,primary coding rule
mgc1309,shoo,shoos,MAG,Time,) want in on the drive and the profits . Duke,shoos,"them off , but they skulk along behind the cows , waiting",0,,1,1,1,1,primary coding rule
mgc1310,boo,booed,NEWS,SanFran,"#I ever dropped one was in Philadelphia , and they",booed,"me , "" he said . "" Fortunately , we won the",0,,1,1,1,0,primary coding rule
mgc1311,boo,boos,MAG,Time,"champion , whose unpopularity was evinced by squalls of",boos,". # Then began the slapping , spanking bout of brawn and",1,noun use,0,0,0,0,excluded by primary coding rule
mgc1312,boo,booing,FIC,GreatAmericanNovel,had anyone out in the first inning . The crowd was,booing,", his own teammateswere moaning , and Spit was in a rage",0,,1,1,1,1,primary coding rule
mgc1313,shoo,shoos,NEWS,NYT-Reg,"unfounded , that Strikers in the vicinity of the machine",shoos,at Summit-avenue bad stopped the Kirkwood train and detached it,1,OCR/proper-name/non-target use,0,0,0,0,excluded by primary coding rule
mgc1314,boo,booed,MAG,SportsIll,"#Cuevas ? "" Oh , no . I 've been",booed,"in Orlando , "" he says . "" But I have a",0,,1,1,1,1,primary coding rule
mgc1315,shoo,shooing,FIC,Mov:ReignOfTerror,man and woman -- traitors to the Republic . GRANDMA (,shooing,"them out ) Well , you wo n't find them in that",0,,1,1,1,1,primary coding rule
mgc1316,shoo,shooing,FIC,FantasySciFi,"Tell the women to bring hot water-boiling if possible . """,Shooing,"the frightened men away , Klara rapped orders to the women .",0,,1,1,1,1,primary coding rule
mgc1317,shoo,shooed,FIC,GoldenApplesSun,thought of or felt by any means . OtherwiseI 'd have,shooed,"her away , for I liked Sophie Geratis too well to give",0,,1,1,1,1,primary coding rule
mgc1318,boo,booed,NEWS,NYT-Reg,"#going to die . "" Capt . Nelms said he",booed,"not , and remarked that the doctors did not think his condition",1,OCR/proper-name/non-target use,0,0,0,0,excluded by primary coding rule
mgc1319,boo,booed,MAG,Newsweek,#. Terry Branstad watched his popularity ratings plummet and was,booed,at football games before he finally said he would no longer stand,0,,1,1,1,1,primary coding rule
mgc1320,boo,booed,MAG,Time,#by sympathetic cheers from a gallery which nearly always,booed,"him , Shore recovered his nerve , played a lusty game but",0,,1,1,1,1,primary coding rule
mgc1321,wow,wows,FIC,Harpers,"the bottle this time, schmilling it over the side bye-bye, Russians. Muffled",wows,"around the quiet trio, Gary still hanging on the lines. Then a widening",1,noun/proper-name/acronym use,0,0,0,0,excluded by primary coding rule
mgc1322,boo,booing,FIC,Convert,eard . ' He retired to a chorus of cheers and,booing,", while the chairman , more harassed than ever , it would",1,noun use,0,0,0,0,excluded by primary coding rule
mgc1323,ooh,oohs,MAG,SportsIll,", "" continues Davis. "" His edge is the highlights, dunking, the",oohs,and aahs. But it's hard for that to be the motivation. Your,1,noun use,0,0,0,0,excluded by primary coding rule
mgc1324,boo,booing,MAG,SportsIll,standing nose to nose yelling at each other with the crowd,booing,-- and if you think the one they 're booing is the,0,,1,1,1,0,primary coding rule
mgc1325,boo,booed,NEWS,Chicago,"#a smothering defense that limited Bill Cartwright , who was",booed,"frequently in the second half , to only two shots in 41",0,,1,1,1,1,primary coding rule
mgc1326,boo,boos,NEWS,Chicago Sun-Times,", and he walked off the mound to a cascade of",boos,". "" Especially for me . "" # What happens next at",1,noun use,0,0,0,0,excluded by primary coding rule
mgc1327,wow,wows,MAG,SportsIll,"Snead has to do to arouse a chorus of open-mouthed "" ohs "" and """,wows,""" and "" whees "" is to hit a tee shot. Here it was",1,noun/proper-name/acronym use,0,0,0,0,excluded by primary coding rule
mgc1328,boo,boos,FIC,TreeGrowsInBrooklyn,wondering about many things : 9596 A Tree Grows in Brooklyn,BOOS,Two 97what made the wind blow and what was grass and why,1,proper-name/metalinguistic/non-target use,0,0,0,0,excluded by primary coding rule
mgc1329,boo,booed,NEWS,Chicago,"#and three members of the community . "" Oviatt was",booed,and jeered during his appearance . The campus has had sporadic,0,,1,1,1,1,primary coding rule
mgc1330,wow,wowed,NEWS,Baltimore Sun,"#. Even as a freshman , Olsufka 's skill set",wowed,"Fellona . "" I just knew he was a beast and he",0,,1,1,0,0,primary coding rule
mgc1331,wow,wowing,MAG,SatEvePost,"#'s strategists , brooding over the governor 's propensity for",wowing,his constituents by dropping out of the Skies like a Bobby Clark,0,,1,1,0,0,primary coding rule
mgc1332,boo,booing,FIC,BangDrumSlowly,"come down after awhile , and Horse warmed , and the",booing,"started and stopped the whole time , turning to cheering when Sid",1,noun use,0,0,0,0,excluded by primary coding rule
mgc1333,shoo,shooed,FIC,BandAngels,"will have another drink . "" And did . The bride",shooed,the Kikuyu maids from her room and did a most unbridal thing,0,,1,1,1,1,primary coding rule
mgc1334,boo,boos,MAG,Time,time because of a bowed tendon . # Whether the Boston,boos,"were louder than the Hollywood boos , no one could determine .",1,noun use,0,0,0,0,excluded by primary coding rule
mgc1335,shoo,shooed,FIC,Bk:DrSkennersSPEC,finished loading everyone but Radar and the harpy . WhUe she,shooed,"the harpy up the ramp , Radar sauntered around the copter and",0,,1,1,1,1,primary coding rule
mgc1336,shoo,shooed,FIC,MagnoliaStreet,plants and tended their leaves and flowers . No wonder she,shooed,the little Jew boys away when they started playing ball or,0,,1,1,1,1,primary coding rule
mgc1337,boo,booed,MAG,SportsIll,"#that were shown on two huge screens , the crowd",booed,". "" That hurt , "" Morris said on Saturday . """,0,,1,1,1,0,primary coding rule
mgc1338,shoo,shooed,FIC,ClockWithoutHands,"she could neither sit up nor lean back comfortably , eventually",shooed,"them off . "" Sabrina 's tired , "" she said .",0,,1,1,1,1,primary coding rule
mgc1339,boo,boos,FIC,LastValley,begging the studio audience to quiet down . There were still,boos,", isolated shouts -- a sense of disorder -- abandon . The",1,noun use,0,0,0,0,excluded by primary coding rule
mgc1340,boo,boos,MAG,Time,"English audience with extempore outbursts , matched booze for",boos,", refused to heed the actors when they faced him across the",1,noun use,0,0,0,0,excluded by primary coding rule
mgc1341,boo,booed,FIC,Upstart,#I was not afraid of the crowd . When it,booed,"me , for not coming to grips with my enemy , I",0,,1,1,1,0,primary coding rule
mgc1342,shoo,shooing,FIC,Clone,was about him that had so far prevented her from simply,shooing,him out of her life like any other stray biped . True,0,,1,1,1,1,primary coding rule
mgc1343,shoo,shooed,FIC,FlowingGold,"it . And she did . Not until she had """,shooed,""" him out and sent him downstairs , smiling and chuckling at",0,,1,1,1,0,primary coding rule
mgc1344,shoo,shooed,FIC,Ploughshares,"what needs to be done around here . "" Aunt Hen",shooed,"the poodle off her lap . My mother butted in , unintentionally",0,,1,1,1,1,primary coding rule
mgc1345,shoo,shooed,FIC,FranklyMyDearIm,"tour business with no phones , "" Luke grumbled as she",shooed,"him out of the office . # "" You , too ,",0,,1,1,1,1,primary coding rule
mgc1346,shoo,shooed,FIC,WildPitch,"we had lifted the litter to a table , Doc Yak",shooed,"us out , all but the sheriff . Three men had come",0,,1,1,1,1,primary coding rule
mgc1347,shoo,shooed,FIC,SouthernRev,"table . Unbuttoning the top stud of his shirt , he",shooed,away the tabby cat who tried to rub against his legs .,0,,1,1,1,1,primary coding rule
mgc1348,boo,boos,MAG,Time,146838 To a chorus of,boos,"from press and Parliament for bungling its job (TIME , Sept.",1,noun use,0,0,0,0,excluded by primary coding rule
mgc1349,boo,booing,TV/MOV,Hard Times,"(RHYTHMICCLATTERING ) (CLAPPING , STAMPING ) ( CHEERING ,",BOOING,) Has been a few unfortunate fighters busted their knuckles on,1,no recoverable verbal syntax,0,0,0,0,excluded by primary coding rule
mgc1350,boo,boos,NEWS,The Boston Globe,call positive . The movie was met with a chorus of,boos,"and one critic called director Gus Van Sant 's somber tale """,1,noun use,0,0,0,0,excluded by primary coding rule
mgc1351,shoo,shooed,FIC,ChimesAlyafaleyn,""" Young man , back to your room . "" She",shooed,"Tamborel away and went with Hwyllum to the saba . "" No",0,,1,1,1,0,primary coding rule
mgc1352,shoo,shooed,FIC,NewEnglandRev,"hissed , waving the manga . The teaista snatched it ,",shooed,"her sister toward the door , clutching the manga as if afraid",0,,1,1,1,1,primary coding rule
mgc1353,shoo,shooed,TV/MOV,The Fugitive,"either . I 'm tellin ' you , sheriff , she",shooed,me off with a gun . And look at what she did,0,,1,1,1,0,primary coding rule
mgc1354,shoo,shooing,FIC,Bk:BroadwayBabyNovel,November air . She could hear a baby crying and someone,shooing,something off a porch . She imagined someone in one of the,0,,1,1,1,0,primary coding rule
mgc1355,wow,wowed,MAG,Backpacker,"#the 17-mile Kinkaid Lake Trail , and prepare to be",wowed,by wild rock formations and the oak-and-hickory-filled,0,,1,1,0,0,primary coding rule
mgc1356,boo,booing,MAG,Harpers,thought the applause unanimous but was received with a burst of,booing,. The argument is that if an author is willing to be,1,noun use,0,0,0,0,excluded by primary coding rule
mgc1357,boo,booed,MAG,Time,"#attended a football game in Sao Paulo , the crowd",booed,him out of the stadium .,0,,1,1,1,1,primary coding rule
mgc1358,boo,booed,NEWS,NYT-Reg,#lifetime associates on the Labor benches . They jeered and,booed,"all through the speech whenever Mr. Snowden mentioned economy ,",0,,1,1,1,0,primary coding rule
mgc1359,boo,boos,FIC,MrTuttFindsWay,"the sheriff arrest ye fer assault . "" Then , amid",boos,"from the crowd , he ducked quickly behind a pillar and slipped",1,noun use,0,0,0,0,excluded by primary coding rule
mgc1360,boo,boos,MAG,Time,"applause at its end . There were no pickets , no",boos,", no threats .",1,noun use,0,0,0,0,excluded by primary coding rule
mgc1361,boo,booing,TV/MOV,Robin and Marian,3126964 ( crowd_shouting ) (,booing,) Come on ! Hit ' I'm ! Hit ' I'm !,1,no recoverable verbal syntax,0,0,0,0,excluded by primary coding rule
mgc1362,shoo,shooed,FIC,FightingEdge,clean even though ragged and unkempt . Every Saturday night she,shooed,Pete Tolliver out of the house and took a bath in the,0,,1,1,1,0,primary coding rule
mgc1363,wow,wowed,MAG,BoysLife,"#PLAYING THE BIG STAGE Through the years , Beckham also",wowed,audiences for two of the globe 's most celebrated clubs : England,0,,1,1,1,1,primary coding rule
mgc1364,shoo,shooed,FIC,DinnerAtHomesick,"When it was over , she switched off the TV and",shooed,"the children up the stairs . Quinn , the youngest , who",0,,1,1,1,1,primary coding rule
mgc1365,shoo,shooed,FIC,FantasySciFi,song . A voice like that never called pigs home or,shooed,"chickens , "" Benedict countered . "" Besides , I caught her",0,,1,1,1,0,primary coding rule
mgc1366,wow,wowed,MAG,USNWR,#even to heal burns faster . Their successes have sufficiently,wowed,the American Medical Association 's Council on Scientific,0,,1,1,0,1,primary coding rule
mgc1367,shoo,shooing,FIC,Town,bed . They thought it was flies and kept twitching and,shooing,. The whole company had to choke to keep back from laughing,0,,1,1,1,0,primary coding rule
mgc1368,boo,boos,NEWS,NYT-Reg,"show of amity , Mr. Lindsay applauded vigorously when the",boos,rang out at the end of Mr. Rockefeller 's speech and the,1,noun use,0,0,0,0,excluded by primary coding rule
mgc1369,ooh,oohs,FIC,Clone,anticipatory rus/fling of paper napkins; the crack of crisp breadsticks being broken; little,oohs,"', ahs', and urns' of gustatory pleasure; and all interspersed",1,noun use,0,0,0,0,excluded by primary coding rule
mgc1370,shoo,shooing,FIC,BrightArrows,"! Git ! "" and stomped her foot like she was",shooing,a cat . Backing up through the door and pulling it shut,0,,1,1,1,1,primary coding rule
mgc1371,boo,boos,NF/ACAD,"""Hey!Yellowbacks!""","the bottom corridor was shattered by the sound of whistling ,",boos,and cat-calls . I may not have mentioned that our cell is,1,noun use,0,0,0,0,excluded by primary coding rule
mgc1372,shoo,shooing,FIC,Moth,it was Helen that had thrown it . Mr. Legg began,shooing,"her into the house . All that took maybe one second ,",0,,1,1,1,1,primary coding rule
mgc1373,shoo,shooed,FIC,LastValley,"around to kiss everybody good night , then let themselves be",shooed,"away . Outside , the night 's chill pressed against them as",0,,1,1,1,1,primary coding rule
mgc1374,shoo,shooed,FIC,FinalDeduction,through the routine motions for an hour and a half they,shooed,"me out , and at a quarter past six I was paying",0,,1,1,1,0,primary coding rule
mgc1375,shoo,shoos,FIC,TimeButterflies,". A kitten lies recklessly under the runners , and she",shoos,"it away "" What is it you want to know ? """,0,,1,1,1,0,primary coding rule
mgc1376,boo,booed,NEWS,NYT,#2 for 17 in the last four losses and was,booed,"at Yankee Stadium . # Then , of course , there was",0,,1,1,1,1,primary coding rule
mgc1377,boo,booing,MAG,NatlReview,"Talladega , his name was greeted with a great outbreak of",booing,from the fans . SOME DEMOGRAPHICS # What then of those,1,noun use,0,0,0,0,excluded by primary coding rule
mgc1378,shoo,shooed,FIC,WorldAsIFoundIt,and at times they tried to restrain her . Impatiently Martha,shooed,"them away . "" Passover is almost here -- we must be",0,,1,1,1,1,primary coding rule
mgc1379,boo,booing,FIC,CowboyLady,"Loud noise and confusion , cat-calls , whistling , hissing and",booing,. ( The JUDGE raps for order in vain . Finally the,1,no recoverable verbal syntax,0,0,0,0,excluded by primary coding rule
mgc1380,shoo,shooed,FIC,MassacreAtFall,"home before candlelighting time . After an early supper , Caleb",shooed,"the children up to their beds in the loft . "" I",0,,1,1,1,1,primary coding rule
mgc1381,shoo,shooed,FIC,GardenPlynck,", only to sink down again , trembling , as Sara",shooed,the little rollicking things safely down through the opening .,0,,1,1,1,1,primary coding rule
mgc1382,shoo,shoos,FIC,Mov:TomHorn,"outta here . THE CAMERA PANS To Deputy Proctor , who",shoos,the children away as he approaches . PAN ACROSS the children as,0,,1,1,1,1,primary coding rule
mgc1383,wow,wows,MAG,Time,"and more relevant as he has aged # WARREN BUFFETT, 75 The investment seer",wows,"20,000 at his annual revival. Lately he has bought utilities ahead of surging energy",0,,1,1,0,1,primary coding rule
mgc1384,wow,wowed,NEWS,Houston,## All might have been forgiven had the signature ceviches,wowed,. They did not . There were never more than two kinds,0,,1,1,0,0,primary coding rule
mgc1385,shoo,shooed,FIC,Bk:HeartsMadeWhole,"how I 'd get by without you . "" # She",shooed,"him with a flutter of her hands . "" I 'm sure",0,,1,1,1,1,primary coding rule
mgc1386,boo,booed,MAG,Time,#. At first white high-school students boycotted classes and,booed,"Negro newcomers , but these protests soon ended when school",0,,1,1,1,0,primary coding rule
mgc1387,boo,booed,NEWS,Chicago,"#a disappointment to their fans . McNabb , who was",booed,"on draft day by fans , has taken the brunt of the",0,,1,1,1,1,primary coding rule
mgc1388,boo,booing,TV/MOV,CatDog,back . That freak 's a totally normal freak . (,Booing,", hissing ) Come on , cat . (Moaning ) (",1,no recoverable verbal syntax,0,0,0,0,excluded by primary coding rule
mgc1389,shoo,shooing,FIC,FantasySciFi,did n't know if he wanted luck . He 'd tried,shooing,"the thing away , but it would n't leave , and he",0,,1,1,1,1,primary coding rule
mgc1390,boo,booed,MAG,Time,#well-mannered meetings of the Federation . The galleries,booed,and cheered with organized isolationist efficiency . # The,0,,1,1,1,0,primary coding rule
mgc1391,shoo,shooed,FIC,Bk:SimpleSpring,"gather eggs twice a day ? "" Sam asked as he",shooed,a handful of hens from the coop . At the age of,0,,1,1,1,1,primary coding rule
mgc1392,shoo,shooed,FIC,Bk:CinderellaDeal,"Flattery in the flesh , practically hissing at him as he",shooed,"a cat away from his rebuilt black Porsche , her dark ,",0,,1,1,1,1,primary coding rule
mgc1393,shoo,shooed,FIC,HollywoodWives,one lamp draped with a singed pink chiffon scarf . She,shooed,"the cat off the bed , threw off her plastic raincoat ,",0,,1,1,1,1,primary coding rule
mgc1394,shoo,shooing,FIC,Stroll,"'ll see if he comes up now , she raged ,",shooing,the black smoke out the offending window . He came up all,0,,1,1,1,1,primary coding rule
mgc1395,shoo,shooed,NEWS,NYT-Reg,"had heart-to-heart talks with the indicator , but they were",shooed,away . As the game proceeded the crowd saw that it was,0,,1,1,1,1,primary coding rule
mgc1396,boo,boos,MAG,Time,and the shore of the Pacific one afternoon last week lusty,boos,"arose from the throats of 116,000 racetrack fans . At Suffolk",1,noun use,0,0,0,0,excluded by primary coding rule
mgc1397,shoo,shooed,FIC,Bk:StayNovel,". # The kids ' free time evaporated , and David",shooed,"them one at a time toward the bath , reminding Brent that",0,,1,1,1,1,primary coding rule
mgc1398,ooh,oohing,MAG,MotherJones,"find severalNRCS people holding their own little clump of dirt ,",oohing,and ahhing at the sight . # Then we cross the street,0,,1,1,1,1,primary coding rule
mgc1399,wow,wows,FIC,Play:StickHorse,for court hearings. What else have we done but drink and dance at pow,wows,and hang around Indian rodeo? JAKE We've made our donations to Indian bingo,1,noun/proper-name/acronym use,0,0,0,0,excluded by primary coding rule
mgc1400,shoo,shooing,FIC,Bk:SatansLullabyMedieval,"the rancorous older nun . She raised an eyebrow . """,Shooing,"away our prioress ' cat , Arthur . She has never approved",0,,1,1,1,1,primary coding rule
mgc1401,shoo,shooed,FIC,SweetLandStories,sang their own dirty words to a nursery rhyme . I,shooed,them away and they scattered off for a minute hooting and,0,,1,1,1,1,primary coding rule
mgc1402,shoo,shooed,FIC,BertWilsonInRockies,"Melton 's housewifely instincts asserted themselves , and she",shooed,the boys off to their rooms to rid themselves of the dust,0,,1,1,1,1,primary coding rule
mgc1403,boo,booed,MAG,Time,"#with an angel 's wing on her shoulder , got",booed,off the stage at the 1967 Monterey Pop Festival . That may,0,,1,1,1,1,primary coding rule
mgc1404,shoo,shooed,FIC,FantasySciFi,then he was gone and I swam down to Elizabeth and,shooed,away the butcherbirds and read the note written on the bottom of,0,,1,1,1,1,primary coding rule
mgc1405,shoo,shooing,FIC,Mov:IrmaLaDouce,"girls one by one , unloading them from the van and",shooing,them into the station . Nestor extricates himself from the,0,,1,1,1,1,primary coding rule
mgc1406,shoo,shooing,FIC,KindredSpirit,""" Go on . Ask her , "" Rocco said ,",shooing,"Melissa toward Hallie with both hands . "" Ready for the collision",0,,1,1,1,0,primary coding rule
mgc1407,ooh,oohs,MAG,Time,"' - roll call of teen-agers are often banished between aahs, or missing between",oohs,", they do not grow oppressive. If Dick Van Dyke and Chita Rivera,",1,noun use,0,0,0,0,excluded by primary coding rule
mgc1408,boo,booed,MAG,Newsweek,"#much too safe , in the opinion of those who",booed,his decision to pass on four successive longjump attempts ? and,0,,1,1,1,1,primary coding rule
mgc1409,shoo,shooed,FIC,Convert,church . That 's a long skirt . We are usually,shooed,"upstairs directly we get back , to put on a short one",0,,1,1,1,0,primary coding rule
mgc1410,shoo,shooed,FIC,OriginBrunists,"a ragged throw rug in a corner with the cockroaches ,",shooed,"the older one , boy about three or four , on out",0,,1,1,1,1,primary coding rule
mgc1411,boo,boos,MAG,Vanity Fair,as Kimmy sings her first few notes through terrorized tears amid,boos,"from the crowd , it 's hard not to feel for her",1,noun use,0,0,0,0,excluded by primary coding rule
mgc1412,boo,boos,MAG,ESPN,"throw line with 7:06 left in the first quarter , the",boos,"rained down , only to transform into applause seconds later",1,noun use,0,0,0,0,excluded by primary coding rule
mgc1413,boo,booed,MAG,Harpers,#a half . My wife lighted a cigarette and was,booed,". "" Put out that match ! "" Then the all-clear sounded",0,,1,1,1,1,primary coding rule
mgc1414,boo,boos,MAG,Harpers,blacks and Puerto Ricans . Aurelio managed to smile through the,boos,as he accepted for himself and the mayor honorary membership in,1,noun use,0,0,0,0,excluded by primary coding rule
mgc1415,shoo,shooing,FIC,VirginiaQRev,"on toilets-lined the walls . Behind the counter , absently",shooing,"flies away from the potato salad with a ladle , was a",0,,1,1,1,0,primary coding rule
mgc1416,wow,wowed,MAG,Newsweek,#name with new life ? In a recent move that,wowed,"Seventh Avenue , the Perry Ellis Sportswear company bet its",0,,1,1,0,0,primary coding rule
mgc1417,boo,booing,FIC,GoodCompanyEvery,"deserted Scotland and her Cause , somewhat basely ; took to",booing,"and booing for Causes of their own , unhappy mortals ; --",1,OCR/proper-name/non-target use,0,0,0,0,excluded by primary coding rule
mgc1418,shoo,shooed,FIC,JourneyMatecumbe,"a kind of powdery , baked-on face who somebody said was",shooed,"out of Mobile , he did n't say why , and two",0,,1,1,1,1,primary coding rule
mgc1419,boo,boos,NEWS,NYT-Reg,"the sewer rental increase , the crowd broke out into loud",boos,". Otherwise it showed little emotion . ? John V , Lindsay",1,noun use,0,0,0,0,excluded by primary coding rule
mgc1420,boo,boos,MAG,Atlantic,"associate counsel noted , at least there were fewer hisses and",boos,"now . TE next day was Friday , May 27 , 1932",1,noun use,0,0,0,0,excluded by primary coding rule
mgc1421,shoo,shooing,FIC,PaganMadonna,in the world . I wish the job was permanent --,shooing,"' em away from you . "" She sent him a quick",0,,1,1,1,0,primary coding rule
mgc1422,shoo,shooing,MAG,Atlantic,"he tells me , waving his gun barrel like a man",shooing,off a cow . I lower my camera . Hughes Bakery .,0,,1,1,1,1,primary coding rule
mgc1423,boo,booed,MAG,SportsIll,"#miss . Yet the crowd of 6,403 applauded Damiani and",booed,Biggs when the 4-1 decision was announced . Perhaps the,0,,1,1,1,0,primary coding rule
mgc1424,boo,boos,NF/ACAD,Six-MinuteFraternity,"winner was made , the crowd responded with a chorus of",boos,since many in the audience thought Dickinson was on the verge of,1,noun use,0,0,0,0,excluded by primary coding rule
mgc1425,boo,booed,TV/MOV,The Taking of Pelham...,#'ll happen ? What always happens . I 'll get,booed,. - He 's a very sick man . - Will you,0,,1,1,1,0,primary coding rule
mgc1426,wow,wowed,MAG,SatEvePost,"#had never heard anybody swing classical music , and it",wowed,"them . Instead of leaving , people stood up and yelled .",0,,1,1,1,1,primary coding rule
mgc1427,shoo,shooed,FIC,Bk:HowClarissaBurden,fly lit on the tip of Marilyn 's nose ; Clarissa,shooed,"it away ) , the jadeite dishware stacked in pale green heaps",0,,1,1,1,0,primary coding rule
mgc1428,ooh,oohed,FIC,Atlantic,was that this house had so much storage space . Mom,oohed,"and aahed . "" Is this a microwave ? "" she asked",0,,1,1,1,0,primary coding rule
mgc1429,boo,boos,MAG,ParentingSchool,with frosting and edible glitter . # 4 . Ty Beanie,Boos,Buddy Unicorn ( $13 ; amazon.com ) # 5 . DIY castle,1,proper-name/metalinguistic/non-target use,0,0,0,0,excluded by primary coding rule
mgc1430,boo,boos,FIC,WrongfulDeathNovel,"to Ireland in late May 2001 , he was greeted with",boos,from protesters . But he did n't mind . He said it,1,noun use,0,0,0,0,excluded by primary coding rule
mgc1431,boo,boos,FIC,VulcansWorkshop,"aplomb . Speechless with rage , Kulan stood rigid . Furtive",boos,and a few hoarse cheers came from somewhere in the long line,1,noun use,0,0,0,0,excluded by primary coding rule
mgc1432,ooh,oohing,FIC,Bk:CitySecrets,"at buying a ticket for Sally Rand 's , chubby brunette",oohing,"over a cheap gold bracelet , boyfriend in glasses spending a buck",0,,1,1,1,1,primary coding rule
mgc1433,boo,booing,MAG,SportsIll,during a man-up situation . Suddenly the Edmonton bench begins,booing,the Los Angeles power play . Cocky ? You bet . Immature,0,,1,1,1,1,primary coding rule
mgc1434,boo,boos,FIC,LastValley,"noise from the audience was too great , the hisses and",boos,"and isolated shouts , the stamping of feet : a swelling wave",1,noun use,0,0,0,0,excluded by primary coding rule
mgc1435,wow,wowed,MAG,Nerdist,#'s show so far . The God of War trailer,wowed,the audience assembled at Los Angeles ' Shrine Auditorium with a,0,,1,1,1,1,primary coding rule
mgc1436,shoo,shooed,FIC,FarriersLane,"legs , asking him all kinds of questions , but he",shooed,them away like gnats and never told them what they wanted to,0,,1,1,1,1,primary coding rule
mgc1437,wow,wowing,MAG,Time,"#79 Wistful Vista , radio home of the McGees ,",wowing,audiences of up to 20 million with Fibber 's cluttered closet and,0,,1,1,1,1,primary coding rule
mgc1438,boo,booed,FIC,Disowned,"#behind him . At this , the crowd jeered and",booed,"the too-hasty youth , who became so resentfully abusive of",0,,1,1,1,1,primary coding rule
mgc1439,shoo,shooed,FIC,JeremyBell,so a lot of ' em paid their dollar and they,shooed,"the rest of us out . "" "" Hell , "" said",0,,1,1,1,1,primary coding rule
mgc1440,boo,booed,TV/MOV,Moonlighting,#. Start getting a little brave . - I get,booed,"off the stage . - Oh , no . Yes . I",0,,1,1,1,0,primary coding rule
mgc1441,boo,boos,NEWS,NYT-Reg,"democratic means . When Mr. Rarick rose to respond , the",boos,made it difficult for him to be heard . The 39-year-old furnace,1,noun use,0,0,0,0,excluded by primary coding rule
mgc1442,boo,booed,MAG,SportsIll,"#to win or lose the game , the home crowd",booed,. Beck struck out Todd Zeile and coaxed a ground ball to,0,,1,1,1,0,primary coding rule
mgc1443,boo,booed,MAG,SportsIll,#cheering as Walt Frazier -- the same Walt Frazier they,booed,last year as a Knick -- scored 28 points in a 117-112,0,,1,1,1,0,primary coding rule
mgc1444,shoo,shoos,FIC,Mov:Hallelujah,"around , trying to steal any food they can . Mammy",shoos,them off good-naturedly . 37 MED . CLOSEUP IN THE WAGON Zeke,0,,1,1,1,1,primary coding rule
mgc1445,boo,booed,MAG,Nation,"#Pittsburgh , playing as a professional , he has been",booed,and jeered . Why ? Because the trade goods he had to,0,,1,1,1,1,primary coding rule
mgc1446,boo,booing,MAG,Salon,experience to have an entire crowd of people . . .,booing,"you , "" Tur told Brian Williams VIDEO All Share Services",0,,1,1,1,0,primary coding rule
mgc1447,shoo,shooed,MAG,NatGeog,EXTRA LEG When the last of our Panama friends had been,shooed,"onto the wharf , we dropped down the harbor and were soon",0,,1,1,1,0,primary coding rule
mgc1448,shoo,shooing,FIC,SouthernRev,"has accumulated , and a flight attendant is already there",shooing,"people back to their seats , and the overhead speaker is going",0,,1,1,1,0,primary coding rule
mgc1449,shoo,shooed,FIC,StrangeDevices,", for a picture in honor of Uncle ! "" Romi",shooed,"us onto the porch . "" An automatic family picture , """,0,,1,1,1,1,primary coding rule
mgc1450,shoo,shooing,MAG,Time,were men who urged that U.N . forces content themselves with,shooing,North Koreans across the 38th parallel . Leading spokesman for,0,,1,1,1,0,primary coding rule
mgc1451,shoo,shooing,FIC,ComingUpDownHome,"you audition for the talent show , "" he said ,",shooing,"us to the door . "" Good-bye ! "" As we were",0,,1,1,1,1,primary coding rule
mgc1452,shoo,shooed,FIC,Motormaniacs,James to switch the car around and back up . I,shooed,Jones into the tonneau and turned the knob on him . He,0,,1,1,1,0,primary coding rule
mgc1453,shoo,shooing,FIC,WhiteLotus,""" he furiously said to Reed-Mat . "" I am just",shooing,"them , "" Reed-Mat said . "" I will give you ten",0,,1,1,1,1,primary coding rule
mgc1454,shoo,shoos,FIC,Mov:DontPlayUsCheap,Earnestine jumps to her feet to help her . Miss Maybell,shoos,her away . Miss Maybell then turns to her niece and asks,0,,1,1,1,1,primary coding rule
mgc1455,shoo,shooing,FIC,Bk:ShiftingSand,"accepting my explanation . I sink down into the water ,",shooing,"him away while I finish washing up . # "" Ronnie needs",0,,1,1,1,1,primary coding rule
mgc1456,boo,booing,TV/MOV,Just Shoot Me!,. That was changed behind my back . Will you stop,booing,me ? I 'm not the enemy . If you 'd read,0,,1,1,1,0,primary coding rule
mgc1457,boo,booed,MAG,SportsIll,#he became physically ill . Though he had not been,booed,"by the home crowd as Danny had been at the Meadowlands ,",0,,1,1,1,1,primary coding rule
mgc1458,wow,wowed,MAG,Time,#first time since 1964 -- not because two young Southerners,wowed,"voters there , but because both states had plunged from",0,,1,1,0,0,primary coding rule
mgc1459,shoo,shooed,FIC,MurderAtAcademy,"a gazelle . # Allie powdered my forehead , but I",shooed,"her away . "" Can you see Cindy ? Did she get",0,,1,1,1,1,primary coding rule
mgc1460,shoo,shooed,MAG,Time,. I sent him back to his stretch limo . I,shooed,away a man who called himself Papa and tried to stuff a,0,,1,1,1,1,primary coding rule
mgc1461,boo,boos,MAG,SportsIll,"all New York , or so it seemed , had heard",boos,"in the Garden in the past two non-winning , non-playoff seasons ,",1,noun use,0,0,0,0,excluded by primary coding rule
mgc1462,boo,booed,NEWS,AP,#said he was not surprised RHP Jose Mesa was loudly,booed,"by Cleveland fans Monday night . "" That 's just the way",0,,1,1,1,0,primary coding rule
