1	163094	US	G	codinghorror.com	A B C . " -Knuth # David H. on February 27, 2007 6:24 AM # ha ha . Lets see some ASM code. You got 10 seconds. Assuming 8086.
2	3158891	US	B	blogs.ajc.com	A B C come along where he would wrap that tape around their necks and strangle them **26;4022;TOOLONG ha ! ha! # ... go about their business in 2012 will be quite different
3	246179	US	G	abcnews.go.com	A B C # REALLY??? There are people blaming Obama for this?? Ha ha ha..... you're mentality is challenged!! I guess when you burn your
4	3180418	US	B	hotair.com	A B C want. Right now they have no incentive to refuse things that come... ha ha ... " free " from Medicare. # I also would rather see, Rather
5	270066	US	G	thetrichordist.com	A B C Glad a friend hipped me to it. I do wonder, however, ( ha !... there you were, waiting for that!) about many of the
6	202194	US	G	kcradio.tripod.com	A B C favor of a KMBZ or KCSP simulcast. Even I can be wrong sometimes ( ha ha). At noon today, KGEX reverted back to Hot Adult Contemporary,
7	3250437	US	B	katheats.com	A B C right, a scoop of ice cream on top would be a good addition. HA ! # I have to agree with the nursing conundrum... it is scary to
8	3163244	US	B	...tyfile.blogs.cnn.com	A B C for govt handouts.. # November 14, 2012 at 5:17 pm # Dumbfounded # Ha . Ha. If they want to secede, by all means let them!
9	173151	US	G	...itybabies.people.com	A B C school, just to have someone else to hang out with after 5pm! ha ha # Rachel on June 4th, 2012 # I agree with Elton! I mean
10	701857	US	G	zerohedge.com	A B C the purchasing power of the dollar (" softening " as Hilsenrath calls it... HA !) the Fed is stealing from every working person, ie the people who
11	3205322	US	B	scienceblogs.com	A B C I was asking? Or that you answered? Funny. Not funny " ha ha " though. # No, I assumed that you would be familiar with the
12	3221750	US	B	wonkette.com	A B C Ha ha ha ha ha ha ha ha ha ha ha ha ha ha ha, ha ha ha, ha... ha... ah ha
13	667981	US	G	fictionpress.com	A B C # CL # What. Doesn't she want to talk about it? # HA # You, just- go away, okay? # CL # What the fuck
14	3237188	US	B	early-retirement.org	A B C the dirty old man club, because I tend to think along the lines of Ha : watch valuation more than anything. The junk bond (and pretty much all
15	667981	US	G	fictionpress.com	A B C prove to be a mirage. He just looks bemused with the whole thing. HA turns back to JU. A book falls loudly out of the locker.)
16	3180455	US	B	hotair.com	A B C , of course, al-AP. As we've proven may times before here on HA , al-AP " polls " are worthless; in May of 2011 after bin Laden
17	3173526	US	B	farmlandgrab.org	A B C # In Africa, the American firm Jarch Capital claims to have rights on 800,000 ha of Sudanese land, while numerous biofuel companies have secured huge deals (and some
18	3685492	US	B	...ancholy.blogspot.com	A B C I got that other job I was thrilled and thought it would be fantastic. Ha ha. Well, I fell damn near every week, some weeks every stupid
19	603208	US	G	en.mercopress.com	A B C world what a collection if thieving dirt bags the Argentines truly are. # 81/63 HA HA HA PRoRG American is convinced that Brazil will use its naval assets to help
20	3242975	US	B	gaypatriot.net	A B C gas prices in the most populous State in the nation to increase our profits! Ha Ha Ha!'. These people (CA politicians) are insane. Your
21	582652	US	G	brenda-chapman.com	A B C an inspiration to me and have been for years though you didn't know it ha :) # Brenda Chapman # Thanks for sharing your experiences! Your dad had
22	1406338	US	G	metrolyrics.com	A B C it.... its my bfs song and i just love the **** out of it ha love ya.. BabyJElle..
23	604798	US	G	randomhouse.com	A B C . " What? You think the guy lied to me? " # " Ha ! " the old man said. He twisted the cap off the bottle,
24	481774	US	G	...ashionablestitch.com	A B C OK, Okay I'm exaggerating, but only by a little bit. Ha ha ! This week, I walked into my sewing room and just had to let
25	3221750	US	B	wonkette.com	A B C ha ha ha ha ha ha ha ha ha, ha ha ha, ha ... ha... ah ha: " Romney also said in the interview he would
26	3271129	US	B	tcj.com	A B C I think you'd appreciate being asked about information that you do possess. # Ha ! I know both the next two EC books and the next Barks book,
27	3252184	US	B	...saschroederbooks.com	A B C ' together' look and manage to look stunning. Not me though.... # Ha , Lisa, I just posted about this on Facebook. I definitely live in
28	652461	US	G	metrolyrics.com	A B C each perfect for yours for yours for yours for yours for yours, ha ha ha ha ha ha ha
29	3687118	US	B	viniciusvacanti.com	A B C http: //twitter.com/Jschwa Jason Schwartz # Preach brother # http: //viniciusvacanti.com Vinicius Vacanti # ha . thanks Jason. # http: //magiczne.seoisem.pl/ Bartek # Great read. And myself
30	175779	US	G	millennialstar.org	A B C accustomed hyperbolic fashion have not invoked Hitler, or indeed fascism of any stripe ( Ha ! Get it?). Godwin's Law shall not be mocked, bbloggernaclers
31	3215260	US	B	...tscorp.wordpress.com	A B C on Grimm does this question seem normal. Imagine someone asking you that question? Ha ! # 10. I read that Detroit was just named the most dangerous city
32	3150091	US	B	add-vodka.com	A B C that, I try to avoid those parties or solicitations at all costs. # Ha -- this is great! And very creative. Do any of these count for
33	3269445	US	B	speedhunters.com	A B C Or search for Doc Merfield Ford Cortina Super Saloon:) benpopham # HoTWire benpopham Ha yes, hopefully we will have a feature on this car. It's amazing
34	661697	US	G	macrumors.com	A B C ##661698 # HA ! That is funny..... Yeah, I would say they are taking over.
35	3239840	US	B	feministe.us	A B C My previously liberal, educational mother vanished and was replaced with someone who said " Ha , tough, welcome to womanhood. I had to put up with it,
36	667981	US	G	fictionpress.com	A B C and contradicting themselves, then? # JU # Well, yes, but- # HA # Hahaha. No buts. They're just making it up as they go
37	348325	US	G	abcnews.go.com	A B C dreg. But, showing up to get some tragedy photo ops and " ha ha obama take that " does not a Great Leader make. Mr. Romney has many
38	3178919	US	B	hackaday.com	A B C would communicate and receive power over a single set of wires. # Ha. Ha . Look at the complexity of the wiring in vehicles with CAN. More wiring
39	3211910	US	B	...canoes.wordpress.com	A B C Arlene Bell and friends. # . # . # But first, the news Ha ! That's called a teaser... # . # . # And here we
40	191348	US	G	goodreads.com	A B C a tad biased in how the book was. But even if it didn't ha ... more Review courtesy of Dark Faerie Tales # Quick &; Dirty: A girl
41	3171918	US	B	...norance.blogspot.com	A B C website. You make me laugh, Anonymous. Like a clown. Funny, ha , ha. # Yes, it backs up its claims with citations. Like
42	667981	US	G	fictionpress.com	A B C , and JU is at the desk, intently reading something on her computer. HA is not paying the slightest attention to what JU is doing, but prattles on
43	3247000	US	B	huffingtonpost.com	A B C marriage, never thinking that they will be the ones to get divorced. But ha ! Joke's on them! EVERYONE gets divorced! OK, not everyone,
44	3683143	US	B	...rs.pressdemocrat.com	A B C spews at me, I must confess I am speaking of Aldon Smith. ha ha got ya. # Ah, the boys except for Howie on NFL Fox are
45	3231674	US	B	chicagonow.com	A B C heavens. We will follow up with more on this shameless management. # Ha ha ha... just came across PURE Bio huh? Some tiny company 1400 miles away
46	3181454	US	B	imechanica.org	A B C hectare has been achieved from wheat, which typically yields 7.5-8 tonnes of grain per ha and the record is 14 tonnes. In 2002, only 174 million tonnes bioenergy
47	3172933	US	B	everydayforever.org	A B C saying in his review is what you might get on a surface read: " Ha ha, Obviously Shitty Restaurant is obviously shitty. " What he's saying to
48	3242239	US	B	frumforum.com	A B C takes the Universe! But, bad news everyone,' cause guess who! Ha ! Except, you lot, you're all whizzing about, it's really
49	487086	US	G	mediaite.com	A B C Chicago, I see white mafia men in three pieced suits carrying tommy guns. HA ! And Mr. Romney is older than me, so I wonder if he sees
50	3171992	US	B	...rgquist.blogspot.com	A B C us and our potential # hey dad. i do nt really like halloween either ha . but its always good to have a party! chili dogs and root beer
51	124591	US	G	zerohedge.com	A B C like to see what would happen if everyone used the same tactics against them. ha I almost left out!..... Make it illegal for Actors, Pornstars, porn
52	3277889	US	B	vapidvixen.com	A B C never mind the hair-raising roller coasters - tha thong photo!! Ha ha ha ha ! # Pickleope- OH no, we definitely had that agreement. Except it only
53	97010	US	G	realitynation.com	A B C : **34;5003;TOOLONG Tiffanie Howe # lol, lol, LOL,. LOOOLLLLL, HA HA HA, LAUGH. # http: **30;5039;TOOLONG? id=7... Tracy Murphy Neiman #
54	3159523	US	B	...discovermagazine.com	A B C word " dick " at least 285 times I would've been highly skeptical ( ha !) of that. Nevertheless it happened right before my eyes. # As
55	526555	US	G	econstories.tv	A B C You say that the government had no role in the overexpansion of the railroads? Ha ! The Federal Government HEAVILY subsidized the building of the railroads and ironically the most
56	3180190	US	B	...ewedchristianity.com	A B C way to eliminate the ideal vs. pragmatic dilemma. So would campaign finance reform, ha ha. # As a Mennonite who came to this tradition during a time when
57	3236563	US	B	doctornerdlove.com	A B C how it made me realize that I should probably lose a few pounds ha ha ha ha! # Seriously, that stuff just doesn't come to me naturally because
58	1397394	US	G	answering-islam.org	A B C ha adam) called every living creature, that was its name. Adam ( ha adam) gave names to all livestock and to the birds of the heavens and
59	3212673	US	B	thedailylove.com	A B C so much. # http: **29;8153;TOOLONG Mastin Kipp # What was your " ah ha " Ruth? # Sherice # Mastin, this is great and so timely!
60	1390340	US	G	...hehills.blogspot.com	A B C with a few toenails having chipped polish) # i used to get manicures. ( ha !!! what is a manicure????!!):
61	666420	US	G	goodreads.com	A B C task for the sake of his family, and dies after almost accomplishing what he ha ... more The story of Harry Morgan's life is interesting enough, but what
62	3264569	US	B	recipegirl.com	A B C to 70 and I'm freezing. So yeah, I get it! ha ha # I would like to make these along with your cranberry meatloaf, but I
63	667981	US	G	fictionpress.com	A B C answered some question. # JU # Mast of which were never asked. # HA # Quiet, you. # JU # Oh, never mind me. I
64	1384504	US	G	...rs.pressdemocrat.com	A B C . I love it. It exposes your post in the first place. Ha ha ha Thats right. " The defense blew the lead againts the Saints ".........
65	86124	US	G	thenextweb.com	A B C are not in their organizing folders. Too bad I would have switched. # Ha F Alasiri # Speaking of which, with Google Docs (the likely predecessor to
66	235656	US	G	tnr.com	A B C should be helped. Then the cheers and applause abruptly stopped. If this really ha ... view full comment # Confused, Crass, and Cranky. Sounds like the
67	161453	US	G	redlettermedia.com	A B C n't this video available in the iOS mobile app? # Michael Spakousky # Ha ha ha. Jay's face is awesome. I couldn't stop laughing. It
68	1393548	US	G	...egreenlifeonline.org	A B C " # If there's any topic you can use to break the ice ( ha !), it's the weather. And what brings a family together like
69	667981	US	G	fictionpress.com	A B C # Oh, and that's Julie. # VA # I figured. # HA # Yeah, cause I kinda said it before. But anyway... # VA
70	623166	US	G	...hesigns.blogspot.com	A B C especially not in Gush Etzion, so there's no need to proofread... # Ha ! What a great week this was! Thanks everyone, for your contributions,
71	3228609	US	B	books4yourkids.com	A B C not surprised. It's a bit dry (despite all the ocean, ha ha .) As an adult, it was fascinating to me, just thinking about
72	667981	US	G	fictionpress.com	A B C # The chaos theory will always exist, your latest boyfriend won't. # HA # I happen to be very fond of Max. # JU # Really?
73	3221881	US	B	worksavelive.com	A B C to handle. Am I making these seem to much like a financial transaction? ha . That's not the point though... because it's not and it's
74	205037	US	G	...square.blogs.cnn.com	A B C Jim! That what you got, because she was talking by hands. ha ha # February 17, 2012 at 4:48 am # Scotsman # Jim Everything you possess
75	644766	US	G	jimtreacher.com	A B C their emails put all over the internet. Which is too bad for them! Ha ha! # WOw even Jon Stewart now knows what a big lie it all
76	453608	US	G	mediaite.com	A B C has the mind of a poodle. # 12voltman1 # News? At Faux? HA HA HA HA HA HA HA HA # Anonymous # I didn't know they
77	3274130	US	B	thenewpotato.com	A B C a rapport there. # What is your favorite city to shoot in? # Ha ! Funny enough, I'd probably say Paris. Its airiness, open spaces
78	579507	US	G	dailyfreepress.com	A B C to work. " # In August, BU School of Management alumnus Steve Binnam Ha was hit by a Route 57 bus after witnesses saw him walk across the intersection
79	155294	US	G	abcnews.go.com	A B C and they will not themselves engage LRA forces unless necessary for self-defense. " # Ha , that is exactly how the Vietnam War got started. # Posted by:
80	667981	US	G	fictionpress.com	A B C get a boyfriend. # JU # You need to get some morals. # HA # You first. # JU # Little chance. I am a good Catholic
81	3173192	US	B	...net.mivamerchant.com	A B C sent in a way that is not secure. Are you sure... message # Ha ha - that is funny for us both. I wonder if all 5.5 wombat
82	3281450	US	B	zerohedge.com	A B C Fed blasting the dollar to oblivion in overdrive to try to prevent this? # HA ! With the destruction of the US health care system, the carb intensive diets
83	758907	US	G	...qebelle.blogspot.com	A B C attempts can be harmful. In line with HA's view of Christian teaching, HA regards heterosexuality as " the universal creation-norm " and homosexuality as " sexual brokenness that
84	673333	US	G	lyricsfreak.com	A B C said, youre right, I said youre so right He said, I know ha I said, do ya? Said, you know youre cuttin records, cuttin
85	667981	US	G	fictionpress.com	A B C and lights up on VA, HA, and CL. VA is looking over HA 's shoulder, and pointing at something on the paper HA is writing on.
86	156206	US	G	answers.yahoo.com	A B C . I've almost given up asking. Maybe they'll fix that, ha ha ha. They should wait until April 1st to work on it as it's
87	165502	US	G	mashable.com	A B C at that price, they'd make you buy the $39 Lightning cable separately! Ha . # I agree on the pricing; The entry level iPod touch is $199
88	667981	US	G	fictionpress.com	A B C enough now! # (Violin into blackout.) # (Open right. HA is lying on the bed, with streaks in her makeup from crying. Her
89	3273150	US	B	thefirearmblog.com	A B C and the poor. People thought the tea party candidates would change that, ha ha ha ha, fooled you they are the worst of them all. # I
90	1386622	US	G	...tyfile.blogs.cnn.com	A B C are paranoid. It's the flouride in the water. -- haa h a ha ha ha ha ha ha ha ha # May 15, 2012 at 3:38 pm
91	3163783	US	B	...iecker.wordpress.com	A B C but he blocked my way and insisted that I get off in back. Ah ha ! He was deliberately causing us to drop the coins and then he would pick
92	3240286	US	B	firstmotherforum.com	A B C left, " I forcefully responded, trying to make a joke of it. Ha ha. # Then I had to explain that there were not enough babies to
93	514685	US	G	anusha.com	A B C saying to his jailer officer buddies, " Did you see that? Ha, ha , ha! " I said, " You're really sick, only a
94	63883	US	G	goodreads.com	A B C best threads, and brings her a gift wanting to make a good impression. Ha ! # " You'll what? " Trent said, standing sideways by the
95	3173410	US	B	...ingtime.blogspot.com	A B C missed it! As a mother of two, I love the cussing - ha ha ! It's who you are and you should never apologize for that. I
96	1384602	US	G	abcnews.go.com	A B C of bullets. " BIKERNAZ12 OCTOBER 4, 2012, 12:09 PM 12:09 PM # HA , didn't need to or couldn't? I love how the left plays
97	3180958	US	B	hyperallergic.com	A B C I feel much better now.:) # http: //twitter.com/jilnotjill Jillian Steinhauer # Ha ! I'm glad to hear it. And I must say, the scenarios
98	3269750	US	B	squidoo.com	A B C Liem, Ung Hoa palace, Ly Nhan palace and Thuong Tin palace set of Ha Noi, from sector to Thang Long former capital of Hanoi. Truong An
99	487086	US	G	mediaite.com	A B C " killing us some Peckerwoods ". # Anonymous # HA HA HA HA HA HA HA # " Republicans ignore blacks; democrats infantilize them. " # Anonymous #
100	94613	US	G	menshealth.com	A B C the same. # My solution? I got a girlfriend. Win-win situation. HA HA! Since I never stated in our vows that I would be faithful,
101	407302	US	G	lyricsfreak.com	A B C staff I tried to play it off so I started to laugh I said ha ha this story is great It's a big misunderstanding one big mistake He didn't
102	667981	US	G	fictionpress.com	A B C ! # JU # I don't really see the point in that. # HA # There... ugh, sometimes you just have to go with it, you
103	3272411	US	B	theblaze.com	A B C obstruction. " # fecal matters becks garbage. You said, bush..... he ha ha ha.... did you forget that bush bought you and your neighbor a big
104	1394230	US	G	...merican-catholic.com	A B C rich beyond your wildest dreams of avarice! (Don laughs evilly: Ha! Ha , Ha, Ha! Chortle, snort!) # Then you wake up
105	14166	US	G	extremetech.com	A B C tell you anodising coated properly does not scuff or flake it can ne rubbed wit ha stainless steel scourer and will not be damaged. I suspect there is something else
106	3168490	US	B	dailycaller.com	A B C ' Ha, ha, ha, ha , ha, ha' " Gutfeld said. " So, with Obama in
107	779348	US	G	amazon.com	A B C wanted to put on a play, we'd just send you golfing somewhere. Ha , ha, it's kind of funny, isn't it? # Yeah
108	462714	US	G	designsojourn.com	A B C middle of a page. # tthomkatt Jul 18, 08 -- 7:33 am # ha ha, do i have to be able to draw,, the answer,
109	205067	US	G	...unity.callofduty.com	A B C have paid 30 more just to play it 1 month before dlc comes out, ha what a joke. If it was announced before I have ordered and paid then
110	655087	US	G	...fection.blogspot.com	A B C someone in the house and ignored her. But when I drew abreast (ha ha ) of the house, I saw that they were looking at me. I
111	471342	US	G	lyricsbox.com	A B C ha ha ha ha. Hey, it's in the bible. ha ha ha ha. There are some 2-way words, like it is okay for Kirk Youdi
112	3250415	US	B	karenehman.com	A B C the house with anyone naked or hungry so I got ta give myself kudos! ha ! # I was going to say stuff. I love to plan to organize
113	3169691	US	B	...aklings.blogspot.com	A B C for a conference, and will see Kevin Killian (yay). # Ha ha , maybe Santa will bring class peace this year. Until then I'll be
114	3217970	US	B	...tionsofthespirit.com	A B C stayed skinny so that he would not be looked upon as a possible meal. Ha ! # Meat was not something that my dad would buy from the grocery store
115	612763	US	G	...hefreedictionary.com	A B C si piazzata or arrivata seconda nella gara she took second place in the exam? ha preso il secondo miglior voto all'esame A won, with B in second place?
116	705755	US	G	...ehollywoodgossip.com	A B C was going to take him from Evelyn. YEAH RIGHT - jokes on YOU so HA !!!! # Ms. Shiner looks like the creature that bust out of
117	3216969	US	B	...invilles.typepad.com	A B C !! Well one must look for signs, no matter how bizarre - ha ha . Great photo, but it is my " omen " sign. Cheers Colin
118	31942	US	G	burnmagazine.org	A B C to not.... # let's see if you are still following this thread.. ha ha.... we did not get into this in the interview, but you do
119	588113	US	G	apartmenttherapy.com	A B C always clean too. I didn't realize that wasn't considered normal. # Ha , I was just looking at myself in the mirror this morning, thinnking I
120	515873	US	G	mediaite.com	A B C . # He can't be normal... # http: **35;1041;TOOLONG... GrammaticallyIndependent # Ha ! Now that's a great line! # Sam # After the 2008 election
121	1401007	US	G	energybulletin.net	A B C , I'm not a big believer in astrology... # LC: Ha, ha , I was just kidding. But the official release date was this past Tuesday
122	3170970	US	B	...tyranny.blogspot.com	A B C Shimura, and Roger Tsien goofed around with jellyfish nervous system s? Ha ha ha ! Okay, so they shared the 2008 Nobel Prize in Chemistry, for work
123	322912	US	G	...hicagocubsonline.com	A B C as a pinch-hitter and stole his fourth base. # Both Ty Wright and Jae-Hoon Ha failed to make a mark in Tuesday's 8-4 loss to Magallanes. # Jae-Hoon
124	3214600	US	B	...eabroad.blogspot.com	A B C rubbing it in to the Mini-Menace that he still has school on Monday. BWAH HA HA HA!
125	566939	US	G	techdirt.com	A B C some but not all of the attributes we associate with human beings. " # Ha , ha, Will Robinson. I am programmed to say that this is very
126	630662	US	G	bible.cc	A B C in Psalm 88:4 (5.) God the Redeemer of His people is called ha ? ro? khe? bh ba?? a? ra? bho?
127	3274802	US	B	...rsaremultiplying.com	A B C . Oh well, it will be her roommates problem at that point! # Ha ! Funny post. My daughter (second child) started potty training without any
128	22854	US	G	indeed.com	A B C wings on an established pt. Not an FMX on a new pt, Ha Ha ! I wish I could help more with her training, But we are a
129	6810	US	G	washingtonsblog.com	A B C able to do for myself! " Their coming to take me away, ha ha , THEY are coming....... " # http: **32;2452;TOOLONG William Martin Readling # It
130	545751	US	G	...taclaus.blogspot.com	A B C offset the immense profits they make on their own products. # And you? HA HA HA! You get to struggle to buy frozen peas at your local grocer
131	774875	US	G	freethoughtblogs.com	A B C mention the principal flaw in religion, the belief in an undetectable supernatural magician that ha created everything and controls everything which is the basis of all religions. Also,
132	667981	US	G	fictionpress.com	A B C , and those kinds of emotions have no place in the public square. # HA # Is there a private square? # JU # You are insufferable today,
133	3247413	US	B	ibreatheimhungry.com	A B C time - it is my lifelong goal to never end up posted there! ha ha !:) # Hey, I'm a southern girl and I don't
134	3224668	US	B	annies-eats.com	A B C Cookies and cakes together..... what a combo! # http: **29;7451;TOOLONG bridget # Ha , I'm making both the chocolate overdose cake and the NY cheesecake this weekend
135	3264506	US	B	realjewnews.com	A B C so called patriot movement. # You think Alex will stand up for patriots? Ha , he admitted on air that when it comes down do it he will help
136	10998	US	G	hotair.com	A B C you should be ina mental asylum and your insanity shouldn't be show cased on HA , it would be funny if it weren' t actuallytragic... you really,
137	3252052	US	B	lifewithoutpants.com	A B C myself on my own, through books, people, and even crossword puzzles! Ha # I have a science background. I was studying to become a medical examiner
138	3201035	US	B	...sa.blastmagazine.com	A B C . # I'm obviously not left without words anymore, am I? # Ha . The people who make generalizations -- in and out of the Twilighterdom -- it
139	503099	US	G	pjmedia.com	A B C n't believe any poll.. &; I don't answer any poll.. # Ha Ha ! Complain all you want about polls. Romney is losing because he is a
140	132664	US	G	...ticker.blogs.cnn.com	A B C # Just look at that PLASTIC smerk, he is saying to himself, ah ha America, Im gon na do what ever is necessary to sutrpress the Elderly &;
141	1409565	US	G	restylaneusa.com	A B C Restylane -L, Perlane, Perlane -L, and Restylane Rewards are registered trademarks of HA North American Sales AB. trademarks are the property of their respective owners
142	475478	US	G	scienceblogs.com	A B C is done, I would recommend using the search function here. " # Ha Ha ... Sure it has. # Krebiozen # January 1, 2012 # I just
143	1412912	US	G	vaniquotes.org	A B C , you can understand? " The attitude should be taken like that. # Ha ? sad? ta: We just accept whatever K??? a says
144	87316	US	G	...derings.blogspot.com	A B C travel. Life is GOOD! Tuesday, January 19, 2010 # Ha Ha Ha OK, apparently I've gotten soft living in Korea's colder climate.
145	434457	US	G	forbes.com	A B C will argue about issues rather than about who's ahead in the polls. # Ha ha, just kidding! Who wants to hear about issues? But if you
146	501754	US	G	myextralife.com	A B C your enjoyment and sometimes the things don't go out as expected. # Ha ha ! I tend not to listen to critics. The one review I did read
147	3238624	US	B	...preneurs-journey.com	A B C distractions one iota when I compare it to the old days at the office. Ha ! # I think consistency is also key. Once you have your priorities,
148	3261044	US	B	petapixel.com	A B C are refreshing from the usual city timelapses. # ken # " ghastly ". ha ! get real bro. everyone has different tastes, and this video was rad.
149	133955	US	G	answers.com	A B C was New York State territory and that the balance of the 27.5 acres (11 ha ) added after 1834 by landfill was in New Jersey. 21 # Today the
150	3684514	US	B	faculty-staff.ou.edu	A B C and none one, let me repeat, NO ONE will be able to neutralize HA except Syria. But since the price for that is too high for Israel,
151	330848	US	G	tv.com	A B C Wind, Just the Wind? It's never just the wind! Ha ha ha ! Well anyways, this episode is about Steve tells Michelle, Stephanie, and
152	214087	US	G	blog.laptopmag.com	A B C press the print screen buttopn to now havingto pressthe Windowskey and print screen HA HA HA .. so two buttons are easier than one.. # " If anyone knows how
153	330033	US	G	publicknowledge.org	A B C , wait. You thought I was talking about Christmas? Ha, ha, ha , ha, ha. Ha. No, we're talking about the Dec.
154	3174826	US	B	...itehat.wordpress.com	A B C . It's like people are to ignorant to read previous comments. Ha ha ha I can't wait for humanity's wake up call (ass kicking).
155	696909	US	G	maddowblog.msnbc.com	A B C It's all about Location, Location, Location and Time and Space Occupation. Ha ! " # " And me, I'm just a Monk, and this
156	3254283	US	B	metafilter.com	A B C to assess the other Ivy League professor that Kao offered to the show? # Ha . I'm just inclined to believe that, when presented with pretty overwhelming evidence
157	3278106	US	B	vg247.com	A B C " They have a great online strategy. " Ninty with great online strategy? Ha . You are kidding right? Both psn and xbl beat it to a pulp
158	3271642	US	B	temptalia.com	A B C tone. I go marcel proust if smell one of that brand's products, ha ! # My first love was Lancome. Mostly their eyeshadow just dazzled me.
159	600269	US	G	...hicagocubsonline.com	A B C loaded the bases. Junior Lake (2-for-4, double) knocked in Watkins and Ha with a single. A base hit by Rubi Silva (2-for-4) reloaded the
160	3275801	US	B	tomandlorenzo.com	A B C # http: **46;5302;TOOLONG jennyv # " He's the quintessential One-Way Monkey. " Ha ! I love you guys so much. # Pinup Ghoul # I want to
161	417014	US	G	...s.washingtonpost.com	A B C . # The Republicans continue to wave the " deregulation " government-off-our-backs banner. # Ha .. Ha.. Ha..... All the angry Republicans blogging today about Senator Spector (
162	3190643	US	B	...atalk.metafilter.com	A B C is that everyone responded by staying on the kind side of rationality, so ha ha ? The joke for what it's worth is on MeFi, I guess?
163	3175447	US	B	...esonly.wordpress.com	A B C to just say " no ". Not always the case with all things ha ha . # When I was 18 and my big busted friend went to the doctor
164	638502	US	G	artofmanliness.com	A B C but in a " stuck in a hole/climb over wall " scenario, lightweight would ha ve better chances. Anyway, I guess the most difficult would not be the
165	545652	US	G	tvtropes.org	A B C it was... a -- hey! -- a dark and stormy night! Ha ha ha! # The Joulukalenteri, a Finnish TV series starts all its episodes with
166	749214	US	G	ncbi.nlm.nih.gov	A B C driving force for influenza A virus budding were consistent with other findings showing that neither HA nor NA is absolutely essential for influenza virus budding (27, 42).
167	731405	US	G	...yourneighborhood.com	A B C awhile... or maybe share your artwork with others. Do some laughter yoga ( ha ha ha!)... or take a day-trip with a group of neighbors and
168	416075	US	G	abcnews.go.com	A B C , 2:01 pm 2:01 pm # Love your description of the two, wawhite74. HA ! And, yes, this is old news, newcountryman. I guess it
169	778633	US	G	...ity-walks.meetup.com	A B C and making new friends, then this Meetup is for you! We strive to ha ... # This meet up is all about exploring Los Angeles on foot. There
170	3158891	US	B	blogs.ajc.com	A B C where he would wrap that tape around their necks and strangle them **26;4022;TOOLONG ha! ha ! # ... go about their business in 2012 will be quite different from last
171	305180	US	G	...itybabies.people.com	A B C " mistake " of wrong timing, on my hubby's behalf..... Ha, ha . We didn't walk around telling everyone that. Oh well, we wanted
172	3234605	US	B	dailykos.com	A B C 30mpg $18,000 - $24,000 FWD Malibus, Accords, Camrys, etc. Ha, ha , you bought the bullshit football game commercials and now the joke's on you
173	204691	US	G	...tboyce.wordpress.com	A B C " Woman, you suck, " and not in the joking HA HA HA HA , I just slipped down the stairs and rug-burned my butt kind of way.
174	328877	US	G	...angeles.cbslocal.com	A B C . It has not done so at this time. # TargetZero # ha ha ha , Mexifornia! Nice one, but sad to say, you are correct.
175	3220892	US	B	whatever.scalzi.com	A B C my birthday is, I've gotten some pointed jokes on the subject. " ha , ha, I guess your dad didn't have very good black market contacts
176	120454	US	G	...elopers.facebook.com	A B C ##120455 # She makes good television? Ha , yeah right. I've seen dogs that are a hundred times better actors
177	3272380	US	B	theblaze.com	A B C us out of this mess. This guy counts Obama as a black man -- Ha -Ha. Obama is a half breed that has no business savey. Community Organizing
178	484615	US	G	...sa.blastmagazine.com	A B C he was turned into a vampire would still alive and in his body. SO HA !, SCREW YOU! Seriously, did you even read Breaking Dawn properly?
179	622480	US	G	un.org	A B C # On October 13, 1999 President Clinton announced plans to protect an additional 16,194,000 ha of federally owned forestlands from road building and commercial development. A year-long process soliciting
180	3278327	US	B	vietnam-aloha.com	A B C seems to become more peaceful than casual days. # " Early autumn comes! Ha Long returns to more peaceful and gentle days. Being a tourist guide on bay
181	622480	US	G	un.org	A B C that may be vulnerable to contamination). Through ten-year contracts, approximately 89 million ha (36 million acres) have been removed from production and revegetated in this programme
182	3222881	US	B	...beerfortheshower.com	A B C want from the web from it... that's what my PC is for ha ha ha # I had no idea Facebook is doing this but that's probably because
183	240082	US	G	...ngreese.blogspot.com	A B C ine. # So if you've got a bit of free time on your ha nds and want to s witch it up, give this a go and let
184	3251239	US	B	kyleschen.com	A B C the past. # I think every person in the world has said, " Ha ! Regret? It doesn't make any sense! I beat the feelings of
185	487086	US	G	mediaite.com	A B C be " killing us some Peckerwoods ". # Anonymous # HA HA HA HA HA HA HA # " Republicans ignore blacks; democrats infantilize them. " # Anonymous
186	71195	US	G	angelfire.com	A B C crashes into it, and finds it's a manure truck!) Marty: Ha , ha, ha, yeah! Biff: Manure! I hate manure!
187	178643	US	G	...ideo.foxbusiness.com	A B C people that they polled have we're very enthusiastic for President Obama 60%. # Ha but 62%. # We're very enthusiastic for wrong when it comes to turn
188	3205375	US	B	scienceblogs.com	A B C I'm sorry, I see no mention of libertarianism at your link. # Ha ha ha! So your claim is only that the LP people added the suffix
189	3281086	US	B	yellow-bricks.com	A B C , 4.0, and 3.5, we recommend upgrading to 5.0 which provides greatly improved HA clustering, amongst many other benefits. This data shows the 5.0 version has been
190	202271	US	G	lyricsfreak.com	A B C money as I took my turn I want you, I need you, ha ha ha Ooh, I had a strange kind of woman,
191	480031	US	G	everyculture.com	A B C bit dated but most of it is quite accurate) (professional men using chacabanas HA !) # Comment number 44 from (lol) chucky cheese is quite interesting
192	3279638	US	B	...rongwiththeworld.net	A B C n't have to cook is fine by me, grandma! Ha, ha, ha ! " # I like these. Great alternatives. However, one has to
193	3197501	US	B	...lddiner.blogspot.com	A B C move forward on Destined for the Storm which I planned to publish this fall. Ha ! When you work in a 2 1/2 x 6 foot workspace with not desk
194	3266749	US	B	schneier.com	A B C to use *concealable* cameras to take pictures of things are either criminals, terrorists ( ha ha) or... ordinary citizens/tourists who are now afraid of getting hassled by would-be
195	533856	US	G	therightscoop.com	A B C perfect, but for some reason there is something about a man from Texas! HA # http: **34;3426;TOOLONG... Rose # That is becausehe used to be a Democrat
196	3270618	US	B	superherolife.com	A B C no one makes us feel badly... we often do that to ourselves. # Ha ha, the story about lifting up your shirt to show the bellyfat after pregnancy
197	548229	US	G	cryptogon.com	A B C place. But now... If organizations are able to shitcan their server rooms... HA ! Fill it to the rim with Grim! # I know, Mr. IT
198	258505	US	G	hotair.com	A B C real, so good on him, and why not show it here? # HA has a love affair with some truth. If Weigel on occasion stumbles into actually
199	1386498	US	G	bonzaiaphrodite.com	A B C 've received is: " How the hell do you do it all? " Ha ! But I'll tell you the truth. For the first time, I
200	3226439	US	B	bananas.org	A B C (Brazilian) both got over 16' of p-stem and maybe 20+ for the HA ? The HA were monsters for sure. He still grows some that get 10-13
201	3220404	US	B	...ebcomics.yaoi911.com	A B C would LOVE to somehow make a short film for something like this. ah ha ha It'd have to be Artifice since it is finished. if only!!
202	3228444	US	B	bnti.us	A B C . Just as when Yaakov reached a certain place Enosh reached a certain place. Ha Torah uses this place Enosh reached as a chronological marker to when idolatry began.
203	277672	US	G	news.cornell.edu	A B C other vegetation are diminished, and competitive monocultures of cheatgrass now exist on 5 million ha in Idaho and Utah (Whisenant 1990). The animals dependent on the shrubs
204	460438	US	G	sarahwagneryost.com	A B C !). (And what I got was me not liking myself anymore! Ha !) An recently posted.. Who are you willing to upset?
205	194928	US	G	newyork.cbslocal.com	A B C . # Laundryman # Mormon's don't believe that. # K. Ridgel # Ha Ha! Roman Catholics have always bent over and taken it in the rear for
206	133304	US	G	...ldgblog.blogspot.com	A B C Morrison's story includes the American phone system coming alive underneath the Pentagon. # Ha ! My friends and I used to refer to that creepy building as " the
207	722719	US	G	...documentaryfilms.com	A B C remember you. You are the other guy who ends his posts with " ha ha " but you couldn't spell this two letter word correctly (" hah hah
208	3201340	US	B	pvpost.com	A B C be forewarned that almost all of our local restaurants will be closed. Thankfully ( ha ha) there are a few options if you're looking for something different or
209	3173526	US	B	farmlandgrab.org	A B C a Swedish firms, Black Earth Farming and Alpcot-Agro have acquired 331,000 ha and 128,000 ha respectively in Russia's black earth region. # In Africa, the American firm
210	3149143	US	B	...101nlt.wordpress.com	A B C write all kinds of ramblings and strange things sometimes, people actually like it! Ha ha ha Some of the best ramblings or poems that seem off are exactly what
211	423257	US	G	agbioforum.org	A B C ##423257 # Glyphosate-resistant (GR) crops represent more than 80% of the 120 million ha of transgenic crops grown annually worldwide. GR crops have been rapidly adopted in soybean
212	3175939	US	B	freetheanimal.com	A B C series on Anarchy at Home so I can move on to the book. # Ha , I was at the gym at 9:35 AM. Until about 10:00. McGuff
213	1409991	US	G	script-o-rama.com	A B C The wrist and my left hand Bling like " Blaow " You like my style Ha , ha, I'm heading to the bank right now I get money,
214	3175842	US	B	freedomoutpost.com	A B C they walk among US... # Noni77 # " Kakistocracy "... # eddyjames # Ha , ha, ha the sad part is this is probably a true story.
215	722719	US	G	...documentaryfilms.com	A B C to admit that it was presumed that anyone who ended their post with a " ha ha " must be a kid. Who'd have thought a 70 year old
216	3239560	US	B	farmgirlfare.com	A B C me. It's time to pickle before my relish is Pink tomatoes. HA HA Please help Thanks, Lisa # I gave up canning due to lack of storage
217	3184284	US	B	jonathanturley.org	A B C life interest " legislation -- my silly dream -- HA HA HA HA HA HA HA ! # I wish everybody a happy Thanksgiving. I'm joining my son today
218	519001	US	G	thingist.com	A B C expected practice. # " Tables? What is this, the 1990s? Ha ha ha! " # " This design looks like myspace gorged itself on friendster and
219	265362	US	G	gossipcop.com	A B C several anon, lol. Some are just mean and some are nice. # ha # lol. you sound like an idiot. # guest # Yo Nutcase. I
220	631115	US	G	jamaljivanjee.com	A B C . Just BE. Enjoy God, your life, your family, REST. Ha , all our " expert " attempts to get God to " do something "
221	285972	US	G	therightscoop.com	A B C delusions of human omniscience and inherent virtue. # apoorcitizen # Ha! Ha! Ha ! Ha! As usual Romney can't get it right! In over his
222	303869	US	G	abcnews.go.com	A B C : beth August 22, 2008, 11:12 pm 11:12 pm # julie, ha ha ! Joseph Biden? McCain up 5 points according to Reuters at a time in
223	550399	US	G	...eparade.blogspot.com	A B C Todd doesn't care about all that, so give it to him! " HA !!!! LOVE! # After we did this a couple of times
224	3203781	US	B	...ockmad.wordpress.com	A B C my son -- hold on leave me the car keys and your wallet! ha ha ha). I'm so so SOOOOO HAPPY about this! This means no
225	1398834	US	G	cbsnews.com	A B C on either Xbox or a Windows PC. # Ha, ha, ha, ha , ha,... you got ta be kidding me. I've
226	638919	US	G	sivers.org	A B C a panel of industry pros talk about how you can succeed in music "! ha ! not falling for that scam! I'll keep my $100 and book my
227	563693	US	G	...btbqotd.blogspot.com	A B C zits? # Um, no? # Most Implausible Moment # Hahahahaha. # Ha ha ha. # PUNS! Watch # Casey Kasem: " Little did they
228	206602	US	G	bigfatwhale.com	A B C We can finally increase wages! And create some jobs! Ha! Ha! Ha ! But seriously, what SuperPACs should we donate to? Meanwhile... at the
229	3171918	US	B	...norance.blogspot.com	A B C You make me laugh, Anonymous. Like a clown. Funny, ha, ha . # Yes, it backs up its claims with citations. Like some blog
230	592355	US	G	csicop.org	A B C replies that no, he can't. The UFO believer is gleeful. " Ha ! You don't know what it is, so it must be aliens!
231	3206121	US	B	...curity.blogs.cnn.com	A B C The approval rating of Congress is sickening, and they do nt care. # Ha , how little Americans understand about economics US and Global. I won't go
232	667981	US	G	fictionpress.com	A B C the one I just detected would tell me that you have a plan. # HA # Well... # JU # And the human face has three thousand different movements
233	3244466	US	B	greentechmedia.com	A B C beacon for the world? Can Hawaii replace oil with geothermal power? Richard Ha , Robert Rapier: April 6, 2012 # Over the past decade, world
234	667981	US	G	fictionpress.com	A B C boy I was telling you about. # VA # But I- oh. # HA # Max, Valentine. The new girl. # MAX # (Eyeing VA
235	571591	US	G	...kethat.wordpress.com	A B C of me. My double chin and back boobs are saved for private viewings. Ha ! # As for you, I love your photos. And you always look
236	3159449	US	B	blogs.denverpost.com	A B C figure. Ringo's Rule # Ron Gangitano # US Army, 1968. Dong Ha , Qua Viet, Con Thien, Rockpile, Khe Sahn.' Nam has
237	574373	US	G	blogs.kqed.org	A B C how to think will not be effective graphic designers. # Ha, ha, ha ! Many of these predictions were made ten years ago, "... for the
238	3218975	US	B	veryeasychoices.com	A B C it yet, or when, and I don't care because ha ha jingling ha I have it already in packaging more beautiful than anything I've seen and anything
239	603184	US	G	mediaite.com	A B C in the administration I don't know # http: **31;14611;TOOLONG mavigozler # Ha! Ha ! What I want to show the Guatemalan farmer is that the economic condition in
240	330033	US	G	publicknowledge.org	A B C was talking about Christmas? Ha, ha, ha, ha, ha. Ha . No, we're talking about the Dec. 21 meeting of the Federal Communications
241	441168	US	G	imdb.com	A B C In a thousand years, even you may be worth something. Indiana: Ha ha ha ha. under his breath Indiana: Son of a bitch. Share this
242	3159192	US	B	blogs.cbn.com	A B C , just maybe, he can do it again! Lets pray! # Ha ha , is God weak, is He not able to make changes and make the
243	536741	US	G	thenester.com	A B C ?? A finish or something? I'm worried about ruining my stumps. Ha !!:) # WOW! Your sister's voice is AMAZING!!
244	82754	US	G	goodreads.com	A B C and then--you have been warned). My biggest frustration was her undying patience ( ha !). There were plenty of moments I wanted to scream at her for
245	567300	US	G	newyork.cbslocal.com	A B C of witness accounts, and arrest me for defending my family. Call you.... HA ... that's a joke... and you have heard it plenty of tims.
246	750369	US	G	politico.com	A B C , you think the electorate sees you all as middle class heros... ha ha ha . Keep it up idiots. The more you keep up the obstructionist BS the
247	3243330	US	B	getrichslowly.org	A B C ! What you describe sounds nice but is not realistic in my experience. # Ha ! I wish you were joking. The market is certainly not allowed to operate
248	346963	US	G	...riters.wordpress.com	A B C chair. And no, I wasn't drinking, really. # Ah ha ha ha! Yeah -- I broke my fibula bone down by my ankle last summer
249	3268858	US	B	so-many-places.com	A B C him to Game of Thrones. Not quite the same. # Monkeys!! Ha , this looks like so much fun and the monkeys all look so happy and
250	142189	US	G	lainitaylor.com	A B C screen. Hello face, goodbye face. Go back to bed, face. Ha ! # It was a test for the LIVE AT THE LOUNGE live video chat
251	725376	US	G	newyork.cbslocal.com	A B C theory " in about 20 years. # Living in a plastic bubble # Ha ha ha... This is a joke right? No one with an I.Q. Of 40
252	3230509	US	B	capitolhillblue.com	A B C give a public moment of gratitude to those who were giving her support. ( Ha , nice gal). # The loss of the officer was posted day and
253	789320	US	G	mediaite.com	A B C Well just keep whoring yourself out and you'll always be popular. Ah ha ha ! # http: **28;9745;TOOLONG Gail Filerino # Art you are absolutely right. In
254	259432	US	G	...tewithalittlebit.com	A B C receive the FREE Dummies book. I'm looking forward to getting that. # Ha ! So I'm still on a blogging break, but I did want to
255	21604	US	G	theblaze.com	A B C . Just Barack being Barack, Ha ha ha ha ha uh ha ha ha ha .... # He could claim to have been the gunman on the grassy knoll.
256	543234	US	G	pastormark.tv	A B C the primary aspect of any Indian yoga practice tradition -- including the medieval, body-oriented ha ? ha yoga -- in spite of the self-authenticating claims of many modern yoga schools
257	665770	US	G	dragonball.wikia.com	A B C (hopefully only filler). --. 10 X. Ka. me. ha . me. ha..... talk.....
258	348325	US	G	abcnews.go.com	A B C a dreg. But, showing up to get some tragedy photo ops and " ha ha obama take that " does not a Great Leader make. Mr. Romney has
259	241212	US	G	...goddard.blogspot.com	A B C It helps to know that a lot of people feel the same way. # HA ! I just read this article and had no idea that Alex was your Alex
260	3172933	US	B	everydayforever.org	A B C in his review is what you might get on a surface read: " Ha ha , Obviously Shitty Restaurant is obviously shitty. " What he's saying to Guy
261	576366	US	G	randomhouse.com	A B C , you italics hog. # YEAH, WELL GOOD-BYE TO YOU, TOO. HA , HA, HA. # Hey! I just remembered my first memory.
262	3232874	US	B	comicbookmovie.com	A B C Conspiracy? or just no love for the lil' editor guy I guess, ha , ha... # Don't get me wrong, I appreciate everybody who posts
263	3172378	US	B	...theamericandream.com	A B C silly school iPad in class research the American dream for a paper. Ha ha ha . # Kyle # One of the main problems with school is that they've
264	3205341	US	B	scienceblogs.com	A B C MF59 adjuvanted H5N1 vaccine vs MF59 adjuvanted seasonal flu vaccine (or different doses of HA in the H5N1 adjuvanted vaccine). And that included 471 kids. Like,
265	3221749	US	B	wonkette.com	A B C ##3221750 # Ha ha ha ha ha ha ha ha ha ha ha ha ha ha ha, ha ha
266	405767	US	G	abcnews.go.com	A B C # Posted by: Sclair August 15, 2012, 10:53 pm 10:53 pm # Ha ! Joe is a bigger racist than I thought he was. # Posted by
267	539093	US	G	themoderatevoice.com	A B C of the free (sure, sure), home of the brave (ha ha ), can not be trusted with simple traffic laws, let alone issues requiring
268	3184585	US	B	...sunset.wordpress.com	A B C rewards whatever the result. Their guy wins, they get to say, " Ha ! I knew it all along. " Their guy loses, they get to
269	265362	US	G	gossipcop.com	A B C media out of their business. It will be like 2009 all over again! HA ! With everyone debating are they back together or not! # Are you a
270	617141	US	G	...aafricarealstory.com	A B C " phase. It has never been implemented. # (4) Uganda 40,500 ha Heibei sic multipurpose project. This project, " Hanhe Uganda Hebei Farm, "
271	448942	US	G	imdb.com	A B C , whether I get a brain or not. Stuff a mattress with me. Ha ! Tin Woodsman: I'll see you reach the Wizard, whether I get
272	696909	US	G	maddowblog.msnbc.com	A B C 'd probably find a way to charge me another fee or two for it. Ha ! " # The Prisoner stretched and yawned. " Anyway, Truth's an
273	3196334	US	B	...records.blogspot.com	A B C ? you cant, because he will not put it in his hands. ha ha ha ha. chew on that and report back. # I can not help
274	3253926	US	B	mediaite.com	A B C head. # http: **35;18715;TOOLONG... Hank # Obozo is Toast... TOAST... Ha Ha Ha Ha Ha... Suck on it Libarats... and CHOKE... # http
275	3224801	US	B	apartmenttherapy.com	A B C than you can ever imagine. # The idea of hiring a fantastic inspector ( ha ! As if this is a simple and straightforward task) in addition to electricians
276	3209916	US	B	...ontlike.blogspot.com	A B C 16-year-old boy was arrested days later and charged with harassment and bias intimidation. # ha he was " traumatised "? That con artist was trying to " get paid
277	585984	US	G	techcrunch.com	A B C of room left for growth! And plenty of talented, educated people! Mwah ha ha ha! " # Ok, Ok, let's leave aside that many
278	799991	US	G	talkofthehouse.com	A B C the high is in the low 82 today so it might be a while. Ha ! Congrats Wanda on the win for the cupcake mix! Super fun! #
279	548858	US	G	asianfanfics.com	A B C like that until his parents found out what had been happening to him. When Ha Min confessed that he enjoyed it, they became disgusted with him unable to believe
280	667981	US	G	fictionpress.com	A B C a temper, more like. And it's a rather large bit. # HA # And I can tell you the second part is entirely true, but maybe
281	3173526	US	B	farmlandgrab.org	A B C signing deals with other governments across the world. Saudi Arabia has tied up 25,000 ha in Sudan to grow corn, soy and wheat, with Jordan and Syria inking
282	3195716	US	B	nomadicsamuel.com	A B C photo on top depresses me. Put away the electronics and go look around! HA ! Kent Foster recently posted.. The Travel Newbie Round the World Mailbag # Do
283	19059	US	G	radio.foxnews.com	A B C a true American/Texan ready to defend Our Country, and make THEM APOLOGIZE TO US HA ! No, President George W. Bush knew that war isn't won with nice
284	677348	US	G	...critics.blogspot.com	A B C working as a pack animal in a salt mine soon. # Rob: # Ha ! Disney fact: bad kids being turned into donkeys and forced into slavery never
285	501098	US	G	theobamadiary.com	A B C rain the other day where people STOOD to hear him in the pouring rain.... HA ! # Robme's toast. We have to concentrate on voter turnout and down
286	158126	US	G	howtogeek.com	A B C will customize a Linux build and screw MS! # Give it a chance... HA ! Vista was bad enough, and now I watched all these 7 videos and
287	667981	US	G	fictionpress.com	A B C you spend all your time stressing about the boys in your first week. # HA # Do not. # JU # Yes you do. # HA # Okay
288	436845	US	G	reneewarren.com	A B C . How great you get to spend all that time with your child! " HA . # Cherish every moment you do have with your babe, drink lots of
289	3265192	US	B	revolvermag.com	A B C to reply to this comment total votes 4 BVB I did= 75 # xlfeftbreahtless # ha you bad! # votes for AA=200+ and thats just me... # Thaumaturge561 #
290	359742	US	G	dummies.com	A B C ##359743 # Anthony Ha is a writer at TechCrunch, where he covers media, advertising, and startups
291	706858	US	G	...rdballblog.msnbc.com	A B C discussing politics. Otherwise you're just a hack writing bad fiction. # Ha Ha Ha! You are of course speaking about 33 attempts to stop the ACA at
292	443030	US	G	...nlevine.blogspot.com	A B C to understand the roller coaster of emotions and the numerous rejections he gets. # ha ! I loved this. From the actor, " she looks too much like
293	160869	US	G	abcnews.go.com	A B C # in other he says he " inherited nothing. " -- -- HA HA HA HA HA!!!!!! HOW does one inherit hundreds of millions
294	3225425	US	B	askamanager.org	A B C ) but some people have taken it too far.:) # BSAH! Ha ha. I would just suffer during an interview, I think. Of course
295	3172377	US	B	...theamericandream.com	A B C # And you thought your favorite thug rap artists were " thugs ". # Ha ha ha hee hee ho ho. These rappers that like to brag about street
296	423257	US	G	agbioforum.org	A B C . In Georgia and North Carolina alone, in 2006 there were more than 200,000 ha of cotton fields infested with GR Amaranthus palmeri (Culpepper, Whitaker, MacRae,
297	3259147	US	B	omnomicon.com	A B C how to define BBW clothes that fit right. # Jessy Said, # Ha ha ha. I love you. This is a great recipe and I chuckled while
298	1386854	US	G	...ristianthinktank.com	A B C no KNOWLEDGE, but they follow CONJECTURE. Some of them said:' the ha ' (i.e. the pronoun) refers to their knowledge. The meaning here is
299	222999	US	G	goodreads.com	A B C and start to wonder who the villain is. # Counting the Shapes by Yoon Ha Lee offers a different situation in which the wizard is neither just starting out nor
300	799335	US	G	jobsearch.about.com	A B C ? think again, huh, you'll get smackd # never be stepping... HA never be stepin... HA never be steppin.. on my sho side radio "
301	3202438	US	B	reallyhandmade.com	A B C I always wanted fair, porcelain-like skin! # http: //reallyhandmade.com Amy Alan # Ha ! I love Oh Happy Day as well, and am constantly pining to also
302	1394500	US	G	...eel-pence.tumblr.com	A B C ? " Pence replied while giving an Sea salt Ice cream to Hayner, " Ha ... his justice brigade... " # " Sure I'd be able to!
303	111560	US	G	moneymorning.com	A B C two to three weeks, are going to be telling. 3 Responses # Ha , Ha, ha, but what if there is war in the middle east
304	632741	US	G	blogs.indiewire.com	A B C learning. We all mes up in life. Kirsten is very very young and ha s a lot of growing up to do. I also think the brunt of
305	340761	US	G	pickthebrain.com	A B C the laughs will come. # 5) Jump Into A Big Pile Of " Ha Ha " # What's weird is the extent to which people who are feeling
306	617141	US	G	...aafricarealstory.com	A B C was never allocated, the project -- which was almost certainly a maximum of 100,000 ha -- was never this large -- and has been dead in the water for years
307	1394230	US	G	...merican-catholic.com	A B C dreams of avarice! (Don laughs evilly: Ha! Ha, Ha, Ha ! Chortle, snort!) # Then you wake up. The sad and
308	456745	US	G	thoughtcatalog.com	A B C (and yes JT) were the Britney Spears of the boy bands. # Ha , do you remember Mandy Moore and Jessica Simpson back then? # http:
309	3202509	US	B	reason.com	A B C dollar unfunded liability was more important to most people than getting another Kennedy elected ( ha ). # Likewise, the reason people voted for Dems the last two elections
310	3163880	US	B	...shjocky.blogspot.com	A B C besides nothing but sunshine and roses ever happen to anyone in my family (ha ha ha ha)... and if you believe that....! People who can write
311	1397394	US	G	answering-islam.org	A B C to work the ground from which he was taken. He drove out Adam ( ha adam), and at the east of the garden of Eden he placed the
312	652461	US	G	metrolyrics.com	A B C made each perfect for yours for yours for yours for yours for yours, ha ha ha ha ha ha ha
313	629409	US	G	aintitcool.com	A B C were physically clumsy. Maybe that's why he is such a great director. Ha ha ha! Anyway many of the students I have worked with that have Asperger
314	3247053	US	B	huffingtonpost.com	A B C is another look into the life of a young man who believed bad things could ha ... # Okay so the problem was that, he didn't bother to have
315	3205375	US	B	scienceblogs.com	A B C 'm sorry, I see no mention of libertarianism at your link. # Ha ha ha! So your claim is only that the LP people added the suffix -ism
316	3214385	US	B	theplanetd.com	A B C of my " free time " now that I'm not in an office -- ha ! Seriously though, I'm feel like we're on the right track after
317	3208565	US	B	spectator.org	A B C entertained. Neatsfoot 11.17.12 1:34PM # So obama got the sympathy vote? Ha ! There is nothing more ephemeral than the feelings of the electorate. Had umemployment
318	624216	US	G	...square.blogs.cnn.com	A B C # It seems to me that Western Propaganda Machine have decided to stop here. Ha ha ha ha ha. Iranian President Mahmoud Ahmadinejad has brushed aside the US and
319	464522	US	G	tvline.com	A B C it would much better without Nigel in front of the camera. # So Ha Ha , JoJo and Nigel is Pervy are all like a perfect parody of ridiculous,
320	734644	US	G	un.org	A B C . # STATUS REPORT: # Albania is a country where forests cover 1,0447 million ha (about 36% of the total land resources of the country). Approximately 80%
321	155978	US	G	worldoftales.com	A B C be next. At last morning came, and the sun rose. # " Ha ! " thought she, as she looked at it through the window, "
322	153386	US	G	plato.stanford.edu	A B C had been the main issue (Hesseling 2003): the embedding of PA into HA shows that PA is consistent if and only if HA is. As Gdel observed
323	3228758	US	B	boxingnews24.com	A B C World-Champion # Audley Harrison is maybe the only fighter mentioned that Wilder could beat HA HA HA! Wilder vs Wlad AHA HA HA! Wilder would probably be knocked out
324	3151021	US	B	...lthouse.blogspot.com	A B C herself on her writing, you sure create a lot of confusion. " # Ha . To say that is to show that you don't get this blog.
325	3237446	US	B	economicpopulist.org	A B C n't paying attention to what Obama did for the banks and the financial sector! ha ha! I guess they missed how team Obama did nothing about foreclosures in reality
326	3199731	US	B	pmofnz.blogspot.com	A B C potentially about 70,000 new houses. # Average section say 400m2 = 25x houses per Ha say $200K land value each section. 70,000 / 25 = 2800 Ha required
327	3254225	US	B	metafilter.com	A B C then it will probably go on to destroy the whole world I guess. # Ha . Anyway, isn't a bigger fear from a melting core breaking containment the
328	3207545	US	B	...s.thetribunenews.com	A B C It wouldn't have survived if I owned it when I was a kid. Ha
329	502610	US	G	...entence.blogspot.com	A B C performative, but in the end, are largely only theatrical. UPDATE: Ha ha , I've changed my minds. The projects actually are performative. Wednesday
330	408412	US	G	...b101182.hubpages.com	A B C it still made vh1 100 greatest songs of the 90's list ha ha ha ha ha. And it did chart in the 90's it went to number 1
331	706858	US	G	...rdballblog.msnbc.com	A B C and cry like the immature children they are when the left actually fights back! Ha Ha Ha! They are so filled with hared and are vile divisive jerks.
332	3274652	US	B	therightscoop.com	A B C selfesteem. # That's way I am not for Unions..... # poljunkie # Ha ha, awesome. # OHJan # Oh... the UNIONS... for a second
333	3176964	US	B	...e.fieldofscience.com	A B C will argue about issues rather than about who's ahead in the polls. # Ha ha, just kidding! Who wants to hear about issues? But if you
334	152271	US	G	elyricsworld.com	A B C Uh, Gucci only to the grocery store Stop playin bitch you ballin like Okaford Ha , And now we headed to the dealer Im goin to cop my baby SOMETHIN
335	3159031	US	B	blogs.babble.com	A B C as there are so many PERFECT moms out there ready to attack -- HA! HA ! they are full of BALONEY -- they know they feel the same and are
336	313677	US	G	...arquee.blogs.cnn.com	A B C " # Mikel, thanks for graciously acknowledging my point (theologically speaking). ha . What Jesus did with the apostles was much more than' value' them
337	432806	US	G	...ymusician.cdbaby.com	A B C never been married.. no kids... but seems Ill have a new girlfriend soon ha ha! I have a radio show.. 7 years running!. in South
338	3211986	US	B	...eistconservative.com	A B C chest! # Frank # Panetta just flipped Congress the bird. # George # Ha ha! That's an understatement Frank -- but so true. I love it
339	265362	US	G	gossipcop.com	A B C you should loose hundreds of pounds so you can see your toes, ha ha ha ha I guess truth hurts, does nt it. # Aditi # I'll
340	278101	US	G	lyagushki.tumblr.com	A B C Strict Nature Reserve of Betampona protects one of the last remaining relicts (about 2,228 ha ) of low elevation rainforests in eastern Madagascar. Yet little has been previously published
341	3191217	US	B	millburn.patch.com	A B C all have power. The joke/question is whether we are paying rent on time. ha ha # Marty, JCPL is not a state-run program. It is a for-profit
342	3254224	US	B	metafilter.com	A B C Two: * Necessary Evil * Shadowplay * The Wire * The Jem'Hadar # Ah ha . The Wire. I've seen people recommending that on twitter for the last
343	504110	US	G	dailywritingtips.com	A B C " or " can ") and the short " a " (think " ha ha ha "). So your correct pronunciation actually includes the " incorrect "
344	718879	US	G	...lthouse.blogspot.com	A B C a burden on society the instant it takes its first breath # HA HA HA HA HA HA HA HA HA HA HA HA HA HA HA # I bet!
345	475478	US	G	scienceblogs.com	A B C of diagnosis, etc... Has been shown to be WRONG / FRAUDULENT. Ha ha ! And people wonder why some of us may not put faith in the wonderful
346	195778	US	G	...lkamper.blogspot.com	A B C woman, I can take my three kids to McDonald's no problem. " Ha ! Yeah right. And par for the course, I managed to order something
347	667981	US	G	fictionpress.com	A B C going to work. Max, ask her out. # BOTH Huh? # HA # You both are way too awkward to ever get this done on your own
348	667981	US	G	fictionpress.com	A B C HA # Whatever. The really important question is- # JU # What? # HA # Oh, stop being so serious, for Christ's sake- # JU #
349	3163788	US	B	...allace.wordpress.com	A B C dyed with port. " A floating island... served afloat! Oh ha ha ha , as Jack says. Like this: 5 Responses # When I
350	667981	US	G	fictionpress.com	A B C Au'voir. # (Blck out for a moment. Then a super-tight spot as HA crosses from left to right, putting on a sweatshirt as she does so to
351	3249457	US	B	jeubfamily.com	A B C is true about the picture....... well........... # http: **28;5584;TOOLONG Jolene O'Dell # HA ! I love this subject! We make out (G-rated but pretty passionate)
352	3159259	US	B	...s.chicagotribune.com	A B C the government will come to the rescue and there will be no read tape ( ha !) and get your picture taken consoling people. Nothing wrong with what he
353	715252	US	G	tvtropes.org	A B C quoted is: " BAXTER Data Weasel 95949847 -- There is no such computer! Ha ha! " # In Ender's Game, Rose tells Ender that there are
354	3184284	US	B	jonathanturley.org	A B C " life interest " legislation -- my silly dream -- HA HA HA HA HA HA HA! # I wish everybody a happy Thanksgiving. I'm joining my son
355	108630	US	G	tvtropes.org	A B C videos then). # This trope is deliberately invoked in Juvenile's song " Ha ". The lyrics are a Take That against the glamour of rap excess (
356	3210806	US	B	...alkaboutmarriage.com	A B C the one poster said, just may have to settle somewhere in the middle. Ha ! 1.5 times per week. Does the.5 mean I only get to go
357	636676	US	G	divinecosmos.com	A B C her urine until the therapy gives her a new attitude.) # Moderator: HA HA I'm not Kerry Cassidy and you can tell Steven Greer that when he
358	109008	US	G	news.yahoo.com	A B C jim jones but today its jim sithh.. er sorry officer john smith.. ha ha .. No we need a pictured voter ID card.. PERIOD> and its free.
359	722719	US	G	...documentaryfilms.com	A B C I like your handle by the way, has a sense of humor. # HA HA! # Margie is a brainwashed dimm wit. She is a victim of
360	3211910	US	B	...canoes.wordpress.com	A B C other than our own. I'm sometimes guilty of that. # . # Ha ha. Enjoy your hell, human. That's what you get for putting
361	3234471	US	B	dailykos.com	A B C tv stations. I was afraid that they were targeting demos, as, ha ha ha, I wouldn't put anything past them. I think another conversion is
362	3264142	US	B	rawstory.com	A B C -- we don't want him. He's just Bush without the intellect -- ha . # http: **35;22089;TOOLONG Margaret Davis # These type of people were nobodys growing
363	441440	US	G	collegehumor.com	A B C why not? Wayne's World 2 took proceedings to an entirely different world ( ha ) of strange, introducing the " Waynestock " music festival and an extended parody
364	3242916	US	B	gather.com	A B C by the private sector; some things require government " # Ha, ha, ha ... I totally disagree with you. The things that can be done better by
365	1401007	US	G	energybulletin.net	A B C 'll have robots taking care of all of our needs! " # LC: Ha , ha. # RH: To a certain extent that's happened. You
366	413302	US	G	elephantjournal.com	A B C this: in pieces, warrior-style, on the back of a crocodile. Yee ha . Akhilandeshvari: # " Ishvari " in Sanskrit means " goddess " or
367	3258483	US	B	notmartha.org	A B C but the white onion fingernails might get the point across more quickly: # Ha ha ha!!! Love it! I can't decide if the best part
368	610099	US	G	biology.usgs.gov	A B C under little threat today. On the other hand, an old-growth forest of 1,000 ha today may have once covered millions of hectares; furthermore, it may be scheduled
369	3232218	US	B	cjr.org	A B C filled with scrawls -- you could picture her at home going, " Ha ha ha . " She got over that eventually. # Most of the complications surrounding the
370	3228490	US	B	bodyrock.tv	A B C inches and had to buy a bigger number! a little deflating! lol # Ha ! I TOTALLY underestimated the difficulty of that! I planned to do the bodyweight
371	3235508	US	B	debbieschlussel.com	A B C language publications which are given out free and cover a range of topics from Parashot ha Shavua to Johnny Hallyday. Very interesting and there is some political perspective not available
372	3221750	US	B	wonkette.com	A B C ' " Okay... okay... let's consider this... HAHAHAH, hahahahah, ha ha ha ha ha, sorry, we can't do it, ha ha
373	3224668	US	B	annies-eats.com	A B C I wrong. Everyone was so mad and fighting for the left over few. Ha ! # Sstiehm # Look delicious but I think my coronary arteries might have a
374	3190639	US	B	...atalk.metafilter.com	A B C a party. posted by klangklangston at 10:51 AM on December 19, 2007 # Ha ! This thread is great. # I wear a fedora all the damn time
375	667981	US	G	fictionpress.com	A B C # Quiet! Please, just... no, off limits, okay? # HA # If you want. # JU # Anyway, we do still have to
376	3194689	US	B	news.gather.com	A B C for what they need; maybe China would be willing to help out too, ha ! Wouldn't be surprised if they came out ahead in the deal... #
377	667981	US	G	fictionpress.com	A B C # Insert current event that absolutely nobody in the room will have heard about # HA # I see... # JU # You don't care at all, do
378	205084	US	G	stepheniemeyer.com	A B C be more insightful in future novels. The end. Exercise over. # Ha ha . It wasn't long before I was thinking about Edward in Alaska, Edward
379	3198612	US	B	personalliberty.com	A B C idea easier and easier and easier as they hypnotize the minds of the Sheeple, HA Ha ha ha ha. # Mayor Bloomberg Endorses Obama for Re-election, Citing Climate
380	3158375	US	B	blog.tsa.gov	A B C and see how it feels to have the shoe on the other foot. # HA HA HA HA HA HA, do you think a smile will do anything to
381	749214	US	G	ncbi.nlm.nih.gov	A B C ). Surprisingly, the latter study discovered that M1 expressed in transfected cells lacking HA or NA could not form virus-like particles (VLPs). Therefore, it was
382	212687	US	G	...newyork.blogspot.com	A B C is life beyond nyc-think of all the bands that aren't out of brooklyn.. ha . # What would you suggest? The " free market " system that has
383	257015	US	G	theblaze.com	A B C have to rethink this whole christianity thing. After all, he did make RoboCop. ha ha ha ha..... # True. I also notice that the many atheists who
384	3160876	US	B	blogs.suntimes.com	A B C the director of that film considered himself far above the actual movie, " Muh ha ha, as if I was actually making a gore-fest about worthless people. "
385	3207463	US	B	skokie.patch.com	A B C you haven't already figured that out.... wicked laughter, haaaa haaaa haaaa haaa ha . And the only place' scumbags' live in mansions... well that's
386	3150813	US	B	...ookbag.wordpress.com	A B C to overcome his fears, and thereby learn to overcome your own, and -- Ha , did you see what I did to Grover's brick wall? That was
387	3273150	US	B	thefirearmblog.com	A B C the poor. People thought the tea party candidates would change that, ha ha ha ha, fooled you they are the worst of them all. # I just
388	3684514	US	B	faculty-staff.ou.edu	A B C you see, limiting itself to accross the border invasion, will keep HA, HA will be more popular, and with Iran help, will come out more powerfull
389	3202438	US	B	reallyhandmade.com	A B C don't let it get to me, but sometimes it's too much. Ha , now you are becoming a therapist But seriously, thanks for being brave and
390	196118	US	G	blog.chasejarvis.com	A B C a VW Rabbit because the only person I have to impress is me " # Ha , so very true. I wrote a blog post " Lacking Originality " a
391	3203443	US	B	right-thinking.com	A B C November 14, 2012 11:46 pm at 11:46 pm (UTC -5) # Ha HA HA for some reason I knew you were a southpaw too. My archery skill
392	455255	US	G	...mmentarymagazine.com	A B C to pull the lever for Obama, once they are in the booth. # Ha -- these silly communist are sure in for a shock. Up here where I
393	3211471	US	B	techpresident.com	A B C and they thought it was a commercial for the aquatic center- if the city govt ha da brain they would treat it as such and thank you for making it,
394	142907	US	G	...ientificamerican.com	A B C ! BUT GOD SAYS SO!!! U R GOING TO HELL HA HA HA !!!!!!!! 11! 1 " Oh really?
395	162427	US	G	abcnews.go.com	A B C are liberal egoists, and get out while they can -- -HA HA HA HA HA YOU have never gone to college, have you??????
396	439988	US	G	...appiness-project.com	A B C Office, far from providing comic relief, awakens' Nam-like flashbacks in me, ha ha! # Erin # I can't get the Greatist link to work.
397	3238056	US	B	emanuellevy.com	A B C stirred some controversy. # In Rome, Claudio Giovannesi's small-time crime drama Ali ha gli occhi azzuri (Ali Has Blue Eyes) won both the jury prize and
398	3216012	US	B	tipnut.com	A B C it cost $5.00 to make 1 batch so approxamently $0.01 per load. Ha HA HA all the way to the bank.... Yippee.... Laa la la. Boom chick
399	3199505	US	B	pjmedia.com	A B C is the comment, " Yeah, but don't tell the guys that! Ha , ha! " # " And then there's the video games. Sure
400	3197381	US	B	...etails.wordpress.com	A B C much as you can. (by the way, I hate most rollercoasters, ha lol... but sometimes they can be fun.) Behind The Details #
401	1384504	US	G	...rs.pressdemocrat.com	A B C just maybe my little poke you like to throw up lately makes sense. Ha ha ha haaaaa keep using it Ds. I'm loving every minute. # Nick
402	718879	US	G	...lthouse.blogspot.com	A B C suddenly becomes such a burden on society the instant it takes its first breath # HA HA HA HA HA HA HA HA HA HA HA HA HA HA HA #
403	193031	US	G	....phoenixnewtimes.com	A B C piece is one signature away from being Arizona's official state gun. # Yee- ha ! # Arizona is one signature from a gun-loving governor away from becoming only the
404	3201725	US	B	...ddaisys.blogspot.com	A B C of colour # as my flowers are fading fast. # They were 1.49 each hA pPy dAyS # I also bought this floor length purple dress in the M &S;
405	71195	US	G	angelfire.com	A B C delight because the experiment was successful.) Yoo! It works! Ha, ha , ha! (And then he turns to the Courthouse. After looking at
406	262929	US	G	forbes.com	A B C be up and running when Obama came into office, and Bush complied. # Ha ... wait, so a President can WRITE a budget and send it to Congress
407	3657	US	G	jasonlisle.com	A B C difference between a moon like that and no moon at all would be. # Ha ! yeah you're right, it does sound like the Oort cloud... ironically
408	156391	US	G	ronhazelton.com	A B C stud? # Mark # Feb 19, at 10:24am 19 Comments # I ha used metal studs since the 70's It's the way to go. #
409	608243	US	G	baselinescenario.com	A B C be divided into tranches and turned into selective " sovereign derivatives " (ha ha ha ...) so that these characters can elegantly get out of their not so elegant
410	3160934	US	B	blogs.technet.com	A B C applied correctly ps. It also stops members of your family from destroying your installation ha ha. # Why is it that I can run my computer running WINXP with
411	1392145	US	G	pandodaily.com	A B C about' Look at me, I have so many domain names, ha ha ha !' " # But in the process of trademarking and buying the domains for
412	460570	US	G	decor8blog.com	A B C bit hot and bothered. Turned on by a sofa -- heck yeah! ha ha ! Or a sofa with patterns on back cushions and solid seat cushions... Or
413	407302	US	G	lyricsfreak.com	A B C I punch out your lights But then the cop pulled out his gun I said ha ha psyche I had a call so I called my boss I figured I might
414	3280937	US	B	xojane.com	A B C time we travel to Italy, it's better to tell an asshole he " ha il cervello di un asino " (" has the brain of a donkey "
415	225075	US	G	...uzungu.wordpress.com	A B C leaked it, and only now it's a conspiracy? HA HA HA hahahahah HA HA HA! # It's a pity that Outlier didn't read the original
416	3272026	US	B	...icanconservative.com	A B C law... " but, " tee hee, you got no remedy, ha ha .... " # Republicans, talking about " rights " now, trying even to
417	3196924	US	B	...rising.wordpress.com	A B C tricky one! # Thanks raven.... i wrote about this in tomorrows post. ha ! Synchronicity!! We learned a great deal from this Mayan video. Little
418	3684665	US	B	frontpagemag.com	A B C 's hilarious and I do indeed throw my head back and laugh... HA HA HA HA HA HA HA.... that's the way it goes CHUIMP... now you
419	144066	US	G	content.usatoday.com	A B C he's just trying to get a part in Two and a Half Men. Ha ! Whatevs! We're so excited to see both men in this flick.
420	1400967	US	G	elyricsworld.com	A B C (???????) woman that is, ah ha ha ah ha ha ah ha ha, No lying no deceiving, what im saying
421	25382	US	G	wisegeek.org	A B C ? Call your high school english teacher? Since they're " educated "? Ha . # anon92313 Post 348 # I am 16 and have recently decided that i
422	3274220	US	B	theoildrum.com	A B C hole ha! Then a two part epoxy maybe a billion pounds of JB weld ha ! Why not the Dutch boy finger in the hole? Please, please do
423	3175958	US	B	freethoughtblogs.com	A B C and welcome at TAM? What is she trying to say? " Ha, ha ! You had some creep nearly take upskirt photos of you! Well, that
424	1394231	US	G	...merican-catholic.com	A B C in prison if we don't. # " Lol shrinkage of the base ha ha . Your words betray your fear. Of course its possible to figure out why
425	3226417	US	B	balloon-juice.com	A B C unbreachable divide between femaleness and seriousness. IOW, sexism. Quelle surprise. # Ha , I tell my husband he is just like his dad, including leaving every
426	507856	US	G	thebloggess.com	A B C a five-foot-tall metal chicken. " Laura was right. Perspective is everything. # Ha . Maybe you will get some towels for your birthday?;) If not
427	182533	US	G	slog.thestranger.com	A B C me, so for the moment, I suggest checking out his post over on HA : # Governor -- not much has changed. Jay remains in the lead,
428	3153318	US	B	...aforest.blogspot.com	A B C I'm not just pulling a random death toll out of my butt. So ha . Look at me, citing my sources like a good little historian. Geez
429	3259147	US	B	omnomicon.com	A B C and apply it to make a cake in the shape of a 3D rock. HA ! Then cut the cake in half, in hopes that I get geode layers
430	667981	US	G	fictionpress.com	A B C 're supposed to love people, even when they sin, however badly. # HA # I'll leave you to it, then. Now, so you do
431	189605	US	G	collider.com	A B C completely different franchise into the MCU? It would make no sense. # Ha ha That is simply ridiculous! They work so hard the past 5 years to set
432	85279	US	G	...jsmith.wordpress.com	A B C muslim in the face! One da it will be legal! # Ha ha ha ! Funny that you call ME a nazi, go to the islamofascist countries and
433	3192583	US	B	mp1st.com	A B C Christmas. # MrLadyFingers # Yay Christmas n00bs! # http: **26;5333;TOOLONG Surf # Ha ! I'm far from a noob. They are fun stat boosters though.
434	3258483	US	B	notmartha.org	A B C the white onion fingernails might get the point across more quickly: # Ha ha ha !!! Love it! I can't decide if the best part of
435	82955	US	G	viniciusvacanti.com	A B C intimidated! # Guest # buy Apple stock # http: //viniciusvacanti.com Vinicius Vacanti # ha . yes. # http: //www.digitalocean.com/ Moisey Uretsky # I think a couple of
436	244351	US	G	politico.com	A B C Anyway, why view the CSPAN video when it'll air on NBC News? Ha ! Just kidding ya, folks! Nothing to see here, move along.
437	3281587	US	B	zerohedge.com	A B C - - - - - - - - # Ha ! # A' free enetgy' nut no doubt. # Also, NO
438	257015	US	G	theblaze.com	A B C Building on the work of the great Biblical scholars of the twentieth century..... " ha ha ha ha ha. Did you type this with a striaght face? Funny
439	417014	US	G	...s.washingtonpost.com	A B C The Republicans continue to wave the " deregulation " government-off-our-backs banner. # Ha.. Ha .. Ha..... All the angry Republicans blogging today about Senator Spector (D)
440	1384504	US	G	...rs.pressdemocrat.com	A B C ds. I love it. It exposes your post in the first place. Ha ha ha Thats right. " The defense blew the lead againts the Saints "
441	3274078	US	B	themudflats.net	A B C , she wrote back that she didn't take time to read it. ha ha ha. # Remember, though, that to just say you're voting for
442	3260692	US	B	...atriciamcconnell.com	A B C I thoroughly enjoyed The Other End of the Leash! I had so many Ah Ha moments reading your book. Especially, turning your body and facing in the direction
443	211024	US	G	...forlife.blogspot.com	A B C . The literature says you can feel no sense of hunger for 2-4 weeks. HA ! Not this dude. It also says you can eat up to 3 times
444	3156858	US	B	...amethepatriarchy.com	A B C critic is moved to remark -- all patriarchy-blaming aside -- that sadism strikes me ( ha ! ha-ha!) as a rather pedestrian hobby. I further suggest that BDSM
445	723234	US	G	businessweek.com	A B C Pull your head out. MidpointMan September 30, 2008 10:51 AM # Ha ! You are a hack. # CRA CHANGES IN 1995 INVENTED SUBPRIME MORTGAGE SECURITIES
446	3226367	US	B	balloon-juice.com	A B C accepts its validity but uses it to beat Obama. Obama is wright (ha ha ) and McCain and Clinton are wrong, so sayeth Clinton supporter Krugmann. Polls
447	3189940	US	B	matadornetwork.com	A B C with a name like Kennard I'm not surprised he would say something like that ha ha ha! POT RULES! # its kinda annoying all the fools out there
448	3689582	US	B	peachtreehoops.com	A B C for the most-part, able to keep him out of the paint. # " Ha , I don't know how we did it, " said Teague. "
449	3272624	US	B	...ecollegeprepster.com	A B C actually... I only wore closed toed shoes when we had to for Chemistry. HA .) # Anyway, moving to DC for school was so amazing wardrobe-wise.
450	3170569	US	B	dlisted.com	A B C so happy if I had three-day weeks and five-day weekends. Who wouldn't? ha ! You looking forward to the show? # Anonymouse73 , every time I see
451	540502	US	G	yankees.lhblogs.com	A B C some obnoxious loser was here all the time goading us and saying RALLY MONKEY HA HA HA! Of course the fact that the Angels basically kicked us around made it
452	619529	US	G	patheos.com	A B C been stymied by the " most transparent President in recent history. " Ha, ha , ha! # I believe this house is not the large house that Mitt
453	3168102	US	B	...nedito.wordpress.com	A B C ".... ugh. # You think YOU have a reason to be mad? HA ! I did websites and had to leave the market after one evil woman not
454	779334	US	G	bangordailynews.com	A B C he knew what he'd get for it. # yowsayowsa1 # Ha Ha Ha Ha Ha! # Good luck with that concept on this forum! # Anonymous #
455	251464	US	G	kotaku.com	A B C with enemies. Then came the humorous mission objective: # KILL ALL ENEMIES # Ha . So I completed that objective with gusto, fighting from a first-person perspective like
456	634703	US	G	answers.yahoo.com	A B C the time and it shows how little she knows since she ended up there. Ha . Is this a n OK feeling to have # You and your mum obviously
457	1412912	US	G	vaniquotes.org	A B C ?? a says... # Prabhup? da: That's it. # Ha ? sad? ta: That's a fact and that's all. And
458	3689177	US	B	metafilter.com	A B C not to withdraw troops from Afghanistan while campaigning on not doing it. # ' Ha , well on the bright side, if the problem with Wikileaks is that they
459	3262075	US	B	...lysgranddaughter.com	A B C , like David said earlier, they were reluctant to talk about it! Ha ha ha. I think it would have been wiser if her brothers would have continued
460	514685	US	G	anusha.com	A B C sick person would do that. " He said, " I know it, ha , ha, ha, that's why they hired me, ha, ha
461	260947	US	G	metrolyrics.com	A B C I tried to play it off so I started to laugh I said, " Ha ha this story is great " It's a big misunderstandin' one big mistake
462	330033	US	G	publicknowledge.org	A B C was talking about Christmas? Ha, ha, ha, ha, ha. Ha . No, we're talking about the Dec. 21 meeting of the Federal Communications
463	3180503	US	B	hotair.com	A B C at one of those sites, particularly Kos, they are summarily banned. On HA , we put up with fools such as yourself. Well, at least we
464	3279638	US	B	...rongwiththeworld.net	A B C Any meal I don't have to cook is fine by me, grandma! Ha , ha, ha! " # For the " all these countries are doing
465	603676	US	G	queenonline.com	A B C kind of magic It's a kind of magic Magic magic magic (magic) Ha ha ha haa it's magic Ha haa - yeah yeah - wooh It's
466	580255	US	G	abcnews.go.com	A B C us to beg you to stay???? HA HA HA HA HA HA !!! No really, get out. Leave. The country would be
467	507856	US	G	thebloggess.com	A B C you by spending $100 on a giant metal chicken that serves 0 purpose!! HA HA, I showed you " Yeah, you really showed him honey. #
468	1386562	US	G	buck.themeserl.com	A B C n't they ha ha anyway today is your day starting tomorrow Hao brother is my ha ha ha " white Yiyi hands down laugh a few sound as if Hao is
469	3158585	US	B	blog.zap2it.com	A B C if Kate HAD taken Aaron, well, she's have to kill her. Ha ! It's funny! I laugh since I'm scared of a Liliputian.
470	409111	US	G	askville.amazon.com	A B C when there are two. They definitely tag team with the naughtiness... ha! ha ! The great thing about kennel training is that the potty training goes really well
471	479813	US	G	thedenveregotist.com	A B C own a gun but has more than ALL you legal carriers!!! Ha ha ha!!! # Anonymous (not verified) # November 5th, 2012
472	667981	US	G	fictionpress.com	A B C VA # Oh, ah, Valentine. (Awkwardly shakes hands.) # HA # Nice to meet you. That's a very pretty name. # VA
473	471342	US	G	lyricsbox.com	A B C . ha ha ha ha. Hey, it's in the bible. ha ha ha ha. There are some 2-way words, like it is okay for Kirk
474	3282558	US	B	zzxxccc26.iimoz.com	A B C British firmness. Aha? ha she cried just as oheposting of. Peggotty? ha ugg stair conditionerity hinted. to goodother respectful silence. But if that story wouldnhat
475	21604	US	G	theblaze.com	A B C rolling and nothing at all would happen. Just Barack being Barack, Ha ha ha ha ha uh ha ha ha ha.... # He could claim to have been
476	776035	US	G	justhungry.com	A B C huge bag) # hi, i'm a bit late...6 years ha ha.. I'm trying to make tofu and HAVE the flake nigari..
477	702230	US	G	hotair.com	A B C I really shouldn't. Do you have a permit for arm-twisting, buddy? Ha , just a little mayor humor. Well, all right, if you insist
478	468937	US	G	sing365.com	A B C money grown doe, by the way Ha ha, let's go Ha ha ha , Young, you already know what time it is Let's go # Chorus
479	510997	US	G	barnesandnoble.com	A B C put on a play, we'd just send you golfing somewhere. Ha, ha , it's kind of funny, isn't it? # Yeah, hilarious
480	3269750	US	B	squidoo.com	A B C , Ngo Ngoc Du Long has written article about recovery Long Thanh). # Ha Thanh: The abbreviated name of the city of Hanoi is used much in poetry
481	255302	US	G	nakedcapitalism.com	A B C which must be a profound embarassemnt to career " progressives " (oh ha ha ha . What am I thinking? # Maybe the emergent parties could agree on an
482	3234578	US	B	dailykos.com	A B C estimate of a 1.7-point Obama margin in the national popular vote.... # Ha ha , look at Gallup way at the bottom, even below Rasmussen. But let
483	194302	US	G	theobamafile.com	A B C to better fund education. " # Do it for the children -- ha, ha , ha! # Feelings # Michelle Obama told a rally in Durham that only
484	316772	US	G	askville.amazon.com	A B C out, she was right! We had a solid black Great Dane Ha, Ha ! After that, Dad was always the first to ask, does it have
485	641717	US	G	rightwingnews.com	A B C scientist on behalf of Israel, then Maiid Jamali Fashi got his just deserts. Ha ha. # Richard Crowden # John Hawkins I hereby cordially extend unto you an
486	537949	US	G	seinfeldscripts.com	A B C . The Devils must have won because Puddy is gloating. # Puddy: Ha ha ! We took it to you! You couldn't get it out of your
487	3275976	US	B	tor.com	A B C is... it isn't. Every time there is something that comes up-- " ha ! Neanderthals couldn't talk because they don't have the right hyoid bone!
488	3205371	US	B	scienceblogs.com	A B C . Let me hear you all bleat! One two three, BLEAT! Ha ha . Little lost deluded sheep, mindless and arrogant beyond belief. I pray for
489	3223660	US	B	aintitcool.com	A B C McTiernan (I know he's in jail but... whatever), DePalma ( ha ! his initial thoughts of Star Wars were NOT kind anyway) and lots of
490	179083	US	G	...eelizabethconner.com	A B C I love that you are an oddball who can repair all kinds of things, ha ! I absolutely love it when women have a strong enough sense of self to
491	3203781	US	B	...ockmad.wordpress.com	A B C son -- hold on leave me the car keys and your wallet! ha ha ha ). I'm so so SOOOOO HAPPY about this! This means no more
492	790271	US	G	blogs.suntimes.com	A B C films? Yes. Second, should we interpret them to be mistakes? Ah ha . If I can invent (or discern?) a possible way of dealing
493	12405	US	G	literature.org	A B C approving affability! # Ha, ha!'' laughed Scrooge's nephew. Ha , ha, ha!'' # If you should happen, by any
494	447225	US	G	goodreads.com	A B C the santo pater come to liberar nos a malo and all our sin! ha ha , you like this negromanzia de domini nostri jesu christi! et anco jois m'es
495	3228742	US	B	boxingnews24.com	A B C does nt mean anything. One more thing mosley never dropped Mayweather. # menmrmustrd Ha ha you mad? The fact of the matter is the Pacquiao/Marquez fight was close
496	478847	US	G	abcnews.go.com	A B C , except we call them institutions of higher learning. " # both- " HA HA HA HA HA HA HA. Stupid peasants. " # Posted by: Jake
497	706858	US	G	...rdballblog.msnbc.com	A B C like the immature children they are when the left actually fights back! Ha Ha Ha ! They are so filled with hared and are vile divisive jerks. Simply tune
498	323819	US	G	....orlandosentinel.com	A B C . " Straight, because I've always said that ice is for injuries. Ha ha.
499	3181641	US	B	indebo.com	A B C Buddhist festivals in Bhutan. Mask makers in Bhutan, right from the valley of Ha , believe in their own act of devotion as that being a supreme one --
500	276266	US	G	flickr.com	A B C into the exposure on this one - and choosing the proper lens helped too, ha !:) I am definitely planning on giving it another go on medium,
501	408412	US	G	...b101182.hubpages.com	A B C it did chart in the 90's it went to number 1 in the USA ha ha. # Gina 6 months ago # Destiny's child say my name made
502	532940	US	G	forbes.com	A B C they'd be more secure than others. # All I could say is: HA ! To clarify, I'm not happy that people's accounts were hacked,
503	727458	US	G	androidcentral.com	A B C it butt hurts you to read long, in depth, comments, lol. HA ! Have at it! Chew on my toes! Hulk eat puny little Fifi
504	137545	US	G	mashable.com	A B C the driving. Not for me, unless I got bored at a Little Chef ha ha. About Mashable #
505	3175842	US	B	freedomoutpost.com	A B C among US... # Noni77 # " Kakistocracy "... # eddyjames # Ha, ha , ha the sad part is this is probably a true story. I still
506	110059	US	G	pitt.edu	A B C she would laugh, did she know that Gwarwyn-a-throt is my name! # " Ha ! ha! " said the maid at the bottom of the stairs. "
507	3685825	US	B	...adegree.blogspot.com	A B C ... and let's just say... I majorly messed up the trussing process! Ha !:) # During the holiday festivities, our garbage disposal kicked the bucket
508	78597	US	G	livingonadime.com	A B C chips for one batch of cookies? The manufacturers get rich that way. HA HA # I have always loved to cook and have been cooking since I was about
509	667981	US	G	fictionpress.com	A B C a better student than you, and you feel guilty about that fact. # HA # Please. I simply stress out less about the quiz on the first week
510	3256590	US	B	nakedcapitalism.com	A B C Let's email Rush Boombox and ask him to cover alternative points of view. Ha . Things could get fun all over again. # Obama should be in The
511	3198614	US	B	personalliberty.com	A B C to see how she tears him apart from the bench. Ha, ha, ha , ha! # " I desire to bless and praise the name of God
512	673705	US	G	themarysue.com	A B C Sonic the Hedgehog's???? A + Start. # EqualRightsGoBothWays # Ha , haha, hahahahahahahahahahaha! # Dick D # What you are looking for is
513	761968	US	G	abcnews.go.com	A B C " sound bite " is way to long!!! Ha, ha, ha , ha, ha, ha!
514	634475	US	G	imdb.com	A B C : " Never go against a Sicilian when death is on the line "! Ha ha ha ha ha ha ha! Ha ha ha ha ha ha ha!
515	129122	US	G	tvtropes.org	A B C discusses the trope and expresses gratitude that he did not fall to it. # Ha Jin's short story " Saboteur " features a newlywed, hepatitis-afflicted professor during the
516	259463	US	G	...theroad.blogspot.com	A B C (12), cheeses (9) and meats (6). I ha d th ree dogs on this trip which included the Pastrami Tsunami, the Mahalo
517	3177959	US	B	...micbookresources.com	A B C it's taking off, despite the caption to the contrary. Tim # Ha , it was the early DC Silver Age, there really weren't any explanations
518	600269	US	G	...hicagocubsonline.com	A B C 1-1 with starting pitcher Nick Struck (1-for-2) doubling and scoring on a Jae-Hoon Ha (2-for-3) single... there was no RBI due to an error by the
519	270552	US	G	kevinmd.com	A B C proven efficacy of something north of the 30% of seasons past, all the bru-ha ha about mandatory healthcare worker vaccine protocols is just going to be another episode of'
520	170332	US	G	blogs.ajc.com	A B C parent and make the children do something they don't want to do. # Ha , this is funny because my definition of what is considered, " clean "
521	124714	US	G	math.ucla.edu	A B C Liberte, Egalite, Fraternite! # Citius - Altius - Fortius # La ilah ha ilul Allah! # I may disagree with what you have to say, but
522	412590	US	G	wattsupwiththat.com	A B C is a crock? Even Muller's co-author thinks it is a crock! Ha ha ha ha! Woo-hoo this is Prime Time entertainment. # The Mail and Guardian
523	3249975	US	B	juancole.com	A B C blame Israel? Go ahead. I blame Palestinians, though. # 6. Ha , the blockage is actually legal according to international law. And nobody is starving
524	768361	US	G	thinkgeek.com	A B C . # Ha ha ha ha ha ha ha ha ha ha ha! (me LOL ing) # SuperSmartMathWiz said this 857 days
525	734644	US	G	un.org	A B C 509 fire cases were reported in 1994, which burned an area of about 400 ha . # Deforestation is a major environmental problem in Albania. It is a serious
526	3226439	US	B	bananas.org	A B C both got over 16' of p-stem and maybe 20+ for the HA? The HA were monsters for sure. He still grows some that get 10-13' or so
527	729556	US	G	patheos.com	A B C Atheism fails. # You can either look yourself in the mirror and say " ha ha, I took care of that piece of shit " or you will look
528	3199579	US	B	pjmedia.com	A B C dare I say stupidly, believe that illegal aliens will actually stay in California -- ha , ha, ha, think again: they're coming to your states as
529	3199531	US	B	pjmedia.com	A B C knowing what lies deep down in the terrible depth. # patrick, ah, ha , ha, ha, ha (cough, cough) ugh... stop it
530	174069	US	G	blogs.cdc.gov	A B C " We're gunna take care of if " is funny. Not funny Ha Ha . The other funny. I'll trust my supplies for my family and my
531	3152302	US	B	...practicalwedding.com	A B C usually just throw them in with laundry I would already be doing anyway. # Ha , I'm the person leaving the condiments open in our relationship. Not usually
532	234357	US	G	us.battle.net	A B C weeks WITHOUT a drop?? # HAA HAA HAA HA AHA AHA AHA AHA HA AH HAA HA AHA AHA AH AHAA # im sorry, but thats a damn
533	459542	US	G	...meral24.blogspot.com	A B C my contacts only to find steak and corn throw up all in our bed. Ha ha. So that ended up being my part in this whole catastrophe. I
534	587423	US	G	bible.cc	A B C were amazed at his teaching, because his message had authority. Luke 4:34 " Ha ! What do you want with us, Jesus of Nazareth? Have you come
535	3686427	US	B	slog.thestranger.com	A B C no to some of the friends who helped get him elected. " # HA HA HA HA HA HA HA! # HA! # Presumably, I suppose,
536	299574	US	G	antipope.org	A B C of Judea, and no Romans anywhere in the world; plus no Judea. HA ! # I'm projecting that sensors, communications, and AI will become good
537	3274634	US	B	therightscoop.com	A B C kept wondering if his ears grow bigger every time he lies. # Nukeman60 # Ha . That's an interesting point -- Pinocch-ear-o. # LibLoather # It was that
538	3176061	US	B	...edragon.blogspot.com	A B C That was more fun and it didn't create any workplace drama. Ha ha ha . # Inconsideration seems to be the theme here lately. About two hours ago
539	651893	US	G	mediaite.com	A B C profit organization!! And NBC isn't in the tank for the left? HA HA HA!!! # Anonymous # I don't get it. Savannah
540	163670	US	G	abcnews.go.com	A B C , 2008, 9:01 am 9:01 am # Palin? HA HA HA HA HA HA HA!!!!!! # Posted by: vic
541	462608	US	G	justsomelyrics.com	A B C vacation Get laid all across the nation Use my hand for masturbation Ha ha ha ha ha ha ha ha ha! # And I've been gone for a long
542	161052	US	G	tigsource.com	A B C this BS? # Joe # " some with industry cred " # Ha ha ha , yeah right. Keep dreaming kid. # As far as what you can
543	667981	US	G	fictionpress.com	A B C not die out after the scream. It continues all through the scene-) # HA # Fuck! Fuck! (repetando improvisio) All I did was... all
544	3239936	US	B	fieldandstream.com	A B C , and that with the rattle can camo paint job on the stock, Ha Ha ! Petzal is the one who (Whom I was talking at!) thinks
545	667981	US	G	fictionpress.com	A B C saying that you've managed to do half the junior class after that. # HA # Huh? # VA # (Overlapping) What?! # CL #
546	71195	US	G	angelfire.com	A B C dances with delight because the experiment was successful.) Yoo! It works! Ha , ha, ha! (And then he turns to the Courthouse. After
547	487802	US	G	...punchinthethroat.com	A B C for those talking trash about my mc'donalds statment >>>>not selling whoppers.... ha haha ha ha this one is for you>>>>> stupid the same way mc'donald's does not sell whoppers
548	573293	US	G	...lliamgibsonbooks.com	A B C . " You are the artiste of the slightly funny deal. " # " Ha , " Ratz said, swabbing the scarred wood with a rag, " Zone
549	3261658	US	B	...anvintagewedding.com	A B C your feet up (or sit at your desk and pretend to be working ha ha !) and take a twirl with me
550	251413	US	G	jezebel.com	A B C their hotness/worth as a human being -- it's hilarious! HA! HA! HA ! # 6. Just never go to the beach, the public pool,
551	3185454	US	B	...nesfam.wordpress.com	A B C to the happy excited mom, that existed right after she got her license! Ha ! # An intoxicated man trying to join our simulation (for our Statesman class
552	3180491	US	B	hotair.com	A B C rubble... I have no words. # of course it is! this is HA ! HA will now highlight all the stories that make the rescue look bad so
553	56790	US	G	plosone.org	A B C separated the Bay into 15 biogeomorphic subregions (ranging in area from 2,123 to 34,605 ha ) based on sediment and salinity characteristics (Fig. 1). Each subregion was
554	213432	US	G	sikhphilosophy.net	A B C Barber that should go blind.. then he cant cut any more hairs.. ha ha # Btw I had a Nanaksaree " Sikh " renting my house once. He
555	3222204	US	B	writersweekly.com	A B C innards. # I slurred one word to her. " NO! " Ha ha ha. # Richard did choose to look at the pictures. They'd found
556	3236683	US	B	...ontquotetheraven.com	A B C . Yes, I realize this does not make me look more smart. ( ha ) # - I am still undecided on what I want to be for Halloween
557	3222887	US	B	...erbagofgroceries.com	A B C by yours truly on those initial evenings of the first week of school. " Ha Mom! We don't have homework, but you do! " # One
558	56790	US	G	plosone.org	A B C barriers to tidal inundation, there are currently 2,500 ha of high marsh, 7,600 ha of mid marsh, and 3,000 ha of low marsh in San Francisco Bay (
559	603676	US	G	queenonline.com	A B C me the prize the prize Ha ha ha ha ha ha, ha ha ha ha ha ha Now you die - ha ha ha ha ha ha I have something
560	3158375	US	B	blog.tsa.gov	A B C to have the shoe on the other foot. # HA HA HA HA HA HA , do you think a smile will do anything to stop an irate passenger,
561	3690427	US	B	torquenews.com	A B C n't admit to making a mistake cause this is obviously someone " nitpicking ". ha .. # I think this article is really negative and disconnected from reality. 1
562	3269100	US	B	somersherwood.com	A B C a plain plastic interior like a ford. it is not overly pretty, it ha very little artistic merit and it is very little labor. but it runs and
563	352323	US	G	...eternal.blogspot.com	A B C . The two year old has its tantrum, and then finally gives in! Ha Ha!: D # So, no. Life is just happening. It
564	15968	US	G	theatlanticwire.com	A B C predicting that 2012's box office will see an uptick. Oh, but, ha , it's not because they're expecting the year's movies to be awesome
565	3686216	US	B	...bztobor.blogspot.com	A B C out of bed. # Typo: towards the end it should say, " Ha , the Wifey is losing it, she just asked Cooper if he made her
566	163670	US	G	abcnews.go.com	A B C by: Phil September 3, 2008, 9:01 am 9:01 am # Palin? HA HA HA HA HA HA HA!!!!!!
567	3199965	US	B	politicaloutcast.com	A B C why do we tolerate someone messing up our nation? # liam44 # Ha, ha , ha... # liam44 # Joe Stalin once said, that " it is
568	176683	US	G	...uickanddirtytips.com	A B C states that when someone writes something in quotes (" something in quotes " - ha ), the punctuation goes inside the quotation marks (" something in quotes,
569	703141	US	G	redstate.com	A B C fake sigh). " It's a much more subtle form of persuasion. HA may be squeaky clean on this issue, but I have my eye on them
570	720076	US	G	boxingnews24.com	A B C .. pathetic haters!! and pac is always the small guy, saw him ha barely is 5' 7, maybe 5' 6 max brahh!! he
571	356802	US	G	chrisguillebeau.com	A B C to other people, and unsurprisingly, you still can't find it. # Ha ha! Great post and the comment, " you're weird " made me
572	650768	US	G	wiki.answers.com	A B C be a surprised jacka** when he found out that the woman was a man. HA !
573	462608	US	G	justsomelyrics.com	A B C villain on vacation Get laid all across the nation Use my hand for masturbation Ha ha ha ha ha ha ha ha ha! # And I've been gone for
574	3268493	US	B	slcdunk.com	A B C DeMarre Carroll (2 year contract) and Raja Bell (3 year contract... HA !) are not eligible for contract extensions, and will all be free agents
575	3187350	US	B	...with-the-topdown.com	A B C . Maybe I " have a thing for Sandy " too. Thanks! # Ha ! Love the Olivia Newton John poster. I forgot she was Sandy. Maybe
576	446883	US	G	docsouth.unc.edu	A B C of further danger. Before I was a convert fighting was my profession. " Ha ! ha! John met his match last night, " said one of the
577	33311	US	G	eatocracy.cnn.com	A B C product in YEARS. (The ones recently came largely from organic produce?? Ha , PETA). Response: There have been many outbreaks of listeria and e-coli
578	3208542	US	B	spectator.org	A B C . Matt 5.17.11 11:34PM Marielle 5.17.11 11:41PM # oh ha ha ha ha. omg. i'm so happy. # ben stein? you just ended
579	427091	US	G	...tional.upperroom.org	A B C refer to our countless split-second decisions as that and it has stuck with me. Ha ! Bless you for working with the little ones. I hope you have a
580	3686492	US	B	...fieldvt.blogspot.com	A B C ha ha ha ha... You've been confounded by your own extremism! Ha ha ha ha... Dweeb! # Lets see, increased electric rates? Solar Power
581	116295	US	G	huffingtonpost.com	A B C of dollars in taxpayer funding, does subsidize abortions.' # Oh, ha ha , did you think that the things Kyl says aloud on television that go into
582	606044	US	G	observer.com	A B C huge Tilda Swinton fan. # http: **30;435;TOOLONG? id=7... Devin Stevens # HA ! I just found one reviewer I'm never going to acknowledge again. This
583	790271	US	G	blogs.suntimes.com	A B C uses e.g. Floyd at TMA to talk about Islam and Sept. 11 2001 (ha ha ha) when of course he is using Islam to talk about Floyd. And
584	545652	US	G	tvtropes.org	A B C was... a -- hey! -- a dark and stormy night! Ha ha ha ! # The Joulukalenteri, a Finnish TV series starts all its episodes with the
585	435906	US	G	...iewsfromthecouch.com	A B C he liked me. My parents always told them to hit them back harder, ha . They wouldn't like it either. # Even when I worked at an
586	3221750	US	B	wonkette.com	A B C Okay... okay... let's consider this... HAHAHAH, hahahahah, ha ha ha ha ha, sorry, we can't do it, ha ha ha...
587	142505	US	G	pjmedia.com	A B C of broadcasting the interview before the primary vote in South Carolina. # Ha, ha , ha: Oh, those cards at ABC! You can just imagine how
588	526198	US	G	archive.org	A B C ), by a million dollar fine, life imprisonment, and/or DEATH. Ha ha , yup, native cultural patterns were hard to eradicate, yup. Death penalty
589	3151870	US	B	angrywhitedude.com	A B C ... Udder fantastic! Jersey heifers have nothing on that' ol gal!.... Ha ,' Ol Jerry Jeff, a hell of a song writer, but can
590	3281480	US	B	zerohedge.com	A B C moral hazard. It is time to take a stand on the small fry. HA ! Also, in this process, their clients must recieve a massive raping for
591	85205	US	G	elyrics.net	A B C s too hot (: # Sami 05/19/10,12:48 i love this song... ha, ha # Sara 04/26/10,10:36 i luv this song, its the best! (: i
592	296351	US	G	m.fanfiction.net	A B C least one trainer who could defeat even one of my pokemon. " # " Ha well even if you were gone for a whole year there would still be no
593	3232209	US	B	cjr.org	A B C But the last five years have been truly, excellently fucked up. " # Ha ! Collectively it sounds like they did an excellent job summing up why I have
594	3272510	US	B	thebraiser.com	A B C Bernardin and use all of these brilliant tricks to try and bag Eric Ripert. Ha , we lied. We won't. You know why? Because Ripert is
595	3204485	US	B	...ramento.cbslocal.com	A B C . # War Pony # Santa better be careful comin down that chimney -- ha ha . Same for any jack-booted blue-helmet thugs. Finally, some good news! #
596	257015	US	G	theblaze.com	A B C the work of the great Biblical scholars of the twentieth century..... " ha ha ha ha ha. Did you type this with a striaght face? Funny how "
597	667981	US	G	fictionpress.com	A B C forearms. On the floor next to the bed is the previously seen knife. HA looks down at it and chokes, violently. She gets up and kicks the
598	3221750	US	B	wonkette.com	A B C " Okay... okay... let's consider this... HAHAHAH, hahahahah, ha ha ha ha ha, sorry, we can't do it, ha ha ha
599	573974	US	G	thefussybabysite.com	A B C offer me, or even allow me vacation days. # And sick days? Ha ! # He doesn't care how badly I need to go to the bathroom
600	3182914	US	B	isteve.blogspot.com	A B C because the Mexican he hired is so ignorant and dumb. Ha, ha, ha ... # (2) Six weeks later, Jose cautiously goes to Mr. Greedy
601	667981	US	G	fictionpress.com	A B C do? # (HA's voice blends in, without the violin) # HA # I fucked everything up. I don't know how, but really,
602	1397359	US	G	androidpolice.com	A B C and ended up being awake until 3:30 and then I deemed it a failure, ha . # Franky # What disgusts me is the amount of media-coverage this launch got
603	3225426	US	B	askamanager.org	A B C with the police and tend to think of them as teddy bears with guns, ha . My friends are mostly hippies who don't like the cops, and I
604	668967	US	G	cbssports.com	A B C ##668968 # " Ha ha ha even Batley didn't want the midget, Greg Eden.ha ha ha ha ha
605	242238	US	G	thestir.cafemom.com	A B C Hollywood and alert some paps so we can all see what's going on! Ha . No, probably not that last part, though who knows with these Hollywood
606	510997	US	G	barnesandnoble.com	A B C wanted to put on a play, we'd just send you golfing somewhere. Ha , ha, it's kind of funny, isn't it? # Yeah
607	3264784	US	B	redstate.com	A B C for. # " Negate the ablity to recruit people "? HA HA HA HA HA HA # You have no idea what recruits people. The Muslim Brotherhood was
608	627027	US	G	...lltalk.nbcsports.com	A B C am not a Packer fan but somehow the Seahawk fans, and coach have a ha ha you lose mentality. Don't they know at the end of the day
609	526555	US	G	econstories.tv	A B C slurping sound. # http: **25;19657;TOOLONG? user=6678 6678 # .. YouTube.. rhl4818 HA ! And here we have a serious intellectual here. So how about I come
610	3225433	US	B	askamanager.org	A B C They believed his email about " using your judgement " about working from home. HA , I loved it. Of course, it means that we wont get those
611	56211	US	G	crushable.com	A B C can find out all the scoop and then tell us. # Irish Girl # HA ! I don't even have a firm behind my name; he wouldn't
612	473060	US	G	theglobaledition.com	A B C , a paradoy, a joke. Not so funny but nevertheless not real. HA ha ha. Next article should be on Michelle Obama pausing for Hustler magazine and
613	783568	US	G	bbqaddicts.com	A B C 2, 2010 # I meant bbq " sauce " not " sause ". Ha ha ha... # Bye yall! # Ian August 3, 2010 # I
614	327632	US	G	science.slashdot.org	A B C out for review, then spend a day or so making sure that the book ha # I disagree. Part of the reason that publishers of this kind of book
615	1394231	US	G	...merican-catholic.com	A B C thought Christians were supposed to feed the hungry. Lol shrinkage of the base ha ha . Your words betray your fear. Of course its possible to figure out why
616	719997	US	G	pr.alltop.com	A B C a while; everything else is being drowned out by all the Chick-fil-A clucking ( ha ! sorry) going... # Public relations for public relations is effective! Why
617	3189004	US	B	magazine.joomla.org	A B C with a vast Linux experience don't avoid this pitfall. Why a pitfall? Ha ! If another site hosted on the same server gets hacked, the hacker can
618	3194622	US	B	news.firedoglake.com	A B C and then a complete contingent of battleships and cruisers to go along with them. Ha ! # The $2 trillion number derives from Romney's vow, listed right on
619	87937	US	G	makeit-loveit.com	A B C ... how am I going to with this really fun idea in my head? Ha , ha!!! # I bought a set of the platform types from
620	745823	US	G	...hicagocubsonline.com	A B C ) doubled in Matt Szczur (1-for-6) for Tennessee's first run. Jae-Hoon Ha (2-for-6) scored in the sixth inning, while Matt Cerda (3-for-7,
621	3239843	US	B	feministe.us	A B C them this thread and maybe they will see how far that gets us. # Ha ! Yeah, okay. If you're willing to blithely retract your support for
622	627779	US	G	artloversnewyork.com	A B C also projected a scary movie on the wall -- opposite the' venue'. ha . # yes. we are on the very cusp of either going..
623	265362	US	G	gossipcop.com	A B C out get some more exposure seeing as how she got you the role, ha ha . Just date her a few times and hang out together at interviews. And
624	3244089	US	B	gossipcop.com	A B C ? By being a paid pr poster with the key to who's posting, ha ha. Girl you are killing me too, if you are a girl.
625	3233928	US	B	csindy.com	A B C doesn't hire or promote enough minorities. Is the city any better? # HA : The city is a unique animal. I personally like Mayor Steve Bach,
626	3261026	US	B	petapixel.com	A B C credit " is daft from the get go. # http: **25;16411;TOOLONG Coops # Ha ha I love a happy ending. # Rob LaRosa # Exactly. If someone
627	717852	US	G	jess3.com	A B C 's chief, " She's the brains (and possibly the brawn! -- ha ) behind JESS3, which has done the social web a big fat favor by
628	3225309	US	B	artsjournal.com	A B C is great, very useful. # Looking forward to your video rants Norman! ha ! # How are they making money off it, though, as it's
629	3210128	US	B	...ingame.wordpress.com	A B C Italian: Buon Natale # Japanese: Kurisumasu Omedeto # Korean: Sung Tan Chuk Ha # Russian: Srozhdestovm Kristovim # Spanish: Feliz Navidad # Tagalog: Maligayang Pasko
630	3260605	US	B	patheos.com	A B C order through stable states (3100AD), both of which were sparked (ha ha ) by the preserved diagram of the circuit and the hard work of the church
631	479813	US	G	thedenveregotist.com	A B C !! Hey, he needed the money &; I needed the unregistered gun! Ha ha, it worked out perfect!! My buddies who operated a drug corner
632	216073	US	G	necolebitchie.com	A B C him again, hit him for me, get em girl!!! " HA CLASSIC LMAO!!!! # +41 B-I-T-C-H -AND IN THAT ORDER! Reply
633	603184	US	G	mediaite.com	A B C of these people move their money and jobs off shore. # Anonymous # HA HA . The man has never had a challenging idea in his lifetime. # http
634	538487	US	G	stormfax.com	A B C from him when he was alive, to profit us when he was dead. Ha , ha, ha! " # " Spirit, " said Scrooge, shuddering
635	225985	US	G	mitadmissions.org	A B C graphic of a red " REJECTED " stamp across the page, with " Ha ha . " as page title. Really, this " we are sorry to disappoint
636	128931	US	G	colourlovers.com	A B C unpredictable things. Orange can be a happy color, or a hateful color. Ha ...
637	1412371	US	G	tvweek.com	A B C looks like the only audience you will get is your staff. Ha ha ha ha Nicol3 # It's a Sy-Unse FyCshun Dubble F3achure! Brilliant, SOOO Brilliant
638	3236485	US	B	dlisted.com	A B C and they covered them up. I bet he looks really weird naked. # Ha ! Yes I think Lainey Gossip refers to them as " mothering hips ".
639	3151085	US	B	...lthouse.blogspot.com	A B C ##3151086 10 comments: # Ha ha . And you know this post would have had no comments if you hadn't
640	667981	US	G	fictionpress.com	A B C du n no, playing football? # JU # Because it is. # HA # But why? # JU # If you want a definition of what happens
641	3149227	US	B	...rs.pressdemocrat.com	A B C # Onelame. Next time you " roll " out to the Stick. HA ha haaaa Yeah right. Come by pole M and I can put my season tickets
642	3251458	US	B	...astwordonnothing.com	A B C thought that was a gunshot! But Europeans are civilized, not gun-toting heathens. Ha ha ha ha ha! " (Something to that effect.) Do Canadians
643	3192153	US	B	...dahalf.wordpress.com	A B C including so much blood Lionel tries to run but actually just runs in place ( HA ! So awesome...). This movie even has entrails coming to life and
644	149233	US	G	abcnews.go.com	A B C hand to lie. Posted by: tanarg " That would be good. Ha ha . And then the sheriff would then cuff his other hand that would be on
645	708439	US	G	blogs.suntimes.com	A B C ultimate corporate tool! # Virtually every conversation in 2001 is intentionally funny--not necessarily knee-slapping ha ha, but with Tati-type incongruity, understatement, irony and incredible inappropriateness (temporally
646	3239353	US	B	...plasticsurgerytx.com	A B C ##3239354 # Ha ! I don't listen to Rush either but I did happen to tune in
647	712464	US	G	...candraw.blogspot.com	A B C current and vintage. Honestly it's almost like an out of body experience. Ha ! Sunday, October 28, 2012 # Since I may be without power
648	3203443	US	B	right-thinking.com	A B C # November 14, 2012 11:46 pm at 11:46 pm (UTC -5) # Ha HA HA for some reason I knew you were a southpaw too. My archery
649	696909	US	G	maddowblog.msnbc.com	A B C to their old bad habits preening over how they got by with Social/Cultural Murder. Ha ! " # " Everything is Relative, my Man. Everything. " #
650	474019	US	G	...eyourgrandmother.com	A B C me to put this on the list of items we send him in college. Ha ! Is it possible to make a batch of these and send them off to
651	350815	US	G	newtactics.org	A B C one strives not to stereo-type. Check that sentence out for an idiosyncratic phrase... ha ! # A market that is only capable of needing beyond the needs of needing
652	249516	US	G	consumeraffairs.com	A B C the stop payment and they would freeze my account for 30 days or so. Ha ! Bunch of crap. I have been banking with my bank for a long
653	780257	US	G	gamedev.net	A B C which will make the performance poor, as it heap based. # ha.. ha .. Actually my bad. It was a typing mistake. I do not want
654	3208222	US	B	...essweet.blogspot.com	A B C allowed to watch most of the channels (thanks, mom!). ha ha We were however allowed to watch PBS (again.. thanks, mom!)
655	513373	US	G	mediaite.com	A B C a " gotcha " on you and you can't handle it, Dork, HA HA HA # Answer astal's question on the logic of Obama's race baiting
656	3231618	US	B	chicagonow.com	A B C . But here's the catch: you need to be a Twitter user. Ha ! Suckers. # Verizon is giving away a pair of tickets to each of
657	494080	US	G	stjoan-center.com	A B C that she was found to be a virgin by the Duchess of Bedford. " Ha ! You take great care to put down in your trial everything that is against
658	212644	US	G	goodreads.com	A B C the same as Rory's) and now I wish that the school was real ha ! I also love the English references!, and how Rory compares them to
659	161052	US	G	tigsource.com	A B C against all this BS? # Joe # " some with industry cred " # Ha ha ha, yeah right. Keep dreaming kid. # As far as what
660	3212289	US	B	thecalmspace.com	A B C stir hearts and set bars high and reveal my muse in all her glory. ha ! # But the muse did not want to come out to play. #
661	3246606	US	B	huffingtonpost.com	A B C , we've never had a divorce or any kind of homosexual relationship. " Ha ! THAT HE KNOWS OF! #
662	600200	US	G	marleyandlockyer.com	A B C husband to go with my ideas if it is a practical solution behind it! Ha ! Wish you good luck with convincing you husband on your great ideas for the
663	410744	US	G	...ientificamerican.com	A B C severe depression who was advised not to take anti depressives as they were, ha ha ... a way that men control women. Hmm.... right. When social politics
664	3228742	US	B	boxingnews24.com	A B C he'll have the knock down in back of his head. # menmrmustrd Ha ha ha you funny as hell home boy not once did I mention the Mayweather /Mosley
665	644766	US	G	jimtreacher.com	A B C emails put all over the internet. Which is too bad for them! Ha ha ! # WOw even Jon Stewart now knows what a big lie it all was
666	714795	US	G	kathyescobar.com	A B C the only person we know who's ever been on the today show, ha ha . # 2. watch her back. we all know she takes some serious fire
667	3213345	US	B	thehairpin.com	A B C whether I enter your father's house this evening or never. " # melis Ha ! I remember studying abroad in Bath, and they have a Jane Austen museum
668	667981	US	G	fictionpress.com	A B C with Max! # JU # You know I hate you, right? # HA # I know you like to think that. # JU # Maybe. #
669	3233332	US	B	core77.com	A B C iTypewriter is for the generation who had to use the real things. # PIckard Ha ! # An Xiao Mina September 7, 2012 12:24 PM # Got this from
670	3253951	US	B	mediaite.com	A B C remain unemployed. And I meant funny as in strange, not as in funny ha ha. # http: //inyourfaceradio.net In Your Face Radio # JOE... a bad
671	11147	US	G	davidsimon.com	A B C were any more dimwitted, you would have had to water him. " # Ha , hah! That's great stuff. Mr. Simon is saying that the head
672	590186	US	G	surgery.org	A B C feel. # A more recent class of fillers is based on hyaluronic acid ( HA ), which is a sugar found naturally in human skin. When first introduced
673	688362	US	G	...lthouse.blogspot.com	A B C That was a joke, right? # Lawyers ought to be constitutionally barred ( Ha , HA!) from serving in any position of public trust, but I
674	3684077	US	B	...ity.cookinglight.com	A B C is replacing my stove, do you think they will give me a Viking. Ha . # Yes, those Henckels I've seen on chopped sent me all over
675	475478	US	G	scienceblogs.com	A B C of diagnosis, etc... Has been shown to be WRONG / FRAUDULENT. Ha ha ! And people wonder why some of us may not put faith in the wonderful
676	757820	US	G	theblaze.com	A B C will not have class and go away like Bush and other Republicans have, Ha ha him having class sometime I crack myself up:) # Calling him the village
677	266827	US	G	terribleminds.com	A B C everyone I know. They are going to think I'm a lunatic! Ha ha ! There really are no maps! that is exactly why I am and must
678	1401007	US	G	energybulletin.net	A B C below the historic average then global warming was disproved. # RH: Ha, ha ! # LC: People loved it. It's just been huge!
679	567536	US	G	...vocracy.blogspot.com	A B C move their left and right hands at the same time! # No, ha ha , of course I'm only kidding by implying that " brain hemispheres " are
680	3690496	US	B	universetoday.com	A B C photosphere in this image, a section of a photo acquired in hydrogen alpha ( Ha ) by Alan Friedman last week from his backyard in Buffalo, NY. #
681	219208	US	G	...shvirtuallibrary.org	A B C n't know # 14% # Please tell me if you think each of the following ha a major influence, a minor influence, or no influence on U.S. policy toward
682	603676	US	G	queenonline.com	A B C , just gim me the prize the prize Ha ha ha ha ha ha, ha ha ha ha ha ha Now you die - ha ha ha ha ha ha
683	352323	US	G	...eternal.blogspot.com	A B C n't be so abnormal. (No wonder I have authority issues!) Ha ha ! There must have been a moment where finally, the faking to be what
684	666456	US	G	barnesandnoble.com	A B C a nook for my birthday, and praised myself for getting the protection plan. HA HA. My nook worked well for about two weeks and then it went haywire
685	3254226	US	B	metafilter.com	A B C posted by Greg Nog at 1:02 PM on April 15, 2011 11 favorites # Ha . Ha ha ha. HAHAHAHAHAHAHAHAHAH. I'm sorry, it's just so
686	3243323	US	B	getrichslowly.org	A B C money manager who would then be trying to sell products to my friends. # Ha , I learned this lesson first-hand recently when talking to my husband's nephew.
687	580480	US	G	...sion.oregonstate.edu	A B C produced on a small commercial scale in the Netherlands and southern England (approximately 1,500 ha per year), and experimental plantings have been made in other western European countries
688	510997	US	G	barnesandnoble.com	A B C italics hog. # YEAH, WELL GOOD-BYE TO YOU, TOO. HA, HA , HA. # Hey! I just remembered my first memory. I'm
689	438767	US	G	dailycurrant.com	A B C " accidentally, " right? Not " accidently? " # Antoine Green # Ha ha. Bush know he was voting for the right person. # deckbose #
690	151153	US	G	hcn.org	A B C 's so smart I wish woulda I coulda. So wolves are just like people ha . You demented fool. Well I'm here to tell ya if Doc here
691	194928	US	G	newyork.cbslocal.com	A B C , Jr. (fmr) CPT, MC, USA # Johnny P # Ha Ha Ha, I'll bet you this administration never saw this decision to promote
692	3199579	US	B	pjmedia.com	A B C it is an obnoxious sprawl full of pigs. Oh, and the north? Ha Ha. Same pigs -- with twice the condescension and half the looks. We
693	96400	US	G	thediydish.com	A B C need! Wow! I just need to find someone to make them for me. ha ha. # Pat's site is really user friendly. It's easy to
694	242560	US	G	forums.cnet.com	A B C Its50yopism! " Try guessing that one or using a cracker to get it, ha ! # You now have the superfecta of password security: randomness, multi-case,
695	1401741	US	G	fanfiction.net	A B C 's face.' THAT will make you jealous of me, old man! Ha !' Laurie thought. To his utter despair, he smiled and congratulated Jo
696	776853	US	G	jenhatmaker.com	A B C would like them to be successful at dealing with me next time... ha ha ha !). About the bringing food: YES! Also, people should never
697	436028	US	G	ask.slashdot.org	A B C them that holds any water. # But now, I think, maybe the HA people should try to virtualize their clusters. They have a huge amount of redundancy
698	3159449	US	B	blogs.denverpost.com	A B C My group 301 built Ka Shan. They blew up our ammo dump at Dong Ha creating one of the largest explosions in South Viet Nam. God Bless All of
699	268751	US	G	....coldfusionvideo.com	A B C have subtitled it " This is what Americans think a RPG should be! Ha ha ! They embarrass us by buying our games! " # Now I'm sure
700	485912	US	G	amandapalmer.net	A B C stunt like " will work for hugs "? # Maybe she's orchestrating ( ha ha) this whole ruckus as the best way to bring the important issue to
701	3280925	US	B	xojane.com	A B C prom queen. At 16, I even make my boyfriend touch it, like ha ha, look at this weird thing that happens to me and not to you
702	3688717	US	B	howtobeadad.com	A B C okay? " comes into the equation. # Ha ha ha ha ha ha ha ha! Lucas hasn't discover this one yet, and Cody and Max came
703	568704	US	G	theblaze.com	A B C You guys are just not very good at this. I was for Ron P. Ha . You say that then go off on a rant that all RP bashers have
704	421696	US	G	...ookgeek.blogspot.com	A B C been, he unwraps a chewy lollipop for himself.' What goes " Ha ha bonk "?' he reads from the wrapper.' I don't know
705	3281145	US	B	yogadork.com	A B C these practices to people who most need them. If you have the time ( ha ! who has time nowadays... but anyway...) I encourage you to take
706	146589	US	G	open.salon.com	A B C as well as the traditional South where everyone likes to think it's contained. Ha . Hardly. Educated homes -- in the South, in the Midwest, in
707	727236	US	G	...details.blogspot.com	A B C be on the street rather than the sidewalk... the bumps wake her up! Ha ! # We are hoping to hit our stride with her soon, but do
708	578379	US	G	mydd.com	A B C or Moulitsas Zuniga today. Courtney Love???? Re: Ha ! # The " right's anger?' The only ones you hear that
709	3205375	US	B	scienceblogs.com	A B C (and the people behind it coined the word " libertarianism ") # Ha ha ! No. No, they didn't. # From all evidence, there
710	3177775	US	B	...odfatherpolitics.com	A B C self-important leeches! # Ray # I was so pissed I didn't finish... HA ! You that don't vote for Romney are in league with the enemy of
711	3277544	US	B	usacarry.com	A B C it is legal to carry concealed while you are driving in nc. # Funny Ha Ha # Only if you are illiterate. # Kent611 # I you have a
712	204652	US	G	kevinmd.com	A B C that you never have. You are missing out my friend. # amy # Ha ! If you would live in a formal communist country (you know, one
713	506620	US	G	mediaite.com	A B C , and you would have kept quiet about it. # Anonymous # Ha, ha . Ignorance is bliss, I guess. NJ is not only one of the
714	3217013	US	B	trekmovie.com	A B C sounds to me like it could capture that feel quite well. # ... Ha ha I just had to post this! I was reading slashdot.org today, like you
715	358160	US	G	...hicagocubsonline.com	A B C RBI, and three runs scored from the leadoff spot. Batting second, Jae-Hoon Ha was also turned it on as he went 3-for-5 and drove in a run.
716	3254324	US	B	metafilter.com	A B C . posted by The Devil Tesla at 9:13 AM on September 16, 2010 # Ha ! phunniemee, when I'm eating alone in restaurants, I make up stories
717	686768	US	G	menshealth.com	A B C November 19, 2:10pm # Sounds like some woman Mad at her EX boyfriend HA Michelle December 11, 10:41am # I am a woman here are my
718	510799	US	G	...ticker.blogs.cnn.com	A B C From around the web sound off (14 Responses) # Dave # Ha ha , that is funny. He advocated a government takeover of health insurance. #
719	3687861	US	B	chefkatelyn.com	A B C either but... for dessert I went up for 4ths of TURKEY ha ha ha ha !!! You food looks delish! I already miss Thanksgiving, how sad
720	3253932	US	B	mediaite.com	A B C they've been dying to call him for almost 5 years? # Anonymous # Ha , I Love that Billo didn't have the cajones to " fill in the
721	3225527	US	B	asymco.com	A B C (who would not, when you triple your sales in one year.. ha ha ). For example, they have not launched Galaxy Nexus here in India and
722	623399	US	G	the-isb.com	A B C Tarot review. # Maybe it's a mistake, maybe it's a " Ha ha good luck finding Dave " kind of thing... but I'm just saying
723	83287	US	G	underwatertimes.com	A B C # This is what you get when you cross an aligator with the whale! HA HA! just kiddin:) It looks like a dead orca whale, as
724	790271	US	G	blogs.suntimes.com	A B C made through incompetence, an error no competent film maker would have made? Ha ha ha.) My interpretation is falsifiable. I am not inerrant like the hoaxers
725	436955	US	G	...n.blog.wordpress.com	A B C than a time consuming paperback. # I feel like this was a sign! Ha ha just today, I was in the shower (where all great ideas are
726	487802	US	G	...punchinthethroat.com	A B C and for those talking trash about my mc'donalds statment >>>>not selling whoppers.... ha haha ha ha this one is for you>>>>> stupid the same way mc'donald's does not sell
727	225075	US	G	...uzungu.wordpress.com	A B C ; yep he leaked it, and only now it's a conspiracy? HA HA HA hahahahah HA HA HA! # It's a pity that Outlier didn't
728	1395672	US	G	wiki.answers.com	A B C the scripture where John whom was baptising stated he needed to be baptised by YESHUA HA MOSHIACH and not the other way around. YESHUA HA MOSHIACH replied that it must
729	3683396	US	B	...okbois.wordpress.com	A B C and thus, help to keep you both together as a couple. # Ah ha ! Thanks XD. I had never considered the concept of these being flags.
730	3179108	US	B	...ngtime.blogs.nba.com	A B C was only in his 2nd season... Asik can't catch in the paint? Ha . He's more of a defensive center anyway who goes after the ball.
731	3253926	US	B	mediaite.com	A B C death is on the line "! Ha ha ha ha ha ha ha! Ha ha ha ha ha ha ha! Ha ha ha... # Vizzini: Vizzini
732	352576	US	G	...isabledfeminists.com	A B C and she used Handi-Capable or something like that. # CB? AS?: Ha . # SE: So Glee is obviously hearing us, they just don't
733	3172333	US	B	emsyjo.blogspot.com	A B C !! ha ha!! sounds like a great social side to your sportiness ha ha and fancy being so hung over you couldnt even play!! oh this
734	3211910	US	B	...canoes.wordpress.com	A B C most proud of... # . # . # To be continued soon.... ( Ha ! That's called a teaser.) # In the meantime, I recommend
735	3251458	US	B	...astwordonnothing.com	A B C was a gunshot! But Europeans are civilized, not gun-toting heathens. Ha ha ha ha ha! " (Something to that effect.) Do Canadians feel the
736	88425	US	G	rferl.org	A B C to shamericans like you and your boggling beautiful mind-did you say mind -ha, bloody ha , thats the joke of the new millenium.And the reds are too good for WASP
737	54832	US	G	wdtprs.com	A B C quite the reaction:) Someone already said it sounds " Westboro Baptist-preachy. " Ha ! Now, is publicly asking your archbishop to leave his see a canonical offense
738	3151055	US	B	...lthouse.blogspot.com	A B C # It's about government over reach, and if people can be cowed ( ha ! a mammary pun!) into bowing to some trumped up " war against
739	260620	US	G	shankman.com	A B C a very upbeat person, but have had a real FML couple of days. Ha . Thanks for the very timely post. All great suggestions. Cheers to a
740	61663	US	G	lyricsmode.com	A B C , we sure turned a trainful of freaks into a party, man, ha ha ha ha, didn't we, boys? All right, all right,
741	3193026	US	B	my.firedoglake.com	A B C -- and Mondragon is built on active and vocal participatory democracy. # Ha ha ha ha. Been imbibing the financial capitalists' bullshit for too long, comrade Bob
742	12405	US	G	literature.org	A B C behindhand, roared out lustily. # Ha, ha! Ha, ha, ha , ha!'' # He said that Christmas was a humbug, as
743	3263633	US	B	rachellegardner.com	A B C , but ebooks are seductive -- they are giving me my house back. # HA ! My husband has never SAID it out loud, but I've caught him
744	3276812	US	B	turntablekitchen.com	A B C so I can hold onto it all winter # http: //www.aidamollenkamp.com Aida Mollenkamp # Ha , I love the idea of you -- a little petite thing -- stealing the
745	289201	US	G	world-nuclear.org	A B C international ban on this. # Solid low-level wastes are disposed of in the 120 ha Low Level Waste Repository (LLWR) at Drigg in Cumbria, near Sellafield,
746	294098	US	G	boston.cbslocal.com	A B C a ball " # WallyLind # Must a been a democrat! # Vivian # Ha ha. # sgt524 # It all started when she said, " Eat Me
747	645662	US	G	...ardware.slashdot.org	A B C reminds us that it is not the same thing. # Mirroring / RAID == HA .. if one of your HDDs let the smoke out, you still don't
748	95325	US	G	patsfans.com	A B C account including Removing All Ads During Your Experience Here At Our Forum. # Ha ha ! I'm sorry, but there is absolutely no way Rex is overruled by
749	316352	US	G	artsjournal.com	A B C it's a crucial issue -- I may summarize those past posts shortly. # Ha ha Richard you really need to get out more. Obviously there's a hell
750	667981	US	G	fictionpress.com	A B C 's never fucked a guy. # JU # I seriously doubt that. # HA # Maybe that's a little bit of an exaggeration, but I'm more
751	155739	US	G	blogohblog.com	A B C n't bELIEVE ME CHECK FOR YOUR SELF YOUR BE LAUGHING YOUR WAY TO THE BANK hA hA i'M Ballin Yes I'm Ballin Plus they didn't sell me with
752	704893	US	G	theblaze.com	A B C for opposing with manly firmness his invasions on the rights of the people. -- Ha ! Guess everyone can chime in on their own with this. Let's just
753	225921	US	G	mediaite.com	A B C letter word, R U S S E R T..... # Anonymous # ha ha ha! I know I'm correct and have hit a nerve when I receive
754	408211	US	G	...ps.heraldtribune.com	A B C Friday, October 26, 2012 at 10:48 pm # Keep your mouth shut! Ha doesn't even a contest! # Fbfan # Friday, October 26, 2012
755	3170991	US	B	dqydj.net	A B C # I think you could do your second suggestion (skipping the Krugman one, ha ) with an employment population ratio -- but everything would be more of guess since
756	441168	US	G	imdb.com	A B C thousand years, even you may be worth something. Indiana: Ha ha ha ha . under his breath Indiana: Son of a bitch. Share this quote #
757	3268008	US	B	shoot-me-now.com	A B C wet floor at the pizza joint. # http: //www.shoot-me-now.com Katherine Murray # HA HA yea, something completely boring! I told this story to a friend who said
758	582589	US	G	deadline.com	A B C I guess elections have consequences. As Obama said " We won. " # HA HA, the real problem with Obama is people who think like you. If
759	478388	US	G	wattsupwiththat.com	A B C they don't really feel a real urgency that the world needs saving. # Ha , I bet they all puff away on tobacco as well, that's the
760	625039	US	G	...ms.studentdoctor.net	A B C by the balls and there is nothing you can do about it. # Ha ha . Too true. On that service I saw students and residents reduced to tears
761	3244089	US	B	gossipcop.com	A B C n't, they don't. # nena # Good point! Its stupid. Ha I only wish more people would have been more obsessed with tearing down the fake
762	217158	US	G	shoryuken.com	A B C two commentators. That sets a nasty precedent, as Rasean implied. # Anthony Ha # I totally agree. This high-handed, " BURN THE SINNERS! " tactic
763	604373	US	G	uk.answers.yahoo.com	A B C am so High Guys, it looks like that water is turning into wine, ha .. what nonsense. ". But he lost his trail of thought and stuttered
764	3205347	US	B	scienceblogs.com	A B C know he's submitted studies in The Journal of Alternative and Complementary Medicine, # Ha ha ha ha. # but a good starting place would be to look at
765	243934	US	G	drdriving.org	A B C bypass, also known as I Beat Out the Stupid Sheep Just Now, Ha Ha (less truculent rendition: I Want to Get Home More Than I Care About
766	3156723	US	B	...ationshipyouwant.com	A B C ... and I did let him wait sometimes too... and he never complained -- ha ha. Bless him, it was a nice time. But the past is
767	3221149	US	B	...istrue.wordpress.com	A B C for them. (But just you or me try to do the same, ha .) And many of the others are simply windfalls, such as somebody happening
768	1395053	US	G	vaniquotes.org	A B C Brahm?, which is the best part of the body. Vasi?? ha was born from his breathing, Dak? a from a thumb, Bh?
769	3183603	US	B	...r-burke.blogspot.com	A B C . Send help. Pages Monday, November 12, 2012 Ha ha ! Made you look! # Tagged, you're it! Who remembers that
770	23644	US	G	...mabirth.blogspot.com	A B C some aren't. A good man will say it is better than ever. HA ! # I recently heard about a uro-gynecologist who said she'd never have a
771	3164725	US	B	chicago.cbslocal.com	A B C # Hopefully you will do so before it's too late. # buckeyebubba # HA Ha HA. The reality is WE ACTUALLY HAVE MANY MORE NUKES. If even
772	3167134	US	B	...versations.nokia.com	A B C still use my N900 -- beauty of a phone) # Ajit Jalady # Ha ha ha, Good Job! Nokia will never learn! # SNL90 # I used
773	3690207	US	B	theawl.com	A B C well on its way to being passed! # Oh, no. Ha ha ha . No, not at all. # Oh, come on. Surely nobody
774	670030	US	G	...easures.blogspot.com	A B C interested in writing something that's as close to fiction as possible, " # Ha ha. Tammet's not the first writer to write between the genres of fiction
775	768361	US	G	thinkgeek.com	A B C awesome things going on here. # PurgeTheWords said this 879 days ago. # HA ! I <3 the Canned Unicorn Meat page. I totally linked to it from
776	3221183	US	B	...tgodhealamputees.com	A B C straight and he then goes on to say the thread is off topic! ha ha ha " # Show me where I said the thread is off topic. Lie
777	798071	US	G	pegasus.cc.ucf.edu	A B C Wesley asked. # " Gone With the Wind " said the grandmother. " Ha . Ha. " # When the children finished all the comic books they had
778	3159031	US	B	blogs.babble.com	A B C -- seeing as there are so many PERFECT moms out there ready to attack -- HA ! HA! they are full of BALONEY -- they know they feel the same
779	548858	US	G	asianfanfics.com	A B C a sex-addict and that it was their fault for it. From then on Yu Ha Min continued to sleep with men every week and his parents could no longer forbear
780	546471	US	G	cnn.com	A B C . Straight, because I've always said that ice is for injuries, ha ha . " # On his foot fetish: " I've not dated girls because
781	770480	US	G	...s.washingtonpost.com	A B C Posted by: albertgibson September 6, 2009 1:12 AM # Ha, Ha, Ha , Ha. Do you think the crap media will pick this up by say
782	3164725	US	B	chicago.cbslocal.com	A B C Hopefully you will do so before it's too late. # buckeyebubba # HA Ha HA. The reality is WE ACTUALLY HAVE MANY MORE NUKES. If even ONE
783	1386451	US	G	...ngglory.blogspot.com	A B C Searching for things IT wants to do, regardless of how busy I am. Ha ! Saturday, May 12, 2012 # Recently my sister and I had
784	270066	US	G	thetrichordist.com	A B C of their music available on-demand only to those who pay for the privilege. # HA ! Cool read, a bit long. I found this in the comments:
785	197884	US	G	huffingtonpost.com	A B C much. So, I hope that we can move beyond this criticism. # Ha ha. I agree. I love Shivani's stuff but I think he misfired
786	3239354	US	B	...irfaxunderground.com	A B C bile. # Alexa 88 Wrote: **40;10624;TOOLONG... > UP THE ASS! Ha ha ha... I have nevered listened > to Rush Limbaugh in my life but I
787	208265	US	G	...dering-scientist.com	A B C saying, mom, not what you think I mean to say. " # Ha ! Clever kid. Not (I suspect) least b/c my DH felt it
788	646273	US	G	aol.sportingnews.com	A B C was up this year, " Keselowski said. " So ha, ha, ha , I felt pretty damned good about that one. It's very, very
789	743384	US	G	metrolyrics.com	A B C I'd like to say I love you in the same old way, aha ha I love you in the same old way Hmm, I remember when we used
790	526285	US	G	obamaconspiracy.org	A B C serving 2 terms, and says he will retire, a poor Congressional pensioner. Ha . # Coburn is, on the whole, OK. Rational and intelligent.
791	632741	US	G	blogs.indiewire.com	A B C going to hell? If god exists, that's where she'll be. Ha . Fuck Twilight. # scs August 24, 2012 1:04 AM # i do
792	681408	US	G	eatyourkimchi.com	A B C and' war paint'. lol # http: //www.eatyourkimchi.com/ Simon and Martina # HA ! I did the opposite! Scrubby clothing, no makeup, disheveled hair from
793	667981	US	G	fictionpress.com	A B C really, once you've seen one, seen em all, right? # HA # Shut up, you sexist pig. # MAX # And you love it
794	9955	US	G	rookiemag.com	A B C i can do everything that i want. but, i am a devout. ha ! # That was a very well written story. It's a difficult thing
795	634475	US	G	imdb.com	A B C death is on the line "! Ha ha ha ha ha ha ha! Ha ha ha ha ha ha ha! Ha ha ha... Vizzini: Vizzini stops
796	334252	US	G	out.com	A B C ' your whole heart', your yetzer ha tov as well as your yetzer ha ra. You bring your whole self to HaShem, even the parts that are
797	3156011	US	B	blog.asmartbear.com	A B C do I sign up for the private jet? # http: //blog.asmartbear.com Jason # Ha !: -) BTW I know the folks who bought Smart Bear have called
798	667981	US	G	fictionpress.com	A B C , HA rolls her eyes and taps JU over the middle desk.) # HA # For god's sake, it's the first day. Somehow, I
799	74874	US	G	yelp.com	A B C ! like now! Review from Matt M. # I've been here! HA HA! I had no idea this place existed. My buddy and I were
800	3253954	US	B	mediaite.com	A B C Real Royal Emperor # You don't really have anything, do you, Lord Ha Ha? That's what happens when you get too close to Willard. You
801	3211989	US	B	...eistconservative.com	A B C heard so much about that were to turn the economy around. # George # Ha ha! I like that Jegarh. Don't laugh, but this was indeed
802	3216530	US	B	townhall.com	A B C not the kind of thing that should be passed by one party sneering, " Ha , ha -- we have 60 votes! " # As soon as all Americans
803	469780	US	G	zionismontheweb.org	A B C as he knelt at the Wailing Wall in Jerusalem, soon after he arrived. Ha Levi's poetry used a relatively simple, direct style that is very close to
804	1409438	US	G	realself.com	A B C Experienced physicians use these... more Restylane for midfacial volumization # Restylane and other HA fillers are good choices for temporary volumization of the cheekbone and tear trough regions of
805	1391506	US	G	...politics.nbcnews.com	A B C country. Sorry Heather, but this our country now. # Delusions? Ha Ha Ha When I shop in a military commissary or any store like Walmart and see
806	767841	US	G	amazon.com	A B C filtered through the knowledge of the' 80s (actor Ronald Reagan is president, ha !), the film comes off as a Twilight Zone episode written by Preston
807	281020	US	G	abcnews.go.com	A B C is comprised of more tax cuts are you still for it? # Bwwaaaaa Ha ha ha ha! # Posted by: Noz October 2, 2012, 1:31 pm
808	514685	US	G	anusha.com	A B C it, ha, ha, ha, that's why they hired me, ha , ha, ha, ha! " This is typical of the kind of
809	3174124	US	B	finance.yahoo.com	A B C fragile, yet sometimes they fail to break. # Fragile market? The market ha become an almost total gambling enterprise not governed by mathematical odds but mainly by large
810	667981	US	G	fictionpress.com	A B C What?! # CL # So, it's true, right? # HA # No, of course not... # (VA sits there is confused and
811	3211115	US	B	...bogg.firedoglake.com	A B C talking points, spin, unintentional double-entendres, running out the clock, awkward ha ha ha's, obscene gerunds, and attempts to " sound black " (Mitt
812	667981	US	G	fictionpress.com	A B C Hold in all the panic # (Her voice catches on the last word, HA takes it up on the violin sound) # HA # Where's Julie?
813	622677	US	G	...rmanity.blogspot.com	A B C problems), then perhaps it would create positive interest globally in the Church. Ha ha! Crazy, now that I think about it more clearly. A brief
814	701554	US	G	imdb.com	A B C Big Mac, but they call it le Big-Mac. Jules: Le Big-Mac. Ha ha ha ha. What do they call a Whopper? Vincent: I du
815	243144	US	G	metrolyrics.com	A B C love) Well I feel so foolish, I've never noticed that (Ah ha ) Baby you're actin' so nervous like you're fallin' (Ah
816	435272	US	G	tnr.com	A B C ? Check mate! # 08/12/2012 - 10:20am EDT CRS9TNR # Ha Ha Ha Ha Ha # Ha Ha Ha Ha Ha # 08/12/2012 - 10:29am EDT Sophia # TawnyCat,
817	3172377	US	B	...theamericandream.com	A B C you thought your favorite thug rap artists were " thugs ". # Ha ha ha hee hee ho ho. These rappers that like to brag about street life would
818	3158705	US	B	blogcritics.org	A B C fault; let us back in power and we'll save the day! " HA ! # Nearly every battleground state fell to the Democrats, and not necessarily by
819	3184507	US	B	...liarachelbarrett.net	A B C grow them. 12 Responses to The difference between men and women. # Ha ! And before I got to the bit where I was generously named my retort
820	3213354	US	B	thehairpin.com	A B C but I am still trying to guide him towards the light. # josiahg : Ha , fair question! Two things: 1) it's sort of the principle
821	3184028	US	B	...goddard.blogspot.com	A B C be okay, but our ancestors invented bathrooms with doors for a reason. # Ha , never! There is so little privacy in the world today - I do
822	333163	US	G	pitt.edu	A B C of her. " # Well there, " says she, " I should ha ' liked to ha' seen her. " # " Well, " says
823	3191576	US	B	...ssionviejo.patch.com	A B C laugh, ignore it, and never have to worry about you again. # ha , ha, ha, CS, After 22 yrs at your job and not
824	3243960	US	B	gonewiththewynns.com	A B C to the house and watch golden girls then hit the hay by 9! Ha ha . I will say it's a good thing Nikki's a cooker and a
825	1400495	US	G	dlisted.com	A B C bottom of his bed so Blaaaaake can't get to that shit. Ha and ha . # if this story is true, then my husband nailed it when he
826	145145	US	G	getrichslowly.org	A B C ! We get giddy with excitement when we think about how to spend it, ha ha ha. (Some extra " wants " money, i.e. " lifestyle "
827	256599	US	G	indiewire.com	A B C comedy. the latter really negates the former. I think a film like Funny Ha Ha does what Girls tries to do much more effectively, though it is quite
828	667981	US	G	fictionpress.com	A B C into the chair at the desk, totally exhausted and defeated. Then-) # HA # Fuck. Fuck this. Fuck my life. Fuck me. Fuck.
829	186342	US	G	whatever.scalzi.com	A B C the book. And wait until you see the back cover. Bwa ha ha ha hah ha! Yes, we're having fun with this book. # We
830	3211101	US	B	...husband.blogspot.com	A B C up on using it.. my son doesn't like to be facing me, ha ! # I don't mean to shamelessly self-promote myself, but... if you
831	3268319	US	B	singularity2050.com	A B C ignorance on your part precisely because I'm sure of your mistakes. Decorum? Ha , the last refuge of someone who has lost are whines that the winner did
832	85279	US	G	...jsmith.wordpress.com	A B C for the rape epidemic we have " brought upon our self ". # Ah ha ha, Oslo is a multicultural city? Norwegians are some of the most racist
833	513696	US	G	minx.cc	A B C " Government's the one thing we all belong to. " HA HA HA HA HA HA HA HA HA HA. Wife and I run the other way from
834	1409471	US	G	reddit.com	A B C . Currently, you've got 18 districts, which may or may not ( ha !) be gerrymandered. If you went to 6 superdistricts of 3 seats each
835	341268	US	G	freshandnew.org	A B C 3D printing and Arduino? Will we be seeing any at MCN? # Ah ha ! This should be interesting since MCN will kick off with a combined 3D Printing
836	576366	US	G	randomhouse.com	A B C italics hog. # YEAH, WELL GOOD-BYE TO YOU, TOO. HA, HA , HA. # Hey! I just remembered my first memory. I'm
837	793657	US	G	poynter.org	A B C Fox was excluded so Obama had to let Fox stay in the press pool. Ha ha ha. # http: **34;10170;TOOLONG... Dave H # Yes, I still
838	595244	US	G	flickr.com	A B C in return. Very very cheap reference and totally not original this mind provoking ( ha !) Nintendo reference. Next! # <a href= " http: **29;6284;TOOLONG...
839	603635	US	G	lyricstime.com	A B C bust Cause... (No one's ready to deal with us) # Swift Ha , When they runnin' to Swift they change directions My shit so tight when
840	722719	US	G	...documentaryfilms.com	A B C to see your comment hahah # margiemiller # Is ending a comment with " ha ha " code for " ha " ven't " ha " d the experience of
841	3157658	US	B	blog.planetargon.com	A B C the apocalypse parches our rivers and exhumes our zombies, will design matter? # Ha , well if the zombies are exhumed, I think designers and strategists could be
842	250272	US	G	reddit.com	A B C better, by a wide margin, than games not based upon movies. # HA seems no one remembers the ET game for the atari. this game was so
843	413456	US	G	...lmbeachdailynews.com	A B C For those who like their luncheon served with a lot of dish -- oh, ha ha ha -- Jeff Lewis, interior designer turned television personality, will be the
844	3279638	US	B	...rongwiththeworld.net	A B C n't have to cook is fine by me, grandma! Ha, ha, ha ! " # For the " all these countries are doing it " argument:
845	121688	US	G	financialsamurai.com	A B C about 9.6% unemployment and 16% real unemployment? Well now you know! " # Ha ! I have this discussion with someone at least once per day. It is
846	566413	US	G	lyricsmania.com	A B C How you doing I know what you should be doing Thinkin bout meeeeeee (ha ha ) Sip this patron it's easier to turn you on I want your freakiness
847	3258483	US	B	notmartha.org	A B C , but the white onion fingernails might get the point across more quickly: # Ha ha ha!!! Love it! I can't decide if the best
848	3268341	US	B	...fthesensiblemoms.com	A B C the rest of the day!! Stasha recently posted.. Wordless Wednesday # Ha ha , loved your number 5 -- all those big, bad words are making some
849	743511	US	G	answers.yahoo.com	A B C at the time of Nixon's impeachment and resignation, how would the Watergate scandal ha # If you had been a voter at the time of Nixon's impeachment and
850	3158945	US	B	blogs.ajc.com	A B C !!!!!!!!! Ha Ha.. Udolfia and Glen Rice JR were both high recruits 4 stars Julian Royal
851	3159926	US	B	blogs.indiewire.com	A B C discovery. I mean is he police comissioner... oh wait. Glass house, ha ! # Zack October 17, 2012 11:01 AM # I'm convinced JGL actually
852	346047	US	G	huffingtonpost.com	A B C you don't blindly follow everything the Bishop, Stake President, and Prophet ( ha !) tell you to do. Loading comments... # Honestly, it
853	682687	US	G	blog.heritage.org	A B C !!!!!!!!!! HA , HA. More hope and change on the way!!
854	14114	US	G	...miherald.typepad.com	A B C showed in how you were UTTERLY IGNORED-ROTFLMAO! # You tried and tried...... Ha Ha ...... but you couldn't get a single rise out of ANYONE. They got
855	3225427	US	B	askamanager.org	A B C job postings. It's mostly administrative work and sales (read " cashier " ha ) but I don't care because I don't want a high-stress job anyway
856	3234471	US	B	dailykos.com	A B C two tv stations. I was afraid that they were targeting demos, as, ha ha ha, I wouldn't put anything past them. I think another conversion
857	3192818	US	B	murrieta.patch.com	A B C stalking. I'm 5' 7, gay, and ride a motorcycle! HA ! # oh gee pechanga? pechanga?, (still ashamed of your name
858	3221971	US	B	...orldnews.nbcnews.com	A B C War, that's the worst kind. # To me it is obvious that Ha mas incited this current conflict and it won't let it end until they get
859	436897	US	G	dinneralovestory.com	A B C dinner? A protein, a vegetable, and a starch? " Ha ha ha ha ha! I can't remember exactly what she said next but it was
860	472301	US	G	abcnews.go.com	A B C about killing Bin Laden to pretend to be tough on terror? Bwa ha ha ha . You can't have it both ways. # Disarming our troops and then
861	749214	US	G	ncbi.nlm.nih.gov	A B C of the 1918 influenza pandemic showed that H1N1 VLPs can be produced from expression of HA and NA proteins only (65). Despite these recent advances in the understanding
862	180694	US	G	io9.com	A B C explained further in the final season. For those of you just joining us -- ha ! -- these are the numbers that Hurley won the lottery with, the numbers
863	3245125	US	B	...lthytippingpoint.com	A B C totally normal for London) then come Halloween the place went crazy with' yee ha , we can dress *extremely* provocatively. Certainly the mix of conservatism and randomly "
864	779334	US	G	bangordailynews.com	A B C knew what he'd get for it. # yowsayowsa1 # Ha Ha Ha Ha Ha ! # Good luck with that concept on this forum! # Anonymous # We
865	3190789	US	B	...radaily.blogspot.com	A B C by everyone, will always be wholly Nigerian to me. 3 comments: # Ha ! Nice breakn during a day of negotiations with the most unwilling factions. My
866	597517	US	G	eatocracy.cnn.com	A B C enough to wish I could have walked in your shoes:) # kids? ha ha... I'm 55, started college in the late 70's, could
867	352323	US	G	...eternal.blogspot.com	A B C taken as a me that is experiencing, rather than just Experiencing Itself. ( Ha ! That's a nice thought! Hm... on second thought, maybe not
868	231857	US	G	fanfiction.net	A B C she needs, sometimes I feel like she is raising us. " # " Ha ! That's for sure, " Rosalie chuckled. " Remember that time you
869	266534	US	G	lyricsmode.com	A B C in my home town Where I used to stay The name of the place, ha Is Augusta, GA Lyrics from: http: **35;6129;TOOLONG... Down there We have
870	292075	US	G	...rs.pressdemocrat.com	A B C . Then you can personally see where smith still needs to improve. AND that ha ha haaaa I told you so. You don't know what you think you
871	3159910	US	B	blogs.indiewire.com	A B C , " offer only " is Hollywood-speak for skipping the audition process altogether so, ha ha. # All this to say that Rogen has actually met Cruise, and
872	740562	US	G	vulture.com	A B C ! High heels are for ladies! Men don't wear those shoes! Ha ha ha! Oh, I am LAUGHING! Ladies' shoes! And to walk
873	3193515	US	B	nahright.com	A B C him, then you a jealous king who do nt want the thrown shared. ha . Poor Lloyd banks he thought he was gon na get the crown handed down
874	3230509	US	B	capitolhillblue.com	A B C took place. # Posted by HOUNDDAWG at February 24, 2006 10:23 AM # Ha Ha, I like Science Ficton with humor all the time. Like secert service
875	323113	US	G	mixergy.com	A B C kept coming back to me for more and more tactics. And I was like ha , what's going on here. And then I found this one guy that
876	3282120	US	B	yankees.lhblogs.com	A B C a bad decision! # In both his defense and to point a finger -- ha ha -- I do think that jerkface is a lot more sensitive to words and
877	425927	US	G	ou.edu	A B C can drink a lot of coffee to sober up quickly. Right? " # Ha . Tell us another one! Drinking a lot of coffee after drinking too much
878	29812	US	G	thenextweb.com	A B C show goes, " Oh, all machines down. Lets go to lunch. Ha , ha. " # The machine was eventually brought up a few hours later
879	786974	US	G	tedallen.net	A B C Moulton # When I first picked up Ted's book, I thought,' Ha ! How can this man possibly know what I want to eat?' Then
880	60437	US	G	danglingchainsaw.com	A B C his head in the sand after a while, thinking I'd lose interest. Ha ! Then a curious little broadclub cuttlefish, my first in the wild, came
881	17364	US	G	mediaite.com	A B C .. LOOK AGAIN AND GET YOUR HEAD OUT OF YOUR BUTT # Anonymous # Ha ha . " Ruining the economy. " That's rich, coming from a right
882	772253	US	G	getrichslowly.org	A B C from the food budget. # Conversly, if my income were to double ( Ha !), would I really feel OK doubling my food budget, to be
883	523717	US	G	askville.amazon.com	A B C ##523717 Can God make a rock to big for Him to lift? Ha ha, dumb. # The human brain is able to come up with the
884	498976	US	G	manhattan-nest.com	A B C free t-shirts for everyone in the photo! The Don is very generous. # Ha , ha, ha, a bunch of dogs. Wait a minute; did
885	227161	US	G	htmlgiant.com	A B C the kind where something creeps stealthily, absurdly, from places where I wrote " ha ! " in the margins, from places where benign sentences like " I wanted
886	3198168	US	B	patriotpost.us	A B C , ah, er, is it the Eleventh Amendment that, uh? Ha ha ! Fourteenth is it? But whatever it is, I'm with the Constitution
887	786527	US	G	sivers.org	A B C that will help me in that weight department. Thanks for giving me another ah ha moment and helping me realize my grading system was all screwed up.;)
888	601405	US	G	interfluidity.com	A B C ) of the risk off on ABN, who laid it off on ACA ( Ha !). The only problem with that side of the transaction is that it
889	3169075	US	B	dave6.posterous.com	A B C funny now, that the table was turned on him. Ha! Ha! Ha !! The same thing happened to this man driving a red van, he
890	183780	US	G	coolmaterial.com	A B C last one.. PWI CHECKER! " wait are you sober...? " ha ha ha ha! could have saved myself a few' kak' moments there..
891	3159100	US	B	blogs.babycenter.com	A B C anyways # Jenn A. says: # November 9, 2012 at 3:15 pm # Ha ha, Im Biracial too with the name Jennifer. My husband is white.
892	667981	US	G	fictionpress.com	A B C , I think. # JU I don't know what you expected. # HA # Well, I kinda figured he would kill me for asking him to do
893	3206414	US	B	seobraintrust.com	A B C the best place to really turn up the gas on your business! # Ha Ha . No, that ebook was written a few years ago! SEO is not
894	667981	US	G	fictionpress.com	A B C amendment would serve to define marriage as between one man and one woman. # HA # Okay. I really don't get why this is a big deal,
895	634475	US	G	imdb.com	A B C a Sicilian when death is on the line "! Ha ha ha ha ha ha ha! Ha ha ha ha ha ha ha! Ha ha ha... Vizzini
896	159436	US	G	...lthouse.blogspot.com	A B C funny slip of the tongue that provides no insight into anything what so ever. Ha ha, kind of funny to misspeak like that. " # The difference is
897	3689518	US	B	ourbodiesourblog.org	A B C my husband was excited about. Now I know how a teenage boy feels. Ha ha. I've managed to lose 9 lbs since my last missed injection without
898	3220257	US	B	wdtprs.com	A B C . Be kind. But forget nice. As learned Latinists, HA HA HA HA HA HA! you no doubt know that the word comes from nescius, which
899	3198363	US	B	peasandthankyou.com	A B C Your girls are so funny too -- I like their spider screams! ha ha ha !!! # I am sorry your comments on this post started out on
900	203338	US	G	diythemes.com	A B C Derek, simple and readable with lots of spacing!! # Derek Halpern # Ha ha, Chris used to rip on me for that. I try to keep
901	291397	US	G	glennbeck.com	A B C to find a place to hide my sheep. BAAAAAAAAAAAAA, HAAAAAAA, HA, HA !!!!!!! # http
902	484615	US	G	...sa.blastmagazine.com	A B C book that much u have been stupid enough to spend ur money on it.... HA HA # To nathalia You just repeting then same things that the hate group in
903	131959	US	G	sivers.org	A B C ' ideas that once complete in my mind, are basically' done - ha ha - they never make it in the real world. # If you tell someone
904	321887	US	G	marieforleo.com	A B C ; like, you guys, I even bought Groupons for us in Denver! Ha . Halfway through our move, he confides in me that he is ready to
905	658173	US	G	muslimaccess.com	A B C hand and took me to the door, and I was saying: Ha, ha (as if I was gasping), until the agitation of my heart was
906	3209776	US	B	strata.oreilly.com	A B C # When I decided to try making a new map as a weekend project ( ha !), the first thing I considered was the size. Since the New
907	8425	US	G	forbes.com	A B C score as a desirable " characteristic ". See here: http: **25;4386;TOOLONG # Ha Erik.. I had no idea what Klout was.. just signed in to check
908	446185	US	G	adilegian.com	A B C Oscar, a pig in the role of king, a suffering artist who ( ha ha!) happens to have little talent. Oscar claims your sympathy only to
909	339336	US	G	theblaze.com	A B C game, go to the gym... the list is endless. # Ha! Ha ! This so funny -- she even got Obama's attention. You have your
910	62461	US	G	...ientificamerican.com	A B C my doubts that if I had used " LOL " instead of " Ha, Ha ", that you' d have been any less likely to strike out.
911	3231176	US	B	celebuzz.com	A B C the comments section below. # Britney Spears commenting on someone's SINGING? HA HA HA HA. She's as delusional as Madonna. BRITNEY. You have a
912	299574	US	G	antipope.org	A B C consider " Normal ", or " Catholic ", i.e. " universal " ( HA !), with a fluctuation plus or minus from that norm. # -
913	255511	US	G	abcnews.go.com	A B C you just smell the hope and change in the air? Ha ha ha ha ha ha ha ha ha! # Posted by: Dave C January 30, 2009
914	789941	US	G	...hicagocubsonline.com	A B C pitching efforts by Nick Struck and Dae-Eun Rhee were backed by the offense of Jae-Hoon Ha for Tennessee, while struggling remained the key word in Daytona and Iowa. #
915	473060	US	G	theglobaledition.com	A B C to meet the other persons' cycle if it different than yours. HA HA HA not new to me though. # http: //YourWebsite... hmmmmmmmmmm # Yes it
916	158210	US	G	thestranger.com	A B C funny in a way that is both funny (ha ha) and funny ( ha ha). It gave me hope for humanity, because our salvation lies in
917	3208248	US	B	sonofstuckfunky.com	A B C Oh, Summer was supposed to be making a little joke there? Ha ha ha , I see that college hasn't changed her delightful sense of humor at all
918	3234578	US	B	dailykos.com	A B C gone over to the dark side. Probably just to protect their funding sources. Ha ! As if the Republicans even appreciate their biased reporting. If they want Republican
919	790694	US	G	frommrstomama.com	A B C nurse and my mom is a nurse so I get a lot of stories, ha ! Christmas being a hobby cracks me up! I am like you, I
920	3196116	US	B	...uclearfissionary.com	A B C a solar only project with 1000MW nominal output that will cover 7030 acres (2845 ha ) in total. This source (http: **35;6775;TOOLONG...) suggests 1000MW Nuclear
921	477714	US	G	...omiccollapseblog.com	A B C If you don't... they may be coming to take YOU away, ha ha ! # Hey libs. Remember when I TOLD YOU that the new Obamugabe executive
922	3228758	US	B	boxingnews24.com	A B C HA HA! Wilder would probably be knocked out badly in the 1st round HA HA ! He would go home with a bloody nose and a pizza face just like
923	3276072	US	B	towleroad.com	A B C ? # Posted by: anon Jun 24, 2012 4:48:37 PM # Ha, ha . These parents thought by living in the " country " their kids would only
924	3172874	US	B	...urope.theoildrum.com	A B C of about 5,000 ha, http: **33;3763;TOOLONG... A matching reservoir of another 5,000 ha would be needed on the high side. The amount of excavation would be mind
925	3205564	US	B	...ttkenan.blogspot.com	A B C of 300 year-round residents, I can buy Manischevitz in the next 23 hours. HA !!! # Ernie has lost his touch since I began blogging about his
926	3186312	US	B	...orreia.wordpress.com	A B C fault- it will be all YOUR doing. Math is a harsh mistress.... # Ha HA! Shows what you know. I don't use Facebook (by choice
927	690276	US	G	tvtropes.org	A B C Vitalstatistix is highly amused, and says to the other Gaulish villagers: " Ha ha ! Did you hear that, Cacofonix, Geriatrix, Operatix, Acoustix, Polyphonix
928	14058	US	G	lyricsreg.com	A B C my city, I like girls with titties But, they got ta look pretty Ha , you know I act silly, but nah, look, really We wan
929	477901	US	G	amazon.com	A B C sharper, clearer and brighter. It look like it was all recorded yesterday ( ha !). # Listening to ELEANOR RIGBY, MICHELLE, YESTERDAY, FOR NO
930	3221331	US	B	...rwonthe.blogspot.com	A B C my favorite Cruso moments was when she discovered a slug in a pot.' Ha ! There's the little brute,'' she exclaimed as she flicked the
931	3690322	US	B	...cidentalobserver.net	A B C to get the word out to whites that asian-americans are not on their side ( Ha ha ha... sorry! But once a person becomes meaningfully active, the treads
932	668967	US	G	cbssports.com	A B C ##668968 # " Ha ha ha even Batley didn't want the midget, Greg Eden.ha ha ha ha ha ha
933	487086	US	G	mediaite.com	A B C stick and they will be sunk. # http: **26;17520;TOOLONG Katie Couric # HA HA ! Going to make some real coin running weapons in our war on women.
934	1396357	US	G	abfic.com	A B C slightly. " It's all in the wrists. " # " Ha fucking ha , " Chris hollered back, strapping up his clubs, then hopping behind the
935	3196643	US	B	...yfilipa.blogspot.com	A B C always wondering how. Do they collect shoes or do they only buy them? Ha ha. # That's not the situation with me. I think I have
936	1384504	US	G	...rs.pressdemocrat.com	A B C for Smith. I SMEEEELLLLLLLL COWARD!!!!!!! HA HA HA One chicken. Wheeew. Still waiting! # One more thing on the clarification
937	688364	US	G	us.battle.net	A B C it and you all the loot, then again im sure there people its to ha ... " # " We're all old school dungeon and raid bosses. So
938	3161481	US	B	...luecollarworkman.com	A B C here. DebtsnTaxes recently posted.. It Pays To Ask: Credit Card Style # Ha ! I decided that I was going to be a big girl and get up
939	775296	US	G	...thelocal.nytimes.com	A B C CREATED in his district) # Jeffries has the support of the Democratic establishment? Ha ! And just how well has this " establishment " been in curbing the mounting
940	50830	US	G	patterico.com	A B C instead to lose her panties, alone, at his folks' place? # Ha ha. I'd have done the same thing to the drunken souse. He
941	453608	US	G	mediaite.com	A B C , wants her own show on Fox News or she's going to bolt..... HA ! # Anonymous # The clip was great:) But lets keep in mind
942	1398834	US	G	cbsnews.com	A B C Xbox or a Windows PC. # Ha, ha, ha, ha, ha ,... you got ta be kidding me. I've owned and
943	759591	US	G	goodreads.com	A B C without a care but for our own. and her texts!!! Ha ha !! I wish I had one who'd send me hilarious messages like those
944	3189931	US	B	matadornetwork.com	A B C One time my bike was stolen, BUT IT WAS RETURNED THE NEXT DAY! Ha ! (The seat was lower though!). Great country, great people
945	3246018	US	B	...racademydirector.com	A B C about purity of mind and heart, speech and motives. I love that the HA has instilled in me a greater desire for purity that reflects Biblical standards... not
946	1386910	US	G	clashdaily.com	A B C is this Halal? I can't even get a good Martini around here, ha !). Relative to Babylon, pre-christian civilizations also exerted social control through supernatural
947	708145	US	G	...fidential.zap2it.com	A B C Russ's Tucker, and Larry Wharton. I just know it's true! HA ! # Another MAB bash post!!! Hooray!!! I guess
948	3159451	US	B	blogs.denverpost.com	A B C on the side of people instead of an uberdated and ever failing economic doctrine. Ha ! # vesey # when you're my age and have seen the years of
949	3257741	US	B	newswise.com	A B C , we can explain much more than with knowledge level alone, " said Minsu Ha , lead author on the paper and a Ph.D. candidate in the School of
950	1386576	US	G	buffalobeast.com	A B C Kadius Suidak # oops another duplicate post, wow my finger just slipped, ha ha ha # Thanks for setting the record straight, now all of America knows that
951	3233789	US	B	crisismagazine.com	A B C far beyond what I thought you could do. Ha, ha, ha, ha , ha,... (infinite sequence of laughter). You are very funny
952	3205371	US	B	scienceblogs.com	A B C know, and are unbearably upset by difficult questions from god's beloved minions. Ha ! Seriously though, you are just proselytizing, aren't you? # Seriously
953	688362	US	G	...lthouse.blogspot.com	A B C crowd that believed a non-lawyer was an automatically better candidate for Prez/VP. " # Ha . Hahaha. AAAHAHAHAHAHAAAA... # That was a joke, right? # Lawyers
954	3265635	US	B	rockstargames.com	A B C officially achieved Legend 10. Is it possible to add 5 more you think? Ha # Looking foward for you info about the next upcoming DLC. I need more
955	3196471	US	B	occupywallst.org	A B C only complaint with you guys are that you are protesting the wrong people. # Ha ! You are so typical! I am a 44 yr old mother, homeowner
956	3202462	US	B	reason.com	A B C or are you just telepathic? # What did I have for lunch yesterday? Ha ! Trick question. I did nt have lunch. # In all seriousness though
957	1405311	US	G	light-hearts.com	A B C white semi. So I thought, well this has been one big coincidence, ha , ha, ha. I went on up the hill, around the curves
958	667981	US	G	fictionpress.com	A B C around- # VA # (Moves towards center) Isn't that her? # HA # (Blocks VA) no, can't be. I just got a
959	3278963	US	B	watkinsbooks.com	A B C felt' offended' that my hubby's favorite teacher Deepak, ranked higher. Ha ! All of these people have something to offer, and speak to individuals differently
960	3204729	US	B	...andiegofreepress.org	A B C breeding techniques. " # So these plants are not genetically modified after all! Ha ! I'm not sufficiently well versed enough to know the difference between icorporating a
961	308496	US	G	princeton.edu	A B C transformed the world and owes little debt of obligation to any past age. It ha s driven mystery out of the Universe; it has made malleable stuff of the
962	438880	US	G	rookiemag.com	A B C Aaaaaaaaaa my wording is so awkward and I hope I didn't sound like HA HA ! MEETING TEH PEOPLES *moustache twirl* but yes # City Bakery in New York.
963	3246008	US	B	homorazzi.com	A B C good for her songs? Everyone sings differently, and she always uses those " ha " and " say " shouts in her performances and studio recordings for years now
964	3234790	US	B	dailypaul.com	A B C (before) seen the word " communist " used in the phrase. # Ha ! That's for the ones that can even define the underlying princples of socialism
965	3183510	US	B	...writer.wordpress.com	A B C flabby but redundant -- slash and burn... 330 words down to 20. # ha ha ha! Just to add my wee bit, i have used bete readers
966	592902	US	G	presentationzen.com	A B C . And finally, how to avoid getting creative people in your company. Ha ha nice humor. The English humor is very similar to Danish humor. I can
967	56790	US	G	plosone.org	A B C Fig. 8). The creation of new mid marsh habitat on up to 10,700 ha of land with potentially suitable elevations under a high rate of SLR is prevented by
968	514685	US	G	anusha.com	A B C his jailer officer buddies, " Did you see that? Ha, ha, ha ! " I said, " You're really sick, only a sick person
969	3233928	US	B	csindy.com	A B C ; that poor people in general are being disenfranchised. Do you agree? # HA : Yeah. As a school board member in Falcon School District 49, I
970	3690322	US	B	...cidentalobserver.net	A B C the word out to whites that asian-americans are not on their side (Ha ha ha ... sorry! But once a person becomes meaningfully active, the treads here take
971	448942	US	G	imdb.com	A B C Wizard of Oz Cowardly Lion: Shucks, folks, I'm speechless. Ha Ha ! Share this quote # Coroner: singing As Coroner I must aver, I
972	139718	US	G	...thebeef.blogspot.com	A B C phone case. It was black and red and simply said' Ha Ha Ha Ha Ha' all over it, at his request. (He was very keen
973	528876	US	G	...lthouse.blogspot.com	A B C Sadly, the hilarious cartoon laws of unintended consequences always destroy his schemes. # Ha ha. I found one. You're right about the voice (although in
974	692961	US	G	tax.com	A B C with a joke about not being an economist but playing one in print and ( ha ha) on stage. BTW, economists did not write most of the seminal
975	652599	US	G	...documentaryfilms.com	A B C are welcome i am glad i could help p.s hope it's Canadian beer ha ha # http: **34;7437;TOOLONG... Marko Cebokli # These were retroreflectors, no need for
976	114671	US	G	blogher.com	A B C ! # Christine Ferguson OMG, You had family meetings like that too?! ha ! We actually lived in a house for about 18 months, that had no
977	3203709	US	B	...micbookresources.com	A B C one and they feel somehow compelled to comment. Jake Earlewine # (Ha ha -- just kidding! But seriously, let's be glad Jughead isn't a
978	667981	US	G	fictionpress.com	A B C a respectable friend to counterbalance your poor choice in a social circle otherwise. # HA # If you say so. # JU # You didn't pay any attention
979	3196334	US	B	...records.blogspot.com	A B C it? you cant, because he will not put it in his hands. ha ha ha ha. chew on that and report back. # I can not
980	3190689	US	B	...etsmerizedonline.com	A B C out of it b/c for once, it's not the NY Mets. # Ha . You caught me. Actually, Manuel was completely backwards. Threw Willie under
981	622480	US	G	un.org	A B C period 1982 to 1992. Although the cropland base is fairly stable at 939 million ha (380 million acres) since 1992, more than half of the cropland converted
982	401774	US	G	tvtropes.org	A B C Churchill space ponies I'm making gravy without the lumps! Ah ha ha ha ha haaaaa!!!!! " # TEMBWBAT got a later one-scene appearance trying
983	476200	US	G	scienceblogs.com	A B C Hey Owlmirror (276), don't jinx my fish by saying that! Ha ha ha. # Feynmaniac # December 26, 2008 # *** Oh no,
984	494155	US	G	mondoweiss.net	A B C 's in a bar and things, taking people's drinks, and going' ha hah -- he doesn't even realize what happened.' # PS: Here
985	422125	US	G	sivers.org	A B C in any part of the country... I'm still not comfortable with it. Ha ! # I was on the cliff, just enjoying the sun and have read
986	667981	US	G	fictionpress.com	A B C desk, and JU uses this as an opportunity to return to her notes. HA watches this new specimen intensely.) # HA # Hello. # VA #
987	3274615	US	B	therightscoop.com	A B C be she has come down With JessieJr Syndrome. # http: **27;18815;TOOLONG Stewie # HA HA! # When the story first broke out, my buddy told me it
988	3276579	US	B	...handcharityforum.org	A B C self " hominid " -- to put on airs, no doubt. # Ha ha . # Huh? # Yeah, and you can really " think "?
989	1401992	US	G	fictionpress.com	A B C I am going to give any of the girls to you for that amount. Ha ! " I took my hand and smacked the side of his wrinkly, dirty
990	158210	US	G	thestranger.com	A B C any Sprite in the house when you woke up on the floor. Ha ha ha ... please keep writing lots. I just love you! ooppoddoo # Loved it
991	266534	US	G	lyricsmode.com	A B C there was a dance That I used to do The name of the dance, ha They call the boogaloo # I may not do the dance As well as you
992	3169151	US	B	davidsimon.com	A B C making him his personal assistant to make sure he didn't get in trouble. Ha , i realize now that you can't babysit an addict and David did many
993	667981	US	G	fictionpress.com	A B C the majority does it, doesn't make you right to join in. # HA # Says you. # JU # Says essentially every philosopher of all time.
994	299691	US	G	therightscoop.com	A B C a a plan. # Orangeone # Excellent addition! # 3seven77 # Ha! Ha ! Ha! They wish it was only 7.5%. It's not. From
995	3246430	US	B	huffingtonpost.com	A B C thanks. Loading comments... Loading comments... # HO HO HO HA HA HA. Hilarious. " Pay for what it spends ". Oh, I
996	1386562	US	G	buck.themeserl.com	A B C You are jealous hum " Iraq Dreamspell gently grunt " Well don't they ha ha anyway today is your day starting tomorrow Hao brother is my ha ha ha "
997	3252018	US	B	lifesitenews.com	A B C , they just ignored the issue. # Posted by Dropofclearwqter on 2012-09-11 12:30:36 # Ha ha. I know, I won't be laughing when it happens. Thanks
998	534268	US	G	forums.citrix.com	A B C e, install it on both NetScaler, the certificat are not replicated by the HA functions. # If you need any more help, you can send me private
999	3235018	US	B	damninteresting.com	A B C product waste still has engery or life left in it more then the engerizer battery ha ha but wile we'r stock pileing all this glow in the dark stuff some one
1000	3221750	US	B	wonkette.com	A B C ha ha ha ha ha ha ha ha ha ha ha, ha ha ha, ha... ha... ah ha: " Romney also said in
