1	1159131	HK	G	timeout.com.hk	A B C no need for expensive machinery in lantern making -- just your hands, " says Ha . " I'm at a stage where it's not about money. It
2	3809724	HK	B	ccnew.org	A B C and Japan Tobacco lost a challenge to the laws in Australia's high court. Ha said Zico had sold up to 6,000 to wholesale outlets and was awaiting new stock
3	3573883	HK	B	distxiaaoa.com	A B C in the United States of America terrible, they listen to my speech laugh ha ha ha, all of a sudden broken bones, really outrageous, say very exaggerated
4	3574576	HK	B	fouvg00.xp3.biz	A B C sunglrear end cried. In some plfluffets on the ultimconsumed streares men haszheimeras disease preceding ha greatd commenced opers. Hillary ended up convinced to make it hinsta greatceen with the
5	3584488	HK	B	maxdesign.com.hk	A B C mind. I see, knot wedding send children clothes, the most need. Ha ha! But, the thing about the school discipline, I will arouse the
6	3584447	HK	B	maxdesign.com.hk	A B C from these three stubs work properly the medicine silk saint Wei. " # " Ha ha, I am from these rewards won in 7, is these three stubs
7	1820057	HK	G	maxdesign.com.hk	A B C he, think Jie body from like. " " Jie body from like, ha ha, hand breeze, you ever since that time step to go into that
8	3813933	HK	B	...ingman.wordpress.com	A B C , because they need to go to school, but we don't! Ha Ha !! We have term break, so, we may relax, but,
9	3584544	HK	B	meilianditan.com	A B C , right? Zhou Minjun asked. <br> Love or not love me. Ha ha , Smano could not help laughing out loud, you really drink too much,
10	1144046	HK	G	eldevere.com	A B C I didn't want to take it off but my man had other ideas! Ha . I've recommended your bridal services to friends. " Sarah # "
11	3573824	HK	B	dimsum-hk.com	A B C a shit about jobs. Hannah was very responsible up until that moment -- ha ha -- and then she chose to be as irresponsible as we were! # N
12	3575486	HK	B	...ongkong.geoexpat.com	A B C writer above, what made HK airlines deserving of a service award? # Ha ha . I saw this in a magazine, or possibly the SCMP the other day
13	1152022	HK	G	lungfushan.com	A B C and photographs. Despite this evidence and evidence of other environmentally destructive activities at Hoi Ha , the AFCD has taken no effective action to stop such practices and no prosecutions
14	1149629	HK	G	info.gov.hk	A B C to 35,000 (including 3,400 delivery places for non-local women in the Hospital Authority ( HA ) and around 31,000 planned number of deliveries in private hospitals). # My
15	1133726	HK	G	prestigehongkong.com	A B C to know if they are liars or not, that's very important, ha ha ha! For me, it's very important to have knowledge about cultivation,
16	1820503	HK	G	pland.gov.hk	A B C pools is one Leisure Pool per district. An area of between 0.6 to 2.0 ha is required, subject to actual site situation. The minimum water area should be
17	1134464	HK	G	sites.cdnis.edu.hk	A B C in a mail plane seventeen times, he had been to Nova Scotia, he ha seen an elephant, and his granddaddy was Brigadier General Joe Wheeler and left him
18	1815699	HK	G	...rdpeters.typepad.com	A B C and the nearest public toilet is half-a mile away from the village beside the Hoi Ha Road. Instead, this village is a small, vulnerable and fragile remnant of
19	1131877	HK	G	...netq.sourceforge.net	A B C after failure of one or more of the servers. The degree of support for HA varies between various messaging systems. # HornetQ provides automatic failover where your sessions are
20	1157336	HK	G	sikerma.com	A B C to accommodate different sizes of shoes. It can display e rror codes when it ha s any problems. # Method of use: please put one of your f
21	1137558	HK	G	animalsasia.org	A B C Animals Asia would like to thank the Nanjing PSB for hosting the event, Mrs Ha and the Nanjing Ping An Fu volunteers for co-organising and Humane Society International for co-sponsoring
22	1822288	HK	G	youth.gov.hk	A B C were puzzled to find their coach a foreigner speaking to them in fluent English. Ha ! Mr Cheung had no choice but to act as their temporary interpreter. But
23	1819603	HK	G	janegoodall.org.hk	A B C ##1819604 # Ha ha ha ! You very good one not seldom try to hide shoulder no not the least
24	1149663	HK	G	info.gov.hk	A B C the continuous effort of the Authority to enhance its transparency and public accountability. The HA Board holds meetings at regular intervals to discuss major health policy issues which have an
25	3572133	HK	B	...dcanto.wordpress.com	A B C yesterday. And now I saw my face on the front page of newspaper. Ha ! I had never thought it would be like that. All I can say
26	1815703	HK	G	...rdpeters.typepad.com	A B C to offer. The weekends are very busy with the walkers hiking off to Hoi Ha , but just off the beaten path is, to my mind, some of
27	1819413	HK	G	info.gov.hk	A B C community and public housing tenants. # Since its establishment in the 1970s, the HA has been providing quality homes to low-income families in Hong Kong. Irrespective of the
28	1820058	HK	G	maxdesign.com.hk	A B C up: " I am eight ranks to work properly medicine emperor teacher, ha ha , work properly medicine emperor teacher, disorder it to get history the top work
29	3583606	HK	B	info.gov.hk	A B C ' My Home Purchase Plan' and release the 830 surplus HOS flats of the HA for sale, " Professor Cheung added. # Currently there are 250 000 HOS
30	1135145	HK	G	...conditionproject.com	A B C exercises- nearly half way: -) about 1 month ago # James D. Ha ha made me laugh. Final month is a breeze. Keep it up Slim Jim
31	1149628	HK	G	info.gov.hk	A B C this Council if it knows: # (a) whether the Hospital Authority ( HA ) has compiled statistics on the average waiting time at present at the A &E;
32	1815630	HK	G	...esc.serversys852.com	A B C face that they can talk to and nobody will get hurt ever Ha ha ha ha ha, I think torches to rome (ralowe has a fake whiteboy on gay.com
33	3573549	HK	B	comedy.hk	A B C . # In a effort to keep their show alive, Musni and Brew ha Ha hold their stand-up nights at 11pm on the first Saturday of every month -- conveniently
34	1814032	HK	G	blogs.wsj.com	A B C can not afford to import more from the rest of us. POOR! Ha Ha With 43.6 million people living in a state of penury in USA, 108 million
35	1819413	HK	G	info.gov.hk	A B C been asked to say a few words of appreciation to our Chairman on behalf of HA Members and HD's colleagues. Eva, at the Annual Special Open Meeting,
36	3813604	HK	B	tripntale.com	A B C Weymouth where my Gramps loves to collect useless junk as my Gran calls it! Ha This was Chinese medicines, Chinese foods, good luck charms and animal skins!
37	3813604	HK	B	tripntale.com	A B C into Jacqui and Des, enjoying are time away sat in an Irish bar! Ha Still we had a good evening and we enjoyed the food. The waitress was
38	3583540	HK	B	ilovehongkong.org	A B C accessible to the public. Wong Shek -- features a Water Sports Centre. Hoi Ha Village -- located on the shores of Hoi Ha Wan Marine Park
39	3578052	HK	B	sites.cdnis.edu.hk	A B C Calvin, and he is Jason's enemy in school. # Calvin sneered " Ha ha Jason, you're hurt, now is the perfect time to beat you
40	1144273	HK	G	epd.gov.hk	A B C and highly engineered facilities # 17. # Our landfills take up in total 270 ha . of land, cost $6 billion to construct, and their running costs in
41	3572122	HK	B	b.tvb.com	A B C of them have been bitter enemies ever since. SHEUNG's father TSE CHONG-TIN ( Ha Yu) has invited the intelligent TAI TSUNG-MAN (Lai Yiu Cheung) and four
42	1141678	HK	G	cityu.edu.hk	A B C All these skills and experiences will be very useful to me. # In the HA Summer Internship Programme 2011, I was assigned to work in the Kwong Wah Hospital
43	1820438	HK	G	...storalcareschool.org	A B C relying on my own mental capacity of ability (which is very limited, ha ha ). I have faith that in following God and putting Him first, he
44	1819602	HK	G	janegoodall.org.hk	A B C Buying ED pills: Viagra, Levitra, etc.. uk shops # Ha ha ha ! Erectile Dysfunction Pills non generic are you laughing at. Why have you returned
45	3810700	HK	B	...kwoodphotography.com	A B C i know right, disgusting. which was more than half the menu. ha ha . the dishes started coming out -- starting with the bbq pork bun which is
46	1150461	HK	G	janegoodall.org.hk	A B C UK had already sustained in the plunder samplle to the gallows and alone. Ha ha ha! Don't feathers red coats and escaped the cavalcade they lost no more
47	1815630	HK	G	...esc.serversys852.com	A B C sampler the same day Hong Kong Pants Song! Ha ha ha ha ha ha ha ha # Our dragon Our african american thar be Straight on non-american protocol alert for
48	3574196	HK	B	en.jinshare.com	A B C So? # You look good and thorough, you say good and wonderful, ha , ha, ha, and then what? # Joe Smith is a silly
49	1139421	HK	G	cathyfeign.com	A B C Even cashiers and waiters are not exempt from his frequent asides that, " Ha ha . I forgot that's how they do things here. " Family and friends
50	1151322	HK	G	lawinfochina.com	A B C the total national agricultural population, and 300 million farmers were granted approximately 47 million ha of land. Amazing achievements were made during the First Five-Year Plan period, from
51	1819600	HK	G	janegoodall.org.hk	A B C jest however roaring a No-Popery song you I should think countenance cleared up Ay. Ha ha! Well! orderr being of the company implicitly of course flattering enough into
52	1161104	HK	G	yp.scmp.com	A B C ##1161105 # CUHKFAA Chan Chun Ha Secondary School and Po Kok Secondary School battled in the second round of the 13th
53	1152181	HK	G	march-china.com	A B C section must also will appear keywords, or it can't enter below, ha ha ! And on the picture will describe, inside the incidental Alt also want to
54	1150426	HK	G	janegoodall.org.hk	A B C 'll come backBarnabyBarnaby! these explanatory remarks with many nods and winks right moment. Ha ha Cialis Price America Online Don't make that din brother any of these complaints
55	1148554	HK	G	hongkongextras.com	A B C the surrounding hills and peaks including the towering Ma On Shan Peak. At Hoi Ha Wan on the northern coastline lies Hoi Ha Marine Life Centre and Marine Park in
56	3579919	HK	B	alivenotdead.com	A B C area on the weekend on either a Saturday or. A famous is the Bac Ha Dominicus market, which is a trading area and item for friends and fellowship.
57	1819413	HK	G	info.gov.hk	A B C can count on everyone in the department to perform in line with the good old HA tradition of always striving for the best results, while upholding our core values of
58	3811838	HK	B	...andhealthreviews.com	A B C of magic device. Want more treasure, to see friends of his ability. Ha ha, that! As for the quenching crystal tiles. In six feet under
59	1150422	HK	G	janegoodall.org.hk	A B C heavy brows At which he would gravely pull off his hat and bow. Ha ha ! Well! That being he got the looks was a young woman! and
60	1159131	HK	G	timeout.com.hk	A B C 10 parks across the city. # Despite his own fame in the industry, Ha is all too aware of the challenges that face traditional lantern-makers today, including the
61	1148750	HK	G	hr.hku.hk	A B C shall normally receive out-patient and in-patient care in public specialist clinics and public wards of HA hospitals. # For all hospitalizations, prior consent by the University Health Service physician
62	3584818	HK	B	nikezoom.net	A B C the conditions before they agree to let Qian Feng and his family? Ha ha ha ...... Hin January Shuangsushuangfei, there will be no opportunity to the tragic death of
63	1130160	HK	G	gwulo.com	A B C , and also thanks to Peter and James who wrote in by email to mention Ha and Sheung Keng Hau Villages. One way to translate Ha and Sheung is "
64	1135145	HK	G	...conditionproject.com	A B C the exercises- nearly half way: -) about 1 month ago # James D. Ha ha made me laugh. Final month is a breeze. Keep it up Slim
65	1820058	HK	G	maxdesign.com.hk	A B C straight up: " I am eight ranks to work properly medicine emperor teacher, ha ha, work properly medicine emperor teacher, disorder it to get history the top
66	3809401	HK	B	b.d1job.com	A B C ##3809404 # Poultry hawker WAI ( Ha Yu) and merchant Kit is brothers from different mothers. WAI and his wife
67	1822200	HK	G	wwfchina.org	A B C Forestry Bureau (242,983 ha) in Heilongjiang Province; Baihe Forestry Bureau (182,375 ha ) in Jilin Province; Jia Yao Forestry Development Company (5,237 ha) in
68	1819413	HK	G	info.gov.hk	A B C their thoughts and views on various different aspects of housing and the work of the HA . As always, the views expressed show that Members care deeply about the HA
69	1819415	HK	G	info.gov.hk	A B C addition, a number of newly graduated doctors joined the HA in July. The HA will look at all these measures and see the effect before considering whether there is
70	1152411	HK	G	maxdesign.com.hk	A B C # While wondering in the publics like Renault, etc, suddenly # " Ha ha ! " The together thrilling cachinnation voice comes out from those seven colourful simply immediately
71	1817338	HK	G	chinaipmagazine.com	A B C about the first patent auction will remember the unforgettable name of Nalan. " Ha ha , many people asked me. I am a Manchu with ancestors under the yellow
72	3579177	HK	B	wetravelworld.com	A B C and unbeknown acclimated to the region, setting myself up for a culture-shocking return? Ha , what naivety! This is the talk of an overly alarmed and paranoid person
73	1815701	HK	G	...rdpeters.typepad.com	A B C I therefore amend my report: Send the Fire Brigade to 30, Ko Tong Ha Yeung. Sunday, 14 February 2010 # Rushing like mad at work to
74	1135211	HK	G	...conditionproject.com	A B C so just told her it was a they were special grapes and egg whites. Ha ! In any event, I have all of my fruit and egg whites and
75	1153219	HK	G	nohodrink.com.hk	A B C the following week I tried my first one. It only takes one to believe ha . I was already telling Rico how I rep NOHO w/out the product in hand
76	3810017	HK	B	en.boxun.com	A B C ? amus? ng, and let m? t? ll you, you ha ? e h? t the n? il on the he??.
77	1131436	HK	G	...ongkong.asiaxpat.com	A B C transfer the money to your local spouse. Bought in without your name. ( Ha !) Then you definately do not have to pay 15% extra as this 15%
78	3580581	HK	B	blacksmithbooks.com	A B C marriage? " This enraged Limfa. " I forced your dad into marriage? Ha ! It was your dad that tricked me into this marriage! He promised to
79	1146196	HK	G	gxahsh.com	A B C ? If you are afraid of lady-killer, I support you with big black, ha ha Hum! Happy to go out with you in an afternoon so not conformal
80	1133752	HK	G	...b.chinadailyapac.com	A B C waiting until they go into labor, then rush to hospital emergency wards. The HA is considering a sharp increase in fees to deter women from obtaining services in that
81	1815526	HK	G	oof.cc	A B C . He continued-- # We've all been gallied at the dairy at what might ha ' been a most terribleaffliction since you and your Mis'ess - so to name her
82	1135062	HK	G	...conditionproject.com	A B C ! July 13, 2012 3:48 AM HKT # Ah hha ha h ah ha h ah.... did not get the until today to watch out all videos posted
83	1817083	HK	G	china-holiday.com	A B C JUDGMENT # SHOCK brings success. Shock comes-oh, oh! Laughing words -ha, ha ! The shock terrifies for a hundred miles, And he does not let fall
84	3573549	HK	B	comedy.hk	A B C of getting too down in the dumps, Musni went on to set up Brew Ha Ha, a regular comedy night held in the Hong Kong Brew House in Lan
85	1133344	HK	G	oof.cc	A B C ' Sir, I were never good at showin o' t, though I ha had'n my share in feelingo' t.' Deed we are in a muddle
86	1815703	HK	G	...rdpeters.typepad.com	A B C than work! # Finally we come back to the snakey ribbon of the Hoi Ha Road. The descent is easy and we're back for tea. Very satisfying
87	3578736	HK	B	thehungryegghead.com	A B C coming up. A pilot -- maybe he will be shopping in Tung Chung. Ha ! # How hard would it be to build a replica of Hong Kong's
88	3811363	HK	B	triar42.xp3.biz	A B C . Stitch... stitch... stitch. Behold the destroyer! ha -- or words compared to that effect -- and hid my fexpert through the light
89	1126726	HK	G	...ongkong.blogspot.com	A B C Chungking Mansions (Ghetto at the Center of the World) and today I started Ha Jin's Nanjing Requiem. # In Cheung Kong Park in Central, a man
90	1150427	HK	G	janegoodall.org.hk	A B C Buying Cialis 60 mg gather round! Let these fetters he was my lads! Ha ha arms to his sides the loaded guns levelled and bolts and chains they left
91	1126091	HK	G	...07.tibetmagazine.net	A B C all of the aggregates, psycho-physical bases of perception, and sense-spheres. The letter Ha above that is a symbol of the basic constituent of the empty space of the
92	3809934	HK	B	distxiaaoa.com	A B C it is well high history sports meeting only once, no rain, ha ha ha ha imperceptibly, and thought of my high school life. The study atmosphere is
93	3574713	HK	B	grapewinejourney.com	A B C , or the right bank. Domaine Laroche only owns 5 ha of the 12 ha of this grand cru. # I never thought Chablis as a complex wine,
94	3813604	HK	B	tripntale.com	A B C his fitnesss level are not as they were back in his youthful sportsman days! Ha ! I knew he hated the fact that we had to stop for him to
95	1161105	HK	G	yp.scmp.com	A B C motion: " Hong Kong is a great place to live. " Chan Chun Ha argued for the motion and Po Kok was against it. # The debate took
96	1148739	HK	G	...singauthority.gov.hk	A B C which include public confidence, costs and liability. # Way forward # Whilst the HA study forms a good basis to promote the wider use of RA in the construction
97	3572007	HK	B	...thefart.blogspot.com	A B C dealer enters into the next phase too quickly. # The holder of Ng Fu Ha San may opt not to claim victory immediately. He can give up this right
98	3573824	HK	B	dimsum-hk.com	A B C give a shit about jobs. Hannah was very responsible up until that moment -- ha ha -- and then she chose to be as irresponsible as we were! #
99	1126091	HK	G	...07.tibetmagazine.net	A B C the mental continuum for taking birth in the realm of subtle form. The letter Ha above that is a symbol of purification of the karma and habitual propensities for taking
100	3813604	HK	B	tripntale.com	A B C tickets to Dahazi aswell as trying to sell us everying else under the sun! Ha He was a good guy though and very enjoyable to speak to. He informed
101	3813604	HK	B	tripntale.com	A B C switched to a dorm with no mirror for me to twirl in front of! Ha ! Will have to wait until Kunmin before I can try it on again!
102	1149672	HK	G	info.gov.hk	A B C 2007-08 to 64 cases in 2011-12. Details are tabulated below - # As for HA , its various clusters provided a total of 28 additional MSWs in the past five
103	1822200	HK	G	wwfchina.org	A B C May 2001. China now has four certified forests (Youhao Forestry Bureau (242,983 ha ) in Heilongjiang Province; Baihe Forestry Bureau (182,375 ha) in Jilin Province
104	1145871	HK	G	gov.hk	A B C , Sharp Island, Chek Chau, Nine Pin, Tung Ping Chau, Hoi Ha , Crescent Island, Pak Lap Tsai, etc. are some of the best diving
105	1141678	HK	G	cityu.edu.hk	A B C ##1141678 # CCCU has been in collaboration with the Hospital Authority ( HA ) in its offer of summer internship places to CCCU associate degree students since 2010
106	1159761	HK	G	urbandiscovery.asia	A B C likes exploring a new place and new things to expand her know ledges. # Ha 's favourite spot in Hanoi: # West Lake to enjoy a romantic view;
107	3574151	HK	B	en.51arch.com	A B C deploy a 2 km water filter layout. The recycled water could feed almost 1 ha of vertical farming, hosted by the reshaped semicircular balconies, re-skinned to allow photovoltaic
108	3587659	HK	B	zzgjcbs.com	A B C Look back don't be too late, late Sam Young but women taboo! Ha ha, I go in! Fast talk to Detroit Tigers her school anecdote.Occasionally,
109	3579568	HK	B	51arch.com	A B C deploy a 2 km water filter layout. The recycled water could feed almost 1 ha of vertical farming, hosted by the reshaped semicircular balconies, re-skinned to allow photovoltaic
110	1133726	HK	G	prestigehongkong.com	A B C , we're going to tell that to my wife right now, so... ha , ha, ha... we come to meet his wife and he told her
111	1819602	HK	G	janegoodall.org.hk	A B C .. Buying ED pills: Viagra, Levitra, etc.. uk shops # Ha ha ha! Erectile Dysfunction Pills non generic are you laughing at. Why have
112	1819181	HK	G	houghton.idv.hk	A B C owner. # Vol 13 No 14 -- 7 th April 1840 # The Mong Ha (Wang Hea) villagers have spread nightsoil along either side of the path to
113	1133726	HK	G	prestigehongkong.com	A B C there to know if they are liars or not, that's very important, ha ha ha! For me, it's very important to have knowledge about cultivation
114	3580579	HK	B	blacksmithbooks.com	A B C Please Jack. It's the last thing I'll ever ask of you. Ha ! That's a joke man -- Sick joke, I know. Time to
115	1141678	HK	G	cityu.edu.hk	A B C be able to take part in this internship programme. I find the work that HA assigned to me truly suitable for me as I am an IT student and it
116	3575416	HK	B	...ongkong.asiaxpat.com	A B C WHAT TO PRODUCE - IT WILL BE ILLEGAL FOR US TO DO SO. " Ha Ha - File closed - no more costs to be incurred by the Police Dept
117	1819603	HK	G	janegoodall.org.hk	A B C ##1819604 # Ha ha ha! You very good one not seldom try to hide shoulder no not the
118	1144274	HK	G	epd.gov.hk	A B C problems for many years. In fact, the total cost of maintaining some 300 ha of closed landfill sites to address their environmental problems amounts to $62 million per year
119	1133344	HK	G	oof.cc	A B C 's made, sir.' T is not wi'them' t commences. I ha no favour for' em - I ha no reason to favour' em -
120	1160109	HK	G	wangyujian.com	A B C This is a very modest gain compared to the value of the subsidy that the HA provided at $559 and $1,696 per month per household. The ratio of the gains
121	1817255	HK	G	chinadailyapac.com	A B C of each employee as if he or she were not a human being. The HA had to do so, largely because of budget allocations that had been lagging behind
122	1131499	HK	G	...ongkong.asiaxpat.com	A B C True. I dislike Mac keyboards and loathe their mice. " # Ha, ha . Actually I like the keyboards, but don't like the mice. All
123	3584447	HK	B	maxdesign.com.hk	A B C these three stubs work properly the medicine silk saint Wei. " # " Ha ha , I am from these rewards won in 7, is these three stubs nine
124	3572007	HK	B	...thefart.blogspot.com	A B C four suits are used). As a result, the rules for Ng Fu Ha San do not apply here. # Controversies Luk Fu players may disagree on how
125	1820503	HK	G	pland.gov.hk	A B C villages and small residential developments in the rural areas # Local Open Space # 10 ha per 100 000 persons (i.e. 1m 2 / person) # - # Subject
126	1814313	HK	G	e.shijieminghua.com	A B C black and white gesso. I planed to just glaze color on to it. Ha , that didn367art.dyht account for the mistakes I didn367art.dyht see in the beginning. Every
127	3582602	HK	B	geobaby.com	A B C at all. Might be worth checking out though. # Actually it is a HA policy to stop the abuse of the system. I'm not sure what happened
128	1815508	HK	G	novel.tingroom.com	A B C I threw mine before it was unrolled and hit Miss P. on the nose. Ha ha. So feeling matey I said to the steward isnt this fun and he
129	1819413	HK	G	info.gov.hk	A B C are allocated in an equitable manner for those who have genuine housing needs. # HA to maintain effective communication with key stakeholders and tenants # For an organisation as large
130	3574640	HK	B	garmentsedge.com	A B C tell my husband to tell the kids I love them if I go (ha ha ).. etc... Then there are other ones that I seem to bring on
131	3813604	HK	B	tripntale.com	A B C also managed to capture a photograph with her hair down in all its glory! Ha Once at the hotel and checked in we made our way down for our evening
132	3577589	HK	B	sassyhongkong.com	A B C Banana Foster to me, which I had always dismissed as too healthy sounding ( ha ), but I was quickly converted by its gooey gorgeous beating heart of pure
133	1159761	HK	G	urbandiscovery.asia	A B C ??? Pagoda to enjoy a perfect view of Long Bien Bridge # Thuy Ha (Hanoi) Guide # Thuy Ha was born and raised in To Ngoc Van
134	1137446	HK	G	amrc.org.hk	A B C the union leadership. # Indonesia currently has a total of 7.2 million hectares ( ha ) of planted area of palm oil. In line with the government plan to
135	1819413	HK	G	info.gov.hk	A B C in the new PRH projects. # Improving the barrier-free access and facilities # The HA has always kept in mind the special needs of some of our PRH tenants,
136	3586019	HK	B	spotbags.hk	A B C carriers. Thank you.... Your sign is like a church for us women. Ha , Ha i have made several purchases from the site you advise and they are
137	3813604	HK	B	tripntale.com	A B C for being so mean - you are fake - but sometimes fake is good! Ha !) Disgusted at the price of a pizza (7 on a meal -
138	3575601	HK	B	...ongkong.geoexpat.com	A B C # server girl: Indian and pakistani not allowed in this bar # me: ha , really, how you know am a indian or pakistani? anyways, i
139	1814405	HK	G	en.eywedu.net	A B C n't wearing my glasses? I didn't recognize him? My own secretary? Ha ? ha? ha?' and he laughed happily at himself? I smiled
140	3586819	HK	B	viipillars.com	A B C epicureans and their natural enemies, about the story of all those good soldiers like Ha ? ek's Schwejk and those who befriend the Schwejks of this world in the
141	1151806	HK	G	littlecreambook.com	A B C really # it's probably for all the reasons you love it # Alexandra: Ha ha! # me: it's madness # Alexandra: Yes - that's
142	3572133	HK	B	...dcanto.wordpress.com	A B C problems to deal with -- e.g. WHAT STARTED THE LOOTING/RIOTS IN THE FIRST PLACE? ha ! # Oh come on guys, the' pom' is a troll.
143	1819413	HK	G	info.gov.hk	A B C HA. As always, the views expressed show that Members care deeply about the HA and its work. I would like to take this opportunity to express my appreciation
144	1819413	HK	G	info.gov.hk	A B C views and concerns in the next few minutes. # The principal role of the HA as the provider of PRH # Managing the demand for PRH # As you know
145	1819413	HK	G	info.gov.hk	A B C of our tenants. # Integrated environmental policy # As you well know, the HA is committed to uphold the principles of environment protection, and has been striving to
146	1149628	HK	G	info.gov.hk	A B C , urgent, semi-urgent and non-urgent, according to their clinical conditions. According to HA 's performance pledges, all patients who are triaged as critical patients will be treated
147	3812893	HK	B	libertines.hk	A B C Guess it's more stimulating to you guys - see the number of clicks! ha ! # The word retarded is a slur that mocks the disabled. Even if
148	1148739	HK	G	...singauthority.gov.hk	A B C for the basic construction material --- concrete, and hence aggregates. In fact, HA alone consumed annually over 1 million cubic meters of structural concrete and over 600,000 tonnes
149	1160106	HK	G	wangyujian.com	A B C the critical element that chains all housing units in the public housing sector to the HA . Every economist knows that tariffs and quotas can be equally effective in reducing and
150	1134175	HK	G	sassymamahk.com	A B C ladieswear we can get our mitts on menswear, kidswear and home stuff... YEE HA ! I am now dancing around my living room. # I decided to spice
151	3579431	HK	B	0797hz.com	A B C so on, remember that after the discussion and the director had lunch together, ha ha.Later we will slowly begin to understand each other, began to feel that the
152	1131477	HK	G	...ongkong.asiaxpat.com	A B C . There's still a relatively large income gap in HK vs N America # ha , i didn't say' leftover', juz different taste compare with local
153	1146196	HK	G	gxahsh.com	A B C If you are afraid of lady-killer, I support you with big black, ha ha Hum! Happy to go out with you in an afternoon so not conformal,
154	1819413	HK	G	info.gov.hk	A B C so much to us. We will continue to provide suitable facilities in all the HA 's managed premises. # Enhancing the viability of HA's retail and commercial facilities
155	3584418	HK	B	maxdesign.com.hk	A B C out person: " Feed! Money is paid by you! Ha ha...... ha ha that just- come out person also run before going toward, the car owner
156	1160109	HK	G	wangyujian.com	A B C public housing unit even when they acquire a private unit. The Housing Authority ( HA ) has tried to entice them to surrender their rental units by offering them a
157	1150454	HK	G	janegoodall.org.hk	A B C Dysfunction Pills Discount Dysfunction Erectile Tramp tramp pit-pat on Mr Dennis looked round ha ha ha ! and here they are! he cried as the sea itself and changes his
158	1150412	HK	G	janegoodall.org.hk	A B C losing time. Now show me the overtaken him. Do you suppose if online ha ha! Mr there would not have be constantly away from home as he is
159	1822058	HK	G	wangyujian.com	A B C and in the North East New Territories today would be much more attractive. The HA unfortunately inherited these poorly conceived housing policy measures from the government in the 1960s.
160	1133752	HK	G	...b.chinadailyapac.com	A B C To ease the manpower shortage and workload, retired and doctors who had resigned from HA , and private doctors were employed on a part-time basis. As a result,
161	1140376	HK	G	chinadailyapac.com	A B C and Tiwari to introduce target nurse-patient ratios to set manpower levels. She says the HA uses a method called the patient-nurse dependency scale, finding it more adaptable to different
162	3587634	HK	B	zltzzb.com	A B C Or is it? Xu Yu broke off in the middle of expansion. Ha ha , I mean you have to understand.I Thomas to take 2012-13 season off this is
163	1820056	HK	G	maxdesign.com.hk	A B C no oneself at her nearby quarrel noisily her to affirm not be used to, ha ha.Still have, the main this east temple seems have already canned not delay any
164	1154154	HK	G	pland.gov.hk	A B C In Mai Po Marshes and Inner Deep Bay, an area of approximately 1 500 ha of wetland was listed as a Ramsar Site under the Convention on Wetlands of International
165	1152025	HK	G	lunwen126.com	A B C . # ? 2? Do you mean funny, peculiar, or funny, ha ha? # ? 3? He helped many young writers to find themselves and
166	1131436	HK	G	...ongkong.asiaxpat.com	A B C there out before you could do that, probably like 10 or so of them ha ! # Ed - an interesting read (including the comments). In
167	3811996	HK	B	chinadialogue.net	A B C Hope to have the chance to meet up and discuss this face to face. Ha . This is my first time reading this type of article, as I've
168	1145794	HK	G	goldenbeachtour.com	A B C up the Park are. These are Huyong, Payung, Payan, Miang, Ha , Payu, Pusa, Similan, Ba-ngu, Bon, Tachai and the two
169	1815630	HK	G	...esc.serversys852.com	A B C cash and just bought a sampler the same day Hong Kong Pants Song! Ha ha ha ha ha ha ha ha # Our dragon Our african american thar be Straight
170	3813604	HK	B	tripntale.com	A B C we all know how much she loves to dive in front of the camera! Ha So after posing with a few Chinese girls who just love to be in the
171	3579733	HK	B	airzing.asia	A B C will be significant, according to the Hawai'i Tourism Authority. # Hawaiian's Flight HA 441 departs Honolulu International Airport on Tuesday, Thursday, and Saturday at 2.45pm,
172	3813604	HK	B	tripntale.com	A B C ever and completely forget that you could't stand the place just the day before! Ha ! Strange like that - but good! # 29/04/2011 - 30/04/2011 # We woke
173	3813604	HK	B	tripntale.com	A B C easy ride back to Guilin we could not help but feel a tad guilty! Ha Once back at Guilin we decided to check back in with the hostel we previously
174	3813604	HK	B	tripntale.com	A B C others didn't go straight to the hostel anyway - they went for food! Ha ! So no need for the rush afterall!) and we managed to get
175	1819413	HK	G	info.gov.hk	A B C year. The time required for construction will remain unchanged. # Meanwhile, relevant HA committees have held discussions on the implementation details of the New HOS, such as
176	1141678	HK	G	cityu.edu.hk	A B C also came to learn the importance of the protection of data privacy. # The HA summer attachment programme has given me the opportunity to gain good insights into the work
177	1131499	HK	G	...ongkong.asiaxpat.com	A B C # " True. I dislike Mac keyboards and loathe their mice. " # Ha , ha. Actually I like the keyboards, but don't like the mice
178	3583540	HK	B	ilovehongkong.org	A B C a Water Sports Centre. Hoi Ha Village -- located on the shores of Hoi Ha Wan Marine Park
179	3813604	HK	B	tripntale.com	A B C , where I read a few books as Kay started her Birthday blog entry! Ha - I knew I would be on my own for some time, as she
180	1149941	HK	G	interlude.hk	A B C moment when a student discovers the amazing thing that they have... the " ah ha ! " moment is the very best. My hope is that they yearn for
181	1819090	HK	G	hong-kong-hotels.ws	A B C the eastern part of the New Territories. Tsang Tai Uk (aka Shan Ha Wai) # This private property is a small, walled village built in the
182	1133752	HK	G	...b.chinadailyapac.com	A B C surgery as a case in point. There are only four robotic devices within the HA , insufficient for all seven clusters. If a cluster chief wants one of the
183	1130169	HK	G	gwulo.com	A B C to my belief that he was never officially a resident of Hong Kong. # Ha , ha... yes, the grave is pretty easy to find! The first
184	1150427	HK	G	janegoodall.org.hk	A B C Cialis 60 mg gather round! Let these fetters he was my lads! Ha ha arms to his sides the loaded guns levelled and bolts and chains they left him
185	1133210	HK	G	news.xinhuanet.com	A B C 15 years from 1986 to 2000, 99.15 million mu (one mu = 1/15 ha ) of basic farmland was constructed in poverty-stricken rural areas, and the problem of
186	3572753	HK	B	blog.think27.com	A B C Of course I'm not planning on going to one anytime soon, though... ha
187	1819599	HK	G	janegoodall.org.hk	A B C he thrust back his seemed to pervade them a better C ialis of. Ha ha ha! laughed Hugh waving one arm..
188	3586790	HK	B	undergroundhk.com	A B C fairly massive variety to have deliberately missed this show. (*Nelson Muntz laugh* Ha HA !) # The " new " people in the band are absolutely solid,
189	3587659	HK	B	zzgjcbs.com	A B C back don't be too late, late Sam Young but women taboo! Ha ha , I go in! Fast talk to Detroit Tigers her school anecdote.Occasionally, Li
190	3584818	HK	B	nikezoom.net	A B C want the conditions before they agree to let Qian Feng and his family? Ha ha ha...... Hin January Shuangsushuangfei, there will be no opportunity to the tragic death
191	1131877	HK	G	...netq.sourceforge.net	A B C HornetQ will shortly be implementing AMQP. 4.7. High Availability # High Availability ( HA ) means that the system should remain operational after failure of one or more of
192	1148549	HK	G	hongkongextras.com	A B C . Sai Kung has been without a hotel since the Beach Resort Hotel at Sha Ha closed over 10 years ago. The former Beach Resort Hotel is now owned by
193	3578730	HK	B	thehungryegghead.com	A B C order for it to be tasty. # The supreme king quality beef at Han Ha Rum is very well marinated. Not as good as my NYC favorite: Mapo
194	1819606	HK	G	janegoodall.org.hk	A B C as mine horrors they had witnessed and those they might be yet reserved for Ha ha ha! I wish one of you outward show of grief bottle to his Cheap
195	1816756	HK	G	betsycheung.com	A B C spaceship, everyone except Mitch and that old white-haired gentleman who passed away. Sam ha s been fascinated with space and science since. He wonders about the life-form that
196	3810314	HK	B	hkgirltalk.com	A B C ##3810315 Review: Waiting, by Ha Jin # Also on Krissy's list of recommended books about China: Waiting by
197	1158705	HK	G	thestandard.com.hk	A B C " I'm sorry to report that you have only two days to live, ha ha ha! " # Patient: " That's terrible news, woo hoo
198	3576187	HK	B	...eyeung.wordpress.com	A B C people like me who have very little time and so much to look for ha ha . I had a peek at your travel blog too and really enjoyed your photos
199	3577445	HK	B	...rdpeters.typepad.com	A B C and the nearest public toilet is half-a mile away from the village beside the Hoi Ha Road. Instead, this village is a small, vulnerable and fragile remnant of
200	1819413	HK	G	info.gov.hk	A B C social and economical environment over the years, the key role and commitment of the HA in the provision of quality public rental housing (PRH) for low-income families has
201	1135239	HK	G	...conditionproject.com	A B C to lose a single minute of the last 3 weeks!!!! ha ha ! March 23, 2012 10:40 PM HKT # I am under the weather
202	1820058	HK	G	maxdesign.com.hk	A B C whole disorder it get history the top work properly an apothecary most outstandingly, ha ha . " # Skin Ai Er the crazy cachinnation wear, the facial expression is
203	1815701	HK	G	...rdpeters.typepad.com	A B C than work! # Finally we come back to the snakey ribbon of the Hoi Ha Road. The descent is easy and we're back for tea. Very satisfying
204	1815701	HK	G	...rdpeters.typepad.com	A B C . # Bill and Jean Campbell, who lived in our house in Ko Tong Ha Yeung before us, eventually managed to win his trust. They left food out
205	1159131	HK	G	timeout.com.hk	A B C Tung Cheung Bldg, 1-11 Second St, Sai Wan. # The lantern artist Ha Chung-kin # Filling the city with a vibrant wash of colour, lanterns are perhaps
206	1143649	HK	G	e-tingfood.com	A B C # On the server's recommendation we got a pinot noir from Anderson Valley. Ha , I didn't even go there when I was in California just days before
207	1133344	HK	G	oof.cc	A B C and never had'n no reason in ussin ever we were born. Look how this ha growen an' growen, sir, bigger an'bigger, broader an' broader,
208	1820058	HK	G	maxdesign.com.hk	A B C the second to completely sink into the person in the dreamland. # " Ha ha , ha ha ha. " Skin Ai the Er Be crazy to smile to
209	1153161	HK	G	newsmekong.org	A B C station, it passed through the century-old Long Bian bridge, which spans the Hong Ha river. That was the same bridge we had passed through as the train entered
210	3576961	HK	B	nicolastang.com	A B C property. Architects who expected to go for dinner after showing him plans... ha ha ... no such thing. He would go over everything with them with a fine
211	3810700	HK	B	...kwoodphotography.com	A B C us. i know right, disgusting. which was more than half the menu. ha ha. the dishes started coming out -- starting with the bbq pork bun which
212	1151106	HK	G	kptour.com:8080	A B C (iv) (v) (vi) (vii) Property: 25000 ha Spanning the cities of Tai'an and Jinan in central Shandong Province with the main peak
213	1820058	HK	G	maxdesign.com.hk	A B C to make an effort to resist. # Is crazy in the of " ha ha , hero Si, you prepare of the emperor class timberland boots sale medicine calculate
214	1133752	HK	G	...b.chinadailyapac.com	A B C continue to work remains to be seen, " he remarked. # As the HA chief, Leung is happy to note that Chief Executive-elect CY Leung has attached great
215	1133217	HK	G	news.xinhuanet.com	A B C , respectively. The total area of irrigated fields has been expanded to 3.388 million ha . The flood control dykes and dams built in the period totaled 5,129 km?
216	3573452	HK	B	chris.xp3.biz	A B C likeo nike wasdetained some days by inclemency. nike picked six or seven that through the ha helpfuldwriting nike thought could possibly function as promised letters especifriend most notwithin a position was
217	3576036	HK	B	jadaye.wordpress.com	A B C a very wallet friendly price of HKD25 that can not be beat! We stock Ha Wan Pao here at Moustache, so swing by to pick up a copy if
218	1813904	HK	G	aea-hk.org	A B C with the audience their experience on applying Service Oriented Architecture Governance (SOAG) in HA , particularly in the Electronic Health Record (eHR) project. She will talk
219	1135239	HK	G	...conditionproject.com	A B C DIE (EA) TING party for me next week!!!! ha ha ). And last but not the least my fellow PCPers- team Orion.... thank
220	3580181	HK	B	ast3g.com	A B C .. of... while in India it is only wismost 0.3 tonne / ha . In the manmarticlee fiber sector... India is ranked at fifth position
221	1820503	HK	G	pland.gov.hk	A B C person, apportioned as follows: # (a) # a minimum of 10 ha per 100 000 persons (i.e. 1m 2 per person) for District Open Space
222	1150479	HK	G	janegoodall.org.hk	A B C a body of men who Buy a strict captain! see by the glitter Ha ha ha! I wish one of you and by their orderly bottle to his mouth
223	1149672	HK	G	info.gov.hk	A B C those working in HA Head Office. # 3. Caseload of MSWs kept by HA is calculated on the basis of monthly attendance served by each MSW, rather than
224	1149628	HK	G	info.gov.hk	A B C non-urgent conditions would be longer. # Referrals of new patients to SOP clinics under HA are usually first screened by a nurse and then by a specialist doctor of the
225	1145820	HK	G	golf007.com	A B C just that and you know what, she doesn't have a clue. Ha ha . # Name: CK Chan # Date: 14/12/2009 PM 04:40 # Topic:
226	1148739	HK	G	...singauthority.gov.hk	A B C - # 1. # Exploring possibility of further trial on use of RAC in HA projects in order to provide good opportunities to obtain longer term performance data on RAC
227	1151595	HK	G	legislation.gov.hk	A B C on 26 April 1996. In the subsequent case of The HKSAR v Tam Yuk Ha (MA No. 1385 of 1996) involving the same provision, the alleged offence
228	3577137	HK	B	...ch.replicagarden.com	A B C ran out apt melodrama every period, before we difficulty entire daytime, fighting ha ha . Big B, you must mention this for two years changed a lot,
229	1820503	HK	G	pland.gov.hk	A B C 000 - 250 000 population. The site area required is a minimum of 3 ha . The site should be flat, generally north-south oriented and conveniently served by public
230	1159131	HK	G	timeout.com.hk	A B C creativity and friendship. My favourite thing to do is make lanterns. " # Ha 's proudest creation was an eight-metre-tall lantern which was displayed in Statue Square in Central
231	3813604	HK	B	tripntale.com	A B C savings by enjoying a few beers with our new Kiwi friends, priorities eh! Ha After a good few hours sharing our various different stories we have captured on our
232	3813604	HK	B	tripntale.com	A B C and a few Oreo's, which is the mainstay in our diet lately! Ha Before hitting the sack, ready for our ealry start to head to Dali!
233	1152022	HK	G	lungfushan.com	A B C time! # Unfortunately Friends of Hoi Ha are part of the problem at Hoi Ha -- they are not, in their current form, part of the solution.
234	3584599	HK	B	mingdynastyhk.com	A B C 1.8 percentage points lower than the first half last year. # Both Lu and Ha put the annual rise of the yuan at around 10 percent this year, or
235	1141678	HK	G	cityu.edu.hk	A B C in the domestic portering team in the Kwong Wah Hospital for seven weeks in the HA Summer Internship Programme 2011. My job there was to observe and suggest improvements to
236	3581762	HK	B	e-tingfood.com	A B C of cream, it would have been nice to see a bit of fruit. Ha , what a Chinese remark! The rose pudding was really the only thing that
237	3573894	HK	B	distxiaaoa.com	A B C the point of boiling water. Half an hour later, cooked, and Hong Ha -- The first time I did not expect to do it so delicious duck!
238	1819413	HK	G	info.gov.hk	A B C am speaking to you today in the Regular Open Meeting of the Housing Authority ( HA ) for the third time in my capacity as the Director of Housing. Does
239	1133287	HK	G	novel.tingroom.com	A B C I threw mine before it was unrolled and hit Miss P. on the nose. Ha ha. So feeling matey I said to the steward isnt this fun and he
240	1819413	HK	G	info.gov.hk	A B C opportunity to express my appreciation for your helpful comments and your unfailing support to the HA 's work in the past year. I will attempt to respond to Members'
241	3579177	HK	B	wetravelworld.com	A B C a good time is myself (thus, I had a good time). Ha , in all truth, I had to laugh at myself for dressing the part
242	1133287	HK	G	novel.tingroom.com	A B C threw mine before it was unrolled and hit Miss P. on the nose. Ha ha . So feeling matey I said to the steward isnt this fun and he said
243	1149672	HK	G	info.gov.hk	A B C staff. # 2. The number of MSWs does not include those working in HA Head Office. # 3. Caseload of MSWs kept by HA is calculated on
244	1160106	HK	G	wangyujian.com	A B C and then, owners would have to return the exorbitant unpaid land premium to the HA . These requirements effectively created a powerful barrier that kept the TPS units from flowing
245	1160109	HK	G	wangyujian.com	A B C presence is to a large extent a consequence of the public housing program. The HA has historically given priority for public housing units to married households, especially those with
246	1819147	HK	G	hongkonghustle.com	A B C mix/rare/new track before I'll do any HK dates in its current state. # ha ha here in Melbourne, AU its the same top 40 from 2006+ era playing
247	1147282	HK	G	hkexpats.com	A B C give it all to the govt. there is no need to right a will. Ha ha ha. But seriously, a person is said to have died intestate when
248	1150460	HK	G	janegoodall.org.hk	A B C that all replied the secretary. Any parting words Oh more about it my. Ha ha! Put a knock you down if you're done for my. Not
249	1148554	HK	G	hongkongextras.com	A B C remnants of ancient lime kilns. # Lime kiln built by the villagers of Hoi Ha in the early 20th century and restored in 1982. Kilns were used to burn
250	1140376	HK	G	chinadailyapac.com	A B C 's healthcare system, we are not losing them. # " We see the HA as a cradle. We offer nurses the training opportunity when they are freshly graduated
251	3573549	HK	B	comedy.hk	A B C getting too down in the dumps, Musni went on to set up Brew Ha Ha , a regular comedy night held in the Hong Kong Brew House in Lan Kwai
252	3571770	HK	B	2.x34.info	A B C got married and gave birth to a beautiful baby, also a lot of, ha ha, the most happy thing is a life twin, disposable handle many problem
253	1133344	HK	G	oof.cc	A B C not wi'them' t commences. I ha no favour for' em - I ha no reason to favour' em - but'tis hopeless and useless to dream o'
254	1152432	HK	G	maxdesign.com.hk	A B C , where has the shape that the half gets hurt for cent. # " Ha ha, indeed as expected not the Kui is Jason's brothers, I say
255	1149628	HK	G	info.gov.hk	A B C who are in genuine need of A &E; services. # For SOP services, HA has implemented a series of measures to further improve the waiting time at SOP clinics
256	1143653	HK	G	e-tingfood.com	A B C lenses off people and having more people to consult if I have any problems. Ha , the benefits of a community! # The compact part of the equation is
257	1149715	HK	G	info.gov.hk	A B C meetings, the community is able to better understand the role and functions of the HA Board as well as the operation and services of the HA and its hospitals.
258	1128689	HK	G	en.eywedu.net	A B C know who's sent it? It's twice as big as Tiny Tim? Ha ha ha?' He went on laughing as he wrote Bob's address?
259	1820058	HK	G	maxdesign.com.hk	A B C # " Not, impossible, I am the strongest of, ha ha, ha ha ha. " A side resides the inside household skin Ai Er in crazy
260	3584418	HK	B	maxdesign.com.hk	A B C come out person: " Feed! Money is paid by you! Ha ha ha ha that just- come out person also nike air max wildwood run before going toward
261	1129045	HK	G	en.wwfchina.org	A B C areas in concert with Jilin and Heilongjiang provinces, covering a total area of 124,418 ha . We have helped develop Amur tiger and prey populations monitoring and patrolling methodologies that
262	1819607	HK	G	janegoodall.org.hk	A B C a public-house drinking hot purl and smoking pipes safe within its gloomy. Oh Lord ha mercy! London they met in bargain alarmed by the to knock at the door
263	1819413	HK	G	info.gov.hk	A B C suitable facilities in all the HA's managed premises. # Enhancing the viability of HA 's retail and commercial facilities # Apart from the residential units, we also must
264	1130989	HK	G	hkgirltalk.com	A B C apply for needs the Chnese language. If you are worried about your heritage, ha ha try applying for a job or move to England where there are 20 languages
265	1818989	HK	G	hko.gov.hk	A B C on 30 October. Kai-tak made landfall over Vietnam on 2 November and dissipated near Ha Noi that evening. During its passage, some 20 people were killed and 14
266	1815508	HK	G	novel.tingroom.com	A B C threw mine before it was unrolled and hit Miss P. on the nose. Ha ha . So feeling matey I said to the steward isnt this fun and he said
267	1127877	HK	G	cn.last.fm	A B C . After what was probably two months with no iPod scrobbling, too. /quote # Ha ! I have the same problem ALL the time. Right now actually. An
268	1149628	HK	G	info.gov.hk	A B C at the A &E; departments and for admission to the wards frequently occurs, whether HA will flexibly deploy its healthcare manpower to alleviate the problem; the strategies taken by
269	1815699	HK	G	...rdpeters.typepad.com	A B C the park head on down for a mooch upon the soft sandy beaches of Hoi Ha (??), grab a quick ice cream and whiz back to fishy
270	1134420	HK	G	sites.cdnis.edu.hk	A B C Calvin, and he is Jason's enemy in school. # Calvin sneered " Ha ha Jason, you're hurt, now is the perfect time to beat you
271	1820503	HK	G	pland.gov.hk	A B C provision is one multi-purpose grass pitch per district. The site area required is 1.2 ha . # Sports Complexes/Sports Grounds # 1.14.11 # A Sports Complex is a sports ground
272	1820713	HK	G	samhuiwun.com	A B C love you best / It's not something that I say in jest (ha ha ) /' Cause you're different, girl, from all the rest /
273	1140558	HK	G	chinadialogue.net	A B C improved. In particular, we have a severe lack of enforcement powers. We ha ve 106,000 regulatory staff, but 10 million registered businesses to watch, and that
274	3573549	HK	B	comedy.hk	A B C viewed as competing against it, " says Michael Dorsher, co-organizer of the Brew Ha Ha nights and the founder fo www.comedy.hk. # In response to TakeOut's restrictions
275	3813604	HK	B	tripntale.com	A B C train! Kay &; myself have crisps &; crackers, they have chicken feet! Ha ) but the meat section was fine, no where near as bad as having
276	3578730	HK	B	thehungryegghead.com	A B C Post navigation 5 thoughts on " The Best Korean BBQ in HK: Han Ha Rum " # As good as that restaurant was, there was just something "
277	3574196	HK	B	en.jinshare.com	A B C look good and thorough, you say good and wonderful, ha, ha, ha , and then what? # Joe Smith is a silly point can be his
278	1149663	HK	G	info.gov.hk	A B C and functions of the HA Board as well as the operation and services of the HA and its hospitals. # The HA Board will discuss the following agenda items in
279	3584543	HK	B	meilianditan.com	A B C I feel.The Houston Texans car is stuck I drive past.The sun must be very angry.Ha ha , this thing, for whom, who is angry. Cincinnati Reds
280	1819599	HK	G	janegoodall.org.hk	A B C actor he thrust back his seemed to pervade them a better C ialis of. Ha ha ha! laughed Hugh waving one arm..
281	3586790	HK	B	undergroundhk.com	A B C the fairly massive variety to have deliberately missed this show. (*Nelson Muntz laugh* Ha HA!) # The " new " people in the band are absolutely solid
282	3813604	HK	B	tripntale.com	A B C or anything really - we didn't particularly feel it - just heard it! Ha ! They both stopped in the middle of the roads while they seemed to argue
283	1819147	HK	G	hongkonghustle.com	A B C track before I'll do any HK dates in its current state. # ha ha here in Melbourne, AU its the same top 40 from 2006+ era playing in
284	1819602	HK	G	janegoodall.org.hk	A B C Buying ED pills: Viagra, Levitra, etc.. uk shops # Ha ha ha! Erectile Dysfunction Pills non generic are you laughing at. Why have you
285	1150454	HK	G	janegoodall.org.hk	A B C was Erectile Dysfunction Pills Discount Dysfunction Erectile Tramp tramp pit-pat on Mr Dennis looked round ha ha ha! and here they are! he cried as the sea itself and
286	1819413	HK	G	info.gov.hk	A B C far as possible. # HA to continue to advance and excel # While the HA remains in a healthy financial position in the short to medium term, we are
287	1820058	HK	G	maxdesign.com.hk	A B C the whole disorder it get history the top work properly an apothecary most outstandingly, ha ha. " # Skin Ai Er the crazy cachinnation wear, the facial expression
288	1154739	HK	G	railwaysofchina.com	A B C paint having fallen off even though these are 1999 built. # DFH3 0119 of Ha San waiting to take train 4052 forward from Bei'an to Harbin, 27 February 2001
289	1148554	HK	G	hongkongextras.com	A B C Park # This is a popular place for scuba divers and snorkellers. Around Hoi Ha Village are the remnants of ancient lime kilns. # Lime kiln built by the
290	1152591	HK	G	...edicalprotection.org	A B C high-risk categories, subscription costs are in significant excess of the monthly salary of an HA consultant or government director. Legal costs have risen alongside the increase in the number
291	1816313	HK	G	8five2.com	A B C out before the premiere, the street no of the restaurant is no. 852! Ha ! Matt Milligan was the first one to holla at me! Awesome seeing this
292	1148739	HK	G	...singauthority.gov.hk	A B C and promoting the use of RA and RAC is one of these measures. # HA , as one of the largest developer in Hong Kong, had conducted a study
293	1815701	HK	G	...rdpeters.typepad.com	A B C and the nearest public toilet is half-a mile away from the village beside the Hoi Ha Road. Instead, this village is a small, vulnerable and fragile remnant of
294	3813604	HK	B	tripntale.com	A B C just like riding a bike " i.e. somthing you never forget - not true! Ha ! Me &; Ollie got on the bikes suprised how shaky we were on it
295	1150461	HK	G	janegoodall.org.hk	A B C sample UK had already sustained in the plunder samplle to the gallows and alone. Ha ha ha! Don't feathers red coats and escaped the cavalcade they lost no
296	1141678	HK	G	cityu.edu.hk	A B C am very glad to have had the chance to work there! # During the HA summer attachment period, I worked in the Human Resources Division (HR) of
297	3584645	HK	B	mugebbs.com	A B C 've said won't affect you that much if you decide not to go to Ha Long. So it's time to try this place for yourself and let me
298	1148554	HK	G	hongkongextras.com	A B C with over 60 coral species and about 120 coral fishes. # Mangroves, Hoi Ha Marine Park # This is a popular place for scuba divers and snorkellers. Around
299	1148539	HK	G	hongkongextras.com	A B C the beach which lead to the family trail and follow the trail to Yung Shue Ha (about 25 mins). # MA WAN -- TUNG WAN BEACH # Tung
300	1817338	HK	G	chinaipmagazine.com	A B C concerned about the first patent auction will remember the unforgettable name of Nalan. " Ha ha, many people asked me. I am a Manchu with ancestors under the
301	1813904	HK	G	aea-hk.org	A B C 2012. # Ms Clara Cheung, Senior Systems Manager of the Hospital Authority ( HA ), will share with the audience their experience on applying Service Oriented Architecture Governance
302	3809840	HK	B	coveringchina.org	A B C As one case is resolved, another case pops up. " # The Dui Ha Foundation (" dui hua " means " dialogue " in Mandarin) is a
303	1822200	HK	G	wwfchina.org	A B C Company (5,237 ha) in Guangdong province; and Changhua Forest Farm (940 ha ) in Zhejiang province. In addition, over 90 wood processing companies that have
304	3573549	HK	B	comedy.hk	A B C the founder fo www.comedy.hk. # In response to TakeOut's restrictions, Brew Ha Ha initially held its stand-up nights at the same time as TakeOut's Cantonese shows to
305	1154154	HK	G	pland.gov.hk	A B C CMPB. At present there are 4 Marine Parks (Yan Chau Tong, Hoi Ha Wan, Sha Chau &; Lung Kwu Chau and Tung Ping Chau) and 1
306	1148739	HK	G	...singauthority.gov.hk	A B C will still be one of the largest consumer of concrete, and hence aggregates. HA therefore continued her proactive role in studying the possible use of RA in HA's
307	1815630	HK	G	...esc.serversys852.com	A B C doggie dish. Yuppie's guarding glances. no healing pill Ha ha ha ha ha doesn't matter doesn't matter doesn't matter doesn't matter doesn't matter
308	1816386	HK	G	afcd.gov.hk	A B C # In April 2006, coral damage was recorded in Coral Beach of the Hoi Ha Wan Marine Park. Investigation indicated that the damage was caused by bio-erosion. Mitigation
309	1160109	HK	G	wangyujian.com	A B C Only the market can do this. # Notice the cost of the subsidy the HA provided to the tenant is $5,000=$6,000-$1,000 (ignoring other costs of operating the HA's
310	3813604	HK	B	tripntale.com	A B C - So no need to worry at home if we are eating or not! Ha We are doing just fine! Unless the restaraunt of our choice insists I have
311	1140376	HK	G	chinadailyapac.com	A B C . They will leave, " said Tiwari. # " Of course, the HA can have recruitment drives to replace these nurses. But is not just about quantity
312	3810315	HK	B	hkhousewife.com	A B C drives the human heart everywhere. 2 Responses to Review: Waiting, by Ha Jin # You and I appreciated the same things about this book. Isn't
313	3810905	HK	B	...ngkong.wordpress.com	A B C Madam Slayer to you) happens to be team captain next year... mmua ha ha ha.... I'm plotting my revenge for not telling me you had a gps
314	3581790	HK	B	ebmconsulting.com.hk	A B C by the Mongolia Energy Corporation (MEC), the mine is spread over 600 ha . # (Ref: olloo.mn, 16 Nov 2012) A meeting of the
315	1148554	HK	G	hongkongextras.com	A B C Ma On Shan Peak. At Hoi Ha Wan on the northern coastline lies Hoi Ha Marine Life Centre and Marine Park in a sheltered mangrove lined bay with over 60
316	3584599	HK	B	mingdynastyhk.com	A B C could be a dynamic equilibrium instead of a static one, he added. # Ha Jimin, China International Capital Corporation chief economist, believed conditions of the equilibrium could
317	1150454	HK	G	janegoodall.org.hk	A B C Erectile Dysfunction Pills Discount Dysfunction Erectile Tramp tramp pit-pat on Mr Dennis looked round ha ha ha! and here they are! he cried as the sea itself and changes
318	1133403	HK	G	...etlips.wordpress.com	A B C from where I live and one that I felt I was quite familiar with ( ha !) along the Tai Po Road. It's the area now occupied by
319	3578730	HK	B	thehungryegghead.com	A B C is that is top ranked steakhouse in Hong Kong. At least you enjoyed Han Ha Rum's kalbi. # Those bean sprouts would be considered skimpy. I was
320	1133726	HK	G	prestigehongkong.com	A B C know if they are liars or not, that's very important, ha ha ha ! For me, it's very important to have knowledge about cultivation, about
321	3810905	HK	B	...ngkong.wordpress.com	A B C Slayer to you) happens to be team captain next year... mmua ha ha ha .... I'm plotting my revenge for not telling me you had a gps on
322	1160109	HK	G	wangyujian.com	A B C would be realized. For example, a public rental housing unit in which the HA charges a monthly rent of $1,000 to the sitting tenant can readily be rented out
323	1815630	HK	G	...esc.serversys852.com	A B C a sampler the same day Hong Kong Pants Song! Ha ha ha ha ha ha ha ha # Our dragon Our african american thar be Straight on non-american protocol alert
324	1820503	HK	G	pland.gov.hk	A B C for recreation open space. Regional open spaces are large sites (at least 5 ha ) provided at prominent locations in the urban areas, at the urban fringe areas
325	1161105	HK	G	yp.scmp.com	A B C was against it. # The debate took place on May 7 at Chan Chun Ha and was adjudicated by Wendy Ng from Po Leung Kuk 1984 College. # The
326	3813604	HK	B	tripntale.com	A B C this unfortunutely means you spend alot of time in tunnels passing through the mountains! Ha !). We arrived at " Dali " at 2pm. I say "
327	1820007	HK	G	manulife.com.hk	A B C at me. " Blanche, what would you suggest? " " Well... ha , ha... er... " I stammered, with a nervous laugh. Oh
328	1160109	HK	G	wangyujian.com	A B C grandchildren. He is willing to tolerate all this because the rent he pays the HA is only $1,000 per month. # He would, however, be much happier
329	3577445	HK	B	...rdpeters.typepad.com	A B C the park head on down for a mooch upon the soft sandy beaches of Hoi Ha (??), grab a quick ice cream and whiz back to fishy
330	1820057	HK	G	maxdesign.com.hk	A B C , think Jie body from like. " " Jie body from like, ha ha , hand breeze, you ever since that time step to go into that to
331	1135213	HK	G	...conditionproject.com	A B C rather keep working. Those exercises feel the best at the end. DiVinci - ha , whatever dude; V-situps - in my sleep; pull-ups - even here we
332	1135239	HK	G	...conditionproject.com	A B C 11:28 PM HKT # Final indulgence.... and I am not happy about it! ha ha! But this time it will be a simple home cooked meal- Saturday lunch
333	3574576	HK	B	fouvg00.xp3.biz	A B C a district put into sections. cha greatel sunglrear end saw Urigoodness meas la greatk ha greatd involuntarily in the scraping of his chin. And preceding cha greatel sungltest give
334	1821655	HK	G	thebeatles.com.hk	A B C 's dropping that? New Zealand. And Australia. (And New Zealand) Ha ha! Is that New Zealand? So much travelling! But you've stayed
335	1151806	HK	G	littlecreambook.com	A B C PM me: Did you come across anyone you really disliked? # Alexandra: Ha ! No, not really. # People were really generous, with their time
336	1140376	HK	G	chinadailyapac.com	A B C five years, our association has been doing everything to alert the health bureau and HA to implement a strategy. We have pressed harder and harder for a little bit
337	3581673	HK	B	dqiedu.com	A B C you to start today when has not know Ling, nothing ever happens.Shen Xu: ha ha, you and I, well, you gave me! Jiang Yang did
338	1819415	HK	G	info.gov.hk	A B C # Reporter: (On the recruitment progress of doctors with limited registration by the HA ) # Secretary for Food and Health: The total number of doctors who will
339	3811838	HK	B	...andhealthreviews.com	A B C the family also followed down, doudoune moncler. Related articles? the first winter ha Yu Pei also said th improve the trade b # Thank you for another informative
340	3583946	HK	B	joyceyland.com	A B C husband works at). I get to rest for two nights back home ( Ha . Rest. I'll be in the office editing) before heading to Shanghai
341	1152022	HK	G	lungfushan.com	A B C mindset survive all over our former " New Territories ". One example is Hoi Ha village, which lies in the Sai Kung Country Park, on the shoreline of
342	1815789	HK	G	sites.cdnis.edu.hk	A B C you don't I don't care, I will pull your underwear! " Ha ! Ha! # On Wednesday September 27th 2011, My class 5D along with
343	1815630	HK	G	...esc.serversys852.com	A B C some cash and just bought a sampler the same day Hong Kong Pants Song! Ha ha ha ha ha ha ha ha # Our dragon Our african american thar be
344	1819415	HK	G	info.gov.hk	A B C basis, etc. In addition, a number of newly graduated doctors joined the HA in July. The HA will look at all these measures and see the effect
345	1152431	HK	G	maxdesign.com.hk	A B C for a long time. # " Think I want Long Wen Jing? Ha ha , you pour the good abacus of dozen! " Pasteur but is smile:
346	1817329	HK	G	chinaforestpaper.com	A B C resources survey carried out from 1999-2003, the total forest area stands at 174.91 million ha , or 18.2% of the country's total area. By contrast, the world
347	1127062	HK	G	biglychee.com	A B C hits the ESF's next, and more expensive, primary intake? # Joe Ha ! That's not Heather in the photos -- it's Eddie Ng!!
348	3810990	HK	B	sassymamahk.com	A B C below. # Bikinis galore # Yes, this is me above sunning myself.... ha ha if only. # OK so it may be raining cats and dogs at
349	3813604	HK	B	tripntale.com	A B C section, first the vegetables and fruit and then on to the dreaded meat! Ha - To be honest it was no where near as bad as we anticipated,
350	1815630	HK	G	...esc.serversys852.com	A B C rice doggie dish. Yuppie's guarding glances. no healing pill Ha ha ha ha ha doesn't matter doesn't matter doesn't matter doesn't matter doesn't
351	1149715	HK	G	info.gov.hk	A B C well as the operation and services of the HA and its hospitals. # The HA Board will discuss the following agenda items at the coming meeting: # The meeting
352	1140376	HK	G	chinadailyapac.com	A B C consultant position. # " When we ask the nurses who come back to the HA , the reason they have come back, they often say it is because they
353	1153599	HK	G	openrice.com	A B C reservation from like a MONTH prior to today in order to get a table... HA . I was really excited about coming to the Verandah because I recalled excellent choices
354	1130989	HK	G	hkgirltalk.com	A B C for needs the Chnese language. If you are worried about your heritage, ha ha try applying for a job or move to England where there are 20 languages that
355	1815630	HK	G	...esc.serversys852.com	A B C just bought a sampler the same day Hong Kong Pants Song! Ha ha ha ha ha ha ha ha # Our dragon Our african american thar be Straight on non-american
356	1135239	HK	G	...conditionproject.com	A B C a DIE (EA) TING party for me next week!!!! ha ha). And last but not the least my fellow PCPers- team Orion....
357	3813604	HK	B	tripntale.com	A B C the floor. I decided I could wait until our hostel!!!! Ha ! (We have come to terms with the squatting - but doing so with
358	1152422	HK	G	maxdesign.com.hk	A B C , public but is saw a record of writing for acquainting with. # " Ha ha, congratulate you on first can arrive at here, since you can attain
359	1821655	HK	G	thebeatles.com.hk	A B C dropping that? New Zealand. And Australia. (And New Zealand) Ha ha ! Is that New Zealand? So much travelling! But you've stayed loyal
360	1161447	HK	G	zltzzb.com	A B C , pulled out a look, turned out to be a divination book. Ha ha , you want to learn this papaya head divination? Su Xin <br> NHL Jerseys
361	1150412	HK	G	janegoodall.org.hk	A B C time. Now show me the overtaken him. Do you suppose if online ha ha ! Mr there would not have be constantly away from home as he is now
362	3576036	HK	B	jadaye.wordpress.com	A B C ##3576036 Ha Wan Pao, The friendly paper. Created by Anna Gleeson # Ha Wan Pao is a new monthly magazine/journal produced by Anna Gleeson right here in our
363	3810315	HK	B	hkhousewife.com	A B C appreciated the same things about this book. Isn't it amazing how people like Ha Jin and Joseph Conrad can learn a language as adults and then use it more
364	1152022	HK	G	lungfushan.com	A B C and arguably the finest, being remote, beautiful and full of coral. Hoi Ha Wan is not only a Marine Park but also a Site of Special Scientific Interest
365	1147039	HK	G	hkeld.com	A B C When I was a kid I think I watched that movie 100 times. Ha Ha . It would be amazing to become a character I loved as a kid.
366	3577244	HK	B	...st.kristinaperez.com	A B C last dream you remember? I'm not sure I should repeat that here. Ha ! No, seriously, I don't know what are dreams or just my
367	3579443	HK	B	12hk.com	A B C ") # Above: mini egg tarts # Above: shrimp dumplings (" ha gau ") # Above: roast pork bun (" cha siu bao "
368	1819413	HK	G	info.gov.hk	A B C directions for our work and have been diplomatic yet firm in your guidance of the HA . # In years to come, I know you will look around Hong Kong
369	1816378	HK	G	afcd.gov.hk	A B C your hike. For your return journey, follow the hill path in Yuen Tun Ha to Wun Yiu. From there, catch a minibus to the Tai Po Market
370	1140376	HK	G	chinadailyapac.com	A B C . # The slight improvement has come as a result of a drive by the HA since 2008, to address the shortage with increased funding devoted to recruitment and training
371	1161581	HK	G	...ww2.elc.polyu.edu.hk	A B C . Irregular verbs also change, but differently; e.g. He do es, She ha s, It is. # ' I like him.'' I'
372	1131436	HK	G	...ongkong.asiaxpat.com	A B C times it resolved to the upside. # CPA Australia. Ha, ha, ha . Basically saying the tax-payer should fund multinationals. CPAA yesterday leaked a story into
373	1133217	HK	G	news.xinhuanet.com	A B C thousand km in length, created new oases with a total area of 1.064 million ha , brought into existence a number of new towns such as Shihezi and Wujiaqu,
374	1131464	HK	G	...ongkong.asiaxpat.com	A B C what it works and make an effort to make yourself attractive and desirable. # HA HA... he is a PILOT.... why do you ask such questions??
375	1151806	HK	G	littlecreambook.com	A B C # it's probably for all the reasons you love it # Alexandra: Ha ha ! # me: it's madness # Alexandra: Yes - that's what
376	3580429	HK	B	...andhealthreviews.com	A B C the fifth sound That the the Guanci ears ready to listen to the fifth sound Ha This. Arizona Chandler Fab 32 in the weeks to follow so the car occupant
377	3584313	HK	B	luxecityguides.com	A B C a local and steering well clear of the tourist rubbish. Lesson one: Mah Ha Sah Han (how fabulously amazing)! # Missed out on the grand prize
378	1128016	HK	G	crazybee.net	A B C Thats all I will share. Do not want Skull and Bones Killing Me. Ha ! Or Can They?? I'll Die for Yodhewawhe any day. #
379	1133217	HK	G	news.xinhuanet.com	A B C power consumption totaled 2.545 billion kwh. Meanwhile, the total sown area was 3,404,120 ha , double the 1955 figure. The total output of food grains, cotton and
380	1158202	HK	G	teaw.com	A B C , and the variety is enormous, hundreds of them, mostly savoury. Like ha gao, A steamed wafer-thin rice-flour wrapping filled with baby shrimp or minced shrimp and
381	1128689	HK	G	en.eywedu.net	A B C 's sent it? It's twice as big as Tiny Tim? Ha ha ha ?' He went on laughing as he wrote Bob's address? gave it
382	1815809	HK	G	sites.cdnis.edu.hk	A B C n't post it correctly so I only noticed it was still a draft today... Ha ) Anyway the other day, in class we learnt about some design. More
383	1131436	HK	G	...ongkong.asiaxpat.com	A B C and both times it resolved to the upside. # CPA Australia. Ha, ha , ha. Basically saying the tax-payer should fund multinationals. CPAA yesterday leaked a
384	1143645	HK	G	e-tingfood.com	A B C langoustine are not things I would expect to go wrong at a Michelin-starred eatery ( ha , Michelin, whatever that means in this town**). Chinese cuisine, as
385	1160109	HK	G	wangyujian.com	A B C of the calculus to which they will adapt themselves. This will pro-actively influence the HA 's future policy course. # Mini Private Housing Units # Public attention has recently
386	1148632	HK	G	hongkongpost.hk	A B C households can be found in village houses like like Pai Tau Tsuen in Shatin, Ha Ling Pei in Tung Chung, or old marketplace like Sai Wan. Household size
387	1149628	HK	G	info.gov.hk	A B C that patients with urgent conditions are given appropriate medical attention in a timely manner, HA will arrange doctors to attend to priority 1 and priority 2 cases as soon as
388	1815701	HK	G	...rdpeters.typepad.com	A B C effort, here are a few quick snaps of where I live: Ko Tong Ha Yeung village in Sai Kung Country Park and a little walky around the hillls with
389	3577107	HK	B	...etlips.wordpress.com	A B C maintenance yards has been named after it. # Anyway, back to Lok Lo Ha -- the once coastal settlement that is now rather landlocked (maybe we should rename
390	1141678	HK	G	cityu.edu.hk	A B C . # My main job in the Yan Chai Hospital during my participation in the HA Summer Internship Programme 2011 was to help promote the message of Occupational Safety and Health
391	1139421	HK	G	cathyfeign.com	A B C . Even cashiers and waiters are not exempt from his frequent asides that, " Ha ha. I forgot that's how they do things here. " Family and
392	1150106	HK	G	ir-airtec.com	A B C do not know of all thought he is my male friends Friend? Ha, ha , ha, should it. You are my best friends. Dan jas and
393	1149629	HK	G	info.gov.hk	A B C any agencies providing services to mainland women delivering in Hong Kong. # Besides, HA has also discovered cases in which non-local pregnant women are suspected to have used false
394	1815630	HK	G	...esc.serversys852.com	A B C groundscore rice doggie dish. Yuppie's guarding glances. no healing pill Ha ha ha ha ha doesn't matter doesn't matter doesn't matter doesn't matter does
395	1149629	HK	G	info.gov.hk	A B C is also a 9% increase in the number of deliveries by local pregnant women at HA hospitals in 2011. # We have gradually implemented various measures put forward in the
396	3587658	HK	B	zzgjcbs.com	A B C just thrown in the past, he also came back, throw yourself it, ha ha! As a result, finally becomes a street in Cheap Authentic NFL Size
397	1150479	HK	G	janegoodall.org.hk	A B C body of men who Buy a strict captain! see by the glitter Ha ha ha ! I wish one of you and by their orderly bottle to his mouth advancingfor
398	1127877	HK	G	cn.last.fm	A B C this I guess.... I was wrong...... Sick Cycle Carousel # quotebuserscg10/user/b?? Ha ! I have the same problem ALL the time. Right now actually. An
399	1817329	HK	G	chinaforestpaper.com	A B C is such a low that the unit reservation volume is just 84.73 cubic meters per ha , while the world average stands at 100 cubic meters. # Since the mid
400	3573961	HK	B	dressmeblog.me	A B C on them? (cafes, clubs, restaurants, # (J): Ha ! Lamma island all the way! Every thing about Lamma is the best!
401	1141678	HK	G	cityu.edu.hk	A B C , human resources, IT, nursing or clinical department offices of various hospitals under HA for about seven weeks during the summer. Apart from internship work, career talks
402	3813604	HK	B	tripntale.com	A B C nose or even there breath to avoid the back of the throat meat smell! Ha Once again just like the medicine stalls, the meat stalls went on and on
403	3813604	HK	B	tripntale.com	A B C are not bad luck - their driving is just as dodgy as India!! Ha ! Again not a serious accident - just a bump - but we had to
404	1149628	HK	G	info.gov.hk	A B C cluster for the past three years is at Annex 2. # (b) HA has put in place a triage system at its specialist out-patient (SOP) clinics
405	1129036	HK	G	en.wwfchina.org	A B C daily actions. Top 5 Achievements # Giant Panda Protection Network for 3 Million Ha of Habitat # With the help of the Chinese government a giant panda protection Network
406	3587520	HK	B	zhuzheli.com	A B C most now is money, best to have a sum of venture capital, ha ha .? # It comes to their own wishes, Song Peng excited? Money
407	3573883	HK	B	distxiaaoa.com	A B C very in the United States of America terrible, they listen to my speech laugh ha ha ha, all of a sudden broken bones, really outrageous, say very
408	3574196	HK	B	en.jinshare.com	A B C waste of time words: Judgement. # Note that here Judgement is not judgment Ha , judgment, or to have the. # Here Judgement, that judge others
409	3578052	HK	B	sites.cdnis.edu.hk	A B C , and he is Jason's enemy in school. # Calvin sneered " Ha ha Jason, you're hurt, now is the perfect time to beat you once
410	3809934	HK	B	distxiaaoa.com	A B C said, it is well high history sports meeting only once, no rain, ha ha ha ha imperceptibly, and thought of my high school life. The study
411	1135239	HK	G	...conditionproject.com	A B C 90..... one day of indulgence.... but this time a home cooked meal! ha ha!.... and then on to the maintenance diet and an exercise routine....
412	3813604	HK	B	tripntale.com	A B C , right beneath the beautiful, perfect, clearly a great deal chair lift! Ha With every now and again some Chinese tourists shouting gleefully and I reckon smuggly Ni
413	1159330	HK	G	tracktorque.com	A B C ##1159332 # Large property of 350 Ha with villa built in 1800, five farm houses and an ancient small building located
414	1160109	HK	G	wangyujian.com	A B C , the re-matching of tenants and housing units can not take place legitimately. The HA may not wish to see this happen and certainly does not allow it to happen
415	1150426	HK	G	janegoodall.org.hk	A B C come backBarnabyBarnaby! these explanatory remarks with many nods and winks right moment. Ha ha Cialis Price America Online Don't make that din brother any of these complaints whom
416	1135062	HK	G	...conditionproject.com	A B C ! Stay motivated, only 20 days left and time is going so fat... ha hah a so fast I meant... should be a fat finger... hum hum
417	1150413	HK	G	janegoodall.org.hk	A B C are never at Dennis said Gashford nodding. Ay replied the here any more. Ha ha ha! And merrry too Hugh! And looking Best at Solomon for the
418	3813604	HK	B	tripntale.com	A B C . I left it at that! - So China 3, England 2! Ha Kay and myself then retreated to our rooms for a cuppa and a few Oreo
419	3577127	HK	B	...ongkong.blogspot.com	A B C beach improvement works will mainly involve filling of sand in an area of about 3.47 ha of foreshore and sea-bed to extend the sandy area of the Tung Wan Beach.
420	3577137	HK	B	...ch.replicagarden.com	A B C when Dong B when the class educator, aboard Wednesday p.m. when a holiday like ha ha, we either ran out apt melodrama every period, before we difficulty entire
421	1129042	HK	G	en.wwfchina.org	A B C the Yangtze Basin wetland conservation network, and the certification of close to 1.25 million ha of forest as part of the Forest Stewardship Council's responsible management system. #
422	1132961	HK	G	mp3.baidu.com	A B C foot in front of the other. ahhh, ha, ha, ha, ha . hey!
423	1148080	HK	G	hkspr.org	A B C the university units. I hope to encourage more collaborative research projects both in the HA hospitals and the private sector. Collaborative research projects would provide the platform for mutual
424	1154154	HK	G	pland.gov.hk	A B C 610 ha) are outside Country Parks. The total area is about 44 004 ha and covers 40% of the land area of Hong Kong. Country Parks are designated
425	3583577	HK	B	info.gov.hk	A B C District Planning Office, the Yuen Long District Office, and the Ping Shan and Ha Tsuen Rural Committees. # Copies of the approved OZP are available for sale at
426	3576961	HK	B	nicolastang.com	A B C dreamt property. Architects who expected to go for dinner after showing him plans... ha ha... no such thing. He would go over everything with them with a
427	1137555	HK	G	animalsasia.org	A B C Asia founder Jill Robinson MBE, our China Relations Director Christie Yang, and Ms Ha Wenjin of the Nanjing Ping An A Fu Animal Protection Group, adopted a policy
428	3584488	HK	B	maxdesign.com.hk	A B C way to feel wrong approach, only LiuZiXiao cause is a big bucket! Ha ha . " Therefore, eat engagement shower that day, many guests sun, the
429	1819606	HK	G	janegoodall.org.hk	A B C mine horrors they had witnessed and those they might be yet reserved for Ha ha ha ! I wish one of you outward show of grief bottle to his Cheap Cialis
430	3574640	HK	B	garmentsedge.com	A B C , tell my husband to tell the kids I love them if I go ( ha ha).. etc... Then there are other ones that I seem to bring
431	1145043	HK	G	...ndfindlovereview.com	A B C be subscribing to your feeds and even I achievement you access consistently quickly. # Ha ! It's so sweet how much " scientific evidence " is required for that
432	1135290	HK	G	...conditionproject.com	A B C say that to get anyones congratulations (although please feel free to tell me...... ha ha ha), I say it because the feeling of happiness one gets when
433	1134995	HK	G	...conditionproject.com	A B C up. At the same time, I was impressed at my own strength. Ha ! I did it! # At the end, while I was checking the
434	1133726	HK	G	prestigehongkong.com	A B C to tell that to my wife right now, so... ha, ha, ha ... we come to meet his wife and he told her this story and asked
435	1160106	HK	G	wangyujian.com	A B C tenants to purchase HOS units so they would surrender their rental units back to the HA and free up " locked-in " public rental housing resources for those on the Waiting
436	1160893	HK	G	yesasia.com	A B C a big disappointment for me. The CD only version gets 10/10, though. Ha
437	3579179	HK	B	wetravelworld.com	A B C eating babies, a common misconception but cute pure dingo pups Kangaroo close-up Koala antics HA HA HA. Captions in the comments please.... Local wildlife This lot are behaving
438	1152022	HK	G	lungfushan.com	A B C ! # It seems that the authorities consider the Newberys and the Friends of Hoi Ha a nuisance. That they certainly are, but only to the extent of their
439	3584488	HK	B	maxdesign.com.hk	A B C ' " MeiTing stared blankly stare blankly, suddenly remember that suzhou widow, ha ha say with smile: " you look at him become impatient to call me'
440	1819606	HK	G	janegoodall.org.hk	A B C work as mine horrors they had witnessed and those they might be yet reserved for Ha ha ha! I wish one of you outward show of grief bottle to his
441	3813938	HK	B	yujgdf.xp3.biz	A B C trainer did! a returned Miss Mowcher; wincludeling up to me; serving on ha veryd; a veryd laugusthing on me as she caree. Ugg 5685 Boots.
442	1150436	HK	G	janegoodall.org.hk	A B C him that with them it does to return or not. As he said ha ha ! You are penknife from his pocket slipped to the Discount Cialis upon his knee
443	1159761	HK	G	urbandiscovery.asia	A B C perfect view of Long Bien Bridge # Thuy Ha (Hanoi) Guide # Thuy Ha was born and raised in To Ngoc Van Street, Hanoi which was a famous
444	3584644	HK	B	mroceanxiaoli.com	A B C ##3584645 # Are you planning on going to Ha Long, Vietnam? Have you had any plan on what to do once you
445	3571770	HK	B	2.x34.info	A B C is not enough passion ah, old. O (??) O... Ha ha, also someone, accompanied by the first year's new year's Eve
446	1814405	HK	G	en.eywedu.net	A B C my glasses? I didn't recognize him? My own secretary? Ha? ha ? ha?' and he laughed happily at himself? I smiled politely?
447	3586456	HK	B	tiemianmo.com	A B C I personally think that the same money, I will be in the eat. Ha ha! Finally, every day moisturizer, I say a common carry a small
448	3809821	HK	B	comedy.hk	A B C yea I have a question. Who are you? " Mario Joyner: Ha ha ha! That's true. # Born Feb 4, 1936, show business
449	1822216	HK	G	xiaofu.com	A B C , not affected by fashion trends, the unauthorized change uniforms. Some students Hari Ha Korea, will be short-changed their uniforms to change thin legs, but also the
450	1129032	HK	G	en.wwfchina.org	A B C in Changbaishan and Wandashan regions have conducted high conservation forest identification and nearly 1 million ha of forests in the two regions have passed FSC certification auditing. WWF China is
451	1145794	HK	G	goldenbeachtour.com	A B C , Bon, Tachai and the two rock outcrops of Shark fin and Hin Ko Ha . # The deep-sea coral reefs of the Similan Island are home to the most
452	3586797	HK	B	undergroundhk.com	A B C electric noise. (Hmmm, Guns N' Roses. Chinese Democracy. Ha ha ! Everyone from genuinely democratic countries gets that joke... except those dumb-arse Americans who
453	1143404	HK	G	divethoughts.com	A B C type(s) of shark(s) were involved. # WWF have launched a virtual tour of Hoi Ha Wan on their website. It gives visitors an overview of Hoi Ha Wan and
454	1819415	HK	G	info.gov.hk	A B C Secretary for Food and Health: The total number of doctors who will join the HA through the limited registration is only around 13 to 14. According to my understanding
455	1126941	HK	G	...dcanto.wordpress.com	A B C is the secret for breast enlargement. This is advice from a busty woman. Ha # A netizen made a fake advertisement to promote Yukult as a breast enlargement product
456	1154154	HK	G	pland.gov.hk	A B C and 17 Special Areas (1 762 ha), 6 of which (610 ha ) are outside Country Parks. The total area is about 44 004 ha and
457	1815630	HK	G	...esc.serversys852.com	A B C and just bought a sampler the same day Hong Kong Pants Song! Ha ha ha ha ha ha ha ha # Our dragon Our african american thar be Straight on
458	1152022	HK	G	lungfushan.com	A B C tanks.) # There have recently been repeated applications for small houses in Hoi Ha village, which are withdrawn after numerous objections by the public, principally on the
459	1815701	HK	G	...rdpeters.typepad.com	A B C ghostly apparition of a big dog appeared in and around the village of Ko Tong Ha Yeung. Folks would see him as he bolted back into the undergrowth away from
460	1148539	HK	G	hongkongextras.com	A B C rocky beach at Shek Pai Wan stretches between two small partially abandoned villages Yung Shue Ha and Tung O along the Lamma Family Trail. The sands here are coarse and
461	1137529	HK	G	animalsasia.org	A B C ##1137530 # Life on an island in Ha Long Bay might sound like an enviable existence, but it was certainly not for
462	1815983	HK	G	...conditionproject.com	A B C !!!!!!!! about 1 month ago # Patrick R. Ha ha, that has to be one of the best reasons for joining that I
463	1135011	HK	G	...conditionproject.com	A B C are easier given better balance plus they have the assist bar as well. # Ha ha! 10,000 yen pull up! I was beginning to berate myself for that
464	1140376	HK	G	chinadailyapac.com	A B C she said. # " In 2008, we opened seven nursing schools within the HA and each year we are training between 300 registered nurses and 100 to 300 enrolled
465	1149672	HK	G	info.gov.hk	A B C MSWs) of the Social Welfare Department (SWD) and the Hospital Authority ( HA ) are stationed respectively at different public hospitals and specialist out-patient (SOP) clinics
466	1149628	HK	G	info.gov.hk	A B C will be treated within 30 minutes. # In 2010-11, A &E; Departments under HA were able to provide immediate treatment services for all critical patients and the waiting time
467	1158202	HK	G	teaw.com	A B C , and the variety is enormous, hundreds of them, mostly savoury. Like ha gao, A steamed wafer-thin rice-flour wrapping filled with baby shrimp or minced shrimp and
468	1136049	HK	G	10design.co	A B C zone of Futian District, Shenzhen China. The Gross site area is about 65 ha ; and the GFA is over 1,050,000 sqm, consisting of 18 high-rise towers ranging
469	3584488	HK	B	maxdesign.com.hk	A B C the way to feel wrong approach, only LiuZiXiao cause is a big bucket! Ha ha. " Therefore, eat engagement shower that day, many guests sun,
470	3813604	HK	B	tripntale.com	A B C not enough and changed into some combats to protect my poor little pale legs! Ha ! We continued along our way - and in the remaning 2 hours the scenery
471	3584418	HK	B	maxdesign.com.hk	A B C that just- come out person: " Feed! Money is paid by you! Ha ha ha ha that just- come out person also nike air max wildwood run before
472	1133752	HK	G	...b.chinadailyapac.com	A B C is in line with what we have been thinking and doing, " said the HA chief. # Management by consensus removes' independent empires' # When PY Leung
473	3577515	HK	B	saikung.com	A B C views. Bus 99 or 299 to Shui Long Wo, then take Kei Ling Ha turning. Park at the paintball centre in Yung Shue O.
474	3809537	HK	B	....hiddenharmonies.org	A B C limit the amount of Korean media in prime time spots! # JJ: perspectivehere Ha ! I never heard of the Three Blind Men and the Elephant before so it
475	1815630	HK	G	...esc.serversys852.com	A B C their face that they can talk to and nobody will get hurt ever Ha ha ha ha ha, I think torches to rome (ralowe has a fake whiteboy on
476	1815953	HK	G	...conditionproject.com	A B C them. Still find the cycle exercise and the pull ups very difficult, but ha ho. I am off to London later today, to watch my football (
477	3813901	HK	B	zzgjcbs.com	A B C . The supervisor corvino said: we he as the core, new handsome m ha explained: see him play is to appreciate, he will quickly turn into the
478	3583614	HK	B	info.gov.hk	A B C " Hong Kong Hospice Service Programme was launched in 2007 as a collaboration between the HA and the LKSF. The Foundation has donated $82 million to sponsor 10 public hospitals
479	1821655	HK	G	thebeatles.com.hk	A B C (Green!) It'll be a big laugh we hope. (Ha ha ha!) Big laugh, ha ha ha, yeah, it'll be
480	1128689	HK	G	en.eywedu.net	A B C I saw the travelling ghosts? It's all true? it all happened? Ha ha ha?' Really? for a man who hadn't laughed for so
481	1152431	HK	G	maxdesign.com.hk	A B C Yu for a long time. # " Think I want Long Wen Jing? Ha ha, you pour the good abacus of dozen! " Pasteur but is smile
482	1148539	HK	G	hongkongextras.com	A B C the coast then turns inland to pass through Mo Tat Village before reaching Yung Shue Ha at the northern end of the beach. Tung O Village is at the southern
483	1130169	HK	G	gwulo.com	A B C belief that he was never officially a resident of Hong Kong. # Ha, ha ... yes, the grave is pretty easy to find! The first time I
484	3576614	HK	B	...kwoodphotography.com	A B C . I LOVE IT. we finally have some ppl shots as well. ha ha . # anyways, what a memorable birthday for 2012. thank you to all that
485	1149628	HK	G	info.gov.hk	A B C (c) Since Hong Kong has now entered the peak season for influenza, HA anticipates that there will be a sudden surge in service demand during this period.
486	1820503	HK	G	pland.gov.hk	A B C open space. District open spaces are medium-size sites (where possible at least 1 ha ) which provide facilities for the core activities and for passive recreation to meet the
487	3813604	HK	B	tripntale.com	A B C view in the world - and I have been in it - wahoo!! ha !!! We relaxed up on a sun deck on a swing chair until
488	3584488	HK	B	maxdesign.com.hk	A B C know is sweet nothings, you should not interrupt. " LiMeiTing way: " ha , you're bringing walk during the day, even touch my hand, give
489	1132961	HK	G	mp3.baidu.com	A B C a-hittin' our stride, one foot in front of the other. ahhh, ha , ha, ha, ha. hey!
490	1149672	HK	G	info.gov.hk	A B C number of MSWs in the above table is calculated on full-time equivalent basis, including HA 's permanent, contract and temporary staff. # 2. The number of MSWs
491	1135768	HK	G	webershandwick.asia	A B C ways. Either businesses will recognise the opportunity to earn relevance through an " a ha " moment. Or, they'll say " uh oh " upon witnessing the
492	3583820	HK	B	jerseybestbuy.com	A B C -- Fiddle # Exceptional among modern fiddlers for his versatility and depth, Darol Anger ha s helped drive the evolution of the contemporary string band through his foundin g of
493	1148556	HK	G	hongkongextras.com	A B C Ap Lei Chau # Owned by Daily Eagle Development Ltd, a subsidiary of Wah Ha Realty Company Horizon Plaza is located in an industrial area of Ap Lei Chau,
494	1152022	HK	G	lungfushan.com	A B C craven officials in various government departments, who are not doing their jobs. Hoi Ha Wan is the patrimony of all Hong Kong citizens. The authorities must clearly demonstrate
495	3573549	HK	B	comedy.hk	A B C it ") appears to be the new kids on the block, Brew Ha Ha . # As Dorsher says, " comedians ultimately need to be able to earn
496	1140320	HK	G	chinadailyapac.com	A B C this did not prevent a number of Chinese enjoying the schadenfreude. # " Ha ha " and, " A single spark can set a prairie fire ", were
497	1141553	HK	G	cie.hkbu.edu.hk	A B C and some were placed in Hong Kong's best known organizations such as TDC, HA , HSBC, FedEx, Cathay Pacific and Motorola. Programme Goals # Students
498	3578730	HK	B	thehungryegghead.com	A B C ##3578730 The Best Korean BBQ in HK: Han Ha Rum # I have been hunting for the best Kalbi and Yuk Gae Jang (
499	1135290	HK	G	...conditionproject.com	A B C that to get anyones congratulations (although please feel free to tell me...... ha ha ha), I say it because the feeling of happiness one gets when we
500	3580789	HK	B	cbianli.com	A B C It is situated on the Mahakam tributary and it has an area of about 200,000 ha . The National park is populated by Bekantan, Orang Utans and other apes.
501	3813604	HK	B	tripntale.com	A B C , she did have a point! It was not the easiest to escape! Ha I think this is a sure sign that we are slowly getting old! Ha
502	3577626	HK	B	sassymamahk.com	A B C good enough for Vogue it sure is good enough for the Instant Goddess.. ha ha ! The rest is my own work! International shipping is free in case you
503	3813604	HK	B	tripntale.com	A B C any politeness to other drivers by letting them in - each for their own! Ha ! Along a bit of a duel carridgeway, this became evident when a huge
504	1815701	HK	G	...rdpeters.typepad.com	A B C '. # Eventually I went to the fundraising barbeque. This was Ko Tong Ha Yeung village at its' best: kids and dogs running everywhere, lots of
505	1816338	HK	G	ab.ust.hk	A B C point and I think we know how to escape (we or at least I ha ve seen enough government broadcasts saying that in case of a fire, don't
506	1819415	HK	G	info.gov.hk	A B C investigation has been completed. At the Hospital Authority (HA) level, the HA has established a cross-departmental and cross-clusters committee to look at the issue. It would
507	1146568	HK	G	history.cuhk.edu.hk	A B C # I would like to take this opportunity to say Thank You to Father Louis Ha , we all have a good time under your guidance over the trip. "
508	3812465	HK	B	geobaby.com	A B C i should do to make her stop doing this # That's very normal! Ha ! My daughter is 20-months-old as well and she LOVES to say " NO!
509	3577099	HK	B	...etlips.wordpress.com	A B C would love to see it.. so come on Super fans make our day ha ha . Will look forward to your GOD post # Hi AP. The Mao stuff
510	3579206	HK	B	wetravelworld.com	A B C had Reggae Reggae sauce on it! # Don't know what that is? Ha , you're still stupid. # We wandered over to our last watering hole
511	1148739	HK	G	...singauthority.gov.hk	A B C not building flats for sale. With the study and possibly future pilot trial, HA will be able to provide hard data to demonstrate that the performance of RAC can
512	1819413	HK	G	info.gov.hk	A B C it is set to become a most exciting new attraction in the region. # HA to maintain " people-oriented " approach in estate and tenancy management # I have attempted
513	1820058	HK	G	maxdesign.com.hk	A B C completely sink into the person in the dreamland. # " Ha ha, ha ha ha. " Skin Ai the Er Be crazy to smile to go straight up
514	3579933	HK	B	alivenotdead.com	A B C my favorite, but I know that that isn't helpful to your readers. Ha ! I personally can not relate to the act of collecting, not at all
515	3584418	HK	B	maxdesign.com.hk	A B C that just- come out person: " Feed! Money is paid by you! Ha ha...... ha ha that just- come out person also run before going toward,
516	3584418	HK	B	maxdesign.com.hk	A B C just- come out person: " Feed! Money is paid by you! Ha ha ...... ha ha that just- come out person also run before going toward, the
517	1133375	HK	G	oof.cc	A B C product. It's' cause they fit so tightly against the scalp: the ha ir underneath gets thinner than ever. Once that happens, you have to buy
518	1148739	HK	G	...singauthority.gov.hk	A B C . HA therefore continued her proactive role in studying the possible use of RA in HA 's building structures. # The HA study on RAC # Before RAC can be
519	1160106	HK	G	wangyujian.com	A B C units within 10 years, as White Form applicants. This decision probably reflected the HA 's hope to encourage the circulation of housing units within the public housing sector.
520	3584645	HK	B	mugebbs.com	A B C tired and need some time to relax and get back to good shapes. And Ha Long is simply one of the best places for you to achieve your goal.
521	1154154	HK	G	pland.gov.hk	A B C Restricted Areas have been designated, namely the Mai Po Marshes, the Yim Tso Ha Egretry and Sham Wan of the Lamma Island. They are also shown on Figure
522	1150271	HK	G	islam.org.hk	A B C If the word is pronounced the way it is written, it should be pronounced ha dh aa. # Since the Arabs do not like consonant clusters at the beginning
523	3576077	HK	B	jmsc.hku.hk	A B C Nicholas Leung (BJ 2013), Hyun-joo Lee (BJ 2013), Amy Ha (BJ 2014) and Andy Chau (BJ 2016) used the the technical
524	1145859	HK	G	gov.hk	A B C and was responsible for, co-ordinating the operational management of services for hospitals under the HA . In late 2004, Dr Ko left the HA and subsequently took up clinical
525	3809821	HK	B	comedy.hk	A B C I have a question. Who are you? " Mario Joyner: Ha ha ha ! That's true. # Born Feb 4, 1936, show business was
526	1135178	HK	G	...conditionproject.com	A B C relevant and timely. I almost thought at times you guys were prophetic. Ha ha ... # So with that, good bye everyone. It enjoyed sharing 3 months
527	1152432	HK	G	maxdesign.com.hk	A B C where has the shape that the half gets hurt for cent. # " Ha ha , indeed as expected not the Kui is Jason's brothers, I say,
528	1145794	HK	G	goldenbeachtour.com	A B C Coraline' and exotic species such as the' Ribbon Eel'. # Koh Ha with its' Soft Coral' and' Coraline' is ahome to' Garden
529	1129037	HK	G	en.wwfchina.org	A B C being invited by Chinese government to work in China. # There are 3 million ha of giant panda habitat among 5 isolated mountain pitches in China. A 2004 survey
530	3813604	HK	B	tripntale.com	A B C undoing all that hard work of gettin up here just half an hour ago! Ha ) which was a task in itself - as our shaky legs were telling us
531	3576734	HK	B	mtvok.com	A B C a great place to live. The huge park, 843 acres large (341 ha ), is located in the center of Manhattan. Its design is an example
532	1160106	HK	G	wangyujian.com	A B C form of unpaid land premiums, has to be returned to the Housing Authority ( HA ). The latter restriction offers little incentive for owners of HOS units to sell
533	1819413	HK	G	info.gov.hk	A B C upholding our core values of being Caring, Customer-focused, Creative and Committed. # HA to continue to create a better living environment for tenants # Adoption of creative solutions
534	1135306	HK	G	...conditionproject.com	A B C look better than ever in bed! " Ok, happy now guys?! ha # We also notice that the female PCPers usually take longer to show results on
535	1154630	HK	G	qes.edu.hk	A B C Physics Olympiad which was held in Hanoi, Vietnam in July 20-29. I visited Ha Long Bay and watched the water puppet show. The most unforgettable event was the
536	3578730	HK	B	thehungryegghead.com	A B C to Hong Kong. After numerous failures, I am pleased to report that Han Ha Rum is a winner! # Beef quality in Hong Kong is much lower than
537	1161228	HK	G	yp.scmp.com	A B C be giving a solo concert at the Cultural Centre next week? # Harry: Ha , ha. I wish! No, it means I'm almost guaranteed a
538	1152181	HK	G	march-china.com	A B C last section must also will appear keywords, or it can't enter below, ha ha! And on the picture will describe, inside the incidental Alt also want
539	1133752	HK	G	...b.chinadailyapac.com	A B C and earned a reputation for communicating well with frontline staff. # As head of HA , Leung pursues an open management style, counting on collaboration, cooperation and teamwork
540	3587813	HK	B	...winmuminhongkong.com	A B C when I'm doing a Detox (yes, me, detox. Ha bloody ha ). I'll just let them run around naked in the apartment and hope
541	1150413	HK	G	janegoodall.org.hk	A B C never at Dennis said Gashford nodding. Ay replied the here any more. Ha ha ha! And merrry too Hugh! And looking Best at Solomon for the good
542	1131436	HK	G	...ongkong.asiaxpat.com	A B C 2010, and both times it resolved to the upside. # CPA Australia. Ha , ha, ha. Basically saying the tax-payer should fund multinationals. CPAA yesterday
543	3813604	HK	B	tripntale.com	A B C n't blame him - nobody wants to get on the wrong side of Mama! Ha ! After a big song and dance we headed for the bus station to catch
544	1157245	HK	G	shigeku.com	A B C so many smears, you want to wash it off with a laugh. Ha ha , you say. So what if it's a meltdown? Last lines to
545	1144483	HK	G	expressraillink.hk	A B C in Tai Kong Po. A temporary magazine site will be located near Tai Shue Ha in Yuen Long for the blasting operations nearby. # In Yuen Long District,
546	1815630	HK	G	...esc.serversys852.com	A B C box of groundscore rice doggie dish. Yuppie's guarding glances. no healing pill Ha ha ha ha ha doesn't matter doesn't matter doesn't matter doesn't
547	3584488	HK	B	maxdesign.com.hk	A B C . I see, knot wedding send children clothes, the most need. Ha ha ! But, the thing about the school discipline, I will arouse the attention
548	3813604	HK	B	tripntale.com	A B C Mums living room at home - thought, oh they would like it here! Ha !). The road we had taken along the lake edge on the way
549	1820327	HK	G	oof.cc	A B C " How should I know why I hate them? I just do. You ha te telephone covers, and thermos bottles with flower decorations, and bell- bottom jeans
550	1150479	HK	G	janegoodall.org.hk	A B C fields a body of men who Buy a strict captain! see by the glitter Ha ha ha! I wish one of you and by their orderly bottle to his
551	1815526	HK	G	oof.cc	A B C ?' # He glanced towards the row of girls. # She ought to ha ' told him just before they went to church, when hecould hardly have backed
552	1820503	HK	G	pland.gov.hk	A B C i.e. 1m 2 water surface area per 85 persons. A site area of 2.0 ha is required, subject to actual site situation. # 1.14.16 # The standard of
553	1140376	HK	G	chinadailyapac.com	A B C who have left. More needs to be done to retain the experienced nurses the HA already has, " she said. # " Replacing the ones who have left
554	3577515	HK	B	saikung.com	A B C . # Wan Tsai West Campsite -- Best for Ballgames A 30-minute walk from Hoi Ha 's picture-perfect marine park beach, this feels more like Europe than cramped Hong Kong
555	3578730	HK	B	thehungryegghead.com	A B C with kalbi as a bite of spicy soup with grilled beef tastes heavenly. Han Ha Rum has the most authentic Yuk Gae Jang in Hong Kong. It is slightly
556	3583577	HK	B	info.gov.hk	A B C Peak Road in the south, Yuen Long New Town in the east and the Ha Tsuen/Tsing Shan Firing Range in the west. # Seven sites totalling about 32.3 hectares
557	1160106	HK	G	wangyujian.com	A B C failed attempts to sell public rental housing units to sitting tenants. Unfortunately, the HA imposed restrictions on the TPS that were essentially similar to those that applied to the
558	1140376	HK	G	chinadailyapac.com	A B C . # " A lot of my colleagues want to leave the Hospital Authority ( HA ). They want to go to hospitals that are not so busy or to
559	1815526	HK	G	oof.cc	A B C one of the cottages. All's fair in love and war. I'd ha ' marrieden' ust as she did, and if he'd said two words
560	3585927	HK	B	sjlywh.com	A B C bet, if if cold will not DETAIL be so cold will be like! Ha ha that's Oh, now we quickly! You see if cold agreed well
561	3813604	HK	B	tripntale.com	A B C is a very much dog eat dog world, if you excuse the pun! Ha So after dumplings, noodles, a portion of chips and a couple of beers
562	1819413	HK	G	info.gov.hk	A B C never ignore the fact that their dedication and professionalism has built the reputation of the HA and the department and allowed us to achieve the highest standards of production and management
563	1816378	HK	G	afcd.gov.hk	A B C end section of Stage 7 of the Wilson Trail. Walk down to Yuen Tun Ha then Wun Yiu. Catch a minibus to the Tai Po Market KCRC Station
564	1815630	HK	G	...esc.serversys852.com	A B C of groundscore rice doggie dish. Yuppie's guarding glances. no healing pill Ha ha ha ha ha doesn't matter doesn't matter doesn't matter doesn't matter
565	1820503	HK	G	pland.gov.hk	A B C New Towns, the standard for provision of open space is a minimum of 20 ha per 100 000 persons i.e. 2m 2 per person, apportioned as follows: #
566	1133217	HK	G	news.xinhuanet.com	A B C farms and eight pastures had been constructed, with a total cultivated area of 77,200 ha . The farming and stockbreeding products gathered not only provided for the logistic needs of
567	1152869	HK	G	...shatincentrallink.hk	A B C options, including threading the SCL through Pau Chung Street, Tam Kung Road, Ha Heung Road, and Lun Cheung Street. However, none of these roads are
568	1815983	HK	G	...conditionproject.com	A B C !!!!!!! about 1 month ago # Patrick R. Ha ha , that has to be one of the best reasons for joining that I've
569	3580337	HK	B	batgung.com	A B C can see, there's not a parking space to be found. Ha ha ha ! Just look at the dozens of circling cars! Let's talk to one
570	1152022	HK	G	lungfushan.com	A B C , which lies in the Sai Kung Country Park, on the shoreline of Hoi Ha Wan -- one of Hong Kong's few Marine Parks and arguably the finest,
571	3809934	HK	B	distxiaaoa.com	A B C , it is well high history sports meeting only once, no rain, ha ha ha ha imperceptibly, and thought of my high school life. The study atmosphere
572	1152022	HK	G	lungfushan.com	A B C and no new sewage discharge within 100 metres of the SSSI boundary. (Hoi Ha Wan possesses no mains sewage system and waste is handled though septic tanks.)
573	1815809	HK	G	sites.cdnis.edu.hk	A B C Interaction so expect some new posts! They won't be very long though... ha :) Community and service! What's to be said about community and service
574	3580337	HK	B	batgung.com	A B C as you can see, there's not a parking space to be found. Ha ha ha! Just look at the dozens of circling cars! Let's talk
575	3813604	HK	B	tripntale.com	A B C on it - oh no - we hadn't even started it!!! Ha !! The saying ignorance is bliss comes to mind!! Disappointed that we
576	3813604	HK	B	tripntale.com	A B C !? (Again - no signs anywhere to help! Good old China! Ha !) I suggested going back to ask around more - but Ollie didn't
577	1149663	HK	G	info.gov.hk	A B C well as the operation and services of the HA and its hospitals. # The HA Board will discuss the following agenda items in the coming meeting: # Meeting agenda
578	3584488	HK	B	maxdesign.com.hk	A B C !' " MeiTing stared blankly stare blankly, suddenly remember that suzhou widow, ha ha say with smile: " you look at him become impatient to call me
579	1126941	HK	G	...dcanto.wordpress.com	A B C 's breast enlargement recipe on China Weibo # ??????: Ha ... Eat papayas and drink Yakult while playing with cell phone alone. It is
580	1814405	HK	G	en.eywedu.net	A B C ? I didn't recognize him? My own secretary? Ha? ha? ha ?' and he laughed happily at himself? I smiled politely?' Perhaps
581	3813604	HK	B	tripntale.com	A B C for you to stop. Reassuring to know we were not the only ones! Ha ! We actually managed to overtake a few &; Ollie powered throught the final 7
582	3810905	HK	B	...ngkong.wordpress.com	A B C (Madam Slayer to you) happens to be team captain next year... mmua ha ha ha.... I'm plotting my revenge for not telling me you had a
583	1819413	HK	G	info.gov.hk	A B C daily basis. I want to highlight, in particular, the fact that the HA is committed to safety on all our sites. We have established a comprehensive system
584	3577096	HK	B	...etlips.wordpress.com	A B C studies they carried out on various branches of the Tang clan in Ping Shan and Ha Tsuen areas of Yuen Long. It's more about cultural observations but I'm
585	3584418	HK	B	maxdesign.com.hk	A B C person: " Feed! Money is paid by you! Ha ha...... ha ha that just- come out person also run before going toward, the car owner of
586	3575486	HK	B	...ongkong.geoexpat.com	A B C that writer above, what made HK airlines deserving of a service award? # Ha ha. I saw this in a magazine, or possibly the SCMP the other
587	1137069	HK	G	afcd.gov.hk	A B C the total acreage of organic field in Tai Lung is about 59 dc (4 ha ). # Regarding organic pest control techniques, we have also set up many
588	3811363	HK	B	triar42.xp3.biz	A B C of myself. uggs considered it frosty. Everycomplete will need to haudio-videoe... ha ugg running shoe returned. My sister and myself haudio-videoe long with us in great
589	1148554	HK	G	hongkongextras.com	A B C High Island Reservoir via Chong Hing Watersports Centre to the east dam wall and Hoi Ha . A taxi from Sai Kung Town to these destinations costs HK$100/110.
590	1133344	HK	G	oof.cc	A B C , and had'n experience o' these men aw my life - I, that ha ' ett'n an'droonken wi'' em, an' seet'n wi'' em
591	3584881	HK	B	noughtsandexes.com	A B C here at' noughts and exes' probably need a lesson in taking it easy ha . # Anyway, here are some highlights. # Gorging ourselves with the best
592	3813604	HK	B	tripntale.com	A B C too tired cycling up the hill - even though he would not admit it! Ha !). We got back to the village - ignoring the request for money
593	1815543	HK	G	...etlips.wordpress.com	A B C so I can only assume she is still around. # More commonly known as Ha Meng, Miranda Yang was born in Shanghai but moved to HK at the age
594	1158705	HK	G	thestandard.com.hk	A B C I'm sorry to report that you have only two days to live, ha ha ha! " # Patient: " That's terrible news, woo hoo hoo
595	1149663	HK	G	info.gov.hk	A B C , the community is able to understand more about the role and functions of the HA Board as well as the operation and services of the HA and its hospitals.
596	3577107	HK	B	...etlips.wordpress.com	A B C area. One clue to the roads former path is the location of Lok Lo Ha village -- an old coastal village that we now know (thanks to some rather
597	3812015	HK	B	chinalegalblog.com	A B C say they don't want to see a business in a residential area. # Ha ha! See, this has nothing to do with illegal immigrants coming to steal
598	1821836	HK	G	tibetinfor.com	A B C exchanges between China and these countries. Zheng He was accompanied by Ma Huan and Ha San, also of Hui origin, who acted as his interpreters. Ma Huan
599	1160109	HK	G	wangyujian.com	A B C in the parents' home may not always provide. # A survey by the HA in 2011 found that among the younger generation on the Waiting List, about 21%
600	1158253	HK	G	thaiworldview.com	A B C plain surrounded by hills on three sides. The district covers Ping Shan Heung, Ha Tsuen Heung, Kam Tin Heung, Pat Heung, San Tin Heung, Shap
601	3586456	HK	B	tiemianmo.com	A B C personally think that the same money, I will be in the eat. Ha ha ! Finally, every day moisturizer, I say a common carry a small bottle
602	1819413	HK	G	info.gov.hk	A B C Open Meeting, many Members expressed their gratitude to you for your work in the HA . Having worked closely with you over a number of years (and not just
603	1149715	HK	G	info.gov.hk	A B C ##1149715 # Members of the public are invited to attend the Hospital Authority ( HA ) Board Meeting to be held on September 27 (Thursday) at 3.30pm.
604	1133726	HK	G	prestigehongkong.com	A B C 're going to tell that to my wife right now, so... ha, ha , ha... we come to meet his wife and he told her this story
605	1143651	HK	G	e-tingfood.com	A B C stairs to the restaurant - if they did that on purpose to prime us, ha , then I totally fell for it, and I don't regret it a
606	3813604	HK	B	tripntale.com	A B C again - as we can't speak to most of them now!!! Ha !). Even though travelling through the day is considered a waste of a
607	1159131	HK	G	timeout.com.hk	A B C Festival, not only on a cultural level but also an education level. Says Ha : " Sometimes kids point at mooncakes and say' hey, that's cute
608	1154154	HK	G	pland.gov.hk	A B C Board (CMPB). At present there are 24 Country Parks (43 394 ha ) and 17 Special Areas (1 762 ha), 6 of which (
609	1815526	HK	G	oof.cc	A B C catch us! But I wasn't reallysitting on his knee, though it might ha ' seemed as if I was almost!' # Well - if so be
610	1147282	HK	G	hkexpats.com	A B C all to the govt. there is no need to right a will. Ha ha ha . But seriously, a person is said to have died intestate when they die
611	1820503	HK	G	pland.gov.hk	A B C , business and commercial areas, the standard of provision is a minimum of 5 ha per 100 000 workers i.e. 0.5m 2 per worker, and should mainly be used
612	1159875	HK	G	varitronix.com	A B C resigned in 2006. He rejoined the Group in November 2009. # Suen Mo Ha , Rossetti aged 40, is the Senior Manager -- Strategic Planning &; Logistics of
613	3813604	HK	B	tripntale.com	A B C lift! Ha - No way, we are travellers on a travellers budget! Ha As expected, I soon regretted that statement and decision! The climb was extremely
614	3813604	HK	B	tripntale.com	A B C which we both picked out the chicken and eat the rest of the curry! Ha - It did not resemble the chicken I eat so much of at home,
615	3581763	HK	B	e-tingfood.com	A B C crave seafood after having won at the tables... or maybe it's universal, ha ) then Bartolotta will certainly hit the spot. If you're a vegetarian at
616	1133752	HK	G	...b.chinadailyapac.com	A B C across borders. There's been an additional move against unlicensed guesthouses. # The HA is studying additional measures. The quota system sparked a flurry of cases of mainland
617	1815701	HK	G	...rdpeters.typepad.com	A B C the park head on down for a mooch upon the soft sandy beaches of Hoi Ha (??), grab a quick ice cream and whiz back to fishy
618	1819413	HK	G	info.gov.hk	A B C These figures are far below those of the local construction industry. Zero incidents on HA work sites remains our goal and even one accident is too many. I urge
619	1154153	HK	G	pland.gov.hk	A B C Castle Peak, present since the 4th century (Shu 1819) and another in Ha Tsuen facing the present day new town of Tin Shui Wan (Zhang 1996)
620	1150436	HK	G	janegoodall.org.hk	A B C informed him that with them it does to return or not. As he said ha ha! You are penknife from his pocket slipped to the Discount Cialis upon his
621	1821655	HK	G	thebeatles.com.hk	A B C . (Green!) It'll be a big laugh we hope. ( Ha ha ha!) Big laugh, ha ha ha, yeah, it'll
622	1135239	HK	G	...conditionproject.com	A B C has advantages- you have a lot of time to think and write boring blogs! ha ha! I mentally went through my kitchen closet and the list of things that
623	1153215	HK	G	nnadia.com	A B C not take it from what I say because I will definitely praise myself more! Ha , Ha, if you want to understand me, you have to be my
624	3573547	HK	B	comedy.hk	A B C even know he's Jewish, he's so likable. Greg Giraldo: Ha ha ! He'a a great comic, but he's also got that innate thing --
625	1820058	HK	G	maxdesign.com.hk	A B C the top work properly an apothecary most outstandingly, I am the strongest, ha ha ...... " # However Jason at the moment have already could not felt being cheap
626	1815701	HK	G	...rdpeters.typepad.com	A B C far beyond Ko Tong Ha Yeung, Sai Kung Country Park Wednesday, 24 October 2012 # It may
627	3571770	HK	B	2.x34.info	A B C , the most happy thing is a life twin, disposable handle many problem, ha ha, there are two
628	1819413	HK	G	info.gov.hk	A B C project under the refined policy, will be a blueprint for future projects. The HA will examine the feasibility of future redevelopment projects taking into account factors such as the
629	3572123	HK	B	b.tvb.com	A B C is born with a smeared face, he changes his mind to have beautiful Lady HA (Rebecca Chan) to be the West queen. When Lady HA knew that
630	1816756	HK	G	betsycheung.com	A B C that minute or so and then drifted off in the unknown again. Life that ha d the intelligence to travel millions and millions of light-years to another planet but never
631	3574588	HK	B	frenchhk.com	A B C park. It is a good place and provide free ecotour guided service in Hoi Ha Wan Marine Park on every Sunday and public holidays. By detail you may visit
632	1161447	HK	G	zltzzb.com	A B C hard, pulled out a look, turned out to be a divination book. Ha ha, you want to learn this papaya head divination? Su Xin <br> NHL
633	1148554	HK	G	hongkongextras.com	A B C to all types of craft # At the northern end of the promenade at Sha Ha is a watersports centre fronted by a small narrow strip of beach. Sai Kung
634	3574908	HK	B	hi.baidu.com	A B C ball served very good-looking. Also, this number, I also like, ha ha . " he frowned and asked, " the son of two pieces. Where
635	3572007	HK	B	...thefart.blogspot.com	A B C se no longer offers its holder the right to claim victory. # Ng Fu Ha San # Calling Each hand of Luk Fu requires a unique player to express his
636	1157185	HK	G	...hanquan-membrane.com	A B C IT! It will make future leak finding much easier. The synthetic roofing membrane ha s many other benefits. Imagine being able to cover your house with just one
637	1819413	HK	G	info.gov.hk	A B C and effective in helping us all to keep things in perspective. You leave the HA stronger, more effective and more certain of its role than ever. You have
638	1143648	HK	G	e-tingfood.com	A B C of gizzards was a nice touch, most mainstream restaurants nowadays are too chicken ( ha , pun) to serve them up together with the meat. Unfortunately the soy
639	1134345	HK	G	sites.cdnis.edu.hk	A B C count the Alan Dick Memorial Walk as part of CAS (action)? Ha ha , I think the answer is no but I said I would ask! #
640	1135152	HK	G	...conditionproject.com	A B C notice - I was resigned to being a a bit plump and middle aged! Ha , where's that skipping rope.... October 28, 2012 3:16 PM HKT
641	1150456	HK	G	janegoodall.org.hk	A B C of gipsy and when the chimes cried Hugh starting up a high free spirit. Ha ha ha! Barnaby growth of the seed from his servant's hand his hand
642	1150422	HK	G	janegoodall.org.hk	A B C face upon it. Where it comes from free you are sir. Ha ha ha ! And stopped to let them suppose sir retorted of last night and if you
643	1815333	HK	G	ltsy.qhltw.com	A B C would say. " You think he's talking about Grade A industrial bonds? Ha ! He's talking about the stock market. " In other words, if
644	1136049	HK	G	10design.co	A B C 3 service apartment towers, 3 residential towers, a shopping mall and a 32 ha park. # Tony Huang of the privately owned real estate Shenzhen based developer,
645	3579389	HK	B	027wuye.com	A B C agree on new contract brothers at his side.Everywhere permeated with a festive atmosphere. Ha ha , I today is really too happy, to see the ice mysterious married just
646	1817329	HK	G	chinaforestpaper.com	A B C by Chinese major paper enterprises by end of 2004, and some extra 4.12 million ha is planned by 2010. # Nevertheless, following problems can not be ignored if
647	3577626	HK	B	sassymamahk.com	A B C 's good enough for Vogue it sure is good enough for the Instant Goddess.. ha ha! The rest is my own work! International shipping is free in case
648	1128689	HK	G	en.eywedu.net	A B C who's sent it? It's twice as big as Tiny Tim? Ha ha ha?' He went on laughing as he wrote Bob's address? gave
649	3578735	HK	B	thehungryegghead.com	A B C n't want to eat it, but I like seeing the craftsmanship. # Ha ha ! I am still amused by two incidents that occurred during my recent trip to
650	1134420	HK	G	sites.cdnis.edu.hk	A B C , and he is Jason's enemy in school. # Calvin sneered " Ha ha Jason, you're hurt, now is the perfect time to beat you once
651	3574196	HK	B	en.jinshare.com	A B C # You look good and thorough, you say good and wonderful, ha, ha , ha, and then what? # Joe Smith is a silly point can
652	1159131	HK	G	timeout.com.hk	A B C enduring symbol of the Mid-Autumn Festival (Sep 27-Oct 2). But, for Ha Chung-kin, they've also come to embody creativity and skilful craftsmanship. # Ever
653	1142949	HK	G	cuhk.edu.hk	A B C be held prior to the Forum at 1:50-2:30pm, Seminar Room G04, Chan Chun Ha Hall, S. H. Ho College. Interested applicants are welcomed to attend the session
654	1133752	HK	G	...b.chinadailyapac.com	A B C the possibility of a zero quota for mainland women in the coming year. The HA will announce its 2013 quotas sometime this month. # " Over 95,000 babies were
655	3577113	HK	B	ovi618.blogspot.com	A B C in his hand. # ROBIN. O, this is admirable! here I ha ' stolen one of Doctor Faustus' conjuring-books, and, i'faith, I mean
656	3813604	HK	B	tripntale.com	A B C immediately!! I hadn't mentioned it for this reason at all...... ( Ha !) After much persuation &; haggling from 38Yuen to 25 - it was in
657	1137530	HK	G	animalsasia.org	A B C to the semi-natural enclosures. # Thank you to Gail Hawkins, a visitor to Ha Long Bay, for bringing these bears to our attention. # Vet Kirsty takes
658	1137176	HK	G	alittlelovestory.com	A B C that she is still picture perfect in the midst of being a wifey wife! ha
659	3576035	HK	B	jadaye.wordpress.com	A B C ##3576036 Ha Wan Pao, The friendly paper. Created by Anna Gleeson # Ha Wan Pao
660	1819413	HK	G	info.gov.hk	A B C responsibilities to help combat global warming and climate change. To this end, the HA has been implementing a number of energy saving measures to reduce energy consumption in our
661	3577099	HK	B	...etlips.wordpress.com	A B C near future. Can some of these total nutters I mean' Super Fans' ha ha please post some pics or video from their visits to the studios... They
662	1152022	HK	G	lungfushan.com	A B C your own site. One Response to " Hoi Ha by Markus Shaw " # There are many factual erros in this article. Maybe
663	3811442	HK	B	...ficance.blogspot.com	A B C friend and I decided to go on a hike whose main course was the Lung Ha Wan Country Trail. First though, we decided to warm up with a stroll
664	3586019	HK	B	spotbags.hk	A B C Thank you.... Your sign is like a church for us women. Ha, Ha i have made several purchases from the site you advise and they are truth in
665	1133752	HK	G	...b.chinadailyapac.com	A B C willing to become a policy secretary, he responded: " My job with the HA is a very challenging one. The job as a policy secretary is more challenging
666	3813604	HK	B	tripntale.com	A B C farmers (or peasants as they call them here - how mean is that! Ha !), led beneath the huge snowy mountain. We spent time capturing pics
667	1149672	HK	G	info.gov.hk	A B C clinics. Also, the workload of MSWs generally increases along with the introduction of HA 's new initiatives or measures and the increased complexity of cases, and can not
668	3575243	HK	B	hkmdb.com	A B C course. # >>The article also says Francis is a well known playboy. # Ha ! Sounds like a combination of poor impulse control, mid-life crisis and the seven-year
669	3581359	HK	B	cparts.info	A B C train, have never been so " fast ". Fuxia railway, railway, Ha Long railroad enlightened, greatly shortens the distance between city. Xiamen to Fuzhou,
670	3813604	HK	B	tripntale.com	A B C n't think our bodies would have carried us even if we wanted to anyway! Ha ). We booked onto a minibus back to Lijiang leaving an hour later and
671	3813604	HK	B	tripntale.com	A B C for me to carry (having learnt the hard way climbing Tiger Leaping Gorge! Ha ) And went for a good fry up, well as good as your going
672	3811343	HK	B	...o.cleartheair.org.hk	A B C Australia. " # Others say the laws have boosted their business. # Sandra Ha of Zico Import Pty Ltd, a small family business, said demand for cigarette
673	1135310	HK	G	...conditionproject.com	A B C cold all the time. That's a good sign from the fat department! ha It's nothing several layers of clothing can't help. # I look for
674	3809724	HK	B	ccnew.org	A B C of Australia. " # Others say the laws have boosted their business. Sandra Ha of Zico Import Pty Ltd, a small family business, said demand for cigarette
675	1133344	HK	G	oof.cc	A B C shouldfail fur to stan by' em wi' the truth, let' em ha ' doon to me what they may!' # He spoke with the rugged
676	1129034	HK	G	en.wwfchina.org	A B C of wetland nature reserves has grown to 262, with an area of 16 million ha protected. China joined the International Convention on Wetlands on July 31, 1992 and
677	1160109	HK	G	wangyujian.com	A B C and sizes are not cast in stone and household members adapt to circumstances pro-actively. HA policies are simply part of the calculus to which they will adapt themselves. This
678	3813604	HK	B	tripntale.com	A B C holiday did not want a picture of the Pagoda but a picture of Kay! Ha - much to Kay's delight, we all know how much she loves to
679	1814032	HK	G	blogs.wsj.com	A B C USA can not afford to import more from the rest of us. POOR! Ha Ha With 43.6 million people living in a state of penury in USA, 108
680	1149672	HK	G	info.gov.hk	A B C of individual MSSUs. # Currently, the majority of SWD's MSSUs attached to HA have interview rooms, while the rest may use independent offices of MSWs or dedicated
681	3813604	HK	B	tripntale.com	A B C and decision! The climb was extremely steep, extremely difficult and extremely sweaty! Ha To make matters worse we had to follow the' path' to the top
682	1815630	HK	G	...esc.serversys852.com	A B C to their face that they can talk to and nobody will get hurt ever Ha ha ha ha ha, I think torches to rome (ralowe has a fake whiteboy
683	1150435	HK	G	janegoodall.org.hk	A B C as mine horrors they had witnessed and those they might be yet reserved for Ha ha ha! I wish one of you outward show of grief bottle to his Discount
684	1150422	HK	G	janegoodall.org.hk	A B C master good face upon it. Where it comes from free you are sir. Ha ha ha! And stopped to let them suppose sir retorted of last night and
685	1152022	HK	G	lungfushan.com	A B C of Hoi Ha " was founded by David and Nicola Newbery, residents of Hoi Ha village since 1996. They have been very active and courageous in championing these causes
686	3809934	HK	B	distxiaaoa.com	A B C is well high history sports meeting only once, no rain, ha ha ha ha imperceptibly, and thought of my high school life. The study atmosphere is very
687	1152422	HK	G	maxdesign.com.hk	A B C public but is saw a record of writing for acquainting with. # " Ha ha , congratulate you on first can arrive at here, since you can attain here
688	1153762	HK	G	pacificprime.com	A B C . Clichs aside, a study carried out in Budapest discovered some rather amusing ( ha ha) results. After tracking 54,000 participants for 7 years, researchers found that
689	1819413	HK	G	info.gov.hk	A B C has been enshrined in the Housing Ordinance. It provides an objective basis for the HA to determine when and to what extent the PRH rent should be adjusted upwards or
690	1820503	HK	G	pland.gov.hk	A B C # In industrial, industrial-office, business and commercial areas, the standard is 5 ha per 100 000 workers (i.e. 0.5m 2 per worker) # 1.9 # Ratio
691	3813633	HK	B	ugghot.org	A B C ah! **28;159138;TOOLONG who make a bet right. if she would retain **27;159168;TOOLONG confession ha . kidding.. This count sort bet brats uggsuedeboots in the end to grind
692	1130160	HK	G	gwulo.com	A B C by email to mention Ha and Sheung Keng Hau Villages. One way to translate Ha and Sheung is " lower " and " upper ", but from the map
693	1145859	HK	G	gov.hk	A B C in the management of healthcare services since the 1990s. After the establishment of the HA , he participated in and was responsible for, co-ordinating the operational management of services
694	1815751	HK	G	sc.afcd.gov.hk	A B C # 6.2 A participant reflected that he has tried to report smuggling activities in Hoi Ha Marine Parks at one incident but could not connect to mobile phone network in the
695	3580181	HK	B	ast3g.com	A B C of productivity in China... Turkey and Brarizonail is over 1 tonne / ha .. of... while in India it is only wismost 0.3 tonne /
696	1140376	HK	G	chinadailyapac.com	A B C percent said the vacancies had not been filled or were only partly filled. The HA says around 80 nurses leave their jobs every month. # According to Lee it
697	1149628	HK	G	info.gov.hk	A B C Departments under HA are at Annex 1. # As for non-urgent cases, the HA overall average waiting time in 2011-12 (April to December) was 101 minutes,
698	1821655	HK	G	thebeatles.com.hk	A B C laugh we hope. (Ha ha ha!) Big laugh, ha ha ha , yeah, it'll be a big laugh. (Be a big laugh
699	1819869	HK	G	legislation.gov.hk	A B C fees, duties and drawback; (Replaced 66 of 1986 s. 6) ( ha ) the refund of duty- # (i) on duty-paid goods used in the
700	1128689	HK	G	en.eywedu.net	A B C saw the travelling ghosts? It's all true? it all happened? Ha ha ha?' Really? for a man who hadn't laughed for so many
701	1815703	HK	G	...rdpeters.typepad.com	A B C and the nearest public toilet is half-a mile away from the village beside the Hoi Ha Road. Instead, this village is a small, vulnerable and fragile remnant of
702	1816378	HK	G	afcd.gov.hk	A B C 7 of the Wilson Trail leads from the Shing Mun main dam to Yuen Tun Ha . If you are looking for an unchallenging scenic route, this is not a
703	1815526	HK	G	oof.cc	A B C beforehand anything whatsomdever about my first chap that I hadn'tchose to tell, I'd ha ' knocked him down wi' the rolling-pin - a scram littlefeller like he!
704	3813604	HK	B	tripntale.com	A B C do nt think I can include Kay &; me in that bracket just yet! Ha We went in and had a curry with rice, there was no one staying
705	3583936	HK	B	joyceyland.com	A B C -- offering a welcome alternative to the usual U.S.- or Euro-dominated world media. # Ha ! I love " strong turbulence. " Makes me think of what happens when
706	1154153	HK	G	pland.gov.hk	A B C features, evident at places such as Sai Wan, Pak Tam Chung and Hoi Ha as well as in numerous other lesser examples, is particularly characteristic of the SENT
707	1149753	HK	G	info.gov.hk	A B C drug-related adverse effect was suspected, " a DH spokesman revealed. # " The HA 's laboratory test on the product sample showed the presence of two undeclared and banned
708	1819413	HK	G	info.gov.hk	A B C material costs and the volatility in financial markets are certainly a potential threat to the HA 's expenditures and investment returns. The increasing demand for PRH and the associated financial
709	1149715	HK	G	info.gov.hk	A B C the continuous effort of the Authority to enhance its transparency and public accountability. The HA Board holds meetings at regular intervals to discuss major health policy issues which have an
710	3813604	HK	B	tripntale.com	A B C did it and whilst wearing her Roman Sandles as she keeps proudly telling me! Ha Once at the top we could easily see why people make their way here,
711	3586328	HK	B	thaiworldview.com	A B C . # Lam Tsuen's wishing tree # M any tourists have moved to Hang Ha Po after being barred from throwing wishing placards on the old banyan. # When
712	1145859	HK	G	gov.hk	A B C and then Director (Professional Services &; Human Resources) of the Hospital Authority ( HA ). He received a Fellowship from the Royal College of Surgeons of Edinburgh,
713	3583606	HK	B	info.gov.hk	A B C needs of the eligible group. The Subsidised Housing Committee of the Housing Authority ( HA ) endorsed in September the implementation details after taking into account the different views in
714	1157245	HK	G	shigeku.com	A B C After so many smears, you want to wash it off with a laugh. Ha ha, you say. So what if it's a meltdown? Last lines
715	1149663	HK	G	info.gov.hk	A B C Authority: # Members of the public are invited to attend the Hospital Authority ( HA ) Board Meeting to be held on June 28 (Thursday) at 3.45pm.
716	1127771	HK	G	chinawaterrisk.org	A B C regions nationwide. Indeed, in China, drough t affects on average 15.3 million ha every year, corresponding to nearly 13 percent of the total farming area. 19
717	1815630	HK	G	...esc.serversys852.com	A B C that they can talk to and nobody will get hurt ever Ha ha ha ha ha , I think torches to rome (ralowe has a fake whiteboy on gay.com he
718	1149672	HK	G	info.gov.hk	A B C use of rooms so as to protect the privacy of service users. SWD and HA will continue to closely monitor the situation with a view to enhancing the interview facilities
719	1145946	HK	G	gov.hk	A B C Vehicles without closed road permits have to return to Tuen Mun or Yuen Long via Ha Tsuen Interchange. Check below for the map showing the traffic arrangements at Shenzhen Bay
720	1152431	HK	G	maxdesign.com.hk	A B C to be all right, lead meeting I will accept to # walk, ha ha . " # Square the Sa Si is self-confidence very much, at the beginning
721	3577799	HK	B	sites.cdnis.edu.hk	A B C , but don't think it will happen, obviously I am kidding, ha ha . Forgot to tell you, but it just so perfect that pajama day is
722	1141770	HK	G	classifiedpost.com	A B C transfer theoretical knowledge of gerontology into practice, " she adds. # Professor Amy Ha , chairperson of the department of sports science and physical education under the faculty of
723	1815701	HK	G	...rdpeters.typepad.com	A B C have even celebrated this fun-packed event here in the little Anglo-Dutch enclave of Ko Tong Ha Yeung! # Of course, other religions also have winter festivities at this time
724	1129042	HK	G	en.wwfchina.org	A B C the establishment of 62 giant panda nature reserves, the protection of over 1.64 million ha of wetlands through the Yangtze Basin wetland conservation network, and the certification of close
725	3587409	HK	B	yogawithneelam.com	A B C # The name' Hatha' is made up of two Sanskrit roots:' ha ', which means the sun, and' tha' which means the moon
726	1819415	HK	G	info.gov.hk	A B C the time-being before a detailed investigation has been completed. At the Hospital Authority ( HA ) level, the HA has established a cross-departmental and cross-clusters committee to look at
727	1150437	HK	G	janegoodall.org.hk	A B C and exhausted with at the same time from their seats and. As he said ha ha! You are this House are all shoulders in an impossible stones were thrown
728	3584909	HK	B	ocard.info	A B C market is growing, many Chibidaigou citizens turnedRent a house; as the field to ha staff to focus back to the city, also make our city housing rental market
729	1148739	HK	G	...singauthority.gov.hk	A B C in studying the possible use of RA in HA's building structures. # The HA study on RAC # Before RAC can be generally used, a number of technical
730	1141770	HK	G	classifiedpost.com	A B C to have a better understanding of health issues will be the focus, " says Ha , adding that the programme is characterised by two closely linked areas: exercise science
731	1149629	HK	G	info.gov.hk	A B C practitioners and ultrasound pregnancy images which do not belong to the pregnant women themselves. HA will refer these cases to the Police for follow-up actions. Between July 2011 and
732	1160984	HK	G	yingyudaxue.com	A B C snakes out of Ireland they swam to New York and joined the police force! Ha ! (He cackles insultingly.) Bejees, we can believe it now when
733	3579206	HK	B	wetravelworld.com	A B C and not just being a Cairns reprobate, getting drunk and schmoozing pretty women, HA ! He drove us up to meet his Mum (who, I might add
734	3813604	HK	B	tripntale.com	A B C not resemble the chicken I eat so much of at home, one bit! Ha On the way back to our hostel we stopped off at a local bar for
735	1135239	HK	G	...conditionproject.com	A B C PM HKT # Final indulgence.... and I am not happy about it! ha ha ! But this time it will be a simple home cooked meal- Saturday lunch!
736	1819413	HK	G	info.gov.hk	A B C HA was given the task to implement the New HOS. As always, the HA is supportive to the Government's housing policy and will take forward the tasks given
737	1815703	HK	G	...rdpeters.typepad.com	A B C (Tam Chai Shan???) brooding away over the bay at Hoi Ha (???) and the old, sleepy, picturesque village of Pak
738	1141770	HK	G	classifiedpost.com	A B C prescribed physical activities, as well as theories and strategies for health promotion, adds Ha . # Professor Sunny Kwong, associate dean of education at the faculty of social
739	1160109	HK	G	wangyujian.com	A B C of Mongkok over Apleichau must be greater than $4,000. Since the subsidy that the HA provided is $5,000 therefore the benefit received by the tenant must be less than $1,000=$5,000-$4,000
740	1819413	HK	G	info.gov.hk	A B C under the existing legislation by way of mitigation measures. This provides flexibility for the HA to introduce relief measures to tenants in response to prevailing circumstances as it sees fit
741	3576615	HK	B	...kwoodphotography.com	A B C Elise got married for the 2nd time and Simon &; I had to witness. ha ! We then made out way up to the Peak to take more photos of
742	1148763	HK	G	hrichina.org	A B C Nobel Committee, endorsed by other writers including Salman Rushdie, Ian Buruma, and Ha Jin.) In reaction, the spokesman for the Chinese Foreign Ministry was quoted
743	3574588	HK	B	frenchhk.com	A B C . I knew you love hiking, i would like to suggest you go Hoi Ha Wan in Sai Kung where have our marine park. It is a good place
744	3583775	HK	B	jasonbonvivant.com	A B C " tricky " rounding crosses the line. Can it be a system error? HA ! I think it is a client requested system specification if you ask me!
745	1161408	HK	G	zhongnanhaiblog.com	A B C 's already large population of people, basically reshaping Hong Kong's originality. # ha ... seems like the article is getting the attention from different generations of HK-born.
746	1147035	HK	G	hkeld.com	A B C confirm this, l have two massive wrinkles all around my mouth from laughing! Ha ! # 5. What was the best show you EVER saw? # My
747	3813604	HK	B	tripntale.com	A B C after our 7 hour bike trip (even if our bums were pretty sore! Ha !). # Much better day today - today I like China - I
748	1139993	HK	G	china-satellite.org	A B C # The Forbidden City is the world's largest surviving palace complex and covers 72 ha . It is a rectangle 961 metres (3,150 ft) from north to south
749	1160109	HK	G	wangyujian.com	A B C $1,000 per month. # He would, however, be much happier if the HA would allow him to sub-lease his Apleichau unit on the open market for $6,000 per
750	1160106	HK	G	wangyujian.com	A B C because these policies centered on accommodating the internal concerns of the HA. While the HA wanted to shorten the queuing time for those on the Waiting List, it was
751	3571715	HK	B	0760c.com	A B C voice samples and choosing key regional accents to analyze, and International Program Manager Linne Ha is clearly very appreciative of the Google users who helped the company complete the expansion
752	1146035	HK	G	greenpower.org.hk	A B C build small houses. In recent months, a large-scale village housing estate emerged at Ha Tam Shui Hang. The situation is similar to Lam Tsuen, Tai Po;
753	1131464	HK	G	...ongkong.asiaxpat.com	A B C why do you ask such questions?? of course he is cheating!! ha ha girls, you like guys like this, pilot, successful manager, but
754	1137043	HK	G	aeghk.com	A B C ##1137043 # Media center <Newest tendency <Cecilia Cheung Donnie Yen for the first time ha ... Cecilia Cheung Donnie Yen for the first time hand in hand " husband
755	1135239	HK	G	...conditionproject.com	A B C the list of things that will no longer be required by me!!! ha ha! Instant noodles with that dreaded masala.... god knows whats in there!
756	1129032	HK	G	en.wwfchina.org	A B C Forest Certification in China was established in May 2001. China now has 1.4 million ha forests certified by The Forest Stewardship Council (FSC). In addition, over
757	1819413	HK	G	info.gov.hk	A B C linkages, in particular between different levels within estates situated on hill slopes. The HA is committed to enhancing the pedestrian access in PRH estates as necessary to cater for
758	3813604	HK	B	tripntale.com	A B C choice insists I have to eat with chopsticks, then im in trouble!! Ha # 05/05/2011 &; 06/05/2011 # On the spur of the moment type of thought we
759	1137560	HK	G	animalsasia.org	A B C Executive Director Annie Mather and Vietnam Director Tuan Bendixsen recently took a field trip to Ha Tay province, adjoining Hanoi? an area notorious for its bear farms, ranging
760	3585534	HK	B	robroad.com	A B C , Yangtze River and Pearl River five is China and Central North-South transportation artery. Ha line # Beijing. At Beijing, Tianjin, Hebei, Liaoning, Jilin and
761	1129036	HK	G	en.wwfchina.org	A B C million people in this region. # Wetland and Dolphin Protection Network for 2 Million Ha of Habitat # Over the past nearly 10 years, cooperating with Chinese governments and
762	3573376	HK	B	chinaleftreview.org	A B C output of grain. He told them it was 500 jin per mu 250 kg/0.067 ha or 3.75 t/ha. They turned him away saying, " No, that's
763	3585927	HK	B	sjlywh.com	A B C , if if cold will not DETAIL be so cold will be like! Ha ha that's Oh, now we quickly! You see if cold agreed well,
764	1138045	HK	G	asiaworld-expo.com	A B C witness the success of the Hong Kong Jewellery and Gem Fair, " remarked Allen Ha , Chief Executive Officer, AsiaWorld-Expo Management Limited. " This mammoth Fair along with
765	3577107	HK	B	...etlips.wordpress.com	A B C area has also been turned into a nullah through massive reclamation and between Lok Lo Ha and the new coastline lies the flyover we've just walked across, an huge
766	3584418	HK	B	maxdesign.com.hk	A B C out person: " Feed! Money is paid by you! Ha ha ha ha that just- come out person also nike air max wildwood run before going toward,
767	3577099	HK	B	...etlips.wordpress.com	A B C future. Can some of these total nutters I mean' Super Fans' ha ha please post some pics or video from their visits to the studios... They will
768	1149715	HK	G	info.gov.hk	A B C Board Meeting to be held on September 27 (Thursday) at 3.30pm. # HA Board Meetings have been open to members of the public since 1998 to demonstrate the
769	1133073	HK	G	...tus.buddhistdoor.com	A B C to buy anything at all? Where are those Air Jordan 11 Retro Concords? Ha . Is NIKE more important and desirable than say an Adidas, or a Converse
770	1141086	HK	G	chinatibettravel.net	A B C construction started in 40s of the 18th century, covering a floor space of 46 ha . The whole park has more than 370 rooms of different sizes, and lawns
771	1127793	HK	G	...nesefriendfinder.com	A B C . Even he asked me to talk about him when I call my mom. Ha !!! He said he would treat my son like a father. He
772	1820438	HK	G	...storalcareschool.org	A B C quit relying on my own mental capacity of ability (which is very limited, ha ha). I have faith that in following God and putting Him first,
773	1820713	HK	G	samhuiwun.com	A B C I love you best / It's not something that I say in jest ( ha ha) /' Cause you're different, girl, from all the rest
774	1154863	HK	G	review33.com	A B C any old guys still remember DOS command?,???, 11-28 00:20:06 ha ha
775	1158980	HK	G	thestandard.com.hk	A B C months in fast food outlets and a variety of other dining establishments. # Karen Ha # Monday, June 11, 2012 # Diners spent HK$7 billion an average every
776	3813604	HK	B	tripntale.com	A B C our backpack the whole way (oh the joys of travelling with your boyfriend! Ha !) which weighed a fair bit - which cheered him up as he then
777	3813604	HK	B	tripntale.com	A B C - today I like China - I don't want to go home anymore! Ha ! # 25/04/2011 # After a day on the bikes yesterday both Kay &; myslef
778	1135168	HK	G	...conditionproject.com	A B C relevant and timely. I almost thought at times you guys were prophetic. Ha ha ... # So with that, good bye everyone. It enjoyed sharing 3 months
779	1140376	HK	G	chinadailyapac.com	A B C supported by their employer, then they leave, " she said. # The HA has publicly acknowledged the shortage of nurses which it estimates at around 1,200 currently.
780	1145859	HK	G	gov.hk	A B C services for hospitals under the HA. In late 2004, Dr Ko left the HA and subsequently took up clinical work again, and has held the posts of Chairman
781	1135269	HK	G	...conditionproject.com	A B C birthday! It almost makes me excited to get there in about 2 months! ha Anyway, whether you know it or not you were a very instrumental influence for
782	3584418	HK	B	maxdesign.com.hk	A B C just- come out person: " Feed! Money is paid by you! Ha ha ha ha that just- come out person also nike air max wildwood run before going
783	1820058	HK	G	maxdesign.com.hk	A B C by this time- # " Not, impossible, I am the strongest of, ha ha, ha ha ha. " A side resides the inside household skin Ai
784	1150456	HK	G	janegoodall.org.hk	A B C and when the chimes cried Hugh starting up a high free spirit. Ha ha ha ! Barnaby growth of the seed from his servant's hand his hand in deprecation
785	3572123	HK	B	b.tvb.com	A B C beautiful Lady HA (Rebecca Chan) to be the West queen. When Lady HA knew that she and Lady CHUNG are destined to be enemy, she decides to
786	3573820	HK	B	dimsum-hk.com	A B C strippers, who would otherwise go without work if not for their novelty.' Ha . But of course, the term goes way back to the early 1800s and
787	1130567	HK	G	hk.asia-city.com	A B C bed a seductive sylph like yourself. Cold, judging eyes turn on you. Ha ! They're just jealous, because you are FABULOUS, dahling. By your
788	1126091	HK	G	...07.tibetmagazine.net	A B C ) above that is a symbol of the realm of subtle form. The letter Ha (blue color) above that is a symbol of the formless realm. These
789	3575416	HK	B	...ongkong.asiaxpat.com	A B C TO PRODUCE - IT WILL BE ILLEGAL FOR US TO DO SO. " Ha Ha - File closed - no more costs to be incurred by the Police Dept or
790	3811363	HK	B	triar42.xp3.biz	A B C . ugg 2012 are common reconciled to it now... ugg hope? ha said I. uggs your footwear remarked thinside my mother... though she smiled
791	1135239	HK	G	...conditionproject.com	A B C list of things that will no longer be required by me!!! ha ha ! Instant noodles with that dreaded masala.... god knows whats in there!...
792	3579836	HK	B	alivenotdead.com	A B C up homework, perhaps Lisa will chase you to look after of very good, ha ha # Oh dear... the last time i saw you skateboarding and i thought
793	3582836	HK	B	guofengchem.com	A B C to have the same view really, we also hope to see northeast snow, ha ! Regrettablly today's Shenyang colourful this world is illuminated high, without implementation he
794	3811838	HK	B	...andhealthreviews.com	A B C magic device. Want more treasure, to see friends of his ability. Ha ha , that! As for the quenching crystal tiles. In six feet under believe
795	1154154	HK	G	pland.gov.hk	A B C Reserve (Cape D'Aguilar). They cover a total marine area of 2 430 ha . The establishment of Marine Parks and Marine Reserve is to protect and manage ecologically
796	1135239	HK	G	...conditionproject.com	A B C PCP.... and create an impression that I am not longer on the program! ha ha! March 27, 2012 11:03 PM HKT # Touched my magic number
797	1148739	HK	G	...singauthority.gov.hk	A B C were also suitably chosen to match the parameters of normal concrete mixes currently used in HA projects. # RA used in the trial was supplied by the recycling plant at
798	1135290	HK	G	...conditionproject.com	A B C to get anyones congratulations (although please feel free to tell me...... ha ha ha ), I say it because the feeling of happiness one gets when we know
799	1819413	HK	G	info.gov.hk	A B C one thing absolutely clear: my colleagues in HD and I will faithfully serve the HA as always and work at full strength and dedication to implement the policies set by
800	1822058	HK	G	wangyujian.com	A B C public housing blocks for affected households. # If Hong Kong's Housing Authority ( HA ) did not require exorbitant payments for the land premium on HOS units, then
801	1140376	HK	G	chinadailyapac.com	A B C The Association of Hong Kong Nursing Staff's Joseph Lee is worried that if the HA is not successful in attracting and retaining good nurses in the long-term, quality of
802	3584909	HK	B	ocard.info	A B C office workers. In addition, the university graduates to find a job and initial ha work rental crowd also accounted for a certain proportion. At present, the rental
803	1819413	HK	G	info.gov.hk	A B C blocks. # Let me just recap the current situation. In 2011, the HA refined its policy on redevelopment of aged PRH estates to further incorporate key elements when
804	1147282	HK	G	hkexpats.com	A B C it all to the govt. there is no need to right a will. Ha ha ha. But seriously, a person is said to have died intestate when they
805	3584544	HK	B	meilianditan.com	A B C summer, right? Zhou Minjun asked. <br> Love or not love me. Ha ha, Smano could not help laughing out loud, you really drink too much
806	1152025	HK	G	lunwen126.com	A B C # ? 2? Do you mean funny, peculiar, or funny, ha ha ? # ? 3? He helped many young writers to find themselves and then
807	1149628	HK	G	info.gov.hk	A B C surge in service demand during this period. Various contingency measures have been implemented at HA hospitals, including provision of additional beds; increase of manpower through provision of special
808	1132539	HK	G	lccmw.com	A B C 23 years old weighs home the first. Boiler hill Asia Game and much 2006 Ha Yayun were met 2002, ding Junhui takes below 4 gold for Chinese team in
809	1148739	HK	G	...singauthority.gov.hk	A B C With more confidence gained in the quality of the RA, the Housing Authority ( HA ) further looks into the possibility of extending the use of RA in structural concrete
810	3572007	HK	B	...thefart.blogspot.com	A B C , 1 Sok and 1 Chen (Mau Gung), is called Ng Fu Ha San (???? " Five Tigers Emerge from the Mountain ")
811	1816312	HK	G	8five2.com	A B C out before the premiere, the street no of the restaurant is no. 852! Ha ! Matt Milligan was the first one to holla at me! Awesome seeing this
812	1150283	HK	G	islam.org.hk	A B C and remember You much, for You are watching us. " (Surah Ta Ha : 25-35) # Those who remember Allah, standing, sitting and lying on
813	1135062	HK	G	...conditionproject.com	A B C not possible, no more fat finger since some time already... h ah ah ha ah a!!! have a good day all!!; -)
814	3813604	HK	B	tripntale.com	A B C new found respect for moutaineers climbing Everest - they can have my sponsorship anyday! Ha !). To console ourselves we decided that if we are finding it tough
815	1135239	HK	G	...conditionproject.com	A B C advantages- you have a lot of time to think and write boring blogs! ha ha ! I mentally went through my kitchen closet and the list of things that will
816	1819413	HK	G	info.gov.hk	A B C Managing the demand for PRH # As you know, the major task of the HA is to develop and implement Hong Kong's public housing programme, and to provide
817	3813604	HK	B	tripntale.com	A B C taken me a trip across the world and to China to suddenly notice it! Ha And then onto our local shop for a snickers before we felt satisfied! Ha
818	3811504	HK	B	...ng-on-sale.ss278.com	A B C : " you use what up? Answer: " " father with a ha ha Cola pie, smashing And cruel rabbit gall bladder training as practice love! "
819	1159761	HK	G	urbandiscovery.asia	A B C Industry and Tafe South Australia Corporate Training Program with a degree of Business Administration. Ha enjoys travelling around the country. In her free time, she likes exploring a
820	3583614	HK	B	info.gov.hk	A B C " Hong Kong Hospice Service Programme, a collaboration programme between the Hospital Authority ( HA ) and the Li Ka Shing Foundation (LKSF), was opened in Hong
821	3587813	HK	B	...winmuminhongkong.com	A B C next week when I'm doing a Detox (yes, me, detox. Ha bloody ha). I'll just let them run around naked in the apartment
822	1153597	HK	G	openrice.com	A B C afternoon tea, instead, it only accepts first come first serve by walking-in ( Ha ! Very haughty!). It starts its' first come first serve'
823	1815526	HK	G	oof.cc	A B C agreed Izz. # She must have seen what he was after, and should ha ' refused him,' cried Retty spasmodically. # And what do you say
824	3584818	HK	B	nikezoom.net	A B C you want the conditions before they agree to let Qian Feng and his family? Ha ha ha...... Hin January Shuangsushuangfei, there will be no opportunity to the tragic
825	3573549	HK	B	comedy.hk	A B C as competing against it, " says Michael Dorsher, co-organizer of the Brew Ha Ha nights and the founder fo www.comedy.hk. # In response to TakeOut's restrictions,
826	3574213	HK	B	en.prnasia.com	A B C story tomorrow. # Reilley: Or post drunk photos to your Facebook page! Ha ! # comminternships : One issue I'm finding in the classroom is students are
827	1150435	HK	G	janegoodall.org.hk	A B C mine horrors they had witnessed and those they might be yet reserved for Ha ha ha ! I wish one of you outward show of grief bottle to his Discount Cialis
828	1820007	HK	G	manulife.com.hk	A B C . " Blanche, what would you suggest? " " Well... ha, ha ... er... " I stammered, with a nervous laugh. Oh, Blanche
829	1152022	HK	G	lungfushan.com	A B C in relation to water pollution control. The EPD avoids the issues, ignores Hoi Ha Wan's status as a SSSI and, apparently, considers that effluent discharged via
830	1150106	HK	G	ir-airtec.com	A B C , I do not know of all thought he is my male friends Friend? Ha , ha, ha, should it. You are my best friends. Dan
831	1815630	HK	G	...esc.serversys852.com	A B C bought a sampler the same day Hong Kong Pants Song! Ha ha ha ha ha ha ha ha # Our dragon Our african american thar be Straight on non-american protocol
832	1152022	HK	G	lungfushan.com	A B C eco-eduction community. But that is for another time! # Unfortunately Friends of Hoi Ha are part of the problem at Hoi Ha -- they are not, in their
833	1819413	HK	G	info.gov.hk	A B C this point. I must point out that the current mechanism was established by the HA after lengthy deliberation and extensive consultation and has been enshrined in the Housing Ordinance.
834	3573549	HK	B	comedy.hk	A B C ensure there would be no conflicts among its English-language comedians. unfortunately, after Brew Ha Ha 's first event, TakeOut stopped its monthly Cantonese show. " We were then
835	1154864	HK	G	review33.com	A B C any old guys still remember DOS command?,???, 11-28 00:20:06 ha ha # Try robocopy, it can sync and much faster! any old guys
836	1820058	HK	G	maxdesign.com.hk	A B C to completely sink into the person in the dreamland. # " Ha ha, ha ha ha. " Skin Ai the Er Be crazy to smile to go straight
837	3813604	HK	B	tripntale.com	A B C with no door and almost no walls - I'm not quite there yet! Ha !) We snacked on some stall food - a nice bit of fresh pineapple
838	1137485	HK	G	animalsasia.org	A B C were once held captive on the island, which is a popular tourist destination in Ha Long Bay, but thanks to the efforts of one man, all have now
839	1158794	HK	G	thestandard.com.hk	A B C job in my home country. " # There, in San Sang Tsuen and Ha Tsuen, abandoned pig farms have been transformed - illegally, as you'd expect
840	1135168	HK	G	...conditionproject.com	A B C eating post PCP - tofu, bean sprouts (kong namul) and kimchi. Ha ha, I sound like such a Korean dork. I was tempted to buy
841	3577137	HK	B	...ch.replicagarden.com	A B C Dong B when the class educator, aboard Wednesday p.m. when a holiday like ha ha , we either ran out apt melodrama every period, before we difficulty entire daytime
842	1132961	HK	G	mp3.baidu.com	A B C our stride, one foot in front of the other. ahhh, ha, ha , ha, ha. hey!
843	1149753	HK	G	info.gov.hk	A B C . # The appeal followed DH's receipt of notification from the Hospital Authority ( HA ) about a 19-year-old female patient who had a history of consuming the above slimming
844	3813604	HK	B	tripntale.com	A B C old! Ha - As a kid you would never worry about such things! Ha Once safely off the chair lift we made are way back to our hostel,
845	1819413	HK	G	info.gov.hk	A B C basis on which we formulate and maintain our AWT target. # According to the HA 's latest Public Housing Construction Programme (PHCP), which is rolled forward on
846	1149715	HK	G	info.gov.hk	A B C and functions of the HA Board as well as the operation and services of the HA and its hospitals. # The HA Board will discuss the following agenda items at
847	3813604	HK	B	tripntale.com	A B C challenging trek ahead (to be completed yet again in sandals on my part! Ha !). After a little confusion over where the trail actually began - we
848	1135239	HK	G	...conditionproject.com	A B C ..... one day of indulgence.... but this time a home cooked meal! ha ha !.... and then on to the maintenance diet and an exercise routine.... I
849	1152411	HK	G	maxdesign.com.hk	A B C waits a person face up take to shockedly make a noise. # " Ha ha , I this handle ice sword, be named dream to work properly, is
850	1152022	HK	G	lungfushan.com	A B C may ask, are the departments which are tasked by the community to protect Hoi Ha Wan? Where are the EPD and the AFCD? Several years ago, there
851	3575485	HK	B	...ongkong.geoexpat.com	A B C to doss on a beach in Cambodia for a few days for Christmas. # Ha - us too!! OP, you might find more people around than you
852	1154863	HK	G	review33.com	A B C old guys still remember DOS command?,???, 11-28 00:20:06 ha ha
853	1815701	HK	G	...rdpeters.typepad.com	A B C see how it got on. What was happening to the house in Ko Tong Ha Yeung? Would we like to rent it -of course! Thus, from having
854	1152022	HK	G	lungfushan.com	A B C laws in place under the Water Pollution Control Ordinance to protect the waters of Hoi Ha Wan. These laws provide that there should be no sewage discharge within 30 metres
855	1150456	HK	G	janegoodall.org.hk	A B C gipsy and when the chimes cried Hugh starting up a high free spirit. Ha ha ha! Barnaby growth of the seed from his servant's hand his hand in
856	3813604	HK	B	tripntale.com	A B C suprised how shaky we were on it - I couldn't even steer properly! Ha ! After a bit of practice it seemed to come back to us and we
857	1149628	HK	G	info.gov.hk	A B C system. The performance pledges and the actual performance of the A &E; Departments under HA are at Annex 1. # As for non-urgent cases, the HA overall average
858	1152411	HK	G	maxdesign.com.hk	A B C Renault waits a person face up take to shockedly make a noise. # " Ha ha, I this handle ice sword, be named dream to work properly,
859	3813604	HK	B	tripntale.com	A B C good to have something to tap our foot to as we played American Rummy! Ha Once sandwhich and toe tapping finished we made our way to the near by park
860	3587331	HK	B	yesasia.com	A B C series Happy Together, which featured an all-star cast featuring Song Seung Heon, Kim Ha Neul, and future My Sassy Girl favorites Jeon Ji Hyun and Chae Tae Hyun
861	1154154	HK	G	pland.gov.hk	A B C 24 Country Parks (43 394 ha) and 17 Special Areas (1 762 ha ), 6 of which (610 ha) are outside Country Parks. The
862	1146803	HK	G	hkbws.org.hk	A B C on the small island (A Chau) on the southwestern side of Yim Tso Ha and Starling Inlet. The view is spectacular. On the other side of the
863	1153219	HK	G	nohodrink.com.hk	A B C posting I was out enjoying all the fruits of a virtually pain free day! Ha ... Had a good if not quite biblical session last night, plenty of white
864	1817083	HK	G	china-holiday.com	A B C at the beginning means: Shock comes-oh, oh! Then follow laughing words-ha, ha ! Good fortune. The fear and trembling engendered by shock come to an individual
865	1815701	HK	G	...rdpeters.typepad.com	A B C (Tam Chai Shan???) brooding away over the bay at Hoi Ha (???) and the old, sleepy, picturesque village of Pak
866	3813604	HK	B	tripntale.com	A B C there - I didn't want to risk any other encounters of that kind! Ha ! (Plus I could see Ollie was getting too tired cycling up the hill
867	1819599	HK	G	janegoodall.org.hk	A B C thrust back his seemed to pervade them a better C ialis of. Ha ha ha ! laughed Hugh waving one arm..
868	1142352	HK	G	colossi.cc	A B C no place here. Behave like at Grandma's! # 6-Be predictable: simple ha ? # 7-Understand the track marks: Read the guide below or approach the coordinator
869	1135359	HK	G	...conditionproject.com	A B C , and thanks guys, I just need to get my head around it! Ha ! Just had a bad morning.. not feeling so bad tonight. Did my
870	3579179	HK	B	wetravelworld.com	A B C babies, a common misconception but cute pure dingo pups Kangaroo close-up Koala antics HA HA HA. Captions in the comments please.... Local wildlife This lot are behaving themselves
871	3813604	HK	B	tripntale.com	A B C it always really interested &; takes the pressure off of us for a little! Ha ! It turned out that the two guys sat next to Ollie could speak pretty
872	1135062	HK	G	...conditionproject.com	A B C potential coming failures! July 13, 2012 3:48 AM HKT # Ah hha ha h ah ha h ah.... did not get the until today to watch out
873	3810931	HK	B	...rdpeters.typepad.com	A B C have even celebrated this fun-packed event here in the little Anglo-Dutch enclave of Ko Tong Ha Yeung! # Of course, other religions also have winter festivities at this time
874	1141678	HK	G	cityu.edu.hk	A B C PowerPoint about OSH. The PowerPoint covered a lot of short questions for training the HA staff to join the OSH competition which was organized by the Hospital Authority to promote
875	1152022	HK	G	lungfushan.com	A B C high degree of protection. But all is not well in arcadia. # Hoi Ha Wan # Corals are extremely sensitive to water quality, and it is no surprise
876	1815701	HK	G	...rdpeters.typepad.com	A B C to offer. The weekends are very busy with the walkers hiking off to Hoi Ha , but just off the beaten path is, to my mind, some of
877	3572753	HK	B	blog.think27.com	A B C Of course I'm not planning on going to one anytime soon, though... ha # i love how I knew about this before you posted this from looking at
878	3811504	HK	B	...ng-on-sale.ss278.com	A B C ask: " you use what up? Answer: " " father with a ha ha Cola pie, smashing And cruel rabbit gall bladder training as practice love!
879	1160109	HK	G	wangyujian.com	A B C the HA provided to the tenant is $5,000=$6,000-$1,000 (ignoring other costs of operating the HA 's program). The value of the benefit received by the household can be
880	1820058	HK	G	maxdesign.com.hk	A B C " Not, impossible, I am the strongest of, ha ha, ha ha ha. " A side resides the inside household skin Ai Er in crazy of
881	1133384	HK	G	oof.cc	A B C sturdy anchor held the beast in place: the elephant mold have snuggled with all ha might for a hundred years and never broken the thing. # I couldn't
882	1150422	HK	G	janegoodall.org.hk	A B C good face upon it. Where it comes from free you are sir. Ha ha ha! And stopped to let them suppose sir retorted of last night and if
883	3810315	HK	B	hkhousewife.com	A B C Jin # Also on Krissy's list of recommended books about China: Waiting by Ha Jin. # What I liked about it: # This book went a long
884	3581673	HK	B	dqiedu.com	A B C to start today when has not know Ling, nothing ever happens.Shen Xu: ha ha , you and I, well, you gave me! Jiang Yang did not
885	3580337	HK	B	batgung.com	A B C you can see, there's not a parking space to be found. Ha ha ha! Just look at the dozens of circling cars! Let's talk to
886	1820503	HK	G	pland.gov.hk	A B C volume. Moreover, for each district, a multi-purpose grass pitch of about 1.2 ha is required for sports uses. # (e) # For urban fringe parks
887	3571770	HK	B	2.x34.info	A B C the most happy thing is a life twin, disposable handle many problem, ha ha , there are two
888	3813604	HK	B	tripntale.com	A B C believe in the event of yet more photo exposure as a local Chinese celebrity! Ha So with Kay looking her best and me feeling a bit better we made are
889	3572007	HK	B	...thefart.blogspot.com	A B C the game is drawn. # Scoring If a player wins by producing Ng Fu Ha San before the actual play of the hand, he gets 8 tricks and the
890	1149672	HK	G	info.gov.hk	A B C be fully reflected by the number of hospital beds alone. Therefore, SWD and HA do not take the number of hospital beds as the sole indicator in creating MSW
891	1133344	HK	G	oof.cc	A B C . Mischeevous strangers!' said Stephen, with an anxious smile;' when ha we not heern, I am sure, sin ever we can call to mind
892	1819603	HK	G	janegoodall.org.hk	A B C ##1819604 # Ha ha ha! You very good one not seldom try to hide shoulder no not
893	1820058	HK	G	maxdesign.com.hk	A B C this time- # " Not, impossible, I am the strongest of, ha ha , ha ha ha. " A side resides the inside household skin Ai Er
894	1135239	HK	G	...conditionproject.com	A B C the pictures from last year!... and wow.... couldn't recognize me! ha ha!.... why a year- even three months back.... and I told myself
895	3813604	HK	B	tripntale.com	A B C metres to the Zonghe Temple despite Kay's desire to take the chair lift! Ha - No way, we are travellers on a travellers budget! Ha As expected
896	1150461	HK	G	janegoodall.org.hk	A B C had already sustained in the plunder samplle to the gallows and alone. Ha ha ha ! Don't feathers red coats and escaped the cavalcade they lost no more time
897	1131464	HK	G	...ongkong.asiaxpat.com	A B C it works and make an effort to make yourself attractive and desirable. # HA HA ... he is a PILOT.... why do you ask such questions?? of
898	3576614	HK	B	...kwoodphotography.com	A B C inside. I LOVE IT. we finally have some ppl shots as well. ha ha. # anyways, what a memorable birthday for 2012. thank you to all
899	3813933	HK	B	...ingman.wordpress.com	A B C not, because they need to go to school, but we don't! Ha Ha!! We have term break, so, we may relax, but
900	1815543	HK	G	...etlips.wordpress.com	A B C -- A Guide For The HK-Film Ignoramus Part 2 # Back by popular demand ( ha !) -- and you thought I'd forgotten about it... # Alas no
901	1819600	HK	G	janegoodall.org.hk	A B C however roaring a No-Popery song you I should think countenance cleared up Ay. Ha ha ! Well! orderr being of the company implicitly of course flattering enough into his
902	1149628	HK	G	info.gov.hk	A B C patients seeking consultation at the A &E; departments in various districts last year; if HA has not compiled such statistics, the reasons for that; # (b)
903	1817745	HK	G	csb.gov.hk	A B C In 1996, pristine areas rich in corals and marine life, such as Hoi Ha Wan and Yan Chau Tong were designated as the first marine parks, and Cape
904	1140376	HK	G	chinadailyapac.com	A B C HA. But the problem is many are deterred from working and staying with the HA because of its ridiculous human resources policy. The resignation rate among nurses within the
905	1131464	HK	G	...ongkong.asiaxpat.com	A B C do you ask such questions?? of course he is cheating!! ha ha girls, you like guys like this, pilot, successful manager, but it
906	3573883	HK	B	distxiaaoa.com	A B C the United States of America terrible, they listen to my speech laugh ha ha ha , all of a sudden broken bones, really outrageous, say very exaggerated,
907	1152431	HK	G	maxdesign.com.hk	A B C prepare to be all right, lead meeting I will accept to # walk, ha ha. " # Square the Sa Si is self-confidence very much, at the
908	1153161	HK	G	newsmekong.org	A B C platform between two cars, taking in the view of the rich, alluvial Hong Ha plains. The skies were overcast, putting a depressing pall over the scenery.
909	1822257	HK	G	yesasia.com	A B C his son Stupid Chung who likes wandering in the streets and his gluttonous daughter Fat Ha ; Pico Kat, a lustful winebibber; drug-addict Chuen; an qualified lawyer Master
910	3579389	HK	B	027wuye.com	A B C 49ers agree on new contract brothers at his side.Everywhere permeated with a festive atmosphere. Ha ha, I today is really too happy, to see the ice mysterious married
911	3573549	HK	B	comedy.hk	A B C to ensure there would be no conflicts among its English-language comedians. unfortunately, after Brew Ha Ha's first event, TakeOut stopped its monthly Cantonese show. " We were
912	1133216	HK	G	news.xinhuanet.com	A B C of farming was common. In 1952 the average grain yield per mu (one ha equals 15 mu) was 80 kg and there were only 125 kg of grain
913	3587658	HK	B	zzgjcbs.com	A B C thrown in the past, he also came back, throw yourself it, ha ha ! As a result, finally becomes a street in Cheap Authentic NFL Size 7XL
914	3587634	HK	B	zltzzb.com	A B C ? Or is it? Xu Yu broke off in the middle of expansion. Ha ha, I mean you have to understand.I Thomas to take 2012-13 season off this
915	1160106	HK	G	wangyujian.com	A B C inevitably were constrained to those that would not threaten its pre-eminent role. # The HA also did not want to encourage the circulation of housing between the public and private
916	1137806	HK	G	arirang.com.hk	A B C # JungJong is clear distilled rice liquor, like Japanese sake; Arirang stocks Chung Ha , with 16% a.c. sold in own bottle, to drink cold, as well
917	1143404	HK	G	divethoughts.com	A B C of Hoi Ha Wan on their website. It gives visitors an overview of Hoi Ha Wan and the Marine Life Centre itself, as well as its varied habitat and
918	3813604	HK	B	tripntale.com	A B C Ha I think this is a sure sign that we are slowly getting old! Ha - As a kid you would never worry about such things! Ha Once safely
919	3809821	HK	B	comedy.hk	A B C , yea I have a question. Who are you? " Mario Joyner: Ha ha ha! That's true. # Born Feb 4, 1936, show
920	1140376	HK	G	chinadailyapac.com	A B C go some way to improve the situation, concedes Lee -- but only if the HA also takes positive steps to retain the experienced staff they already have by offering better
921	1154150	HK	G	pland.gov.hk	A B C , provide good visual quality to the environment # Total gross area of about 12.5 ha is sufficient to accommodate high-tech establishments # b) Central Kowloon Tong Garden Estate (
922	1819181	HK	G	houghton.idv.hk	A B C 7 th April 1840 # Two black slave boys were caught stealing potatoes at Mong Ha village on Sunday. The villagers seized them and what has become of them is
923	1819413	HK	G	info.gov.hk	A B C the HA has made on the " hardware " side. In fact, the HA has also devoted much effort to the " software " side of work. We
924	3809340	HK	B	abbyreyes.com	A B C , Club 7-11, where all the cool, rich kids hang out (ha ha ). I'm not much of a party person, but I love hanging
925	1135178	HK	G	...conditionproject.com	A B C so relevant and timely. I almost thought at times you guys were prophetic. Ha ha... # So with that, good bye everyone. It enjoyed sharing 3
926	1140376	HK	G	chinadailyapac.com	A B C enrolled nurses in Hong Kong, of which around 50 percent are working in the HA . But the problem is many are deterred from working and staying with the HA
927	3813408	HK	B	solargd.com	A B C , right? Zhou Minjun asked. <br> Love or not love me. Ha ha , Smano could not help laughing out loud, you really drink too much,
928	1150437	HK	G	janegoodall.org.hk	A B C exhausted with at the same time from their seats and. As he said ha ha ! You are this House are all shoulders in an impossible stones were thrown at
929	1819415	HK	G	info.gov.hk	A B C limited registration is only around 13 to 14. According to my understanding from the HA , this round of recruitment exercise has been completed and they are now reviewing the
930	3812015	HK	B	chinalegalblog.com	A B C they don't want to see a business in a residential area. # Ha ha ! See, this has nothing to do with illegal immigrants coming to steal our
931	3813604	HK	B	tripntale.com	A B C this real mythical and eerie image. Or Jurrasic Park as Kay described it! Ha We stopped and took everyhting in for some time before making are way down the
932	1149672	HK	G	info.gov.hk	A B C related hospitals and clinics, mode of collaboration with health care personnel, development of HA 's new initiatives and service, etc. # (d) The layouts,
933	1821656	HK	G	thebeatles.com.hk	A B C Happy Christmas, happy new year All the best to you from here # Ah ha ! # I'd like to wish everybody Happy Christmas, happy new year From
934	3811996	HK	B	chinadialogue.net	A B C dared write this way. Of course that is partly because of my ability. ha . -Adong # ?? Anonymous 04:39 04.11.2006 ??????
935	3813604	HK	B	tripntale.com	A B C Ha And then onto our local shop for a snickers before we felt satisfied! Ha - So no need to worry at home if we are eating or not!
936	1152411	HK	G	maxdesign.com.hk	A B C . # While wondering in the publics like Renault, etc, suddenly # " Ha ha! " The together thrilling cachinnation voice comes out from those seven colourful simply
937	1815526	HK	G	oof.cc	A B C my gieing a rattling good randy wi' fiddles andbass-viols complete, as we should ha ' done in old times, this was all Icould think o' as a
938	1815703	HK	G	...rdpeters.typepad.com	A B C I therefore amend my report: Send the Fire Brigade to 30, Ko Tong Ha Yeung. Saturday, 23 January 2010 # It may still seem a little
939	1152022	HK	G	lungfushan.com	A B C In response to many such issues, an organisation known as " Friends of Hoi Ha " was founded by David and Nicola Newbery, residents of Hoi Ha village since
940	3813604	HK	B	tripntale.com	A B C had done extremely well, plus more to the point I was KNACKERED!! Ha Once we got back to the chair lift we luckily stumbled across a local who
941	1160106	HK	G	wangyujian.com	A B C enough activity in the HOS secondary market to produce any effect. Plus, the HA had toiled hard to minimize the connectivity between the public and open markets. The
942	3813901	HK	B	zzgjcbs.com	A B C staff wired combat troops can cope with the shortage. Second, reinforcements, m ha last period has introduced catania striker javier Carla is preferred, then giuseppe rossi,
943	1815526	HK	G	oof.cc	A B C if so be you hadn't told us, I am sure we shouldn't ha ' noticedthat ye had been sitting anywhere at all in this light,' replied
944	1820058	HK	G	maxdesign.com.hk	A B C Not, impossible, I am the strongest of, ha ha, ha ha ha . " A side resides the inside household skin Ai Er in crazy of drink
945	1134399	HK	G	sites.cdnis.edu.hk	A B C showed me how to play frisbee, and I learnt some tricks. # Yee Ha ! Just came back from Malaysia 2 days ago! The trip was awesome.
946	1135239	HK	G	...conditionproject.com	A B C want to lose a single minute of the last 3 weeks!!!! ha ha! March 23, 2012 10:40 PM HKT # I am under the
947	1149629	HK	G	info.gov.hk	A B C departments and HA are actively implementing these measures. A review is being conducted by HA on the charge for non-local pregnant women seeking hospital admission through A &E; departments to
948	1149628	HK	G	info.gov.hk	A B C rates so that appropriate manpower can be deployed for providing services. In addition, HA will also continue to call on the public to maintain personal hygiene, receive influenza
949	1154864	HK	G	review33.com	A B C old guys still remember DOS command?,???, 11-28 00:20:06 ha ha # Try robocopy, it can sync and much faster! any old guys still
950	1146035	HK	G	greenpower.org.hk	A B C Sheung Tam Shui Hang the levelling of land has increased by 50%; and in Ha Tam Shui Hang the increase is 20%. It is expected that development of leisure
951	1140376	HK	G	chinadailyapac.com	A B C train healthcare professionals. The way we see it is that if nurses leave the HA and go to private hospitals but still remain in Hong Kong's healthcare system,
952	1140376	HK	G	chinadailyapac.com	A B C affected. # " At the moment the quality of care is still good because HA nurses work hard. But how you can compare the quality of care when you
953	3582643	HK	B	geobaby.com	A B C when you're experiencing intense contractions for hours but not progressing at all, ha ha !!). They didn't try to hurry us along at all.
954	3574908	HK	B	hi.baidu.com	A B C blue ball served very good-looking. Also, this number, I also like, ha ha. " he frowned and asked, " the son of two pieces.
955	1819413	HK	G	info.gov.hk	A B C every effort to expedite the development of housing units as far as possible. # HA to undertake the New HOS # Latest progress of the New HOS # As I
956	1151763	HK	G	linguistics.hku.hk	A B C Sample web-based projects include one on Inuktitut which includes sound files: thanks to Althea Ha for keeping this project on line after graduation. # Q: How many collaborators
957	1132539	HK	G	lccmw.com	A B C 23 years old weighs home the first. Boiler hill Asia Game and much 2006 Ha Yayun were met 2002, ding Junhui takes below 4 gold for Chinese team in
958	1157185	HK	G	...hanquan-membrane.com	A B C t he roofing membrane used and in what applications? 2 A2 Breather roofing membrane ha s been used abroad in construction since the 1970's. Membranes were first Certified
959	3577799	HK	B	sites.cdnis.edu.hk	A B C school, but don't think it will happen, obviously I am kidding, ha ha. Forgot to tell you, but it just so perfect that pajama day
960	1157185	HK	G	...hanquan-membrane.com	A B C ##1157185 Breathable roof ing membrane underplays in cold roofs # Breathable roofing membrane ha s been used in buildings for many years now and, more recently, in
961	1148569	HK	G	hongkongextras.com	A B C from the coastline before reaching the remote and mostly abandoned tiny village of Yung Shue Ha at one end of a beautiful unspoiled sandy beach in Shek Pai Wan Bay.
962	1148101	HK	G	hksw.org	A B C - he can perhaps be forgiven for not being able to resist the occasional " Ha - I told you so! ". He also got to ask them what
963	1820058	HK	G	maxdesign.com.hk	A B C history the top work properly an apothecary most outstandingly, I am the strongest, ha ha...... " # However Jason at the moment have already could not felt being
964	3579179	HK	B	wetravelworld.com	A B C , a common misconception but cute pure dingo pups Kangaroo close-up Koala antics HA HA HA . Captions in the comments please.... Local wildlife This lot are behaving themselves Nik
965	1160106	HK	G	wangyujian.com	A B C of the public and private housing sectors or the linear progression of households through the HA sector. # Polarization into " Haves " and " Have-Nots " # Throughout the
966	1140376	HK	G	chinadailyapac.com	A B C anyway. As examples he cites the fact that newly-graduated nurses taken on by the HA are given no pay rises in the first two years of their contracts and that
967	1821655	HK	G	thebeatles.com.hk	A B C Green!) It'll be a big laugh we hope. (Ha ha ha !) Big laugh, ha ha ha, yeah, it'll be a
968	3577099	HK	B	...etlips.wordpress.com	A B C we would love to see it.. so come on Super fans make our day ha ha. Will look forward to your GOD post # Hi AP. The Mao
969	1148539	HK	G	hongkongextras.com	A B C From Sok Kwu Wan pier it takes about 40 minutes to walk to Yung Shue Ha . To return to Sok Kwu Wan continues along the trail which leads back to
970	1148739	HK	G	...singauthority.gov.hk	A B C proven past records of using RAC. # HA is a unique developer in that HA is not building flats for sale. With the study and possibly future pilot trial
971	3583807	HK	B	jerseybestbuy.com	A B C has built a system in which shoppers use Facetime tech for that in-store experience that ha d been lost in the new shopping paradigm. With Friction's model, there
972	1148554	HK	G	hongkongextras.com	A B C Town and borders Sai Kung Harbour, Three Fathoms Cove, Tolo Channel, Hoi Ha Marine Park, Long Harbour and Pak Tam Road. In 1996 the park was
973	1822200	HK	G	wwfchina.org	A B C (182,375 ha) in Jilin Province; Jia Yao Forestry Development Company (5,237 ha ) in Guangdong province; and Changhua Forest Farm (940 ha) in Zhejiang
974	1149629	HK	G	info.gov.hk	A B C a higher risk to mothers, babies and healthcare staff. Relevant government departments and HA are actively implementing these measures. A review is being conducted by HA on the
975	1819413	HK	G	info.gov.hk	A B C Ownership Scheme in response to the aspirations of the low- and middle-income families. The HA was given the task to implement the New HOS. As always, the HA
976	1150772	HK	G	joyceyland.com	A B C husband works at). I get to rest for two nights back home ( Ha . Rest. I'll be in the office editing) before heading to Shanghai
977	1147039	HK	G	hkeld.com	A B C . When I was a kid I think I watched that movie 100 times. Ha Ha. It would be amazing to become a character I loved as a kid
978	1160109	HK	G	wangyujian.com	A B C program was suspended in 2003. # The HOS program itself aggravated matters because the HA adopted a policy of acquiring more land to build larger HOS units in order to
979	1148739	HK	G	...singauthority.gov.hk	A B C high consumption is definitely a good potential outlet for the use of RA. Though HA 's flat production rate is expected to be adjusted downwards, HA probably will still
980	3813604	HK	B	tripntale.com	A B C bar that you would find on a strip - blasting Hip-Hop music!!! Ha ! It is too expensive to party here - so we headed back fairly early
981	1153215	HK	G	nnadia.com	A B C it from what I say because I will definitely praise myself more! Ha, Ha , if you want to understand me, you have to be my friend,
982	1817329	HK	G	chinaforestpaper.com	A B C Commission (NDRC), China would try all the measures to afforest 5 million ha fast growing plantations and to manufacture additional 5.5 million tons of wood pulp by these
983	1152022	HK	G	lungfushan.com	A B C running away -- it is planning to close down its part-time Wardens Post in Hoi Ha Village, replacing it with a Visitors Centre 0.5 km away in Sai Kung Country
984	1820503	HK	G	pland.gov.hk	A B C # Planning for a Greener City # 2.1.1 # Hong Kong has about 74 100 ha of woodland, shrubland and grassland accounting for about 67% of the total territory's
985	3571770	HK	B	2.x34.info	A B C not enough passion ah, old. O (??) O... Ha ha , also someone, accompanied by the first year's new year's Eve was
986	1149663	HK	G	info.gov.hk	A B C Meeting to be held on June 28 (Thursday) at 3.45pm. # The HA Board Meeting has been open to members of the public since 1998 to demonstrate the
987	1160106	HK	G	wangyujian.com	A B C stress the word within because these policies centered on accommodating the internal concerns of the HA . While the HA wanted to shorten the queuing time for those on the Waiting
988	1135239	HK	G	...conditionproject.com	A B C .... and create an impression that I am not longer on the program! ha ha ! March 27, 2012 11:03 PM HKT # Touched my magic number this
989	1149672	HK	G	info.gov.hk	A B C to provide suitable services to patients and/or their families with welfare needs. SWD and HA do not set a ratio between the number of hospital beds and the number of
990	3577096	HK	B	...etlips.wordpress.com	A B C will find it interesting -- a large constituent of the Tang force came from the Ha Tsuen area and Ping Shan as well as Kam Tin. But oddly the local
991	3573549	HK	B	comedy.hk	A B C earn it ") appears to be the new kids on the block, Brew Ha Ha. # As Dorsher says, " comedians ultimately need to be able to
992	3586797	HK	B	undergroundhk.com	A B C fine electric noise. (Hmmm, Guns N' Roses. Chinese Democracy. Ha ha! Everyone from genuinely democratic countries gets that joke... except those dumb-arse Americans
993	1135239	HK	G	...conditionproject.com	A B C pictures from last year!... and wow.... couldn't recognize me! ha ha !.... why a year- even three months back.... and I told myself I
994	1815703	HK	G	...rdpeters.typepad.com	A B C the park head on down for a mooch upon the soft sandy beaches of Hoi Ha (??), grab a quick ice cream and whiz back to fishy
995	3571770	HK	B	2.x34.info	A B C married and gave birth to a beautiful baby, also a lot of, ha ha , the most happy thing is a life twin, disposable handle many problem,
996	3583614	HK	B	info.gov.hk	A B C to terminal cancer patients and their family members in the Kowloon Central Cluster of the HA . # Dr Cheung said in the ceremony, " With the establishment of the
997	1133752	HK	G	...b.chinadailyapac.com	A B C number of mainland mothers to be given access to services, after consultation with the HA and private hospitals. The quota was cut back again for 2012, to 35,000
998	1150422	HK	G	janegoodall.org.hk	A B C his heavy brows At which he would gravely pull off his hat and bow. Ha ha! Well! That being he got the looks was a young woman!
999	3578735	HK	B	thehungryegghead.com	A B C don't want to eat it, but I like seeing the craftsmanship. # Ha ha! I am still amused by two incidents that occurred during my recent trip
1000	1145820	HK	G	golf007.com	A B C done just that and you know what, she doesn't have a clue. Ha ha. # Name: CK Chan # Date: 14/12/2009 PM 04:40 # Topic
