1	3557468	PH	B	fightfan.com	A B C recognized peoples champion, unified champion and not to afraid to fight anyone, ha ha ha the japanese guy wants only to fight in japan, maybe he has a
2	1843585	PH	G	free-translator.com	A B C extra loud blast from the distant cannonading stirred him from his reverie. " Ah ha ! " he exclaimed, clasping my arm, the artillery -- " it's
3	1093016	PH	G	...oriano.wordpress.com	A B C means to manipulate and control a society. But believe what you will. # ha ha, I'm loving these comments. why do people have to fight against
4	3826571	PH	B	blog.junbelen.com	A B C to start all over again! =) # http: //blog.junbelen.com/ Jun Belen # Ha ! I know, I'm running out of letters. The only letters left
5	1109345	PH	G	fao.org	A B C production of five important crops, in 2003 # Crop # Area (' 000 ha ) # Production (' 000 tons) # Value of production (M pesos
6	1844767	PH	G	...sic-lyrics-chord.com	A B C pretend (Come on) Either he is or he ain't your man ( Ha Ha!) please say he's just a friend If I was your best
7	1099425	PH	G	oh-dara.com	A B C so much love you ati dara! Wag kalimutang matulog at laging kumain sa oras ha , Yun lang ati dara. I LOVE YOU SO MUCH and also Hopefully i
8	1094016	PH	G	...owitzer.hubpages.com	A B C 10against5 for Manny. S10,000 for Manny vs S5,000 for Floyed! How's that ha !? You wan na bet!? # Cristopher Ubando 24 months ago #
9	3559310	PH	B	...inthephilippines.com	A B C have dogs, and always talk about their dogs, an shows their photos. Ha ha. As for me, I have dog phobia. I don't like
10	1114628	PH	G	lyricsty.com	A B C in my home town Where I used to stay The name of the place, ha Is Augusta, GA Lyrics from: http: **35;19217;TOOLONG... Down there We have
11	3827930	PH	B	manilarepublic.com	A B C Greek for dragon (drakon) and swimmer (nectes) -- a reference to Ha Long which means' descending dragon' (so-called because, according to local legend
12	1109346	PH	G	fao.org	A B C its land resources (Table 13). The country has jurisdiction over 220 million ha of marine waters extending from over 17,600 km of coastline. This area encompasses:
13	3570207	PH	B	...yathomeblessings.com	A B C with their cousins again. don't share about the filipino foods you already had ha ! missed them.: -) # Hi, Sheryl. I'm glad
14	3555368	PH	B	...isentai.blogspot.com	A B C of some of the cast members behind the scenes. So Fuumin survived? Ha ha ! A good picture indeed. # Mina Asami and some woman I don't
15	1121152	PH	G	rumsua.org	A B C which means " to go with, to share or to follow " and " ha , " which is " the breath of life " or figuratively the " essence
16	1109346	PH	G	fao.org	A B C oceanic zone (193.4 million ha), and the shelf area (18.5 million ha ) (BFAR, 1994). # The country? s coastal and estuarine
17	1093012	PH	G	...oriano.wordpress.com	A B C How come?... they are using something they didn't see, ha... ha ... ha... and if they are using it, they must beleive on it
18	3559996	PH	B	...epinoy.wordpress.com	A B C son wrote in his blog about this misadventure. The shortcut keys always worked. ha ha ha. # There was a mutiny in Manila Peninsula by the same person
19	1108553	PH	G	dramabeans.com	A B C well, I hope it goes well for them. # Ha, ha, ha ... Can I just say, you are one tenacious girl, holding on to
20	3568170	PH	B	mybabyrj.com	A B C see the reality but make sure that we explain things to them. # ah ha ha, i guess, that's the only great thing with my father and
21	3562556	PH	B	...hiamere.blogspot.com	A B C a peek about my parents &; me. # Uy, masyado na tayong close ha ! hehehe (We are already too close to each other) # Anyway,
22	3559309	PH	B	...inthephilippines.com	A B C you are a bigamist, because the church still recognizes your first marriage! Ha ha ... of course this is off topic for this discussion, but it seems an
23	3555573	PH	B	...gingcareforwomen.com	A B C . It keeps the appropriate amount of collagen and elastin in the skin. The HA is found in the skin. It can be used topically, which is the
24	3559307	PH	B	...inthephilippines.com	A B C of our bedroom ceiling, but they usually scurry away from me. # Ha ha , ants. Yeah, got plenty of those, too. Well, it
25	3831604	PH	B	rochellesychua.com	A B C " Call Me Maybe " that has been stuck in my head for weeks. Ha ! # Some of the popular songs are: # Think of Me # Angel
26	3557468	PH	B	fightfan.com	A B C fighers stronger than mexicans " is going a little too far, son. # ha ha ha... slow it down Glen on Pacheco. Yeah pinoys has great fighters
27	1097027	PH	G	...inthephilippines.com	A B C ... since I couldn't remember, I just wrote this article instead! ha ha # Hi Bob I have been using the phil post office for sending parcels to
28	1117370	PH	G	onepiecebay.net	A B C his heart. # Buggy stands no chance at defeating me # : stfu: Ha ! fool? ehh, i guess... But Buggy does have many advantages on
29	1841415	PH	G	koalasplayground.com	A B C Jung, then he and I are going to have words. " mwa ha ha ! Hear! Hear! Thanks for the great insights! I am mighty glad
30	3559194	PH	B	leytesamardaily.net	A B C Ha Kapamilya at the Capitol Gym which starts at eight in the morning. Halad Ha Kapamilya aims to render free services to the local Kapamilyas such as dental and medical
31	3569544	PH	B	randomxthoughts.com	A B C my bourgeois life -- di kinaya ng powers ko ang simple living and hard struggle ha , ha!. But I am confident, I will accomplish this biggest goal
32	1121725	PH	G	solitarywanderer.com	A B C Tourist Tower of Herentals, Belgium # aleah im very sorry i asked too much ha ?, i just need advice what to to do first, i'd like
33	3564228	PH	B	boxing.com	A B C the cherry on top. Can't you read? Did you not see the Ha ! at the end indicating that it was a joke? Or are you still
34	1125247	PH	G	yoshke.com	A B C Daniel, who also had been very kind to me. # A boat at Ha Long Bay, Vietnam. Our boat looked very much like this. # "
35	3564658	PH	B	...roniclesofvanity.com	A B C # Grade Tracker. I'm by no means a GC student Grade-conscious, ha ha but I made sure I passed all my subjects in college. Surely, grades
36	3827274	PH	B	...trealphilippines.com	A B C , I lost my train of thought. So signing off for now. # HA HA HA, that is a good one.Marcos " the last of the gentleman "
37	3568732	PH	B	pages.ph	A B C " " uban " (white hair) is also " uban " (ha ha ), " tanghali " and " tengah hari.
38	1097030	PH	G	...inthephilippines.com	A B C heart of winter, so you didn't freeze to death, lol. Ha ha , yes i remember the squares of newspaper, lol. # Later, i
39	1115023	PH	G	lyricsty.com	A B C she had a real cute face anda a ass just rite. so I called ha and said hey how u doin lil mama. she said I'm gud but
40	1097038	PH	G	...inthephilippines.com	A B C when I go out in their country.. Thier reaction is always the same.. Ha Ha Ha thats the Philippines you have to get used to it.. Almost as
41	3556913	PH	B	daintymom.com	A B C to know that you enjoyed your first day in Italy. (kagutom ang food ha !) Looking forward to read the rest of your adventure! Trish The
42	1091173	PH	G	...oks.auctiontopia.com	A B C I said, it can really be used anywhere int he world! # Ha ha ... Rob, I'm not selling paper, so it really doesn't matter
43	3831526	PH	B	randomxthoughts.com	A B C Reading Edward's thoughts, emotions and struggles drew me much closer to him, ha , ha! # Hays, after reading the book, I end up even
44	3561725	PH	B	solraya.blogspot.com	A B C his uncle who thought our grower's Sunshines were expensive.... # Paolo: ha ha ha ha ha check this qoute out, i sent it to my team this
45	1113065	PH	G	knowledgerush.com	A B C in them to. its insane isn't it?!?! lol ha ha ha ha im sure everyone will be hearing from me again soon!' but
46	1107238	PH	G	ceoblues.com	A B C all the idiotic things I have asked, said, and done. # But Ha ! I get to tell my side of the story? # Being the valedictorian
47	1118850	PH	G	philstar.com	A B C are trying to attract business with these numbers..... ha ha ha ha ha ha ha ha ha ha # The country also fell five places to 128th in terms
48	1119619	PH	G	pig333.com	A B C ) and France (53 ha), and the smallest in Malta (1 ha ), Cyprus and Romania (both 3 ha), Greece and Slovenia (
49	1103358	PH	G	...ofhonor.blogspot.com	A B C ! " " HAR! HAR! HAR! " " HA! HA! HA ! " when I am amused. Filipino culture is amusing. It should deserve
50	1096861	PH	G	...festyle.inquirer.net	A B C remain, representing about a quarter of the Philippines' total land area of 30-million ha . " Open, denuded, degraded and barren " land comprise 8.2 million ha
51	1115464	PH	G	marketmanila.com	A B C suggestions.... I think some are in the archives -- we've done some. Ha ha ha -- let me just lurk -- but what fun this is -- all
52	1101805	PH	G	rebzombie.com	A B C the company for himself. # Then there's the princess' sister Bu Yong/Park Ha played by Han Ji Miin. She and Yoochun have good chemistry that makes Rooftop
53	3559310	PH	B	...inthephilippines.com	A B C about chocolate characteristic as aphrodisiacs, hmmm, may have to do some experiment. Ha ha ha. Eating chocolate also helps in reducing stressed. And stressed spells backwards
54	1109347	PH	G	fao.org	A B C ##1109347 4.1. The Freshwater Fishponds # There are 14,531 ha freshwater fishponds in the Philippines but the productive area is only 6,522 ha as of
55	1844556	PH	G	...teroftasteonline.com	A B C beginning to feel a bit like a job interview. (aMoT side remark: Ha ! Ha! cute one, Sarah.. bear with me: -)....
56	3563399	PH	B	agribusinessweek.com	A B C before was very low compared to the present, Arlene said. From the 2 ha during the dry season before we visited her, for instance, she harvested a
57	1116542	PH	G	monx007.com	A B C nice being on the other end of the job. Do my bidding minion! Ha ! Head over to the Mission Room to get the list. Once you complete
58	1094050	PH	G	...trealphilippines.com	A B C as if I am going to do anything besides laugh my ass off AHAHHA HA HA , BWAH HA HA HA... OK? and look, you idiot, then
59	3571066	PH	B	trulyrichmom.com	A B C NOT!) but I wouldn't want to lose any readers, ha, ha ! (Sadly, Rysse's birth was not recorded on video. Only my
60	1105375	PH	G	...ericanliterature.com	A B C fool Vankin came in and said:...' Ha, ha, ha !... So you're kissing here!' Kissing Marfa, the
61	3563179	PH	B	...between.blogspot.com	A B C # So excited for the Percy Jackson sequel! # Emma Watson as Sam # Ha ! The different side of Hermione! I saw her very wacky side. Totally
62	3567134	PH	B	koreanmovie.com	A B C Lee Dae Gil, a man of high birth whose family was ruined when Tae Ha , who became a slave after being falsely accused of a crime he did not
63	3571588	PH	B	...iceday.wordpress.com	A B C won. I am keeping bitterness and judging the winners out of my head. Ha ha. Because if it gets in there, I won't have many nice
64	1114628	PH	G	lyricsty.com	A B C call the boogaloo # I may not do the dance As well as you, ha But baby, you can Bet your bottom dollar You'll never hear me holler
65	3826921	PH	B	daintymom.com	A B C to me: " Mom, don't give me kangkong. Masyado ka, ha , mommy, ha. " # What the hell?! Must have picked
66	1114726	PH	G	lyricsty.com	A B C ' hot jasmine tea. I want her to make me laugh (ha ha ha ), Make a point about touching me when she talks (uhhmm ho ho
67	1109345	PH	G	fao.org	A B C Tagalog. Maize (corn), on the other hand, covered 2.41 million ha with nearly 64.7 percent or 1.56 million ha, devoted to white maize. Major
68	3561725	PH	B	solraya.blogspot.com	A B C who thought our grower's Sunshines were expensive.... # Paolo: ha ha ha ha ha check this qoute out, i sent it to my team this morning.
69	3557468	PH	B	fightfan.com	A B C peoples champion, unified champion and not to afraid to fight anyone, ha ha ha the japanese guy wants only to fight in japan, maybe he has a chance
70	3563399	PH	B	agribusinessweek.com	A B C New Tech # Using the new direct seeding technology, Arlene now cultivates about 2 ha located in four sites in Kinalangay Nuevo, Malinao. She learned the technology from
71	1115023	PH	G	lyricsty.com	A B C me actin a fool tha freack shit that we do. can't even bring ha round my niggas that too. and damn she amazin and you kno that that
72	1097021	PH	G	...inthephilippines.com	A B C . In your opinion is this a viable idea? If not I have others ha ha Thanks, Glen # Hi Daytriker Glen -- To be honest, I do
73	3561612	PH	B	sharoncuneta.com	A B C around or after or with them too much anymore because of the energy levels! Ha , ha, ha! But it helps so much that I am in a
74	1103357	PH	G	...ofhonor.blogspot.com	A B C is now covered with tatoos and red hair and plays rough basketball. ha ha ha # Great ideas, Andrew. The prostitution one warrants attention for sure. I
75	1114677	PH	G	lyricsty.com	A B C motherfuckin' top off Split and go where? Back to wearin' knockoffs, ha ha Knock it off, Neiman's, shop it off Let's talk over
76	3830889	PH	B	marketmanila.com	A B C school. I remember I cried when my hubby forced me to practice repeatedly! Ha ! ha! ha! I was so nervous driving side by side with jeepneys
77	1092534	PH	G	dramatomy.com	A B C The scene was shot at Gyeongju &; at the end of the cut, Park Ha Seon who played Queen Inhyeon greeted them as she was on the way to the
78	1109345	PH	G	fao.org	A B C (ha) # Number # Area (ha) # Number # Area ( ha ) # 1970 # 3 622 # 813 # 1 639 # 687 # 1
79	3567845	PH	B	maxinemarcelino.com	A B C let people taste the delicious paninis that I truly BELIEVE in (drama much? ha ha ha.)! # Ever since we got in, I've been
80	1105057	PH	G	agribusinessweek.com	A B C , the yield of Bioseed 9909 was 202 bags of wet shelled grains from 2.75 ha or 73.45 bags/ha. This is more than double the yield of the other variety
81	1091183	PH	G	bosanchez.ph	A B C especially the " at 35, we won't get married anymore. " ha ha ha.. it is my # 1 fear. you see, am already 33
82	3559311	PH	B	...inthephilippines.com	A B C it is a crowd and it is hard to tell your place. ha ha ha If I was going to list my complaints about life in America the list would
83	1090532	PH	G	...quotes.wordpress.com	A B C " -- In Ha # " Love comes from the heart. " -- In Ha # " Love never says sorry. " -- Yoon Hee # " The reason
84	3557909	PH	B	...trealphilippines.com	A B C present let him do it. Enrile declares:' Lock the doors', HA ! remind you of another trial, at all? Erap?), it
85	3561886	PH	B	styleiseternal.net	A B C wants to do this. Ha ha # I think I'm getting there... Ha ha... Am I? # Who doesn't? # So here are SOME
86	1124249	PH	G	topgear.com.ph	A B C temporarily shuttered. # Why? Put the Brio a little above (little lang ha ) the i10/Picanto pricing and you're talking. The Freed could be Honda's
87	3832273	PH	B	ygunited.com	A B C icons that teens look up to the most were Jang Dong Gun, Psy, Ha Jung Woo, Seo In Guk &; A Pink's Eunji (counted as one
88	3561886	PH	B	styleiseternal.net	A B C don't want to wake up in Vegas like in Katy Perry's song... ha ha # Obviously, I'm a food lover # Other Random Wish: #
89	1119788	PH	G	pinoyrkb.com	A B C Vietnam has 7.41 M hectares. From 2003 to 2007, an average of 900 ha of total rice area harvested were converted annually. # What is the ratio of
90	1106761	PH	G	buhaykorea.com	A B C from you soon. thanks!:) # helena >> i'm not sure ha ... but the consul might think that you'll come to korea to work as
91	1112246	PH	G	infoniac.com	A B C and it turns out fake then.... SCREWIN HA HA HA I PROBLY MADE IT Ha ha ha # No not all presidential, day and date Rolex watches are quartz
92	3562487	PH	B	...ofhonor.blogspot.com	A B C opinion. Court agrees with him, grants divorce and awards him damages. ha ha ha ha # Pondered lengthily on the angles of this case before sleeping: #
93	1097029	PH	G	...inthephilippines.com	A B C How does Mindanao Governor, Senator or Congressman Bob Martin sound # Hi Dwayne -- Ha ha... sorry, my friend, but the problem is US law, not
94	1842990	PH	G	beng-gee.com	A B C .... it sure hurt like crazy too.... short of joining a Thai Monastery, ha ha.... I realized I will hurt myself more if I keep feeling the hurt
95	1094352	PH	G	...lnation.inquirer.net	A B C brother you are. # Oh really I am insane??? ha ha ha you are just revealing your moronic mentality. Malaysia is under British rule and UK
96	1114634	PH	G	lyricsty.com	A B C sure turned a trainful of freaks into a party, man, ha ha ha ha, didn't we, boys? All right, all right, now
97	3570213	PH	B	stefdelacruz.com	A B C five minutes of fame with me, I owe you all a fan sign. Ha , ha. I might upload a few more snippets later, so check back
98	1842297	PH	G	rebzombie.com	A B C of early victims of the monster. # And I still don't know what Ha Ji Won's character tried to do with the motorcycle. I guess the sequence
99	1093816	PH	G	fvdb.wordpress.com	A B C ? Oh yes, we have that in UP. Come, enroll now. Ha ! That is if you would even dare. # Actually, I do think
100	1116577	PH	G	moviedramaaddict.com	A B C with another woman. # Dumped by her boyfriend before their 100th day anniversary, Ha Young played by Ha Ji Won bent her anger by kicking a softdrink can unfortunately
101	1841715	PH	G	myownutopia.info	A B C until we became chat buddies. And then came the money-making days... Ha! Ha ! Ha! Oh, those were the days... # I am reminded of
102	3828051	PH	B	ming.tv	A B C ##3828051 # 16 Aug 2005 19:15 by ming: What to do. Ha , yes, of course. Some people are doing it. Thinking it is
103	1114628	PH	G	lyricsty.com	A B C : **35;19217;TOOLONG... Down there We have a good time We don't talk, ha We all get together Any type of weather Then we do the camel walk,
104	3564658	PH	B	...roniclesofvanity.com	A B C in college and how good you were in Logic at least I do. Ha ha . # Menstrual Tracker. So you know when not to join a swim trip
105	3567208	PH	B	lainyonline.com	A B C from an old man with a shallow reservoir and a leaking tap. ha ha ha # The rest of the KL bound journey # There were two more stops till
106	1109347	PH	G	fao.org	A B C (1997) reported a total productive area of 227.98 ha for oysters and 381.22 ha for mussels as of 1995. Records show that during the last 12 years,
107	1099892	PH	G	opinion.inquirer.net	A B C encourage planting biofuels instead of doing serious reforestation projects. In 2008, between 15,000 ha and 50,000 ha of deforested and idle lands in Negros were eyed by the Biofuels
108	1842176	PH	G	ph.omg.yahoo.com	A B C , will also be lining up to try to become the next Jang Hyuk and Ha Ji Won. # The dream team will be depicting the stark reality surrounding the
109	3830241	PH	B	gamezone.nfo.ph	A B C , " the girl said. She looked over her shoulder anxiously. " I ha Fake Christian Louboutin Knockoffs ve to go. " Whatever the weeping lady was,
110	1092270	PH	G	...untrystat.bas.gov.ph	A B C : # 116 # Barangays: # 2,490 # Agricultural Land Area: # 533,410 ha . # Temporary Crop Land: # 282,687 ha. # Idle Land: #
111	1111337	PH	G	gossipcop.com	A B C is about this, Jessica's performance with JH, not PPs crowning glory.. ha .. ha.. ha.. GOOD Jessica. In about a year or two,
112	1094050	PH	G	...trealphilippines.com	A B C am going to do anything besides laugh my ass off AHAHHA HA HA, BWAH HA HA HA... OK? and look, you idiot, then just go home
113	1094044	PH	G	...trealphilippines.com	A B C : # " Speaking of the media (Trosp, read that, the media ha ?), Marcos was a crook bwcause he was pointed as one by media
114	1108862	PH	G	elyrics.net	A B C empty. hmmm, that's why all these female rappers Envy (ha ha ha ha) # these lyrics are submitted by Cashmere Dollface Nicole these lyrics are last
115	1118850	PH	G	philstar.com	A B C attract business with these numbers..... ha ha ha ha ha ha ha ha ha ha
116	1125867	PH	G	www2.adb.org	A B C were still more comfortable using traditional medicines and healers. # Solar powered telephone on Ha ? ano Island. It is one of two telephones on the island that serves
117	1102175	PH	G	sesantos.com.ph	A B C to executive HR position and my foolish attempt to start my own company, ha ha . # This blog used to be the depository of my thoughts about people management
118	1092270	PH	G	...untrystat.bas.gov.ph	A B C . # Forest Land: # 2,407 ha. # Other Land: # 6,919 ha . # Population (2010) # Total Population: # 3,256,140 # Growth Rate
119	1094167	PH	G	...lnation.inquirer.net	A B C and establish a Green Climate Fund for countries vulnerable to climate change. " # Ha ! Now we know. This is all about money and resource control and NOT
120	1090423	PH	G	aqworldswiki.com	A B C # Drakath smiles. # Drakath: You already have. Ha ha ha ha ha ! # Drakath leaves. # Rayst: I don't believe it. Drakath
121	1102737	PH	G	styleiseternal.net	A B C , the 60? s is back and polka dots are the new stripes! Ha ha... Also models are really shining on the runways too, why not I
122	1119619	PH	G	pig333.com	A B C the smallest in Malta (1 ha), Cyprus and Romania (both 3 ha ), Greece and Slovenia (both 6 ha)
123	1090532	PH	G	...quotes.wordpress.com	A B C with one person is the end of being with another person. " -- In Ha # " " Okay, let's be a family. It'll be fitting
124	1091056	PH	G	...atriciajaimecruz.com	A B C passed but there were still a lot of people asking for pictures with him. Ha ! # Then I overheard him say " Nasaan na yung apat na maldita?
125	1090526	PH	G	...quotes.wordpress.com	A B C to meet me, I'm just going to like you. " -- Park Ha " As long as you have the memories, you can be with that person
126	3827671	PH	B	...eegirl.wordpress.com	A B C jackets are killer!) # King of 2 Hearts with Lee Seung Gi and Ha Ji Won also gets a thumbs up from me. Sure may cheesy parts (
127	1110672	PH	G	gmanetwork.com	A B C , during the 1960s and 1970s, the rate of forest destruction was about 300,000 ha annually. # In fact, the Philippines was a major exporter of logs to
128	1097708	PH	G	mindanaobob.com	A B C of coffee.. well have a great day.. ray # Hi Ray -- Ha ha ... indeed there can be quite a bit of smoke when roasting coffee... it
129	3559596	PH	B	mannaandquail.com	A B C bus and I took his picture. He smiled and said, " half-body lang ha , nakakahiya may dala akong sako. Hehehe! " What a guy! He
130	3567134	PH	B	koreanmovie.com	A B C and makes his name as a slave hunter, dedicated in his pursuit of Tae Ha . Both m... Chuno
131	3826257	PH	B	...esofabeautyqueen.com	A B C . # But i felt that the Miss U in Bahamas was not so spectacular ha . I enjoyed the one in Brazil this year tho. That was groovin'
132	1101291	PH	G	philfaqs.com	A B C again and take them. Sami, the youngest, was born here and thus ha snever needed a passport, so I told him, " I couldn't tkae
133	1109345	PH	G	fao.org	A B C the other hand, covered 2.41 million ha with nearly 64.7 percent or 1.56 million ha , devoted to white maize. Major areas planted to maize are the moist areas
134	1109345	PH	G	fao.org	A B C (6.7 million ha) of Luzon's total area, 44% (2.5 million ha ) in Visayas and 31.5% (3.2 million ha) in Mindanao. In areas
135	1113065	PH	G	knowledgerush.com	A B C believing in them to. its insane isn't it?!?! lol ha ha ha ha im sure everyone will be hearing from me again soon!'
136	3557468	PH	B	fightfan.com	A B C bOUT WILL BE HELD IN JAPAN ONLY AND THE REFEREE AND JUDGES ARE JAPANESE ha ha ha ha,,, # the ring magzine P4 P ratings in the FLYWEIGHT
137	1120642	PH	G	randomxthoughts.com	A B C swear hehe) What gives the UN the right to actually recommend, not suggest ha , recommend that prostitution should be legalized? It should have suggested ways on how
138	3567808	PH	B	marketmanila.com	A B C hullabaloo? It would certainly change the way people think of your company ha ha ha . Everyone who agrees please say Yay! # Jul 26, 2012 12:26 pm
139	1090526	PH	G	...quotes.wordpress.com	A B C I don't like... it was nice just being with him. " -- Ha Ni " I think that for two people to like each other at the same
140	1095279	PH	G	jeremybatesbooks.com	A B C Which play your characters in a movie rendition? # Ha ! Great question, but since I still haven't worked the characters out,
141	3571066	PH	B	trulyrichmom.com	A B C , everyone else around me seemed more panicked (especially my parents, ha, ha !). The situation in Timor at that time was still fairly unstable,
142	1092147	PH	G	chuvaness.com	A B C as soon as we rode the car, i said to him " R salamat ha ! " he said: " para saan ma'am? " me: " pag
143	3561887	PH	B	styleiseternal.net	A B C before, vocalist, guitarist and even a bassist but never a drummer. Ha ha ... Probably because my brother's a drummer and I'm always get pissed off
144	1109345	PH	G	fao.org	A B C which is found in the eastern region. In Mindanao, it covers 6.5 million ha . # Dry zone - Low rainfall regions with precipitation of less than 1 500
145	1095567	PH	G	kat.ph	A B C , and we didn't, oh, we didn't scare so easy. Ha . We were able to be all these things and do all these things because
146	1116577	PH	G	moviedramaaddict.com	A B C , Seo In Ha's son, Seo Joon meet Kim Yoon Hee, Jung Ha Na's daughter on a train at Hokkaido. Ha Na's cellphone fell on
147	1846022	PH	G	tera88.com	A B C the contractor has no insurance, it can mean going to court and all the ha # In the same way that life insurance firms provide add-on features to customize a
148	1109347	PH	G	fao.org	A B C the LLDA for individual persons is 5 ha and for corporations and cooperatives, 50 ha . By creating, what were in effect, paper corporations some groups were able
149	1119619	PH	G	pig333.com	A B C Cyprus and Romania (both 3 ha), Greece and Slovenia (both 6 ha )
150	1109348	PH	G	fao.org	A B C forest were exploited annually, with only 25 000 ha of reforestation; 30 million ha was subject to salinity while 17 million ha faced erosion. Predictably, water quality
151	3567208	PH	B	lainyonline.com	A B C the passenger better not be a woman who is easily aroused at night. Ha ha ha. # Again, my bladder was filled and I was forced to gingerly
152	3555561	PH	B	...logist.wordpress.com	A B C drastically), her first week here. Her driver disappeared (paid off, ha ha ha, by her loving familia: she hopes he is rich now and
153	1097121	PH	G	luna.moonstar.com	A B C opening so far that I could see him as he lay upon his bed. Ha ! would a madman have been so wise as this? And then when my
154	1090664	PH	G	authspot.com	A B C house... who knows, maybe the tools will come alive to get you... ha ha! " Tina said in a mocking voice. " Stop it, stop
155	1109347	PH	G	fao.org	A B C in Central Luzon, Reyes et al (1982) found that 70% were 0.50 ha or less while only 2% were over 50 ha. However these percentage is misleading
156	1099425	PH	G	oh-dara.com	A B C near you there in S. Korea.... (Joke lang... pero sana magkatotoo... ha .. ha!!!) Hope to see you soon in your full concert
157	3570242	PH	B	strifeofcloud.com	A B C bus and I took his picture. He smiled and said, " half-body lang ha , nakakahiya may dala akong sako. Hehehe! " What a guy! He
158	1110219	PH	G	gmanetwork.com	A B C a hit without the benefit of a plausible plot. # Plot? Story? Ha ! Who cares about all that stuff as long as we get to see stuff
159	3561612	PH	B	sharoncuneta.com	A B C I joined for KC? She doesn't remember it at all. Ha, ha , ha! Sana pala natulog na lang ako! But seriously, even if
160	1109346	PH	G	fao.org	A B C freshwater lakes have a combined area of approximately 200,000 ha. There are also 14,531 ha of freshwater fishponds, 19,000 ha of reservoirs, and 106,328 ha of freshwater swamplands
161	3567799	PH	B	marketmanila.com	A B C the note on the neem twigs being used in Asia and africa as toothbrushes -- ha ha! Also, there's the part about studies on the spermicidal properties of
162	1093180	PH	G	...lipinasinshowbiz.com	A B C even better.... now the odd thing is Dennis will play the stupid husband... ha .. ha.. ha.. can't wait to see how Dennis handle this...
163	1114775	PH	G	lyricsty.com	A B C Feel kinda good, so good right now Feel so good, baby, yeah Ha , feel so good having you home, baby Yeah, yeah, ooh,
164	1109345	PH	G	fao.org	A B C , 1970-2005 # Year # Total # Lease # Permit # Number # Area ( ha ) # Number # Area (ha) # Number # Area (ha)
165	1114726	PH	G	lyricsty.com	A B C Drinkin' hot jasmine tea. I want her to make me laugh (ha ha ha), Make a point about touching me when she talks (uhhmm ho
166	1109346	PH	G	fao.org	A B C , corn farming will eventually be concentrated from 2.5 million ha to about 750 000 ha of land ideal for the crop. The development of these Key Grain Areas (
167	1844544	PH	G	marketmanila.com	A B C me a line if you ever decide to visit my part of the world, ha ? would be very happy to show you around. # Thank you so much
168	1109347	PH	G	fao.org	A B C Eucheuma. # The farming of Gracilaria yielded the lowest net income at PHP36,791 per ha per year. An earlier study made by Hurtado-Ponce et al (1992) made
169	1090532	PH	G	...quotes.wordpress.com	A B C 've never been tired before since I'm old fashioned and innocent. " -- Ha Na # " You said you could make someone fall in love in 3 seconds
170	1099408	PH	G	oh-dara.com	A B C members have already brought their own bathing suits in the past already... Ha ha ha This is going to be fun +. + # Ah.. How long has it
171	1109345	PH	G	fao.org	A B C # Table 2. Farm size and classification, area by land class (million ha .) # ITEM # 1971 # 1980 # 1991 # Total Area # 8.4
172	3557468	PH	B	fightfan.com	A B C brian villoria-Tw0(2) major belts, japanese guy one major belt cant even knock out jaro ha ha ha, but villoria punishes and Destroyed the mexican tyson,,, to
173	1109346	PH	G	fao.org	A B C and 232,065 ha of swamplands. Inland rivers have a total area of around 31,000 ha while freshwater lakes have a combined area of approximately 200,000 ha. There are also
174	1105314	PH	G	...ericanliterature.com	A B C # " And if I win? " # " You winnaire? Ha! ha ! Nevaire! " # Exasperating as it was, Joy Molineau's laughter was
175	1119990	PH	G	playdota.com	A B C age of Shendarzle fighting. The only difference was the color of band. " Ha brother terrorblade u can never defeat the All mighty Magina " Magina.. he was
176	1842297	PH	G	rebzombie.com	A B C most of her action sequences without utilizing a body double. # But aside from Ha Ji Won, there's nothing good to say about Sector 7. There's
177	3559321	PH	B	...inthephilippines.com	A B C There is also a Red Ribbon and Chow King in Las Vegas too. # ha , ha, Dale, you're serious you don't know where Zimbabwe is
178	1098371	PH	G	news.ph.msn.com	A B C a Filipino he was adopted by his parents and brought to the US they never ha any other children but him he married an American woman His name was Marshel May
179	1113641	PH	G	lovethesepics.com	A B C , one of nature's paradise locations! 40 Photos # Titov Island overlooking Vietnam Ha Long Bay. Will this be crowned as one of the seven finalists in the
180	1844767	PH	G	...sic-lyrics-chord.com	A B C (Come on) Either he is or he ain't your man (Ha Ha !) please say he's just a friend If I was your best friend
181	3568659	PH	B	otafez.com	A B C , it's quite sure that the movie will surpass it prequel " Evangelion: Ha " (final gross grossing of 4 trillions Yen). # And of course
182	1843962	PH	G	infoniac.com	A B C good sport chaps.. eh. # NEWS FLASH... NEWS FLASH... Ha Ha Ha .. What a laugh.. Two moron's.. one wielding a cheap imitation japanese
183	1103102	PH	G	...hnology.inquirer.net	A B C hole in the ground after you're hit!!! # Anonymous # ha ha ha ha ha ha ha,, you bit the bait.... exactly,,
184	1093217	PH	G	...pinofriendfinder.com	A B C sharing. # Hello, alice! Reading is fundamental, ha, ha, ha and I need to read more often and a lot better maybe you didn't
185	1109346	PH	G	fao.org	A B C , 1994). # The country? s coastal and estuarine resources include 239,323 ha of brackishwater fishponds (operational and abandoned) and 232,065 ha of swamplands. Inland
186	3570952	PH	B	topazhorizon.com	A B C Fressange is mas okay:) # I don't hate Cupcakes and Cashmere, ha ! I think it's very pretty and because I'm new to her blog
187	1092831	PH	G	...ainment.inquirer.net	A B C it or break it in ANY BUSINESS because of the LARGE investment involved. # Ha , I don't understand what you are saying. Can you translate it in
188	1097027	PH	G	...inthephilippines.com	A B C am crossing my fingers that I will only pay less than a hundred. # Ha ha, Christian.. you don't want to wait 3 or 4 weeks?
189	1844767	PH	G	...sic-lyrics-chord.com	A B C (Come on) Either he is or he ain't your man (Ha Ha !) please say he's just a friend, If I was your best
190	1107477	PH	G	chooseiligancity.com	A B C ##1107544 # -Deforestation continues at an average of 100,000 ha per year or 273 ha per day. # -The Philippines was once 100% covered
191	3556374	PH	B	byahengdabawenya.com	A B C of their street foods as well as the rice noodle and spring rolls. # Ha Long Bay Tour. If you're planning for a Ha long Bay Tour that
192	3569955	PH	B	showbiz-portal.com	A B C laughs. " Siguro we have the same taste. Basta, akong nauuna, ha . " # Aiko joined showbiz when she was only 6 as the young Snooky
193	1108559	PH	G	dramasrok.com	A B C " # So here we are at the aftermath of the dreaded kiss. Ha ha . Or hang on -- did she actually kiss him? Are we going to
194	3831501	PH	B	push.com.ph	A B C what we're saying here. What exactly were you insinuating then? And wow ha , to say that I, Fair Sight and Chad are one and the same
195	1119619	PH	G	pig333.com	A B C the Czech Republic (152 hectares per holding), the United Kingdom (79 ha ), Denmark (65 ha), Luxembourg (59 ha), Germany
196	3827840	PH	B	...inthephilippines.com	A B C rockets, the thing automatically hones in on the person and takes him out? Ha ha..... might be the next million dollar contract! # hahahahahh Maybe these folks
197	1109346	PH	G	fao.org	A B C ha of marginally suitable rice and corn areas and intensify the use of 1.2 million ha of existing commercial crop areas; # double existing productivity levels of commercial crops through
198	1118601	PH	G	philstar.com	A B C winners. # Slavsky said, " Baka may sumunod na naman sa race natin ha ? ". Then on May 1, the 3rd Labor Day Coast to Coast
199	3558699	PH	B	...ecabar.wordpress.com	A B C conditions. init-lamig kasi. so you better not get sick there ok? really lang ha ? you find the 96-year old hot? hahahaha ikaw talaga...: p i
200	1124610	PH	G	un-redd.org	A B C ##1124610 # The total area of forestlands in the Philippines is 15.8 million ha , or 53% of the total land area, which comprises of open, closed
201	3555542	PH	B	annzventures.com	A B C stop shop because it really was. Not only did I book with them my Ha Long Bay and Sapa Tours, I also booked my bus tour there, which
202	1094044	PH	G	...trealphilippines.com	A B C below? # Speaking of the media (Trosp, read that, the media ha ?), Marcos was a crook bwcause he was pointed as one by media
203	1090532	PH	G	...quotes.wordpress.com	A B C because it ends before it can be put in more vivid colors. " -- In Ha # " I'm sorry for not having any common sense. But even if
204	1103357	PH	G	...ofhonor.blogspot.com	A B C shorty) and a rejection of their old school politics. ha ha ha # Ha , that's funny. But I am height enhanced (6' 4 "
205	3562933	PH	B	verb.anything.ph	A B C It's an Irish name. Thank you. But I'm not Irish. Ha ! " Is this a near-death experience? # Round Two. Chynna, who
206	3561887	PH	B	styleiseternal.net	A B C help of a real fashion designer. # Girls, who doesn't? Ha ha # Like I said, beach is one of my most favorite place in the
207	3559326	PH	B	...inthephilippines.com	A B C but Dunkin better than Krispy Kreme? Now, those are fightin' words! Ha ha.. We ain't talkin' coffee, my friend, we're focusing
208	1101805	PH	G	rebzombie.com	A B C is entertaining from Episode 1 to Episode 20. The Joseon power rangers and Park Ha make watching the drama series worthwhile. It shows that true love isn't bounded
209	3568999	PH	B	philstar.com	A B C Kreme. The donut place was full, as it always is. Being the Ha l loween month, some were done with pumpkin topping which our 3-year-old immediately pointed
210	1090423	PH	G	aqworldswiki.com	A B C Drakath! # Drakath smiles. # Drakath: You already have. Ha ha ha ha ha! # Drakath leaves. # Rayst: I don't believe it
211	1123494	PH	G	supermorgy.com	A B C ,' You know your 24/7 In Love episode has a surprised chemistry with Diether ha ! Galing! One of my favorites!' She said!' Thank You
212	3555573	PH	B	...gingcareforwomen.com	A B C used topically, which is the main reason that most cosmetic manufacturers are using the HA in their creams. # Hyaluronic acid is one of the skin's most important
213	1119619	PH	G	pig333.com	A B C of a holding was 14 hectares in the EU27 in 2010, compared with 12 ha per holding in 2003. # Romania (3.9 million holdings or 32.0% of the
214	1106430	PH	G	bfar.da.gov.ph	A B C the Philippines has an extensive coastline of 17,460 km in length and about 26.6 million ha of coastal waters and 193.4 million ha of oceanic waters. The country exercises authority
215	3562474	PH	B	...ofhonor.blogspot.com	A B C said and how he said it. I could get angry or be impressed. Ha ! Or be bored. # Here are some common reactions that I deal with
216	3559330	PH	B	...inthephilippines.com	A B C certainly is an interesting dynamic, though, as you say. # Ha ha ha ... anything north of Mindanao is too far north for me, Paul, so
217	3828695	PH	B	...gshield.blogspot.com	A B C late in the evening or sometimes early morning. I was kinda a party animal ha ha! But as the years past and i mellowed out and i switched to
218	1118850	PH	G	philstar.com	A B C we are trying to attract business with these numbers..... ha ha ha ha ha ha ha ha ha ha
219	1100646	PH	G	ph.answers.yahoo.com	A B C enjoying this. As Hollywood says " No attention is bad attention ". Aloa Ha . Other Answers (7) # There is no contradiction in God or
220	3832050	PH	B	trackspam.net	A B C 35% to 40% for the best, of course, difficult to achieve 40% ha ha , unless there are other auxiliary BUFF. Next, I want to hit,
221	3561558	PH	B	sedonacyberlink.com	A B C and inadequate. As a society, we still haven't had that " ah ha ! " moment where humans natively understand how to deal with modern technology risks.
222	3559330	PH	B	...inthephilippines.com	A B C Davao City you can't rent a Nipa Hut for P6K per month! Ha ha .... # It seems to me the Philippines would be a good place to consider
223	3559311	PH	B	...inthephilippines.com	A B C Been there when I was a kid. Pretty nice place. # Ha ha ha ... You got ta have the winter season. Different from some expats. That
224	1092861	PH	G	...ainment.inquirer.net	A B C . # navsog # Ha ha ha yari na naman yun mga Damaso sa atin ha ha ha # iriga1city1boy1 # Addendum: Looks like the feature on HBO had a
225	1119384	PH	G	philstar.com	A B C , and I am so blessed (though at times, stressed, too! Ha , ha!) because of it. I only report to the office Thursdays
226	1092271	PH	G	...hyfeet.wordpress.com	A B C **26;11348;TOOLONG device. We just boarded a bus, an ordinary bus (na aircon ha ?) without wings or magical gizmos, to Pidigan, Abra where a Filipino-French
227	3564659	PH	B	...roniclesofvanity.com	A B C help others, too! 10 butterfly kisses: # Parang pro na pro ha ! But girl, at your age, *clap clap clap* I'm glad you
228	1103358	PH	G	...ofhonor.blogspot.com	A B C laugh. And readers should know that I am being entertained. I laugh " HA ! HA! HA! " because I can not put into words my laughter
229	1090527	PH	G	...quotes.wordpress.com	A B C , so there's no reason for me to try so hard. " -- Ha Na " Don't do this again. You getting hurt in my place,
230	1119948	PH	G	playdota.com	A B C Kaiverrettu # Says who? You and your whole 3.8% of atheist friends? Ha ha you made me lol. No, belief in God is the norm. #
231	1111320	PH	G	googlygooeys.com	A B C was lazy enough to check the Thesaurus to make the previous sentence less redundant. Ha ! * # By the way, we're so excited to finally meet some
232	1114612	PH	G	lyricsty.com	A B C greatness Dur yuh dum der Owing to lateness My chance has only just arrived, ha # I wan na be straight, I wan na be straight I'm sick
233	1093217	PH	G	...pinofriendfinder.com	A B C . Thank you for sharing. # Hello, alice! Reading is fundamental, ha , ha, ha and I need to read more often and a lot better
234	1109347	PH	G	fao.org	A B C # The legal size limit for fishpens by the LLDA for individual persons is 5 ha and for corporations and cooperatives, 50 ha. By creating, what were in
235	1109345	PH	G	fao.org	A B C a limited extent. In terms of distribution, the Ultisols cover about 8.6 million ha or approximately 41.5% of the total land area. The unsurveyed mountain soils cover about
236	1844767	PH	G	...sic-lyrics-chord.com	A B C (Come on) Either he is or he ain't your man (Ha Ha !) please say he's just a friend If I was your best friend
237	3831526	PH	B	randomxthoughts.com	A B C up even more in love with Edward Cullen more than to my boyfriend ha, ha ! # I tried reading ebooks on my phone but maybe I didn't choose
238	1118850	PH	G	philstar.com	A B C n't look back..... and we are trying to attract business with these numbers..... ha ha ha ha ha ha ha ha ha ha # The country also fell
239	3555573	PH	B	...gingcareforwomen.com	A B C treat OA of the knee (Zycowicz, 2003). The viscoelasticity of the HA supplements joint lubrication by synovial fluid possible. Some patients reported sustained relief for about
240	3559311	PH	B	...inthephilippines.com	A B C . There it is a crowd and it is hard to tell your place. ha ha ha If I was going to list my complaints about life in America the
241	1099425	PH	G	oh-dara.com	A B C you're the reason of my K-pop addiction and soon of my K-drama addiction, ha .. ha! Thank you too for introducing 2NE1, BIGBANG, SEVEN and the
242	1101410	PH	G	pinaywahm.com	A B C fuss. Just relaxing in the comfort of home.... picking on each other. Ha
243	1109346	PH	G	fao.org	A B C the coastal zone (26.6 million ha), the oceanic zone (193.4 million ha ), and the shelf area (18.5 million ha) (BFAR, 1994
244	1843357	PH	G	dotastrategy.com	A B C all chapters in one thread or will you release each one seperately like ghoster88's HA though create a database for all of them like the HAD so that navigation of
245	3559309	PH	B	...inthephilippines.com	A B C condition precedent before such petition be heard by the church. # Hi Roy -- Ha ha... what about the reverse, though? State approves, but church denies
246	1105507	PH	G	...ericanliterature.com	A B C then he excused himself by asking Space in a blustering manner what else he could ha ' done. And if the question did not bring much balm to his soul
247	1096504	PH	G	kurokuroatbp.com	A B C 5... # That lady must be very interesting that caught your attention. Ikaw ha ? # I've been there at DFA around 4 or 4:30pm... actually I
248	3828592	PH	B	raissarobles.com	A B C on the way. Huwag tatabi sa trak gaya ng bilin ng Nanay mo, ha ? Baka masagasaan ka! # josephf , i told you these people you are
249	1846416	PH	G	yvettetan.com	A B C overpopulation problem, as well as grant (as if it was a privilege, ha !) women more rights when it comes to choosing what happens to their bodies
250	1113065	PH	G	knowledgerush.com	A B C them to. its insane isn't it?!?! lol ha ha ha ha im sure everyone will be hearing from me again soon!' but for
251	1123600	PH	G	...iffcommission.gov.ph	A B C against terrorism which could cause deep economic insecurity for the region. # N. The Ha Noi Declaration # APEC Economic Leaders endorse the Ha Noi Action Plan which identifies specific
252	3569287	PH	B	poshpost.com	A B C notice that the cash advance interest rate is 3.5% " only ". Only? ha ! That is a big amount. There are also online cash advance offers and
253	3828592	PH	B	raissarobles.com	A B C you used the word subjudice) and then you said (wala pa sa court ha ) (that really more confused me cuz i don't know if you know
254	1844569	PH	G	...teroftasteonline.com	A B C media climber (doesn't sound too good does it, but who cares -- Ha !) because somehow I was asked to exclusively view the collection at the H
255	1125247	PH	G	yoshke.com	A B C heard her question all right but I just could not find the right answer. Ha Long Bay was the last stop in my month-long backpacking trip across the Southeast Asian
256	1099337	PH	G	normannorman.com	A B C that joining Binibining Pilipinas is not part of her future plans. " Walang bawian ha ! " # We all know that she is a cinch to win a crown
257	3567808	PH	B	marketmanila.com	A B C this hullabaloo? It would certainly change the way people think of your company ha ha ha. Everyone who agrees please say Yay! # Jul 26, 2012 12:26
258	1105508	PH	G	...ericanliterature.com	A B C don't have one of those male nurses, " Kenny said. # " Ha ha, " Frank said. " That's the spirit. Get ready,
259	1110776	PH	G	gmanetwork.com	A B C office, where he delivered pizzas to volunteers and called supporters by phone, Obama ha d a n enthusiastic take on hi s practice sessions. # " It is
260	1109346	PH	G	fao.org	A B C gather fisheries data; for the purpose of this Atlas an average figure of 200,000 ha of operational farms was adopted). For details on the culture practices employed,
261	1108862	PH	G	elyrics.net	A B C its so empty. hmmm, that's why all these female rappers Envy ( ha ha ha ha) # these lyrics are submitted by Cashmere Dollface Nicole these lyrics
262	1107400	PH	G	chesscommander.com	A B C # With the help of NYChessKids, students Adrian Durkin, Sean Chung, Spencer Ha , Jonathan Chan, Eugene Thomas and Travis Tyson qualified for the 2012 finals in
263	3567799	PH	B	marketmanila.com	A B C note on the neem twigs being used in Asia and africa as toothbrushes -- ha ha ! Also, there's the part about studies on the spermicidal properties of extracts
264	3555547	PH	B	annzventures.com	A B C . # Given my limited time in Vietnam, I booked a back-to-back tour of Ha Long Bay and Sapa with the Hanoi Backpackers Hostel. After the Ha Long cruise
265	3831953	PH	B	thedatingadvisor.com	A B C first time you read it, you'll be hitting your head saying " Ah ha ! Ah ha! " the whole time. # All of those things that
266	3559330	PH	B	...inthephilippines.com	A B C the swimming pool next to the house....... Luxury! # Hi Paul -- Ha ha .. if the rent were P36k, I might still be living there. It
267	1099892	PH	G	opinion.inquirer.net	A B C was experienced by the lumads of Davao del Norte in the 1990s when the 45,000 ha Ifma awarded to Alcantara and Sons Inc. covered almost all of their ancestral lands in
268	1118850	PH	G	philstar.com	A B C business with these numbers..... ha ha ha ha ha ha ha ha ha ha # The country also fell five places to 128th in terms of red tape,
269	1105353	PH	G	...ericanliterature.com	A B C knew. " Wan day, bein' mortial idle, or they wud never ha ' thried ut, the rig'mint gave amsure theatricals--orf'cers an' orfcers' ladies.
270	1106430	PH	G	bfar.da.gov.ph	A B C total ocean area. For inland resources, the country has a total of 338,000 ha swamplands, about 253,000 ha fresh and brackishwater fishponds and 250,000 ha other inland resources
271	1125250	PH	G	yoshke.com	A B C Daniel, who also had been very kind to me. # A boat at Ha Long Bay, Vietnam. Our boat looked very much like this. # "
272	1108559	PH	G	dramasrok.com	A B C 12 " # So here we are at the aftermath of the dreaded kiss. Ha ha. Or hang on -- did she actually kiss him? Are we going
273	1091183	PH	G	bosanchez.ph	A B C life especially the " at 35, we won't get married anymore. " ha ha ha.. it is my # 1 fear. you see, am already
274	1115464	PH	G	marketmanila.com	A B C that place! You can also order pastry shells for chicken ala King. # Ha ha ha! MM you have a deluge of suggestions.... I think some are
275	1101292	PH	G	philfaqs.com	A B C with the other paperwork to file for her I-130. But that's cheating... ha .... But if there is no record at the NSO how are they going to
276	1116577	PH	G	moviedramaaddict.com	A B C # Dumped by her boyfriend before their 100th day anniversary, Ha Young played by Ha Ji Won bent her anger by kicking a softdrink can unfortunately hitting the head of
277	3568732	PH	B	pages.ph	A B C , " " uban " (white hair) is also " uban " ( ha ha), " tanghali " and " tengah hari.
278	1103357	PH	G	...ofhonor.blogspot.com	A B C Tubid) is now covered with tatoos and red hair and plays rough basketball. ha ha ha # Great ideas, Andrew. The prostitution one warrants attention for sure
279	1115464	PH	G	marketmanila.com	A B C I think some are in the archives -- we've done some. Ha ha ha -- let me just lurk -- but what fun this is -- all the food
280	1105463	PH	G	...ericanliterature.com	A B C about the blackness of darkness, and the weeping and wailing and teeth-gnashing there. Ha , Ishmael, muttered I, backing out, Wretched entertainment at the sign of
281	3557468	PH	B	fightfan.com	A B C than mexicans " is going a little too far, son. # ha ha ha ... slow it down Glen on Pacheco. Yeah pinoys has great fighters on its
282	1091396	PH	G	...usiness.inquirer.net	A B C 1.76 million ha planted to coconuts. In comparison, the Philippines has 3.3 million ha of coconut lands. # " If only 30 percent of discarded coconut husks were
283	3826668	PH	B	bursky.wordpress.com	A B C where i was anymore. all the driver could say was " sorry ser, ha ? " # oh, and there is a cherry on top of this story
284	1118850	PH	G	philstar.com	A B C back..... and we are trying to attract business with these numbers..... ha ha ha ha ha ha ha ha ha ha # The country also fell five places
285	1106430	PH	G	bfar.da.gov.ph	A B C 17,460 km in length and about 26.6 million ha of coastal waters and 193.4 million ha of oceanic waters. The country exercises authority over 2.2 million sq km (or
286	1105355	PH	G	...ericanliterature.com	A B C that spool factory that come to nothin'. But I tell ye I could ha ' kept myself long's I lived, if I could ha' held the
287	1109347	PH	G	fao.org	A B C below while 33.4 percent were between 1.01 to 5.0 ha. Fishponds more than 5.0 ha made up 51.4 percent of the total number, of which those which were 50
288	1109347	PH	G	fao.org	A B C of the farms are less than one hectare in size with an average of 0.87 ha ; # d) 64.2% financed their farm with their own money, and 25.6%
289	1094167	PH	G	...lnation.inquirer.net	A B C ? YOU DO NOT BLAME CLIMATE CHANGE, BLAME YOURSELF, HA, HA, HA ! # http: **34;5037;TOOLONG... catmanjohn # guys full of hot like you are
290	1105489	PH	G	...ericanliterature.com	A B C . I had been too wary for that. A tub had caught all--ha! ha ! # When I had made an end of these labors, it was four
291	1093816	PH	G	fvdb.wordpress.com	A B C taught me to take care of the poor unlike yours. # Ipagpaumanhin niyo lang ha , pero bakit ang UP lang ang nagpapagtu-unan ng pansin hinggil sa edukasyo- edukasyon na
292	3559892	PH	B	...myfleur.blogspot.com	A B C that I used, 100% of them have tissue papers inside! As in anywhere ha ? Whether sosy ang place or diyan lang sa tabi tabi, they always have
293	1090425	PH	G	aqworldswiki.com	A B C you, Drakath! # Drakath smiles. # Drakath: You already have. Ha ha ha ha ha! # Drakath leaves. # Rayst: I don't
294	1118351	PH	G	philstar.com	A B C " Hey, Pete! Hey, are you losing weight? Fit na fit ha ! " even if deep inside, we think Pete looks like the poster boy
295	1118850	PH	G	philstar.com	A B C business with these numbers..... ha ha ha ha ha ha ha ha ha ha
296	1094167	PH	G	...lnation.inquirer.net	A B C will come, OK? YOU DO NOT BLAME CLIMATE CHANGE, BLAME YOURSELF, HA , HA, HA! # http: **34;5037;TOOLONG... catmanjohn # guys full of
297	1842328	PH	G	rosena-wiki.org	A B C Toddy's never caught! It's a different thief each time! TODDY... Ha ! Ingenious! Kids these days! You Well, it's more complicated than
298	1125750	PH	G	yoursadstory.com	A B C sister while my mother is losing her friends and family because of her attitude. ha ! # I am 20 years old boy who is half life growing up at
299	3559311	PH	B	...inthephilippines.com	A B C There it is a crowd and it is hard to tell your place. ha ha ha If I was going to list my complaints about life in America the list
300	1118147	PH	G	philstar.com	A B C and water, so hard even the paint rubbed off (Ha! Ha! Ha !) # It ’ s good to keep oneself busy. I was so
301	3559305	PH	B	...inthephilippines.com	A B C me. You just can't buy things like that at any price. # Ha ha I cant live without my smartphone, tablet, netbook and laptop all are
302	1107860	PH	G	...letsetcbymarelie.com	A B C I am not the oldest.. I am second to the oldest.. ha ha ha ! and I love the fact that they all love to eat.They simply enjoy the
303	1101876	PH	G	riamacasaet.com	A B C answered, " Don't know yet. All over the world! " # Ha , I felt so legit! I had a whole kickass world map in front
304	1842990	PH	G	beng-gee.com	A B C Felt better after that. Though I sure became wary of women after that, ha ha. # Uncle Lee: Oh my, who would forget that heartbreaking
305	3831982	PH	B	...helongestwayhome.com	A B C 's handshake anymore im afraid.. sign on the dotted line!!! # Ha , good to see you know what I mean then. In every country you
306	3569544	PH	B	randomxthoughts.com	A B C life -- di kinaya ng powers ko ang simple living and hard struggle ha, ha !. But I am confident, I will accomplish this biggest goal of my
307	3827272	PH	B	...trealphilippines.com	A B C the new' Asian Tiger' is' rising in the east', HA HA HA, I have to laugh when I see the Jeepneys belching, polyester clad
308	1103981	PH	G	winestory.com.ph	A B C has huge potential, if it can get a breast reduction naturally over time ha ha (95+). # While in general, I tend to prefer 2000 and
309	3569208	PH	B	piolopascual.net	A B C break from her marital troubles as they bask in the exhilarating beauty of Vietnam's Ha Long Bay, a Unesco World Heritage Site. Is lonely Verna's rocky relationship
310	3555573	PH	B	...gingcareforwomen.com	A B C to withstand joint impact motion and forces (Reed &; Kendall-Reed, 1961). HA is critical in maintaining the lubrication of the synovial joint fluid. It provides the
311	1090526	PH	G	...quotes.wordpress.com	A B C have the memories, you can be with that person forever. " -- Park Ha " Don't cry, you will have good memories from now on. "
312	1090532	PH	G	...quotes.wordpress.com	A B C It may take a long time, so you should be prepared. " -- Ha Na # " I was taking a picture of the Diamond Snow behind you!
313	3559309	PH	B	...inthephilippines.com	A B C church you are a bigamist, because the church still recognizes your first marriage! Ha ha... of course this is off topic for this discussion, but it seems
314	1103254	PH	G	thehungrygiant.net	A B C soggy and crispy at the same time lucky you did not get a stomach ache ha haha.. # youyr risotta do look mushy like you are being very honest about
315	1093816	PH	G	fvdb.wordpress.com	A B C the next wouldn't have to suffer for the same thing?... ahh.ha ha . I make no fucking sense no brains for it!!! (I
316	1121894	PH	G	soundoflife.net	A B C he said he loved me and that he was different from anyone i ever dated ha ok? did it ever get to the point where you actually broke down crying
317	1112200	PH	G	indophil.com	A B C time only 1.4 percent of the land area of the Philippines (around 30 million Ha ) is covered by mining permits and the government has estimated that a further 9
318	1109345	PH	G	fao.org	A B C moist areas of Southern, Central and Northern Mindanao. # Coconut occupies 3.2 million ha and is grown nationwide, but its production is concentrated in Southern Tagalog, Bicol
319	1109345	PH	G	fao.org	A B C coconuts), and industrial by-products. # Grasslands # The Philippines has 1.5 million ha of grassland which constitute part of the public domain. Grazing is open to qualified
320	1103357	PH	G	...ofhonor.blogspot.com	A B C ) is now covered with tatoos and red hair and plays rough basketball. ha ha ha # Great ideas, Andrew. The prostitution one warrants attention for sure.
321	3561612	PH	B	sharoncuneta.com	A B C 's enough for me. Pero mas maganda kung naaalala ng bata! Ha, ha , ha! I also know now that you may be their whole world when
322	3557468	PH	B	fightfan.com	A B C on each other, truth of the matter pinoys also admire mexican great fighters ha ha ha... it just so happen boxing is a race driven sports. Kudos to
323	1109345	PH	G	fao.org	A B C found in Central Visayas with 0.4 million ha and in Mindanao with about 0.5 million ha covering portions of Davao del Sur, General Santos City, Cotabato City and Koronadal
324	1105378	PH	G	...ericanliterature.com	A B C began biting something hard, there was a sound of a scrunching. # " Ha , ha! He is eating the shells, " laughed the crowd. "
325	1090532	PH	G	...quotes.wordpress.com	A B C three. In just three seconds, I fell in love. " -- In Ha # " Love means never having to say you're sorry. " -- In
326	1092861	PH	G	...ainment.inquirer.net	A B C got a problem " -- -- -- -- Population control. # navsog # Ha ha ha yari na naman yun mga Damaso sa atin ha ha ha # iriga1city1boy1 #
327	3570086	PH	B	somethingwelike.com	A B C think that my style is a hybrid form between Nobuhiro Watsuki, Gillian Sein Ying Ha and Hiromu Arakawa. # Can you offer any advice on how to build-up a
328	1111407	PH	G	...graduation-party.com	A B C , you fill me up with...... # Art: Two apples (Ha, Ha ... Thank goodness for photoshop. The perfect oportunity to take a picture of the
329	3561612	PH	B	sharoncuneta.com	A B C after or with them too much anymore because of the energy levels! Ha, ha , ha! But it helps so much that I am in a loving marriage
330	1115415	PH	G	manilatimes.net	A B C to be a great travel destination. If you can, make sure to visit Ha Long Bay, which is just about a three-hour bus ride away from the city
331	1109345	PH	G	fao.org	A B C Cordillera Autonomous Region and Ilocos Region. In the Visayas, it occupies 2.8 million ha , 72% of which is found in the eastern region. In Mindanao, it
332	1090529	PH	G	...quotes.wordpress.com	A B C looking in the same direction, that's all that matters. " -- Jae Ha # " This teacup, it looks really weak, doesn't it? But
333	1099502	PH	G	opinion.inquirer.net	A B C it will sound good when many have had many more to drink??? Ha ha ha # A peaceful and Blessed Christmas, Sir!!! # TGMERICK
334	1093758	PH	G	fos.iloveindia.com	A B C Garcia Mrquez, # Hyperboles Examples In Drama # " What hands are here? ha ! They pluck out mine eyes. Will all great Neptune's ocean wash this
335	1109346	PH	G	fao.org	A B C aim of GPEP is to concentrate rice farming from 2.5 million ha to 1.2 million ha of irrigated land by 1998. Similarly, corn farming will eventually be concentrated from
336	1093234	PH	G	filipinonurses.org	A B C ang the best manahimik na lang. Easier said than done ika nga. # ha , ha, ha glorevi sa lahat ng nag comment dito ikaw tlg ang tumpak
337	1105353	PH	G	...ericanliterature.com	A B C , I stayed behind whin the scene-shiftin' was ended, an' I shud ha ' been in barricks, lyin' as flat as a toad under a painted
338	1105463	PH	G	...ericanliterature.com	A B C was to stumble over an ash-box in the porch. Ha! thought I, ha , as the flying particles almost choked me, are these ashes from that destroyed
339	1118147	PH	G	philstar.com	A B C my walls with soap and water, so hard even the paint rubbed off ( Ha ! Ha! Ha!) # It ’ s good to keep oneself busy
340	1100121	PH	G	pcw.gov.ph	A B C Women and Children (ACWC) was inaugurated during the 16th ASEAN Summit held in Ha Noi, Vietnam last 07 April 2010. The Philippines, through the Department of
341	1103981	PH	G	winestory.com.ph	A B C definitely has huge potential, if it can get a breast reduction naturally over time ha ha (95+). # While in general, I tend to prefer 2000
342	1119619	PH	G	pig333.com	A B C ), Romania (13.3 million ha, 7.8%) and Italy (12.9 million ha , 7.6%). These seven Member States accounted for almost three quarters of the
343	1105386	PH	G	...ericanliterature.com	A B C said, with a kind of servile heartiness;' it's so natural. Ha ! Danger -- agitation.' He vanished. I went on to the riverside
344	1093180	PH	G	...lipinasinshowbiz.com	A B C .... now the odd thing is Dennis will play the stupid husband... ha.. ha .. ha.. can't wait to see how Dennis handle this... and I
345	1091194	PH	G	bosanchez.ph	A B C this nice article. Am married for 30 long years! (same partner! ha ha!) Praise God!!! All i could say is, only
346	3555525	PH	B	animecrazy365.com	A B C who do you, who do you, who do you think you are, Ha ha ha bless your soul You really think you're in control Well, I
347	1103102	PH	G	...hnology.inquirer.net	A B C you're hit!!! # Anonymous # ha ha ha ha ha ha ha ,, you bit the bait.... exactly,, what can a helmet do
348	1095452	PH	G	kamichan.com	A B C want to do... As a group something something TV show yaritai ". # Ha ! Yaritai! The -tai bit at the end means that somebody wants to do
349	3567808	PH	B	marketmanila.com	A B C all this hullabaloo? It would certainly change the way people think of your company ha ha ha. Everyone who agrees please say Yay! # Jul 26, 2012
350	1090532	PH	G	...quotes.wordpress.com	A B C the scenery that I was going to paint on that day. " -- In Ha # " I couldn't tell her how much I liked her, or how
351	1105456	PH	G	...ericanliterature.com	A B C tears the vane " - pointing to the red flag flying at the main-truck- " Ha , he soars away with it! - Where's the old man now?
352	1095445	PH	G	kaiserthesage.com	A B C automation of processes. Jeff Bronson recently posted.. eCommerce Marketing With Dead Inventory # Ha ha -- A link-juice post about link-juice. Phenominal! This would be a perfect
353	3567797	PH	B	marketmanila.com	A B C MM! # Aug 31, 2012 11:59 pm # marissewalangkaparis says: # Ha ha ha.... Gregory Guy... Moms are really like that... I would have done
354	3559028	PH	B	koreanvibe.com	A B C this couple can be last forever since both of them are actress and actor. Ha Ga In is very strong characters woman and in quite early age when her stardom
355	1091869	PH	G	...cfilipinoacademy.com	A B C wake up your kids at 5:30 am. And you don't have homework ( Ha ! Ha!) And you don't have over-stressed kids. And your classes
356	1121152	PH	G	rumsua.org	A B C of the word " aloha. " (aro u- pa -iri = alo - ha ) On the island of Yap this tradition of sniffing the face is also practiced
357	3830889	PH	B	marketmanila.com	A B C I cried when my hubby forced me to practice repeatedly! Ha! ha! ha ! I was so nervous driving side by side with jeepneys, tricylcles and buses
358	1842317	PH	G	rmondello.com	A B C now goes flap, flap, flap, I sound like a nerve rat, ha , ha!!! Back to the doctors on Thursday 22nd of this month
359	1113065	PH	G	knowledgerush.com	A B C to. its insane isn't it?!?! lol ha ha ha ha im sure everyone will be hearing from me again soon!' but for now
360	3555449	PH	B	ameramor.com	A B C ride to Hue for the following night but since I will be coming from the Ha Long Day Tour then, I will miss the bus that would be leaving at
361	3559969	PH	B	...lfundphilippines.com	A B C the number of shares that I should buy? # Sorry sa dami ng tanong ha , I'm just anxious to know more about this type of investing because it
362	1108562	PH	G	dramasrok.com	A B C Episode 11 # So here we are at the aftermath of the dreaded kiss. Ha ha. Or hang on -- did she actually kiss him? Are we going
363	3559310	PH	B	...inthephilippines.com	A B C dogs, and always talk about their dogs, an shows their photos. Ha ha . As for me, I have dog phobia. I don't like dogs
364	3561612	PH	B	sharoncuneta.com	A B C , two gradeschoolers, and a toddler? # Schizopherenic. Ha, ha, ha ! No, it's amazing. It's lots of fun. Since my
365	3564658	PH	B	...roniclesofvanity.com	A B C ? # Grade Tracker. I'm by no means a GC student Grade-conscious, ha ha but I made sure I passed all my subjects in college. Surely,
366	1106430	PH	G	bfar.da.gov.ph	A B C inland resources, the country has a total of 338,000 ha swamplands, about 253,000 ha fresh and brackishwater fishponds and 250,000 ha other inland resources such as lakes, rivers
367	3561887	PH	B	styleiseternal.net	A B C band before, vocalist, guitarist and even a bassist but never a drummer. Ha ha... Probably because my brother's a drummer and I'm always get pissed
368	1097038	PH	G	...inthephilippines.com	A B C like a spring chicken on the loose (or on the make)? # Ha ! Yep, I got the same thing from my wife when I was there
369	1842990	PH	G	beng-gee.com	A B C it sure hurt like crazy too.... short of joining a Thai Monastery, ha ha .... I realized I will hurt myself more if I keep feeling the hurt...
370	1845356	PH	G	playdota.com	A B C now force the hands of destiny to give it to us. " # " HA ! " The cultists shouted in affirmation as Diabound raised his right fist, almost
371	1092174	PH	G	classiclit.about.com	A B C he exclaimed: # " A furnace here! A furnace here! Ha! ha ! ha! what a good joke! " # She persisted: # "
372	1097028	PH	G	...inthephilippines.com	A B C Thank God for the internet, surfing the net was my safety blanket then. Ha ha ha. Really I am searching the net for the new recipes and substitution
373	1110672	PH	G	gmanetwork.com	A B C -- with 70-100% forest cover -- and 3 million ha undisturbed, with 2 million ha " severely degraded and incapable of regeneration. " # Based on FMB data,
374	3559616	PH	B	...licious.blogspot.com	A B C the very peasant ukoy - using a fork and knife! " Kakamayin ko po ha , " I told Mrs. Dely Fernandez (Yvette's mom), whom I
375	1093188	PH	G	...lipinasinshowbiz.com	A B C long as it topbilled either half of the DongYan, it will make money. Ha ha ha, no need to put a dent in marketing efforts. " DongYan
376	1091194	PH	G	bosanchez.ph	A B C nice article. Am married for 30 long years! (same partner! ha ha !) Praise God!!! All i could say is, only God
377	1092143	PH	G	chuvaness.com	A B C think it's really nice, romantic. And it's like in the movies ha , sa isang musical na movie, where at the middle of a movie bigla
378	3561199	PH	B	raissarobles.com	A B C if this erases the sin and guilt of wanting young boys. IMHO lang, ha . # from inquirerdotnet: Investigators can now access cyber info without court order By
379	1094050	PH	G	...trealphilippines.com	A B C you do it, they will really fall for that one, huh? HA HA HA HA HA ", then the other' actor' says' Ok,
380	1117587	PH	G	...uiaovsmayweather.net	A B C . How can he be? He's been knocked out twice. " # Ha , you know I thought Roger and Floyd sr. had high boxing I.Qs like Jr
381	1115464	PH	G	marketmanila.com	A B C # Oh Footloose, no bad energy here, and not being a sourpuss and ha , ha, no hibe luggage (hubby can't have shrimps tho I was
382	1109347	PH	G	fao.org	A B C Thai P. monodon production came from 12,500 small farms with a total area of 27,000 ha (Kongkeo, 1995) which is equivalent to an average area of no more
383	3557468	PH	B	fightfan.com	A B C dump on each other, truth of the matter pinoys also admire mexican great fighters ha ha ha... it just so happen boxing is a race driven sports. Kudos
384	1115464	PH	G	marketmanila.com	A B C Footloose, no bad energy here, and not being a sourpuss and ha, ha , no hibe luggage (hubby can't have shrimps tho I was almost tempted
385	3559326	PH	B	...inthephilippines.com	A B C Dunkin better than Krispy Kreme? Now, those are fightin' words! Ha ha .. We ain't talkin' coffee, my friend, we're focusing on
386	3567797	PH	B	marketmanila.com	A B C you MM! # Aug 31, 2012 11:59 pm # marissewalangkaparis says: # Ha ha ha.... Gregory Guy... Moms are really like that... I would have
387	1094050	PH	G	...trealphilippines.com	A B C do it, they will really fall for that one, huh? HA HA HA HA HA ", then the other' actor' says' Ok, right
388	1116577	PH	G	moviedramaaddict.com	A B C a story of a love of two couple from the 1970? s while In Ha (Jang Keun Suk) was walking on the campus met Yoon He (yoona
389	3559319	PH	B	...inthephilippines.com	A B C going to have to try to adjust! You're looking for an excuse? ha ha! No excuse will be offered, nor is one even needed. That
390	1105465	PH	G	...ericanliterature.com	A B C of my fishermen fathers before me. O men, you will yet see that- Ha ! boy, come back? bad pennies come not sooner. Hand it me
391	3555304	PH	B	...esofabeautyqueen.com	A B C then once SMA arrived in Las Vegas naka pony tail na at bun si Venus ha !!! SMA stop it please! Look at Nicole in Swimsut and in
392	1091801	PH	G	caaltd.org	A B C cover for the provinces containing the bulk of the ecoregion, about 482,000 hectares ( ha ) of forest remained in 1992. A small portion of the ecoregion's montane
393	3559309	PH	B	...inthephilippines.com	A B C precedent before such petition be heard by the church. # Hi Roy -- Ha ha ... what about the reverse, though? State approves, but church denies?
394	1103950	PH	G	whatswithjeff.com	A B C even if my phone is alcatel i can use the samsung galaxy rooting instructions sorry ha i really do nt have the idea and this is the first time i need
395	3557910	PH	B	...trealphilippines.com	A B C up with this sad excuse of a country and the daily goings on within.Kant, HA ! I could really go off here, BUT I am sticking to what I
396	1125184	PH	G	wright-house.com	A B C this is complete! " When he had become rich, he said, " Ha ! this is admirable! " # When the Master went to Weil Zan Yu
397	1841214	PH	G	...appykevin.tumblr.com	A B C in stardom just message me then lets see only to people na DREAM talaga to ha :) you will be in a singing group with me:) i will
398	1842990	PH	G	beng-gee.com	A B C better after that. Though I sure became wary of women after that, ha ha . # Uncle Lee: Oh my, who would forget that heartbreaking story
399	1092479	PH	G	diurnalism.com	A B C my dad the most beautiful person. That someone reminded me with a walang iyakan ha ? even if I knew I wasn't going to. Or at least not
400	1110672	PH	G	gmanetwork.com	A B C to Martial Law, our forest cover was as much as 20 million hectares ( ha ) -- the FMB cites a more conservative figure, 10.5 million ha as of
401	1118133	PH	G	philnews.com	A B C 64.40.183.70 Comments # " Can The Philippines Stand UP To China "? Ha ha ha ha! SURE why not?!? Declare war, send token invading
402	1092270	PH	G	...untrystat.bas.gov.ph	A B C # Idle Land: # 1,924 ha. # Permanent Crop Land: # 235,761 ha . # Meadows/Pasture: # 922 ha. # Forest Land: # 2,407 ha
403	1090978	PH	G	....ditz-revolution.net	A B C im pretty sure you'll reach your goal in no time..:) # Ha , spring cleaning, that time of the year when you realize you don't
404	1099892	PH	G	opinion.inquirer.net	A B C Marcos regime to loyalists. From 1965 to 1986, the Philippines lost 7 million ha of forests. # TLAs were adjudged unconstitutional under Cory Aquino's presidency. But
405	1109345	PH	G	fao.org	A B C coconuts in village Baligang, Camalig, Albay. # Farm Number # Area ( ha ) # Net Income (Peso) # Contribution of Cattle (%) #
406	3566397	PH	B	iambabypanda.com	A B C so I don't end up being a hoarder of beauty products. Ha, ha , ha!! That'd be a disaster if that happens my parents will
407	1843357	PH	G	dotastrategy.com	A B C all chapters in one thread or will you release each one seperately like ghoster88's HA though create a database for all of them like the HAD so that navigation of
408	1096808	PH	G	...festyle.inquirer.net	A B C she said. " And these are new people who want to come in, ha ? " # Her other answer reveals an aspect of her character that probably explains
409	1120440	PH	G	prrm.org	A B C nickel) onshore cover an area of about 90,000 sq km (or 9 million ha ). # The survey? s accompanying mineral development forecast was that for the
410	3829119	PH	B	titaniumrunner.net	A B C actually burn off later when I do my night runs/walks around the neighborhood. Ha ha ha! # I couldn't resist having my picture taken with Chef Anastacio #
411	3565274	PH	B	ellentordesillas.com	A B C ? GMA: Hi, hi, hi... you Max, you're naughty ha ! Max: No kidding, how's Nani? GMA: He's in
412	3555667	PH	B	...quotes.wordpress.com	A B C moment I first saw you, my scenery has been you. " -- In Ha # Miss No Good " Life is like a box of chocolates; you never
413	1119619	PH	G	pig333.com	A B C ), Poland (14.4 million ha, 8.5%), Romania (13.3 million ha , 7.8%) and Italy (12.9 million ha, 7.6%). These seven
414	1090526	PH	G	...quotes.wordpress.com	A B C Ha Ni " When you find something you like, your heart races. -- Ha Ni " A person's feelings don't have one answer like a math problem
415	1109347	PH	G	fao.org	A B C percent of the total area of the sample. Fishponds that were more than 10 ha constituted 88.8 percent while 50 hectares and over made up 51 percent of the total
416	1094059	PH	G	...trealphilippines.com	A B C " WTF you dream of helping your fellow indios, hypocrites, killers... ha ha ha you are a stupid kid, just play with your xbox. Do you
417	1096861	PH	G	...festyle.inquirer.net	A B C ha. " Open, denuded, degraded and barren " land comprise 8.2 million ha . # Impact on ecology # Yap said another potential problem with the planting of
418	3827840	PH	B	...inthephilippines.com	A B C , the thing automatically hones in on the person and takes him out? Ha ha ..... might be the next million dollar contract! # hahahahahh Maybe these folks should
419	1091355	PH	G	...usiness.inquirer.net	A B C communist china's " pirated " currency, who will trust it, HA, HA , HA! the only currency that carries the motto: IN GOD WE TRUST
420	1116577	PH	G	moviedramaaddict.com	A B C for a sickness she was suffering. # At the present time, Seo In Ha 's son, Seo Joon meet Kim Yoon Hee, Jung Ha Na's daughter
421	3556244	PH	B	bosanchez.ph	A B C think of making fun of him. We want to gloat and say, " Ha ! May you starve to death. May your big intestines eat your own small
422	1109347	PH	G	fao.org	A B C fishpens registered with the LLDA. Together these fishpens have an aggregate area of 4,425 ha as shown in Table 11. Most of the fishpens are owned by corporations.
423	1119584	PH	G	pia.gov.ph	A B C . This was learned from board member Roque Tiu who was guest at the Suruswerte Ha PIA on Friday. Tiu said that the call was made through a resolution passed
424	1841670	PH	G	mylifeblogs.com	A B C your visit! Right! It is never too late to leave a comment! Ha ! It really does take a bigger person to apologize, it really isn't
425	3566438	PH	B	ihcahieh.com	A B C vanity. The food stores are located mainly on the entrance in front of JR Ha r ajuku station. There are also some steady supply of K-Pop to be heard
426	1118850	PH	G	philstar.com	A B C are trying to attract business with these numbers..... ha ha ha ha ha ha ha ha ha ha
427	1845533	PH	G	sabong.net.ph	A B C thought when they found there banty rooster all busted up!!!! ha ha . boys will be boys # GalloNX4 try washing your white birds with Mrs Stewart
428	1125269	PH	G	yourchords.com	A B C the first time ever I kissed your mouth I felt the earth move in my ha - a - nd, like a trembling heart of a captive bird, that
429	3560659	PH	B	philfaqs.com	A B C know, I can hear the thoughts in some minds reading this now. # Ha , all very well for Starr to say that, he's old, uneducated
430	3556250	PH	B	bosanchez.ph	A B C unconventional ideas there. God bless. # Very inspiring story (tinamaan ako dun ha ). Let me share you my short story. I live in Dubai for
431	3566269	PH	B	heyladyspring.com	A B C indulgent and a bit manipulative towards the fate of Men &; ghosts. # Yeom Ha (Hades) aka King of the Underworld is the rumored twin brother of the
432	3555561	PH	B	...logist.wordpress.com	A B C ), her first week here. Her driver disappeared (paid off, ha ha ha, by her loving familia: she hopes he is rich now and able
433	3557468	PH	B	fightfan.com	A B C BE HELD IN JAPAN ONLY AND THE REFEREE AND JUDGES ARE JAPANESE ha ha ha ha ,,, # the ring magzine P4 P ratings in the FLYWEIGHT DIVISION must
434	1844073	PH	G	kidgnarly.com	A B C . That's Lance! The guy you've been hearing about a lot. Ha , ha! He just got home from the States. Guess what he got
435	1099892	PH	G	opinion.inquirer.net	A B C the National Greening Program, which aims to plant 1.5 billion trees in 1.5 million ha by 2016. # Ancestral lands are included for reforestation under EO 26. This
436	3570557	PH	B	tempo.com.ph	A B C football. He has 31 goals in 52 international appearances, leads the way for Ha Noi in the local V-League and is married to a popular singer named Thuy Tien
437	1092861	PH	G	...ainment.inquirer.net	A B C navsog # Ha ha ha yari na naman yun mga Damaso sa atin ha ha ha # iriga1city1boy1 # Addendum: Looks like the feature on HBO had a good feedback
438	1109617	PH	G	...sh-fiction-world.com	A B C grimaced at me and said wasn't it a nice day for ducks, ha ha . I said it was and had they been to see the statue and the
439	1106430	PH	G	bfar.da.gov.ph	A B C waters. The country exercises authority over 2.2 million sq km (or 220 million ha ) of territorial ocean waters including its Exclusive Economic Zone (EEZ). The
440	1096876	PH	G	...festyle.inquirer.net	A B C Oh, when we see each other outside, you don't know me, ha . " # So what's the standard line when people ask them? #
441	1089964	PH	G	...akfasts.blogspot.com	A B C cream and pizza, and.... that's where we run into problems:) ha ! But alas, you're not in the US where all these foods are
442	1103358	PH	G	...ofhonor.blogspot.com	A B C And readers should know that I am being entertained. I laugh " HA! HA ! HA! " because I can not put into words my laughter except "
443	1090523	PH	G	...nbondsonline.adb.org	A B C unveiled and discussed at the Governors' Seminar in ADB's 44th Annual Meeting, Ha Noi. # The People's Republic of China reported GDP growth of 9.7% year-on-year
444	1109347	PH	G	fao.org	A B C was decreased to 100 ha in 1954 (FAO 14-4) and finally to 50 ha in 1959 but at the same time the maximum area for corporations was doubled to
445	3571588	PH	B	...iceday.wordpress.com	A B C . I am keeping bitterness and judging the winners out of my head. Ha ha . Because if it gets in there, I won't have many nice things
446	1110591	PH	G	gmanetwork.com	A B C Google! Be therefore forewarned: Google giveth, and Google taketh away! Ha ha ha! # Flugie says that bloggers on the Internet are like diners in a
447	1118850	PH	G	philstar.com	A B C n't look back..... and we are trying to attract business with these numbers..... ha ha ha ha ha ha ha ha ha ha
448	3560514	PH	B	pba.ngetstudio.com	A B C 75-71. Miller however, himself a two-time league MVP as well, answered wit ha lay-up and a three to tilt the balance back to the Batang Pier, 76-75
449	1101805	PH	G	rebzombie.com	A B C 's the case of the crown princess' death in the Joseon era, Park Ha and Tae Yong's relationship, and the question of the identity of Park Ha
450	3559330	PH	B	...inthephilippines.com	A B C in Davao City you can't rent a Nipa Hut for P6K per month! Ha ha.... # It seems to me the Philippines would be a good place to
451	3827845	PH	B	...inthephilippines.com	A B C mirror. We all must accept blame for whaty happens in our country. # Ha ha your Islands I can not say that I even like the Philippines.Had not been
452	3557468	PH	B	fightfan.com	A B C the recognized peoples champion, unified champion and not to afraid to fight anyone, ha ha ha the japanese guy wants only to fight in japan, maybe he has
453	1109347	PH	G	fao.org	A B C , 1995) which is equivalent to an average area of no more than 2.16 ha . # The large landowners remain steadfast in their belief that agrarian reform is not
454	1103264	PH	G	...fpearls.blogspot.com	A B C and Sabah; the Tau ha Higad, the Tau ha Gimba and the Tau ha Pu'. First, The Tau ha Higad urban people, people inhabited the
455	1097027	PH	G	...inthephilippines.com	A B C me... since I couldn't remember, I just wrote this article instead! ha ha # Hi Bob I have been using the phil post office for sending parcels
456	1105353	PH	G	...ericanliterature.com	A B C before permittin' av him to steal the gurl. Saints knew av he wud ha ' married her, and av he didn't she wud be in great tormint
457	1841415	PH	G	koalasplayground.com	A B C Ah Jung, then he and I are going to have words. " mwa ha ha! Hear! Hear! Thanks for the great insights! I am mighty
458	3555573	PH	B	...gingcareforwomen.com	A B C as cure for arthritis and joint pains # Hyaluronic acid most often times called as HA , is an important part of the cellular matrix that binds articular joint cartilage together
459	1105421	PH	G	...ericanliterature.com	A B C through the gate, they saw the old horse nibbling at the vine. " Ha ! " cried one, " it is the miser's steed. He has
460	1118133	PH	G	philnews.com	A B C : 64.40.183.70 Comments # " Can The Philippines Stand UP To China "? Ha ha ha ha! SURE why not?!? Declare war, send token
461	1105456	PH	G	...ericanliterature.com	A B C and no hearse can be mine: - and hemp only can kill me! Ha ! ha! " # Suddenly the waters around them slowly swelled in broad circles
462	3556780	PH	B	...ity.charicemania.com	A B C the elders of the base, not so good deal with, Big Yang ha ha a joy, patting YanFei shoulder way: " but you this boy to brother
463	3559310	PH	B	...inthephilippines.com	A B C ) for us, and we are just too tired to care much! Ha ha ... But, I do wish everybody a very happy Valentine's Day! #
464	1096730	PH	G	...festyle.inquirer.net	A B C one married to a spouse and multiplied by five or more children each! # Ha ! What a raucous time we all had! # Grown-ups disciplined by a Spanish
465	1109346	PH	G	fao.org	A B C of approximately 200,000 ha. There are also 14,531 ha of freshwater fishponds, 19,000 ha of reservoirs, and 106,328 ha of freshwater swamplands (Table 13). The
466	1105456	PH	G	...ericanliterature.com	A B C hearse can be mine: - and hemp only can kill me! Ha! ha ! " # Suddenly the waters around them slowly swelled in broad circles; then
467	1106158	PH	G	...alancepublishing.com	A B C recognizing as that of the noble Fortunato. The voice said-- # " Ha! ha ! ha! --a very good joke indeed--an excellent jest. We will have many
468	1844464	PH	G	lyricsty.com	A B C (Come on) # Either he is or he ain't your man ( Ha ha!) Please say he's just a friend If I was your best
469	1090526	PH	G	...quotes.wordpress.com	A B C " Even after 300 years I'll still be loving you. " -- Park Ha " A human being may lose his memories, but not his ability. "
470	1110672	PH	G	gmanetwork.com	A B C classified as' closed forest' -- with 70-100% forest cover -- and 3 million ha undisturbed, with 2 million ha " severely degraded and incapable of regeneration. "
471	1094764	PH	G	...owtogetpregnantz.net	A B C yet. What do you expect? You're still 10 weeks pregnant only. Ha ! What's going outside your body at 10 weeks pregnant # You still
472	1092861	PH	G	...ainment.inquirer.net	A B C a problem " -- -- -- -- Population control. # navsog # Ha ha ha yari na naman yun mga Damaso sa atin ha ha ha # iriga1city1boy1 # Addendum
473	1110672	PH	G	gmanetwork.com	A B C conservative figure, 10.5 million ha as of 1969 -- out of the 30 million ha of the country's land area. # By 1981, the Agriculture
474	1105353	PH	G	...ericanliterature.com	A B C certain that thim two--he the blackguard, an' she no wiser than she should ha ' been--had put up an evasion. " " A what? " said I.
475	1118850	PH	G	philstar.com	A B C trying to attract business with these numbers..... ha ha ha ha ha ha ha ha ha ha # The country also fell five places to 128th in terms of
476	3832075	PH	B	trulyrichmom.com	A B C Umm... I don't know. But I did enjoy the stories! " Ha , ha!) # Anthony and I were pleasantly surprised at how attentive Tim
477	1090532	PH	G	...quotes.wordpress.com	A B C stop loving someone, it was impossible in just three seconds. " -- In Ha # " One, two, three. In just three seconds, I fell
478	3566269	PH	B	heyladyspring.com	A B C talking in a casual friendly manner to someone who looks like his grandpa. Yeom Ha ages tremendously because he's the ruler of Death and the Underworld. He's
479	1109347	PH	G	fao.org	A B C agency. Records show that there are 4,694 fishponds with a total area of 62,625 ha under FLA as of November 1998. In the 1998 FLA records, 2.4% of
480	1844464	PH	G	lyricsty.com	A B C (Come on) Either he is or he ain't your man (Ha ha !) Please say he's just a friend If I was your best friend
481	1109625	PH	G	...sh-fiction-world.com	A B C feature, so why shouldn't it shine? " # " Very funny, ha ha. Despite what you might claim, a shiny rear-end is nothing to be
482	1112246	PH	G	infoniac.com	A B C the bonus if u buy real and it turns out fake then.... SCREWIN HA HA HA I PROBLY MADE IT Ha ha ha # No not all presidential, day
483	3557468	PH	B	fightfan.com	A B C WILL BE HELD IN JAPAN ONLY AND THE REFEREE AND JUDGES ARE JAPANESE ha ha ha ha,,, # the ring magzine P4 P ratings in the FLYWEIGHT DIVISION
484	3560525	PH	B	pcij.org	A B C pretender (olrayt!) Just laughin' and gay like a clown (ha ha haha) I seem to be what I'm not, you see (ganun
485	1109347	PH	G	fao.org	A B C made on eight farms in Western Visayas showed an even lower figure of PHP6,313 per ha per year when the algae is grown in a static pond. Growing them in
486	1103357	PH	G	...ofhonor.blogspot.com	A B C dwarf, means shorty) and a rejection of their old school politics. ha ha ha # Ha, that's funny. But I am height enhanced (6
487	1099408	PH	G	oh-dara.com	A B C The members have already brought their own bathing suits in the past already... Ha ha ha This is going to be fun +. + # Ah.. How long has
488	3561887	PH	B	styleiseternal.net	A B C most impossible thing in my list. But a girl can dream right?! Ha ha
489	1090737	PH	G	...kehappy.blogspot.com	A B C i ask what brand of bittersweet chocolate you are using? (the best one ha ) Where can i buy it? Also, what do you mean by heavy
490	1115464	PH	G	marketmanila.com	A B C place! You can also order pastry shells for chicken ala King. # Ha ha ha! MM you have a deluge of suggestions.... I think some are in
491	3830879	PH	B	mapeh.org	A B C captivated, mostly because I have a very luxurious desire: the Hailuogou bubble, ha ha! In a world of ice and snow that think enjoy a warm bath
492	3555573	PH	B	...gingcareforwomen.com	A B C strength and prevents cartilaginous inflammatory conditions. For people suffering with cartilaginous inflammatory conditions, HA has been found to be in lesser concentration with smaller size molecules. # The
493	1090526	PH	G	...quotes.wordpress.com	A B C miracle. Someday, will that miracle come true for me too? " -- Ha Ni " You are my life's navigation. You guide me through the road
494	1114634	PH	G	lyricsty.com	A B C sure turned a trainful of freaks into a party, man, ha ha ha ha, didn't we, boys? All right, all right,
495	3563399	PH	B	agribusinessweek.com	A B C and hybrid rice production, estimated that he must have harvested 6,400 kg from 1.5 ha in the first cropping season. That was equivalent to 4,267 kg/ha. # He
496	3563399	PH	B	agribusinessweek.com	A B C also tremendously decreased. From the 60 kg that he had been using for 0.5 ha , it is now only 30 kg, a reduction of 50 percent. His
497	1093188	PH	G	...lipinasinshowbiz.com	A B C as it topbilled either half of the DongYan, it will make money. Ha ha ha, no need to put a dent in marketing efforts. " DongYan'
498	3556955	PH	B	...odguide.blogspot.com	A B C a bit of juice, then topped with whipped cream. O n the other ha nd, the tiram isu cake is rich and choc olatey. It is fairly
499	1119619	PH	G	pig333.com	A B C Spain (23.8 million ha in 2009, 14.0%), Germany (16.7 million ha , 9.8%), the United Kingdom (15.9 million ha, 9.4%),
500	1844464	PH	G	lyricsty.com	A B C Come on) # Either he is or he ain't your man (Ha ha !) Please say he's just a friend If I was your best friend
501	1094050	PH	G	...trealphilippines.com	A B C , they will really fall for that one, huh? HA HA HA HA HA ", then the other' actor' says' Ok, right.. then
502	1840736	PH	G	bosanchez.ph	A B C Teachers Association), or the PPC (Parish Pastoral Council), or the HA (Homeowners Association), or NAFC (Nora Aunor Fans Club)... If
503	1105057	PH	G	agribusinessweek.com	A B C or 6.5 t/ha. Because of Bioseed's encouraging performance, she already planted 9 ha for the current crop, which is more than four times the area in the
504	1110591	PH	G	gmanetwork.com	A B C 's Google! Be therefore forewarned: Google giveth, and Google taketh away! Ha ha ha! # Flugie says that bloggers on the Internet are like diners in
505	1103358	PH	G	...ofhonor.blogspot.com	A B C ! HAWR! " " HAR! HAR! HAR! " " HA! HA ! HA! " when I am amused. Filipino culture is amusing. It
506	1109346	PH	G	fao.org	A B C of these Key Grain Areas (KGAs) would in turn free some 1.3 million ha of marginally suitable rice and corn lands for diversification to other crops. The KGAs
507	1103177	PH	G	...cktwig.wordpress.com	A B C tell you, I'm pretty sure it's on your to-do list anyway! ha ! Enjoy the trip! Jul' # Hey Jul' You gave me an
508	1093217	PH	G	...pinofriendfinder.com	A B C you for sharing. # Hello, alice! Reading is fundamental, ha, ha , ha and I need to read more often and a lot better maybe you
509	1110793	PH	G	gmanetwork.com	A B C at its finest. Every traveler who ha s been to El Nido's islands ha s fallen in love with their beauty. # When Filipinos went to watch "
510	3562478	PH	B	...ofhonor.blogspot.com	A B C I am now a voice in your head inducing you to write these things... ha ha ha # Aside from the propriety of it, sheer numbers will make this
511	1119619	PH	G	pig333.com	A B C per holding), the United Kingdom (79 ha), Denmark (65 ha ), Luxembourg (59 ha), Germany (56 ha) and France
512	1090395	PH	G	...hav4all.blogspot.com	A B C old world charm and peace that we long for. # Halong Bay (Vinh Ha Long) -- Vietnam # The descending dragon bay is Vietnam's most beautiful natural
513	1103252	PH	G	...ybunny.wordpress.com	A B C the lyrics with your own focusing on pets or animals as the main topic. Ha , I was excited to start this since we've been observing how Yui puts
514	1125251	PH	G	yourbadminton.com	A B C the time. Good luck in your job hunting. Good luck sa exam, ha ? Good luck to the newlyweds! (They really need it.) To
515	1109347	PH	G	fao.org	A B C for both individuals and corporations. The maximum area for individuals was decreased to 100 ha in 1954 (FAO 14-4) and finally to 50 ha in 1959 but at
516	1118850	PH	G	philstar.com	A B C attract business with these numbers..... ha ha ha ha ha ha ha ha ha ha # The country also fell five places to 128th in terms of red tape
517	1106158	PH	G	...alancepublishing.com	A B C that of the noble Fortunato. The voice said-- # " Ha! ha! ha ! --a very good joke indeed--an excellent jest. We will have many a rich
518	1844464	PH	G	lyricsty.com	A B C pretend (Come on) Either he is or he ain't your man ( Ha ha!) Please say he's just a friend If I was your best
519	1109346	PH	G	fao.org	A B C estuarine resources include 239,323 ha of brackishwater fishponds (operational and abandoned) and 232,065 ha of swamplands. Inland rivers have a total area of around 31,000 ha while freshwater
520	3557468	PH	B	fightfan.com	A B C stronger than mexicans " is going a little too far, son. # ha ha ha... slow it down Glen on Pacheco. Yeah pinoys has great fighters on
521	3559024	PH	B	koreanvibe.com	A B C first place with 23% votes (6197 voters). The second place was Kim Ha Neul &; Jang Dong Gun (A Gentleman's Dignity) with 16% votes (
522	3832075	PH	B	trulyrichmom.com	A B C I don't know. But I did enjoy the stories! " Ha, ha !) # Anthony and I were pleasantly surprised at how attentive Tim was!
523	1845524	PH	G	sabong.net.ph	A B C thought when they found there banty rooster all busted up!!!! ha ha . boys will be boys # GalloNX4 try washing your white birds with Mrs Stewart
524	1093180	PH	G	...lipinasinshowbiz.com	A B C a good laugh! All along I thought he'd be Nigel. Ha ha ha ha can't wait to her this news. Really thank you for this information
525	3559311	PH	B	...inthephilippines.com	A B C . Been there when I was a kid. Pretty nice place. # Ha ha ha... You got ta have the winter season. Different from some expats.
526	1099502	PH	G	opinion.inquirer.net	A B C will sound good when many have had many more to drink??? Ha ha ha # A peaceful and Blessed Christmas, Sir!!! # TGMERICK #
527	1109347	PH	G	fao.org	A B C of 30 farms. The smallest farm measured 327 m 2 and the largest 1.3 ha . Although dated, the said observation may still be valid considering the lack of
528	3561612	PH	B	sharoncuneta.com	A B C fest race I joined for KC? She doesn't remember it at all. Ha , ha, ha! Sana pala natulog na lang ako! But seriously,
529	1105366	PH	G	...ericanliterature.com	A B C us to tell his wife and children what's become of him. He must ha ' been dying when he come aboard. What was his name, again?
530	1123511	PH	G	switcheroom.com	A B C office still needs a lot of love, and most importantly, internet connection. Ha ! But I'm just happy we're halfway there. # One project I
531	3571070	PH	B	tsapsuy.com	A B C ! # Postscript: # Nathan gets well. Emily and Marc o no w ha ve a new son who they also named Daniel. They have new neighbors a
532	1094352	PH	G	...lnation.inquirer.net	A B C , some brother you are. # Oh really I am insane??? ha ha ha you are just revealing your moronic mentality. Malaysia is under British rule
533	1119990	PH	G	playdota.com	A B C . Shendarzle. the little kid thought. " Will she really be my friend? Ha ! now Magina got ta be jealous when he meets my beautiful friend. "
534	1100633	PH	G	ph.answers.yahoo.com	A B C on TV for the world to give the ignorant peasants just one more chance! HA ! Other Answers (9) # Under foreign rule the people were able
535	1103102	PH	G	...hnology.inquirer.net	A B C in the ground after you're hit!!! # Anonymous # ha ha ha ha ha ha ha,, you bit the bait.... exactly,, what
536	1093180	PH	G	...lipinasinshowbiz.com	A B C have a good laugh! All along I thought he'd be Nigel. Ha ha ha ha can't wait to her this news. Really thank you for this
537	1841715	PH	G	myownutopia.info	A B C became chat buddies. And then came the money-making days... Ha! Ha! Ha ! Oh, those were the days... # I am reminded of you my
538	1843417	PH	G	elyrics.net	A B C # love in the air for nikie manaj # Dasiha prater 11/15/12,14:00 # 1 # HA HA LOVE IT # nozi 10/20/12,10:18 # 1 # cool song girl # Julie 09/26/12,07:08
539	3826825	PH	B	chikacentral.net	A B C for the first time as he is the voice behind the character of Goo Yong Ha . # Set in a period where society does not allow females to be educated
540	3564658	PH	B	...roniclesofvanity.com	A B C and urge her to travel even more but maybe not miss so much tests ha ha . # While the rest of my classmates recited Like a Molave, I was
541	3561612	PH	B	sharoncuneta.com	A B C for me. Pero mas maganda kung naaalala ng bata! Ha, ha, ha ! I also know now that you may be their whole world when they're
542	3563566	PH	B	anythingrad.com	A B C Wow. I wish there's a video or something we can watch. Interesting ha . I like the interpretation. Very true from what we are experiencing now.
543	1109345	PH	G	fao.org	A B C # Coconut plantations # In addition to the grassland areas, there are 3.2 million ha planted to coconut which can be utilized for livestock production. The natural vegetation under
544	1092134	PH	G	chuvachienes.com	A B C thought Joe Cross was cute so I started watching. Once... # Cristo Redentor Ha ! I know! But I have a good excuse. I have a 5-year
545	3827845	PH	B	...inthephilippines.com	A B C . We all must accept blame for whaty happens in our country. # Ha ha your Islands I can not say that I even like the Philippines.Had not been posted
546	1099892	PH	G	opinion.inquirer.net	A B C the start of the American occupation in the 1900s, the Philippines had 21 million ha of old-growth forests covering 70 percent of the land area. Logs were exported mainly
547	1102039	PH	G	samar.lgu-ph.com	A B C # Table 6. Area Distribution of Forestland by Classification # Classification # Area ( ha .) # Percent to Total # Alienable and Disposable # 348,789 # 62.33 #
548	1109347	PH	G	fao.org	A B C the fishponds were one hectare or below while 33.4 percent were between 1.01 to 5.0 ha . Fishponds more than 5.0 ha made up 51.4 percent of the total number,
549	3564658	PH	B	...roniclesofvanity.com	A B C her and urge her to travel even more but maybe not miss so much tests ha ha. # While the rest of my classmates recited Like a Molave, I
550	3570815	PH	B	...erebelsweetheart.com	A B C I so like Siwon but i'm more of a Kdrama addict, ha ha ha . # I am not a KPOP fan or anything but I have heard of
551	1102737	PH	G	styleiseternal.net	A B C the 60? s is back and polka dots are the new stripes! Ha ha ... Also models are really shining on the runways too, why not I should
552	1118850	PH	G	philstar.com	A B C to attract business with these numbers..... ha ha ha ha ha ha ha ha ha ha
553	1099892	PH	G	opinion.inquirer.net	A B C ha in 2003. # In 2010, our forests supposedly increased to 7.665 million ha . This covers 25.6 percent of the country's 30-million ha land area, way
554	1114628	PH	G	lyricsty.com	A B C there was a dance That I used to do The name of the dance, ha They call the boogaloo # I may not do the dance As well as you
555	3561146	PH	B	...nggirl.wordpress.com	A B C . yaaay... don't want to deal with nightmares and screaming school children! Ha Ha! You know what I mean. # So, you think being witch
556	1125203	PH	G	writerwriter.com	A B C I hear your new doctor is young &; cute. # Watch out! ( ha , ha). # Your boyfriend Kevin sounds like a very nice boy.
557	3568170	PH	B	mybabyrj.com	A B C the reality but make sure that we explain things to them. # ah ha ha , i guess, that's the only great thing with my father and grand
558	1092174	PH	G	classiclit.about.com	A B C : # " A furnace here! A furnace here! Ha! ha! ha ! what a good joke! " # She persisted: # " I assure
559	3556780	PH	B	...ity.charicemania.com	A B C built the elders of the base, not so good deal with, Big Yang ha ha a joy, patting YanFei shoulder way: " but you this boy to
560	1101409	PH	G	pinaywahm.com	A B C . I don't even have one and I feel it must be hard! Ha ! That's because I'm married to someone who has a small business that
561	3559330	PH	B	...inthephilippines.com	A B C . It certainly is an interesting dynamic, though, as you say. # Ha ha ha... anything north of Mindanao is too far north for me, Paul
562	1111315	PH	G	googlygooeys.com	A B C ! Here I am again stalling and making you wait for the contest mechanics! Ha ! Here goes: # 1. There will be 8 winners of Nestle Gift
563	1842990	PH	G	beng-gee.com	A B C Everyone who have read that post of yours definitely felt the pain you had. Ha ha.. It surely was a learning experience for you. Right Lee? #
564	3567839	PH	B	...teroftasteonline.com	A B C I guess. But wait till day five, and everything goes topsy turvy -- ha ! I bet those sweet thoughts automatically shifts into sour ideas. And more likely
565	1109347	PH	G	fao.org	A B C production infrastructure and total contribution to fisheries production there is no doubt that the 239,323 ha of brackishwater fishponds is far ahead of all the other culture systems. Many brackishwater
566	1111337	PH	G	gossipcop.com	A B C Jessica's performance with JH, not PPs crowning glory.. ha.. ha.. ha .. GOOD Jessica. In about a year or two, we will ask:
567	1097029	PH	G	...inthephilippines.com	A B C does Mindanao Governor, Senator or Congressman Bob Martin sound # Hi Dwayne -- Ha ha ... sorry, my friend, but the problem is US law, not Philippine
568	3566397	PH	B	iambabypanda.com	A B C for me so I don't end up being a hoarder of beauty products. Ha , ha, ha!! That'd be a disaster if that happens my
569	1118133	PH	G	philnews.com	A B C Comments # " Can The Philippines Stand UP To China "? Ha ha ha ha! SURE why not?!? Declare war, send token invading force
570	3826803	PH	B	...hachic.wordpress.com	A B C usually text books so I usually took them out to do homework anyhow. # Ha , Alex, love the blood oath description! I've never ever been to
571	1113641	PH	G	lovethesepics.com	A B C islands that feature secluded beaches, grottoes, caves, and lakes. Welcome to Ha Long Bay, one of nature's paradise locations! 40 Photos # Titov Island
572	1105355	PH	G	...ericanliterature.com	A B C ye I could ha' kept myself long's I lived, if I could ha ' held the place. I'd parted with most o' the woodland,
573	1094167	PH	G	...lnation.inquirer.net	A B C , OK? YOU DO NOT BLAME CLIMATE CHANGE, BLAME YOURSELF, HA, HA , HA! # http: **34;5037;TOOLONG... catmanjohn # guys full of hot like
574	1845533	PH	G	sabong.net.ph	A B C they thought when they found there banty rooster all busted up!!!! ha ha. boys will be boys # GalloNX4 try washing your white birds with Mrs
575	3559056	PH	B	kumarenggrace.com	A B C will be for the long run. I now have time on my hands! Ha ha! Anyway, before I get back into the groove of blogging again (
576	3562629	PH	B	...tcarlo.wordpress.com	A B C I was in seventh heaven when I printed out my name in bold italics! ha ha! # Remember -- we used to call them 286, 386 and 486
577	1092147	PH	G	chuvaness.com	A B C shopped and we were in the car na i said to him " R salamat ha ! " he said: " para saan ma'am? " me: " pag
578	3828116	PH	B	...liloilo.blogspot.com	A B C , which includes watermelon. With a lot of improvements along the way, it ha s always managed to keep its hometown atmosphere. # The municipality of Oton offers
579	3570866	PH	B	...hetravelingnomad.com	A B C were a lot fishes. Got nibbled by some of them... and in fairness ha masakit ang nibble nila! And because this particular island is small, you can
580	3559996	PH	B	...epinoy.wordpress.com	A B C wrote in his blog about this misadventure. The shortcut keys always worked. ha ha ha. # There was a mutiny in Manila Peninsula by the same person four
581	1125203	PH	G	writerwriter.com	A B C your new doctor is young &; cute. # Watch out! (ha, ha ). # Your boyfriend Kevin sounds like a very nice boy. # Does
582	3555573	PH	B	...gingcareforwomen.com	A B C found to provide beneficial effects in mild to moderate arthritis. At present, the HA is administered through injections into the joints. However, researchers theorized that oral intake
583	3830906	PH	B	...teroftasteonline.com	A B C The crowd is definitely for the young ones and yes for the young once -- ha ! Parking is ample but there is no sign outside whatsoever so it was tricky
584	1113124	PH	G	kpopupdates.com	A B C role of MC of the program. She shared, they wanted to Vietnam's Ha Long Bay once. # 21h23: HyunA appear sexy and glamorous with a performance
585	1120124	PH	G	playdota.com	A B C held back by the fiery intensity of Typhox's (try to pronounce that, ha !) skill, allowing Typhox to alone rule the true incarnation of his father
586	3566116	PH	B	googlygooeys.com	A B C &; relatives knew about the characters but had no clue about the blog owners. Ha ! # Above: Our Sulit.com.ph lanyards and Blogopolis RFID's. Ponggo wanted me
587	1845290	PH	G	pia.gov.ph	A B C Order (AO) No. 35 he signed on November 22, that will exclusively ha ... # BAGUIO CITY, Nov. 2 (PIA) -- At least a hundred
588	1101409	PH	G	pinaywahm.com	A B C didn't. I therefore conclude.... that's I getting' plumpier'..... ha ! # So today I started getting on the Mobia again. It's been
589	3827930	PH	B	manilarepublic.com	A B C Peter Trontelj on the tiny and contorted Van Gio Island during an extensive survey of Ha Long Bay's biodiversity. # The name of the new eyeless fish derives from
590	1845418	PH	G	projectvanity.com	A B C afford! " look. # Uy meron ding SAs ng drugstore brands na matataray ha ... but like Ms. Liz said, I just try not to take it personally
591	3559330	PH	B	...inthephilippines.com	A B C But the swimming pool next to the house....... Luxury! # Hi Paul -- Ha ha.. if the rent were P36k, I might still be living there.
592	3557468	PH	B	fightfan.com	A B C major belts, japanese guy one major belt cant even knock out jaro ha ha ha , but villoria punishes and Destroyed the mexican tyson,,, to heck with
593	1091183	PH	G	bosanchez.ph	A B C the " at 35, we won't get married anymore. " ha ha ha .. it is my # 1 fear. you see, am already 33 and
594	1094059	PH	G	...trealphilippines.com	A B C WTF you dream of helping your fellow indios, hypocrites, killers... ha ha ha you are a stupid kid, just play with your xbox. Do you already
595	3826840	PH	B	chuvaness.com	A B C don't know if it's the milk or the Lactobaccili Shiroa strain (o ha , complete! Hahaha!) that helped but my mouth sores disappeared quicker.
596	1109348	PH	G	fao.org	A B C 000 ha of reforestation; 30 million ha was subject to salinity while 17 million ha faced erosion. Predictably, water quality is poorest in the lower Chao Praya River
597	1843124	PH	G	cdn.ph	A B C . Catalina and San Vicente but also to prevent any incidents of fire outbreaks from ha ... # THE long road to the canonization of St. Pedro Calungsod began with a
598	3567208	PH	B	lainyonline.com	A B C passenger better not be a woman who is easily aroused at night. Ha ha ha . # Again, my bladder was filled and I was forced to gingerly unzip
599	1101410	PH	G	pinaywahm.com	A B C a certain little girl wanted to make brownies so we did... from scratch. Ha ! Hubby also decided to make a pumpkin roll bread because there was some pumpkin
600	1090425	PH	G	aqworldswiki.com	A B C , Drakath! # Drakath smiles. # Drakath: You already have. Ha ha ha ha ha! # Drakath leaves. # Rayst: I don't believe
601	1099408	PH	G	oh-dara.com	A B C ? The members have already brought their own bathing suits in the past already... Ha ha ha This is going to be fun +. + # Ah.. How long
602	1095546	PH	G	kat.ph	A B C back to my old neighborhood, all kinds of dudes are on my dick. Ha ha! See what I did there? On my dick. Homophobic. Get
603	3831526	PH	B	randomxthoughts.com	A B C 's thoughts, emotions and struggles drew me much closer to him, ha, ha ! # Hays, after reading the book, I end up even more in
604	3557910	PH	B	...trealphilippines.com	A B C 's? Filipino's took Kant seriously? W-W-W-W-WHAT? A real laugh there, ha ! Oh and, as if the average Filipino even knows who Kant was?
605	1843124	PH	G	cdn.ph	A B C careful. We have to make them realize that this is a pilgrimage. You ha ... # A cargo vessel carrying 23,000 bags of cement sank less than a mile
606	1103264	PH	G	...fpearls.blogspot.com	A B C Sulu, Basilan, Tawi-Tawi and Sabah; the Tau ha Higad, the Tau ha Gimba and the Tau ha Pu'. First, The Tau ha Higad urban
607	1101409	PH	G	pinaywahm.com	A B C itself because that's how we like it... a day old roasted bird. Ha ! On Thanksgiving day itself, we usually make the traditional pumpkin pie together in
608	1114634	PH	G	lyricsty.com	A B C sure turned a trainful of freaks into a party, man, ha ha ha ha , didn't we, boys? All right, all right, now what
609	1108862	PH	G	elyrics.net	A B C so empty. hmmm, that's why all these female rappers Envy (ha ha ha ha) # these lyrics are submitted by Cashmere Dollface Nicole these lyrics are
610	1108545	PH	G	dragonnestwiki.com	A B C ? I thought this place was perfect for you. (+1.00 Fondness) # Ha ! What? A luxuriant, opulent, and superfluous woman like myself is just
611	3564658	PH	B	...roniclesofvanity.com	A B C been in college and how good you were in Logic at least I do. Ha ha. # Menstrual Tracker. So you know when not to join a swim
612	1107238	PH	G	ceoblues.com	A B C be a tad difficult). Hope you all have a wonderful graduation! # Ha , I have less than 18 hours before I have to have my speech done
613	3828589	PH	B	raissarobles.com	A B C by attending either of the 2 events. # Truthseeker, promise, babalik ka ha ?. Heroes are nothing without villains... Taong bayan ang heroes dito which include
614	1107324	PH	G	charicemania.com	A B C " Why would some people wear " CROSSES " as pendant for their necklace? Ha ? Why? That jewelry is an extra weight on your neck? Why wear
615	3827272	PH	B	...trealphilippines.com	A B C new' Asian Tiger' is' rising in the east', HA HA HA , I have to laugh when I see the Jeepneys belching, polyester clad office
616	3557905	PH	B	...trealphilippines.com	A B C , no doubt.THe progeny of what is mistakenly called' 2nd most corrupt' ( HA , the thieves in the U.S.A.+former U.S.S.R. make Marcos look like a chump hustler,
617	1845524	PH	G	sabong.net.ph	A B C they thought when they found there banty rooster all busted up!!!! ha ha. boys will be boys # GalloNX4 try washing your white birds with Mrs
618	1092529	PH	G	dragonmud.com	A B C kidnapped the dog.' We'll have you working for US now, ha ha ! Let's see how you like writing commercials for MET LIFE! Bwahaha!
619	3571066	PH	B	trulyrichmom.com	A B C here (NOT!) but I wouldn't want to lose any readers, ha , ha! (Sadly, Rysse's birth was not recorded on video.
620	1113124	PH	G	kpopupdates.com	A B C for auction online with all proceeds being donated to underprivileged children in Taiwan. Kim Ha Neul stated, " Thank you so much to everyone who took an interest.
621	1844544	PH	G	marketmanila.com	A B C who never place a comment before, suddenly start posting their comments! Ha! ha ! ha! Ow shucks!..... withdrawal symptoms..... ang hirap pala ma- addict
622	1107238	PH	G	ceoblues.com	A B C hilarious, haha, i actually laughed for a while after reading the end. ha , i have about a month to think of a speech, and i all
623	1092270	PH	G	...untrystat.bas.gov.ph	A B C # Temporary Crop Land: # 282,687 ha. # Idle Land: # 1,924 ha . # Permanent Crop Land: # 235,761 ha. # Meadows/Pasture: # 922
624	1097720	PH	G	ming.tv	A B C essentially subjective. " # 22 Jan 2007 21:28 by ming: Happy Dane Ha , Gunter, yes, I saw that too, and actually had set it
625	1845248	PH	G	philstar.com	A B C . It was just amusing because in the shouts (" Forest Guardians! Hoo ha ! ") he -- and even me and Von -- would make a mistake
626	3830451	PH	B	iheartgoodhealth.com	A B C the tune while swayin the babe: P btw sis, thanks for ur concern ha ! hearts love kisses hugs! # I didn't know nga that some songs
627	3555547	PH	B	annzventures.com	A B C and the 1.5 hour drive has the most exquisite views of the mountainside. # Ha Long Bay tours are the most popular, which almost everybody takes. A lot
628	1090425	PH	G	aqworldswiki.com	A B C # Drakath smiles. # Drakath: You already have. Ha ha ha ha ha ! # Drakath leaves. # Rayst: I don't believe it. Drakath
629	3829658	PH	B	bobbetcentrism.com	A B C of her wall, giving our FB friends an impression that we were lost! Ha ha # In 15-20 minutes we were brought by the PKETA facilitator to Pukyong National
630	1108547	PH	G	dragonnestwiki.com	A B C can help you with your more... problematic customers. (+2.00 Fondness) # Ha ! That would show them, wouldn't it? But don't worry about
631	1109345	PH	G	fao.org	A B C central region. A dry zone is also found in Central Visayas with 0.4 million ha and in Mindanao with about 0.5 million ha covering portions of Davao del Sur,
632	1109347	PH	G	fao.org	A B C ha respectively. The BFAR (1997) reported a total productive area of 227.98 ha for oysters and 381.22 ha for mussels as of 1995. Records show that during
633	1090423	PH	G	aqworldswiki.com	A B C , Drakath! # Drakath smiles. # Drakath: You already have. Ha ha ha ha ha! # Drakath leaves. # Rayst: I don't believe
634	3559330	PH	B	...inthephilippines.com	A B C It certainly is an interesting dynamic, though, as you say. # Ha ha ha... anything north of Mindanao is too far north for me, Paul,
635	1090526	PH	G	...quotes.wordpress.com	A B C have always listened to my requests. Your kindness is always saving me. " -- Ha Ni " In this world I probably know best. The person I like does
636	3556381	PH	B	byjanet.net	A B C .. needless to say, I lost a lot of weight in that time, ha . There was also the shady job to consider, where I was working with
637	3828130	PH	B	mylifeblogs.com	A B C up with this great idea should be heavily fined and constrained to house arrest! Ha ! Black Friday is insane enough as is without having it bleed over on yet
638	1092174	PH	G	classiclit.about.com	A B C chest as he exclaimed: # " A furnace here! A furnace here! Ha ! ha! ha! what a good joke! " # She persisted:
639	1101920	PH	G	romanleoreyman.com	A B C has this to say, " She changes her mind fast! (ha ha ha !) As much as possible, whenever we travel, I have this list
640	1111963	PH	G	hyperdictionary.com	A B C a wish, or a cause of surprise, indignation, or the like. Ha , cousin Silence, that thou hadst seen that that this knight and I have
641	1101409	PH	G	pinaywahm.com	A B C a certain little girl wanted to make brownies so we did... from scratch. Ha ! Hubby also decided to make a pumpkin roll bread because there was some pumpkin
642	1110672	PH	G	gmanetwork.com	A B C ha, respectively. Marcos's sister Fortuna Marcos-Barba had a concenssion of about 200,000 ha of forest. One of her companies was granted a license by presidential decree.
643	3830889	PH	B	marketmanila.com	A B C I remember I cried when my hubby forced me to practice repeatedly! Ha! ha ! ha! I was so nervous driving side by side with jeepneys, tricylcles
644	1121152	PH	G	rumsua.org	A B C (to go) in " aloha. " (h ALO k = ALO ha ) The Cebuano word " adto " (go) is a cognate of the
645	1844555	PH	G	...teroftasteonline.com	A B C A Not even understandingA aesthetics then, I found it slick and very cosmo ( Ha ! not that I even knew what those words meant too) So when I
646	3567802	PH	B	marketmanila.com	A B C 30, 2012 12:01 pm # Gej says: # Reincarnation?! -- Ha ha ! What an interesting book, life, and event! # May 30,
647	1112246	PH	G	infoniac.com	A B C bonus if u buy real and it turns out fake then.... SCREWIN HA HA HA I PROBLY MADE IT Ha ha ha # No not all presidential, day and
648	3561886	PH	B	styleiseternal.net	A B C is still empty # I think ALL non-British girls wants to do this. Ha ha # I think I'm getting there... Ha ha... Am I? #
649	1092147	PH	G	chuvaness.com	A B C we will pay for it! from uniform, to tuition fee -- private school ha ! cos we want his cute daughter to have a better future! Oh and
650	1095445	PH	G	kaiserthesage.com	A B C of processes. Jeff Bronson recently posted.. eCommerce Marketing With Dead Inventory # Ha ha -- A link-juice post about link-juice. Phenominal! This would be a perfect example
651	3826825	PH	B	chikacentral.net	A B C Moon Jae-shin; avoid getting in trouble with the strict, student council president, Ha I-soo, and above all maintain or even stop her growing affections for Su-joon.
652	1105057	PH	G	agribusinessweek.com	A B C seed company. The other variety produced 98 bags of wet shelled grains from 2.5 ha or 30.2 bags/ ha. In great contrast, the yield of Bioseed 9909 was
653	1124002	PH	G	...eekendbookseries.com	A B C over the place; disbelief, skepticism, fear? # M.L.: Ha, Ha , yes, disbelief, but in the sense of amazement. We progressed very
654	1109347	PH	G	fao.org	A B C 1959 but at the same time the maximum area for corporations was doubled to 400 ha (FAO No. 14-11). It was only in 1998, the maximum area
655	1094050	PH	G	...trealphilippines.com	A B C to do anything besides laugh my ass off AHAHHA HA HA, BWAH HA HA HA ... OK? and look, you idiot, then just go home and hide
656	1109347	PH	G	fao.org	A B C Republic Act 8550). # The maximum area per FLA used to be 200 ha for both individuals and corporations. The maximum area for individuals was decreased to 100
657	1109346	PH	G	fao.org	A B C the programme hopes to achieve the following objective by 1998: # diversify 1.3 million ha of marginally suitable rice and corn areas and intensify the use of 1.2 million ha
658	1109346	PH	G	fao.org	A B C ). The country? s pen-based freshwater milkfish culture is unique to the 90,000 ha Laguna Lake and is the biggest of its kind in the world. Table 22
659	1107333	PH	G	charicetvcrew.com	A B C Yeah, I hope one of the surprises is a new song featuring Pitbull.... ha ha # RE: What do you think are the plans for the Infinity album
660	1109347	PH	G	fao.org	A B C System # According to government figures of some 210,467 total brackishwater pond area, 131,471 ha are privately owned. The rest, or 78,969 ha, are government-owned, (
661	1105392	PH	G	...ericanliterature.com	A B C although he may have lived with the red skins long enough to be suspected! Ha ! there goes something like the cracking of a dry stick, too - now
662	1844464	PH	G	lyricsty.com	A B C club I'm no fool I know money can't buy me love, ha ha # You said that I could call you Whenever I needed some one to listen
663	1093180	PH	G	...lipinasinshowbiz.com	A B C good laugh! All along I thought he'd be Nigel. Ha ha ha ha can't wait to her this news. Really thank you for this information.
664	1844767	PH	G	...sic-lyrics-chord.com	A B C pretend (Come on) Either he is or he ain't your man ( Ha Ha!) please say he's just a friend, If I was your
665	1096504	PH	G	kurokuroatbp.com	A B C , i'm sure you're all very excited now. report to us after ha ? share the experience. again, good luck and God bless! # jenkins
666	3559307	PH	B	...inthephilippines.com	A B C off of our bedroom ceiling, but they usually scurry away from me. # Ha ha, ants. Yeah, got plenty of those, too. Well,
667	1097021	PH	G	...inthephilippines.com	A B C Thanks a lot.. Hoping you can give me a shot on this.. # Ha ha... Greg, how can it " sound like " 5-6? It is
668	1124885	PH	G	warayblogger.com	A B C in Calbayog. # While the H-Waray speakers use the following words: hin-o, ha , hiton, hiya in their language, the S-Waray speakers, on the other
669	1101409	PH	G	pinaywahm.com	A B C fuss. Just relaxing in the comfort of home.... picking on each other. Ha ! # A few years ago, hubby had to take off his wedding ring
670	1109345	PH	G	fao.org	A B C the hilly/mountainous to highland regions. The wet zone area covers 47.6% (6.7 million ha ) of Luzon's total area, 44% (2.5 million ha) in Visayas
671	3567845	PH	B	maxinemarcelino.com	A B C people taste the delicious paninis that I truly BELIEVE in (drama much? ha ha ha.)! # Ever since we got in, I've been attending
672	1092296	PH	G	cth.googleload.net	A B C safest Why did they make the ladder ready on starboar >>> Because they expected the ha Why did they order another tug? >>> Because they wanted to make Why does
673	1090423	PH	G	aqworldswiki.com	A B C ! # Drakath smiles. # Drakath: You already have. Ha ha ha ha ha! # Drakath leaves. # Rayst: I don't believe it.
674	1105450	PH	G	...ericanliterature.com	A B C ' -' Soon enough for any honest man that goes a passenger.' Ha ! Jonah, that's another stab. But he swiftly calls away the Captain
675	1103102	PH	G	...hnology.inquirer.net	A B C after you're hit!!! # Anonymous # ha ha ha ha ha ha ha,, you bit the bait.... exactly,, what can a helmet
676	3555525	PH	B	animecrazy365.com	A B C do you, who do you, who do you think you are, Ha ha ha bless your soul You really think you're in control Well, I think
677	3564171	PH	B	bookmarks-site.com	A B C helped treat diseases like Tuberculosis, AIDS, and Malaria in Russia, hollister, Ha # In new network on 16 January, Deputy Secretary of state Tan Xianzhen says
678	1101412	PH	G	...inkhawk.hubpages.com	A B C 4 to 5 years from transplanting. Yields 1000kg of clean dry coffee beans per ha . # Coffee thrives on a variety of soil types, soils that are deep
679	1109346	PH	G	fao.org	A B C pen culture. The Philippines has a total operational brackishwater fishpond area of around 200,000 ha , and in 1994 these ponds yielded 67% of the total cultured fish and crustacean
680	1108544	PH	G	dragonnestwiki.com	A B C , when you lick your lips, your face is delicious, too! Ha ha ! (Kevin looks so happy just imagining.) # Hee hee. That
681	3561146	PH	B	...nggirl.wordpress.com	A B C yaaay... don't want to deal with nightmares and screaming school children! Ha Ha ! You know what I mean. # So, you think being witch is
682	1090532	PH	G	...quotes.wordpress.com	A B C now on I won't even look at you for 1 second. " -- Ha Na # " The start of being with one person is the end of being
683	1103998	PH	G	wiz.cath.vt.edu	A B C ? # MALVOLIO # ' Some are born great,' -- # OLIVIA # Ha ! # MALVOLIO # ' Some achieve greatness,' -- # OLIVIA # What
684	3562487	PH	B	...ofhonor.blogspot.com	A B C . Court agrees with him, grants divorce and awards him damages. ha ha ha ha # Pondered lengthily on the angles of this case before sleeping: # 1
685	1842297	PH	G	rebzombie.com	A B C to watch it in the cinema. Sector 7 is a funny action flick. Ha Ji Won might command your full attention on the screen whenever she's on it
686	1113124	PH	G	kpopupdates.com	A B C answers and statements, including some from China and Hong Kong as well. Kim Ha Neul talked about her feelings on her visit to Taiwan as well as fun stories
687	1091355	PH	G	...usiness.inquirer.net	A B C , with communist china's " pirated " currency, who will trust it, HA , HA, HA! the only currency that carries the motto: IN GOD
688	1107444	PH	G	chickjunk.com	A B C than under the white cloth. The black cloth has absorbed more heat, and ha in turn, radiated more heat, and so melted the snow more quickly.
689	1099892	PH	G	opinion.inquirer.net	A B C instead of doing serious reforestation projects. In 2008, between 15,000 ha and 50,000 ha of deforested and idle lands in Negros were eyed by the Biofuels Research and Development
690	1095546	PH	G	kat.ph	A B C , you the man nigga, now stop frontin'. " Jay-Z: " Ha ha! I like your style! " MB: " Nah, I like
691	1091355	PH	G	...usiness.inquirer.net	A B C 's " pirated " currency, who will trust it, HA, HA, HA ! the only currency that carries the motto: IN GOD WE TRUST is the
692	1119619	PH	G	pig333.com	A B C Kingdom (79 ha), Denmark (65 ha), Luxembourg (59 ha ), Germany (56 ha) and France (53 ha), and
693	1101412	PH	G	...inkhawk.hubpages.com	A B C but thinner than Liberica. # Excelsa yields 1000kg of clean dry coffee bean per ha . It could be grown from sea level to 600 meters above sea level.
694	1121725	PH	G	solitarywanderer.com	A B C arrived there, you can go to other states na? # thanks for this ha . I am wanting to see Europe pero un nga, the visa is one
695	3571066	PH	B	trulyrichmom.com	A B C my amusement, everyone else around me seemed more panicked (especially my parents, ha , ha!). The situation in Timor at that time was still fairly
696	1109528	PH	G	filipeanut.com	A B C ? CONFUSION!!!! # I drew the characters for " BA -- HA -- LA -- KA " or " Bahala Ka " below, which loosely translates
697	1093234	PH	G	filipinonurses.org	A B C na lang. Easier said than done ika nga. # ha, ha, ha glorevi sa lahat ng nag comment dito ikaw tlg ang tumpak kasi ang sahod mo
698	1109347	PH	G	fao.org	A B C It was only in 1998, the maximum area for corporations was reduced to 250 ha with the passage of the new fisheries code. # FLA holders whether individuals or
699	1109347	PH	G	fao.org	A B C Fisheries, 1,125 oyster farm and 629 mussel farms covering a total area of 460.3 ha and 230.2 ha respectively. The BFAR (1997) reported a total productive area
700	1113641	PH	G	lovethesepics.com	A B C is a gorgeous gem of nature which is famous for its stunning rock formations. Ha Long Bay translates to mean Descending Dragon Bay. It's a UNESCO World Heritage
701	1090664	PH	G	authspot.com	A B C ... who knows, maybe the tools will come alive to get you... ha ha ! " Tina said in a mocking voice. " Stop it, stop it
702	1105508	PH	G	...ericanliterature.com	A B C n't have one of those male nurses, " Kenny said. # " Ha ha , " Frank said. " That's the spirit. Get ready, set
703	3561777	PH	B	sportsunli.com	A B C a total of 21 goals from 52 caps, he spent his season with local Ha Noi in the domestic league. # Thiha Sithu (Myanmar) # Thiha Sithu
704	3563607	PH	B	applatter.com	A B C Definitely Help Bertie # Did you see what I did there with our names? Ha ! # For me who's fond of reading children stories, I can say
705	1091550	PH	G	...usiness.inquirer.net	A B C , " he said. # Rush for land # Mindanao has about 1 million ha of grasslands, equivalent to the size of Puerto Rico, that can be turned
706	1109347	PH	G	fao.org	A B C the 4,694 FLAs were one hectare or below while 51.5% fall between 1.001 to 5.000 ha as shown in Table 10. It may appear then that many of the brackishwater
707	1844073	PH	G	kidgnarly.com	A B C 's Lance! The guy you've been hearing about a lot. Ha, ha ! He just got home from the States. Guess what he got me?
708	1844560	PH	G	...teroftasteonline.com	A B C only the Spunky who is floored with this thing called the Dizzy DressT!, ha ! mommy too: -) # Fact: Menca loves fashion. Twirls are
709	1106158	PH	G	...alancepublishing.com	A B C difficulty in recognizing as that of the noble Fortunato. The voice said-- # " Ha ! ha! ha! --a very good joke indeed--an excellent jest. We will
710	1109347	PH	G	fao.org	A B C ) found that 70% were 0.50 ha or less while only 2% were over 50 ha . However these percentage is misleading since the average area of the 2 percent over
711	1109347	PH	G	fao.org	A B C 1997). In 1987 when the total area was only 13,806 ha, 149 ha of this was listed as government owned (BFAR, 1987). Even with
712	1109348	PH	G	fao.org	A B C 1992-1993, 160 000 ha of forest were exploited annually, with only 25 000 ha of reforestation; 30 million ha was subject to salinity while 17 million ha faced
713	1123616	PH	G	teacherfocus.com	A B C advance in their chosen career. why do we have to learn this # Ha ! I do sometimes use the " you don't want to be the stupid
714	1109059	PH	G	epilipinas.com	A B C he too took off his underwear and showed his, and said, " Ha ha ... my dear, it's nature. Look, I have it, too
715	1119619	PH	G	pig333.com	A B C Germany (16.7 million ha, 9.8%), the United Kingdom (15.9 million ha , 9.4%), Poland (14.4 million ha, 8.5%), Romania (
716	3566463	PH	B	ilocosnews.com	A B C will be built on sand dunes, covering an area of 60 has (1 ha = 2.471 acre) to generate 30 million kilowatts of electricity per hour through photovoltaic
717	3555573	PH	B	...gingcareforwomen.com	A B C theorized that oral intake of hyaluronic acid may stimulate cartilage and increase synthesis of the HA molecules. There were no known side effects of taking the oral supplement (Reed
718	1123955	PH	G	...helongestwayhome.com	A B C of the world and telling everybody to live their lives more "... HA ! That was definitely me! And I remembered vowing never to watch tv again
719	3555573	PH	B	...gingcareforwomen.com	A B C diminishes, which results to us having drier skin. You need to take a HA supplement to keep younger looking skin
720	1095456	PH	G	...isanan.wordpress.com	A B C me put the " hot " comment in the caption -- and alex agrees! HA ! # but seriously on that note, that's a major point in the
721	1103358	PH	G	...ofhonor.blogspot.com	A B C ! " because I can not put into words my laughter except " HA! HA ! HA! ". # I am a serial commentator, posting series of
722	1099502	PH	G	opinion.inquirer.net	A B C will not allow you to have it. # HAPPY NEW YEAR. ha ha ha ! # angie1875 # You also probably believe that Adam and Eve were our first
723	1101728	PH	G	raissarobles.com	A B C the US' version of our beloved CBCP towards the pro-life candidate Mitt Romney? Ha good luck with that delusion. # Here is the link to the article without
724	1102252	PH	G	...atalks.wordpress.com	A B C Long, Long Sleep by Anna Sheehan " # Nice interpretation of the book, ha ? When I first saw the book cover, romance pops in my head and
725	1090532	PH	G	...quotes.wordpress.com	A B C # " Love means never having to say you're sorry. " -- In Ha # " Love comes from the heart. " -- In Ha # " Love
726	3555449	PH	B	ameramor.com	A B C called it a night since we had to get up early in time for our Ha Long Bay tour the next day. # To be honest, I was not
727	1105057	PH	G	agribusinessweek.com	A B C 14 ha are in Brgy 5. At the time of the festival, 9 ha were ready for harvest. # Justo, who can still fluently speak in Ilocano
728	1105375	PH	G	...ericanliterature.com	A B C moment that fool Vankin came in and said:...' Ha, ha , ha!... So you're kissing here!' Kissing Marfa
729	3560525	PH	B	pcij.org	A B C great pretender (olrayt!) Just laughin' and gay like a clown ( ha ha haha) I seem to be what I'm not, you see (
730	3571418	PH	B	witchycrazymommy.com	A B C everything I tell her in Filipino. I have tried really hard (pero mahirap ha ) to talk to her in Filipino ever since she was a baby until now
731	1094050	PH	G	...trealphilippines.com	A B C ' as if I am going to do anything besides laugh my ass off AHAHHA HA HA, BWAH HA HA HA... OK? and look, you idiot,
732	3559310	PH	B	...inthephilippines.com	A B C brings us wonderful chocolate every year and I am the only one excited; ha ha . Okay so what is the rather large mystery present? drumroll please! A
733	1091030	PH	G	blog.junbelen.com	A B C . # I love com!! My mom had to ask her cousin in Ha Noi to send us some for me to bring back when I visited home.
734	1107860	PH	G	...letsetcbymarelie.com	A B C yes, I am not the oldest.. I am second to the oldest.. ha ha ha! and I love the fact that they all love to eat.They simply
735	1119948	PH	G	playdota.com	A B C by Kaiverrettu # Says who? You and your whole 3.8% of atheist friends? Ha ha you made me lol. No, belief in God is the norm.
736	1115462	PH	G	marketmanila.com	A B C lady here in Perth..... and to top the order w/ her yummy ensumada.... Ha ! # Aug 31, 2009 11:07 am # millet says: # merienda of
737	1093012	PH	G	...oriano.wordpress.com	A B C ?... they are using something they didn't see, ha... ha... ha ... and if they are using it, they must beleive on it, right
738	3558433	PH	B	...hostage.blogspot.com	A B C when he turned around, he had the funniest (not as in " ha ha funny ") look on his face and she knew something was wrong. He
739	1103696	PH	G	verabear.net	A B C back hasn't been painful, because I'm not awake to feel it. Ha ! # His advise also includes losing 30-40 pounds. That would likely allow me
740	3559310	PH	B	...inthephilippines.com	A B C two) for us, and we are just too tired to care much! Ha ha... But, I do wish everybody a very happy Valentine's Day!
741	3570815	PH	B	...erebelsweetheart.com	A B C . I so like Siwon but i'm more of a Kdrama addict, ha ha ha. # I am not a KPOP fan or anything but I have heard
742	3564250	PH	B	braincontour.com	A B C sustain a country's consumption patterns, measured in terms of global hectares (g ha ) which represent a hectare of land with average productive biocapacity. # Here is
743	3559310	PH	B	...inthephilippines.com	A B C chocolate characteristic as aphrodisiacs, hmmm, may have to do some experiment. Ha ha ha. Eating chocolate also helps in reducing stressed. And stressed spells backwards?
744	3570740	PH	B	...helongestwayhome.com	A B C and blog readers will invade this restaurant in droves after reading this entry. # Ha ha. Who knows Ted. I guess it's a not a hard place
745	3559996	PH	B	...epinoy.wordpress.com	A B C is odd enough to be right in the middle of it all. HA HA HA ! # let me share what my son wrote in his blog about this misadventure
746	3555368	PH	B	...isentai.blogspot.com	A B C photo of some of the cast members behind the scenes. So Fuumin survived? Ha ha! A good picture indeed. # Mina Asami and some woman I do
747	1118133	PH	G	philnews.com	A B C Comments # " Can The Philippines Stand UP To China "? Ha ha ha ha ! SURE why not?!? Declare war, send token invading force to
748	1090425	PH	G	aqworldswiki.com	A B C ! # Drakath smiles. # Drakath: You already have. Ha ha ha ha ha! # Drakath leaves. # Rayst: I don't believe it.
749	1119619	PH	G	pig333.com	A B C Denmark (65 ha), Luxembourg (59 ha), Germany (56 ha ) and France (53 ha), and the smallest in Malta (1
750	1094044	PH	G	...trealphilippines.com	A B C said. # Speaking of the media (Trosp, read that, the media ha ?), Marcos was a crook bwcause he was pointed as one by media
751	1112246	PH	G	infoniac.com	A B C it turns out fake then.... SCREWIN HA HA HA I PROBLY MADE IT Ha ha ha # No not all presidential, day and date Rolex watches are quartz.
752	1097021	PH	G	...inthephilippines.com	A B C In your opinion is this a viable idea? If not I have others ha ha Thanks, Glen # Hi Daytriker Glen -- To be honest, I don't
753	3828571	PH	B	pwedeh.com	A B C to eleven draw.!!!! heheheeh yan ate lagy gia. kumanta na ako ha !! # Ang HEPA-B ay isang uri ng sakit na transmitted from one person
754	1103102	PH	G	...hnology.inquirer.net	A B C ground after you're hit!!! # Anonymous # ha ha ha ha ha ha ha,, you bit the bait.... exactly,, what can a
755	3558612	PH	B	jellykiss.com	A B C and am all " Wait, what was I looking for??? " Ha ! True Blood Season 4! I want the dvd version, not Blu Ray
756	1108562	PH	G	dramasrok.com	A B C 11 # So here we are at the aftermath of the dreaded kiss. Ha ha . Or hang on -- did she actually kiss him? Are we going to
757	1844544	PH	G	marketmanila.com	A B C place a comment before, suddenly start posting their comments! Ha! ha! ha ! Ow shucks!..... withdrawal symptoms..... ang hirap pala ma- addict dito!
758	1845452	PH	G	rappler.com	A B C Mura na magpa -laser ngayon. " # " Magsi- sleeveless ka? Sure ka ha . " # " Why am I Fifty Shades of Gray? " # "
759	1093816	PH	G	fvdb.wordpress.com	A B C the countries aren't struggling anymore. # Education is not a right?.... HA !! it's like hearing an Illuminati member towards world domination! # Lolz
760	3564228	PH	B	boxing.com	A B C someone's replies that isn't really there must make your head hurt?! Ha ! # Anyway, I'm done with this propaganda piece.... time to get
761	1101805	PH	G	rebzombie.com	A B C . It shows that true love isn't bounded by time and just as Park Ha , you might have to wait 300 years for it to
762	1093012	PH	G	...oriano.wordpress.com	A B C time... How come?... they are using something they didn't see, ha ... ha... ha... and if they are using it, they must beleive
763	3559319	PH	B	...inthephilippines.com	A B C to have to try to adjust! You're looking for an excuse? ha ha ! No excuse will be offered, nor is one even needed. That is
764	1125868	PH	G	www2.adb.org	A B C In addition, irrigation adds more than 1.2 tons of salt per year to each ha . The salt is carried into the root zone where it reduces yields. The
765	3558977	PH	B	...tching.wordpress.com	A B C is so cute.. looks like the statue is smelling the flowers... ha ha ha . # I'm now looking forward to go back to this Garden hopefully next
766	1103102	PH	G	...hnology.inquirer.net	A B C the ground after you're hit!!! # Anonymous # ha ha ha ha ha ha ha,, you bit the bait.... exactly,, what can
767	1097040	PH	G	...inthephilippines.com	A B C lucky that my g/f is from Cebu and all her stuff is already here. ha ! # that's sure is a lot of work and money... you can
768	3559996	PH	B	...epinoy.wordpress.com	A B C this ad is odd enough to be right in the middle of it all. HA HA HA! # let me share what my son wrote in his blog about
769	3561887	PH	B	styleiseternal.net	A B C a help of a real fashion designer. # Girls, who doesn't? Ha ha # Like I said, beach is one of my most favorite place in
770	1845356	PH	G	playdota.com	A B C our prayers and let us be instruments in purifying this world. " # " HA ! " # " Let us offer Zanzinukov the greatest blessing in the name of
771	1109346	PH	G	fao.org	A B C GPEP) # The aim of GPEP is to concentrate rice farming from 2.5 million ha to 1.2 million ha of irrigated land by 1998. Similarly, corn farming will
772	1119619	PH	G	pig333.com	A B C of the EU27) had the largest area, followed by Spain (23.8 million ha in 2009, 14.0%), Germany (16.7 million ha, 9.8%),
773	3561612	PH	B	sharoncuneta.com	A B C . That's enough for me. Pero mas maganda kung naaalala ng bata! Ha , ha, ha! I also know now that you may be their whole
774	3561725	PH	B	solraya.blogspot.com	A B C uncle who thought our grower's Sunshines were expensive.... # Paolo: ha ha ha ha ha check this qoute out, i sent it to my team this morning
775	1093381	PH	G	forum.cabal.com	A B C it so much. Quite sad. # Ravenwolf # 09-08-2011, 01:20 PM # Ha .... this quest dungeon was never hard. Seriously, if you can't do
776	3567208	PH	B	lainyonline.com	A B C be found from an old man with a shallow reservoir and a leaking tap. ha ha ha # The rest of the KL bound journey # There were two more
777	1116577	PH	G	moviedramaaddict.com	A B C Hokkaido. Ha Na's cellphone fell on Seo Joon, learning about this, Ha na went to Seo Joon's place to retrieve her cellphone but misses him for
778	3561873	PH	B	stuartsantiago.com	A B C will deprive the public of information necessary to make important choices. # wow, ha . so if the honorable senators pass this bill into law, i can not
779	1107238	PH	G	ceoblues.com	A B C days! eeekkk, I have to have it ready.... my favourite post, ha ha, it's so true: bri 12:52 AM October 22, 2005 "
780	3559311	PH	B	...inthephilippines.com	A B C there. Been there when I was a kid. Pretty nice place. # Ha ha ha... You got ta have the winter season. Different from some expats
781	1110672	PH	G	gmanetwork.com	A B C TLA) were granted, allowing the cutting of trees in more than 8 million ha of forest land (1976) -- an area equivalent to almost 3,500 Araneta Coliseums
782	3826803	PH	B	...hachic.wordpress.com	A B C this up so I can get advice from all you expert library users. # Ha , I have a feeling I need to do that! I've been a
783	1092270	PH	G	...untrystat.bas.gov.ph	A B C ha. # Meadows/Pasture: # 922 ha. # Forest Land: # 2,407 ha . # Other Land: # 6,919 ha. # Population (2010) #
784	1125867	PH	G	www2.adb.org	A B C income, especially for the more remote outer island communities in Ha? apai ( Ha ? ano Island), Vava? u (Hunga Island), and Niuas
785	1093556	PH	G	forums.ebay.ph	A B C PayPal can collect from the seller. # " for all other items " daw ha ..?? But why did they drop my dispute? Do you have any
786	3832050	PH	B	trackspam.net	A B C at 35% to 40% for the best, of course, difficult to achieve 40% ha ha, unless there are other auxiliary BUFF. Next, I want to hit
787	3555573	PH	B	...gingcareforwomen.com	A B C been found to be in lesser concentration with smaller size molecules. # The injectable HA has been found to provide beneficial effects in mild to moderate arthritis. At present
788	1096713	PH	G	...festyle.inquirer.net	A B C Digger's daughter (Deedee) shrieked, as if to say " ang cheap ha ! " " Why are they offering sardines in a French restaurant? " she
789	1842297	PH	G	rebzombie.com	A B C just there to serve as monster fodder. It's a pity because I think Ha Ji Won and even Cha Ye Ryun are underutilized in this one. Cha Ye
790	3827842	PH	B	...inthephilippines.com	A B C Manila esp during rush hour OMG I think all the rude Filipinos converge there! Ha ha. I'm not kidding! # I guess I'm lucky, or
791	3827272	PH	B	...trealphilippines.com	A B C and the new' Asian Tiger' is' rising in the east', HA HA HA, I have to laugh when I see the Jeepneys belching, polyester
792	1118850	PH	G	philstar.com	A B C we are trying to attract business with these numbers..... ha ha ha ha ha ha ha ha ha ha # The country also fell five places to 128th in
793	1111337	PH	G	gossipcop.com	A B C this, Jessica's performance with JH, not PPs crowning glory.. ha.. ha .. ha.. GOOD Jessica. In about a year or two, we will
794	1094352	PH	G	...lnation.inquirer.net	A B C some brother you are. # Oh really I am insane??? ha ha ha you are just revealing your moronic mentality. Malaysia is under British rule and
795	1845575	PH	G	seeyoulatte.com.ph	A B C production, grain cultivation, the average yield of grain increased to 24 kg / ha (this objective has been completed in 2008), so Each year we will
796	1099892	PH	G	opinion.inquirer.net	A B C cut trees inside their concessions. As of March 2011, more than 1 million ha were covered by mining permits and applications. # Reducing Emissions from Deforestation and Degradation
797	1109345	PH	G	fao.org	A B C nearby farm lots. # In 1983, it was estimated that about 400 000 ha of coconut land were stocked with cattle, buffalo or goats. Recently, the
798	1846025	PH	G	tera88.com	A B C the contractor has no insurance, it can mean going to court and all the ha # In the same way that life insurance firms provide add-on features to customize a
799	1845666	PH	G	soundoflife.net	A B C me that he still loves me. Why not go back out then right? Ha . I wish. Theirs too much distance in between us. &; He does
800	3570213	PH	B	stefdelacruz.com	A B C of fame with me, I owe you all a fan sign. Ha, ha . I might upload a few more snippets later, so check back on my
801	3561612	PH	B	sharoncuneta.com	A B C with them too much anymore because of the energy levels! Ha, ha, ha ! But it helps so much that I am in a loving marriage and married
802	1109347	PH	G	fao.org	A B C in the 12 other regions, with no region having a total area reaching 1,000 ha . # In a 1979 survey covering 396 fishponds in Central Luzon, Reyes et
803	3557468	PH	B	fightfan.com	A B C villoria-Tw0(2) major belts, japanese guy one major belt cant even knock out jaro ha ha ha, but villoria punishes and Destroyed the mexican tyson,,, to heck
804	3826657	PH	B	brownmantrips.com	A B C a smile on my face. Coming from a puppy person, that's something ha . And I love how you captured the clarity in the little girl's eyes
805	1116542	PH	G	monx007.com	A B C ! Muahahaha! Just kidding... or am I? You'll never know, Ha ! Still want to help? # WHERE ARE YOU FROM? I don't
806	1845303	PH	G	pinoyborian.com	A B C we have read. At least, totoo yung sinabi niya, right? # Ha ha. I actually liked Mr. Sutherland's article. I first read it five
807	1094920	PH	G	io9.com	A B C dulcimer that had been stymieing her for the past two weeks. " -- Yoon Ha Lee, " The Unstrung Zither. " " Mariska shivered when she realized that
808	1109347	PH	G	fao.org	A B C However these percentage is misleading since the average area of the 2 percent over 50 ha is 200 ha. Consequently when the percentages of each size class are computed by
809	1092861	PH	G	...ainment.inquirer.net	A B C we got a problem " -- -- -- -- Population control. # navsog # Ha ha ha yari na naman yun mga Damaso sa atin ha ha ha # iriga1city1boy1
810	1113022	PH	G	kidsgen.com	A B C he lifted his stool, and there found his foe the Turtle. # " Ha ! Here you are! " he cried. " Pray now, for it
811	1125250	PH	G	yoshke.com	A B C bench on the top deck of the boat, floating softly in the middle of Ha Long Bay, Vietnam. # " Not even one, " I painted a
812	1118850	PH	G	philstar.com	A B C and we are trying to attract business with these numbers..... ha ha ha ha ha ha ha ha ha ha # The country also fell five places to 128th
813	1097028	PH	G	...inthephilippines.com	A B C God for the internet, surfing the net was my safety blanket then. Ha ha ha. Really I am searching the net for the new recipes and substitution for
814	1843124	PH	G	cdn.ph	A B C This means she won't be able to travel abroad until her arraignment, which ha ... # Zoo keeper Ronaldo? Ron-Ron? Aventurado is in stable condition after surviving
815	3831720	PH	B	sisterraquel.com	A B C e dal Figlio. Con il Padre e il Figlio adorato e glorificato, e ha parlato per mezzo dei profeti. Credo la Chiesa, una santa cattolica e apostolica.Professo
816	3557907	PH	B	...trealphilippines.com	A B C anonymous, get it? as if I should even have to say this, HA ! # I don't think so. Those who voted for P-Noy and those
817	3561612	PH	B	sharoncuneta.com	A B C mean I want my children to be crazy about me! Ha, ha, ha ! All I want is still the same as when I had only KC:
818	3561199	PH	B	raissarobles.com	A B C Tan received 10 and Phan Thanh Hai got four years, according to defense lawyer Ha Huy Son. ") were all accused of posting political articles on banned Vietnamese
819	1844464	PH	G	lyricsty.com	A B C high club I'm no fool I know money can't buy me love, ha ha # You said that I could call you Whenever I needed some one to
820	3567208	PH	B	lainyonline.com	A B C And the passenger better not be a woman who is easily aroused at night. Ha ha ha. # Again, my bladder was filled and I was forced to
821	1109347	PH	G	fao.org	A B C are 14,531 ha freshwater fishponds in the Philippines but the productive area is only 6,522 ha as of 1995 (BFAR, 1997). In 1987 when the total area
822	1094059	PH	G	...trealphilippines.com	A B C . " WTF you dream of helping your fellow indios, hypocrites, killers... ha ha ha you are a stupid kid, just play with your xbox. Do
823	3827274	PH	B	...trealphilippines.com	A B C lost my train of thought. So signing off for now. # HA HA HA , that is a good one.Marcos " the last of the gentleman ". Wow
824	1097021	PH	G	...inthephilippines.com	A B C lending, which is something I am against? Copies of Filipino businesses? Ha ha ... that's actually funny. # Yes, I offer a 30 day money
825	1101138	PH	G	ph.omg.yahoo.com	A B C scene anticlimactically after two weeks of cancellations. # Photo credit: SBS, Kim Ha Neul's Facebook # Reporter: Lee, InKyung (judysmallcj.net) Any copying,
826	1092861	PH	G	...ainment.inquirer.net	A B C # navsog # Ha ha ha yari na naman yun mga Damaso sa atin ha ha ha # iriga1city1boy1 # Addendum: Looks like the feature on HBO had a good
827	3832217	PH	B	wowbatangas.com	A B C It may make you as-of-the-moment happy but your subconscious might be sneering at you. Ha ! # > Run. Literally. Running gives your blood the pump it needs
828	1096992	PH	G	...itera1no4.tripod.com	A B C on its answers. # A Badjao tale says that the ancestors of the Samal ha Laud came from a fishing clan in Johore, Indonesia. A group of boats
829	1092529	PH	G	dragonmud.com	A B C they kidnapped the dog.' We'll have you working for US now, ha ha! Let's see how you like writing commercials for MET LIFE! Bwahaha
830	3831526	PH	B	randomxthoughts.com	A B C with the N8. You know, I am a lover of Edward Cullen, ha , ha... and I am missing him, ha, ha... but I
831	1845356	PH	G	playdota.com	A B C . The infallible behest of the Heavens is one with you! " # " HA ! " # " Faithful worshipers, offer your prayers! Let the Maestreya know
832	1125250	PH	G	yoshke.com	A B C heard her question all right but I just could not find the right answer. Ha Long Bay was the last stop in my month-long backpacking trip across the Southeast Asian
833	3559996	PH	B	...epinoy.wordpress.com	A B C in his blog about this misadventure. The shortcut keys always worked. ha ha ha . # There was a mutiny in Manila Peninsula by the same person four years
834	1116441	PH	G	miscrits.com	A B C # Well then he is going to need Def relics all the way. while ha can boost his attack. Better put molten coin and maybe oether Captain log or
835	3561888	PH	B	styleiseternal.net	A B C , I found some really interesting pieces at their store that I consider buying. Ha ha! Check them out here # Anyway what do you think of Iris Law
836	1105593	PH	G	angelfire.com	A B C suggestive. The two letters of the word, namely (A) and ( HA ), are the first and the last letters of the Sanskrit alphabet. The
837	1112681	PH	G	jayp.net	A B C dogsled, shout " Jee! " to make the dogs turn left and " Ha ! " to go right. # Olympic Badminton rules say that the bird has
838	1098500	PH	G	...ewsinfo.inquirer.net	A B C Anonymous # HAHAHA! # i love twitter-25532996:disqus # oy nato, im not patronizing ha . it just made me think (and giggle) about which hour should a
839	1091802	PH	G	caaltd.org	A B C in Rajah Sikatuna National Park (RSNP). The conditions in this 9,023-hectare ( ha ) area are good, however, and the Philippine Department of Natural Resources is
840	1845612	PH	G	skiptomalou.net	A B C made an okra star shaped bed... and voila: 32 comments: # Ha ha... so so absolutely cute and sweet and very precious..... And a delicious
841	1105353	PH	G	...ericanliterature.com	A B C which I have already oblitherated, I knew more than me Colonel. I wud ha ' rolled out his face wid the butt av my gun before permittin' av
842	1104037	PH	G	...ite.ratemyserver.net	A B C pie " much? * 6. Lotsa noobs, ON FOLLOWING GUIDES. # Ha , that made me better. This walk-through is a lifesaver, to those who
843	1111849	PH	G	hyperdictionary.com	A B C When in doubt, use brute force ". He probably intended this as a ha ha only serious, but the original unix kernel' s preference for simple,
844	1845290	PH	G	pia.gov.ph	A B C real, lawyer Rosemarie Polistico, Tacloban City Comelec registrar, said during the Suruswerte Ha PIA radio program. Polisti... # CATBALOGAN CITY, Samar, July 17 (
845	1090526	PH	G	...quotes.wordpress.com	A B C the direction of Seung Jo who's at the center of it. " -- Ha Ni " My fallen heart doesn't know. But I will put effort and
846	1108553	PH	G	dramabeans.com	A B C with PMY " Oh well, I hope it goes well for them. # Ha , ha, ha... Can I just say, you are one tenacious girl
847	1094352	PH	G	...lnation.inquirer.net	A B C to say can not take on your country. Me, uneducated??? ha ha ha where is Malaysia in technology and science and math. NO WHERE!
848	1105057	PH	G	agribusinessweek.com	A B C crop of Bioseed 9909. For her first crop, she planted it in 1 ha of her 15-hectare farm and harvested 6 tons. In the second crop, the
849	3565091	PH	B	dramasrok.com	A B C 's even more pleased. Because Jinyung can help her see Kwanghyun more often. Ha ha. Of course Kwanghyun can't find anything wrong with the kitten which worries
850	1095546	PH	G	kat.ph	A B C to my old neighborhood, all kinds of dudes are on my dick. Ha ha ! See what I did there? On my dick. Homophobic. Get it
851	1099502	PH	G	opinion.inquirer.net	A B C sound good when many have had many more to drink??? Ha ha ha # A peaceful and Blessed Christmas, Sir!!! # TGMERICK # just
852	1097038	PH	G	...inthephilippines.com	A B C go out in their country.. Thier reaction is always the same.. Ha Ha Ha thats the Philippines you have to get used to it.. Almost as if they
853	1089912	PH	G	202.91.162.22	A B C the factors that affects student's academic performance in Agusan National High School. # Ha : There is a significant difference between the factors that affect student's academic performance
854	1109345	PH	G	fao.org	A B C areas. Most of the dry zone area is found in Luzon with 1.8 million ha , mostly in its central region. A dry zone is also found in Central
855	1090146	PH	G	allnurses.com	A B C to have an opportunity to settle and work # Sierra- Maybe I am totally confused- ha . wouldn't doubt it after working all day. But, I still do
856	1109345	PH	G	fao.org	A B C # Table 1. Land utilization in the Philippines # Land Use # Area ( ha ) # Percentage # Agriculture # 9 728 800 # 32.95 # Forestry # 19
857	1844767	PH	G	...sic-lyrics-chord.com	A B C pretend (Come on) Either he is or he ain't your man ( Ha Ha!) please say he's just a friend If I was your best
858	3565091	PH	B	dramasrok.com	A B C even more pleased. Because Jinyung can help her see Kwanghyun more often. Ha ha . Of course Kwanghyun can't find anything wrong with the kitten which worries him
859	1116383	PH	G	miscrits.com	A B C of info, are you expert training? is it level 10? I I ha to guess I'd say your PA will end up being strong, but your
860	1103358	PH	G	...ofhonor.blogspot.com	A B C because I can not put into words my laughter except " HA! HA! HA ! ". # I am a serial commentator, posting series of comments,
861	1105375	PH	G	...ericanliterature.com	A B C , beyond everything! A yard and a half long! Ha, ha, ha ! And, by the way... I was just forgetting..
862	3829119	PH	B	titaniumrunner.net	A B C burn off later when I do my night runs/walks around the neighborhood. Ha ha ha ! # I couldn't resist having my picture taken with Chef Anastacio # I
863	3560822	PH	B	pinaywahm.com	A B C August 29, 2011 # ... of no update/post on this blog??? Ha ! I guess I was BUSY??? Or maybe I'm out of
864	1846024	PH	G	tera88.com	A B C the contractor has no insurance, it can mean going to court and all the ha # In the same way that life insurance firms provide add-on features to customize a
865	1109059	PH	G	epilipinas.com	A B C , he too took off his underwear and showed his, and said, " Ha ha... my dear, it's nature. Look, I have it,
866	3564171	PH	B	bookmarks-site.com	A B C already home, or guys drink together, or to accompany her. # Ha ha I can only smile, hollister france.Soon is thirty, doudoune homme, but I
867	3555667	PH	B	...quotes.wordpress.com	A B C It may take a long time, so you should be prepared. " -- Ha Na " I was taking a picture of the Diamond Snow behind you! Who
868	1103357	PH	G	...ofhonor.blogspot.com	A B C means dwarf, means shorty) and a rejection of their old school politics. ha ha ha # Ha, that's funny. But I am height enhanced (
869	1109347	PH	G	fao.org	A B C is misleading since the average area of the 2 percent over 50 ha is 200 ha . Consequently when the percentages of each size class are computed by area, it
870	1091525	PH	G	...usiness.inquirer.net	A B C the US has $16 TRILLiON... I repeat 16 Trillion (not billion) DOLLARS ha in debt. You have to put it in perspective by comparing it to our
871	1840707	PH	G	...atriciajaimecruz.com	A B C do you use? Your theme's gorgeous... just like you: D # Ha , thank you! I use an Olympus and a Canon P &S; eh,
872	3561886	PH	B	styleiseternal.net	A B C n't want to wake up in Vegas like in Katy Perry's song... ha ha # Obviously, I'm a food lover # Other Random Wish: # That
873	1103264	PH	G	...fpearls.blogspot.com	A B C the Tau ha Gimba and the Tau ha Pu'. First, The Tau ha Higad urban people, people inhabited the city or town. Second, the Tau
874	1105465	PH	G	...ericanliterature.com	A B C ! Bestow them, ye who are now made parties to this indissoluble league. Ha ! Starbuck! but the deed is done! Yon ratifying sun now waits to
875	1105375	PH	G	...ericanliterature.com	A B C , my dear fellow, beyond everything! A yard and a half long! Ha , ha, ha! And, by the way... I was
876	1118351	PH	G	philstar.com	A B C m screwed! " We like telling people, " Naks, pogi natin ngayon ha ! " whenever they are dressed when in fact, deep inside we ’ re
877	1107544	PH	G	chrisajohns.com	A B C ##1107544 # -Deforestation continues at an average of 100,000 ha per year or 273 ha per day. # -The Philippines was once 100% covered by forest. Now only
878	3561612	PH	B	sharoncuneta.com	A B C . I mean I want my children to be crazy about me! Ha, ha , ha! All I want is still the same as when I had only
879	3566397	PH	B	iambabypanda.com	A B C don't end up being a hoarder of beauty products. Ha, ha, ha !! That'd be a disaster if that happens my parents will freak out
880	1845356	PH	G	playdota.com	A B C offer Zanzinukov the greatest blessing in the name of our Maestreya! " # " HA ! " # The palanquin? s litter started to effloresce, with crevices appearing
881	3564617	PH	B	...sculpture-statue.com	A B C said another, without removing his eyes from Stephen's face,' I should ha ' knowed en anywhere. bronze.' T is his father's nose to
882	1842297	PH	G	rebzombie.com	A B C some parts of it made me laugh. It is a Korean monster movie featuring Ha Jiwon and Oh Ji Ho. They are part of the crew of an oil
883	3829071	PH	B	...ofhonor.blogspot.com	A B C , just so a Police " officer " can conduct an insurance " investigation " Ha ! a lot of people will be late but oh well, this is the
884	3562933	PH	B	verb.anything.ph	A B C false modesty, and wittily replied, " Ooooh, they're fake! Ha ha ! " (I lied -- but I wasn't going to explain the intricacies
885	1099892	PH	G	opinion.inquirer.net	A B C Management Bureau and the FAO-FRA announced that the Philippine forest cover increased to 7.391 million ha from 7.168 ha in 2003. # In 2010, our forests supposedly increased to
886	1124859	PH	G	...oicesoftheauthor.com	A B C would holler, " Don't let that frog drag you into the pond. Ha , Ha, " he would laugh, " Just joking ". They kept
887	3826359	PH	B	...gingcareforwomen.com	A B C Fillers can make you maintain your natural look for a few more years. # HA as preventive maintenance to combat aging # Maintaining clear youthful looking skin is just a
888	1101137	PH	G	ph.omg.yahoo.com	A B C ##1101138 # Kim Ha Neul will be leaving for France on August 3, just before SBS' A
889	1090532	PH	G	...quotes.wordpress.com	A B C me to leave her. The watercolor twilight dusk was ending. " -- In Ha # " I realise I didn't like you. I just wanted to meet
890	3569607	PH	B	realasianbeauty.com	A B C I wen t to a facial center (this was a facial center I've ha d sever al treatments before), and what happened after it was unimaginable!
891	3567132	PH	B	koreanmovie.com	A B C and makes his name as a slave hunter, dedicated in his pursuit of Tae Ha . Both m... Chuno
892	1118850	PH	G	philstar.com	A B C trying to attract business with these numbers..... ha ha ha ha ha ha ha ha ha ha
893	1094055	PH	G	...trealphilippines.com	A B C it kid, I know it and so do you! and cheap pussy? HA , your so fuckin stupid you think guys come here to get laid, you
894	1119485	PH	G	phrasebase.com	A B C can change that so I can qualify for " Znam kilka zwrotow ". ha ha . And of course I know... **40;1172;TOOLONG...: p # *Teup, you
895	3561725	PH	B	solraya.blogspot.com	A B C thought our grower's Sunshines were expensive.... # Paolo: ha ha ha ha ha check this qoute out, i sent it to my team this morning..
896	1846054	PH	G	...helongestwayhome.com	A B C write a big sign saying " I'm an annoying photographer!! " # Ha ha brilliant! Sounds like he got what he deserved in the end. Usually
897	3829044	PH	B	...atholic.blogspot.com	A B C Ateneo even care? Nah. I think they got worried when Manuela resigned. Ha ! Nobody should question whether the University supports the Church's stand as the Gospel
898	1103358	PH	G	...ofhonor.blogspot.com	A B C ! HAWR! HAWR! " " HAR! HAR! HAR! " " HA ! HA! HA! " when I am amused. Filipino culture is amusing
899	1109345	PH	G	fao.org	A B C area, 44% (2.5 million ha) in Visayas and 31.5% (3.2 million ha ) in Mindanao. In areas where slope and other soil properties are favourable,
900	3557541	PH	B	...ibbles.wordpress.com	A B C , all I can do is speculate. Es fcil hacer acusaciones, pero nunca ha sido fcil destruir a estos terroristas del sur.
901	1093016	PH	G	...oriano.wordpress.com	A B C ask for alms, no matter how high tech the manner is (PayPal pa ha ), it is still alms... for the poor. Tsk, tsk,
902	1124002	PH	G	...eekendbookseries.com	A B C stuff all over the place; disbelief, skepticism, fear? # M.L.: Ha , Ha, yes, disbelief, but in the sense of amazement. We
903	1105463	PH	G	...ericanliterature.com	A B C the first thing I did was to stumble over an ash-box in the porch. Ha ! thought I, ha, as the flying particles almost choked me, are
904	1097027	PH	G	...inthephilippines.com	A B C crossing my fingers that I will only pay less than a hundred. # Ha ha , Christian.. you don't want to wait 3 or 4 weeks? What
905	3555877	PH	B	...tangala.blogspot.com	A B C 3 Grade V and a Grade III student about the zoo? Booooringggggggggg, ha ha ha # Fortunately, when we dropped by the skating rink at about past 2
906	3831526	PH	B	randomxthoughts.com	A B C lover of Edward Cullen, ha, ha... and I am missing him, ha , ha... but I don't want to re- read the Twilight books series
907	1099892	PH	G	opinion.inquirer.net	A B C increased to 7.665 million ha. This covers 25.6 percent of the country's 30-million ha land area, way below the 54 percent ideal forest cover for tropical countries.
908	1842317	PH	G	rmondello.com	A B C flap, flap, flap, I sound like a nerve rat, ha, ha !!! Back to the doctors on Thursday 22nd of this month!!
909	3828590	PH	B	raissarobles.com	A B C Star Sunday column, altho I must admit I enjoyed (ENJOYED, PAST TENSE HA ?) his punning prowess. No mas! Ayoko sa taong inggitero eh.
910	1091396	PH	G	...usiness.inquirer.net	A B C has one million hectares of coconut lands and Sri Lanka has only about 1.76 million ha planted to coconuts. In comparison, the Philippines has 3.3 million ha of coconut
911	3831526	PH	B	randomxthoughts.com	A B C I end up even more in love with Edward Cullen more than to my boyfriend ha , ha! # I tried reading ebooks on my phone but maybe I did
912	3562478	PH	B	...ofhonor.blogspot.com	A B C now a voice in your head inducing you to write these things... ha ha ha # Aside from the propriety of it, sheer numbers will make this issue too
913	1125184	PH	G	wright-house.com	A B C a collection-! " When they were a little increased, he said, " Ha ! this is complete! " When he had become rich, he said,
914	1124883	PH	G	wanderrgirl.com	A B C sold in a heartbeat: # Peanut. # Butter. # Latte. # HA . I always, always start my day with coffee and a PB sandwich --
915	3828592	PH	B	raissarobles.com	A B C person who had been charged of GRAFT and under investigation (wala pa sa court ha ) and then you keep SILENT by not writing or broadcasting the same,..........
916	3561300	PH	B	...gsawry.wordpress.com	A B C could help their parents. " Nagulat ako. St. Scho pa lang iyon, ha ! " # This tall, thin, gangly, awkward teenager never thought she
917	1109859	PH	G	gamefaqs.com	A B C GL!!! and what's this before it's too late part? ha ! # DIMWIT all u got to do is reach lvl 53 master all artes
918	3831233	PH	B	pep.ph	A B C forgiveness because u do nt have the authority to condemn and judge others. # ha ? if there are rapists there because of consuming much alcohol like tanduay, bakit
919	3556946	PH	B	...onders.wordpress.com	A B C , here's one reader who remains a child... at heart. Ha! Ha ! # Pepe: The Lost Years of Rizal bought for PHP 70 in the
920	1099425	PH	G	oh-dara.com	A B C nang mga pangarap mo sa buhay, Always be you, please don't change ha and Good health and please don't get tired to us daralings:) We
921	1843124	PH	G	cdn.ph	A B C 8 a.m. yesterday. The victims identified as 46-year-old Lee Dong Gun and 40-year-old Jung Ha Bok suffered gunshot wounds in their arms. The Koreans were on board their white
922	1094352	PH	G	...lnation.inquirer.net	A B C say can not take on your country. Me, uneducated??? ha ha ha where is Malaysia in technology and science and math. NO WHERE!!
923	3561612	PH	B	sharoncuneta.com	A B C 20-something adult, two gradeschoolers, and a toddler? # Schizopherenic. Ha, ha , ha! No, it's amazing. It's lots of fun.
924	3827930	PH	B	manilarepublic.com	A B C Updates # A new eyeless fish species has been discovered on a small island in Ha Long Bay in the Gulf of Tonkin, Vietnam, Fauna &; Flora International (
925	1105057	PH	G	agribusinessweek.com	A B C Justo Damasco, 60, a migrant from Mabini, Pangasinan. He utilized 36 ha for Bioseed 9909 crop production of which 14 ha are in Brgy 5. At
926	1103950	PH	G	whatswithjeff.com	A B C my phone the way i wanted i will wait for that thank you very much ha . i really appreciate your effort to help me if you have it already can
927	3567208	PH	B	lainyonline.com	A B C found from an old man with a shallow reservoir and a leaking tap. ha ha ha # The rest of the KL bound journey # There were two more stops
928	3830879	PH	B	mapeh.org	A B C , mostly because I have a very luxurious desire: the Hailuogou bubble, ha ha ! In a world of ice and snow that think enjoy a warm bath spa
929	1095546	PH	G	kat.ph	A B C you the man nigga, now stop frontin'. " Jay-Z: " Ha ha ! I like your style! " MB: " Nah, I like YO
930	1102175	PH	G	sesantos.com.ph	A B C ascendancy to executive HR position and my foolish attempt to start my own company, ha ha. # This blog used to be the depository of my thoughts about people
931	1125002	PH	G	wfacjapan.com	A B C . I am married to a Japanese national and we have two children. We ha d been separated and I lived with our two children. My husband died lon
932	1095426	PH	G	justwandering.org	A B C the bloggers congress in la salle hehehehe..... i'll be waiting for the link ha =) I cant attend coz I have work on that day = ( #
933	1845612	PH	G	skiptomalou.net	A B C an okra star shaped bed... and voila: 32 comments: # Ha ha ... so so absolutely cute and sweet and very precious..... And a delicious dinner
934	1092270	PH	G	...untrystat.bas.gov.ph	A B C Agricultural Land Area: # 533,410 ha. # Temporary Crop Land: # 282,687 ha . # Idle Land: # 1,924 ha. # Permanent Crop Land: #
935	3570086	PH	B	somethingwelike.com	A B C ciel/VAMPS lead singer), fashion, a splendid anime/manga artist named Gillian Sein Ying Ha , skulls and wings. (I am pretty sure there are more but right
936	3562487	PH	B	...ofhonor.blogspot.com	A B C his opinion. Court agrees with him, grants divorce and awards him damages. ha ha ha ha # Pondered lengthily on the angles of this case before sleeping:
937	1842297	PH	G	rebzombie.com	A B C recent times. The monster whale in Moby Dick is better than this. # Ha Ji Won proves that she can handle action scenes. She did played a stunt
938	1124859	PH	G	...oicesoftheauthor.com	A B C , " Don't let that frog drag you into the pond. Ha, Ha , " he would laugh, " Just joking ". They kept catching frogs
939	1109345	PH	G	fao.org	A B C farms covered by the Forest Land Grazing Lease Agreement (FLGLA) which occupies 112,000 ha (FMB 2005) the total land area devoted to ranching is not accurately determined
940	1119384	PH	G	philstar.com	A B C I am so blessed (though at times, stressed, too! Ha, ha !) because of it. I only report to the office Thursdays and Fridays
941	1119619	PH	G	pig333.com	A B C the United Kingdom (15.9 million ha, 9.4%), Poland (14.4 million ha , 8.5%), Romania (13.3 million ha, 7.8%) and Italy (
942	1099892	PH	G	opinion.inquirer.net	A B C the FAO-FRA announced that the Philippine forest cover increased to 7.391 million ha from 7.168 ha in 2003. # In 2010, our forests supposedly increased to 7.665 million ha
943	1103357	PH	G	...ofhonor.blogspot.com	A B C , means shorty) and a rejection of their old school politics. ha ha ha # Ha, that's funny. But I am height enhanced (6'
944	1109348	PH	G	fao.org	A B C environment Rapid economic growth was achieved at environmental expense. In 1992-1993, 160 000 ha of forest were exploited annually, with only 25 000 ha of reforestation; 30
945	1093234	PH	G	filipinonurses.org	A B C best manahimik na lang. Easier said than done ika nga. # ha, ha , ha glorevi sa lahat ng nag comment dito ikaw tlg ang tumpak kasi ang
946	3561612	PH	B	sharoncuneta.com	A B C from home. I mean I want my children to be crazy about me! Ha , ha, ha! All I want is still the same as when I
947	1094044	PH	G	...trealphilippines.com	A B C below? # Speaking of the media (Trosp, read that, the media ha ?), Marcos was a crook bwcause he was pointed as one by media
948	3559311	PH	B	...inthephilippines.com	A B C the Philippine people and think they don't know the ways of the world. HA ! are they in for a rude awakening. # As for the people forcing
949	1112203	PH	G	indophil.com	A B C Table 1: Itogon Project Tenements # Tenement ID # Type # Area ( Ha ) # Comments # Patented Claims (4) # Patented Claims # 35 #
950	1094060	PH	G	...trealphilippines.com	A B C It certainly is not that balding, whats his name,' Nit-wit'? HA , might as well be' Jack-Ass'. Taking a job that just needs
951	3559310	PH	B	...inthephilippines.com	A B C characteristic as aphrodisiacs, hmmm, may have to do some experiment. Ha ha ha . Eating chocolate also helps in reducing stressed. And stressed spells backwards? --
952	3563399	PH	B	agribusinessweek.com	A B C bountiful harvest to farmers in Malinao. He cultivates 1.5 ha of irrigated and 1.0 ha of rainfed rice fields. # He has drastically reduced his seeding rate by half
953	1114726	PH	G	lyricsty.com	A B C morning Drinkin' hot jasmine tea. I want her to make me laugh ( ha ha ha), Make a point about touching me when she talks (uhhmm
954	1105057	PH	G	agribusinessweek.com	A B C owns 70 ha of corn and rice land and provides inputs on credit for 110 ha . # Farmers in Brgy. Malaya have also shifted to Bioseed 9909 which is
955	1099148	PH	G	...ewsinfo.inquirer.net	A B C Aurora Rep. Juan Edgardo Angara, sponsored the laws creating Apeco, which covers 12,923 ha in Casiguran and makes it the country's first economic zone on the Pacific coast
956	1105378	PH	G	...ericanliterature.com	A B C something hard, there was a sound of a scrunching. # " Ha, ha ! He is eating the shells, " laughed the crowd. " Little silly
957	1125184	PH	G	wright-house.com	A B C a family well. When he began to have means, he said, " Ha ! here is a collection-! " When they were a little increased, he
958	1094352	PH	G	...lnation.inquirer.net	A B C can not take on your country. Me, uneducated??? ha ha ha where is Malaysia in technology and science and math. NO WHERE!!!
959	1843124	PH	G	cdn.ph	A B C down the request of my constituents,? said the 81-year-old political veteran. He ha ... # THE search continues for a running mate for Rep. Pablo John Garcia who
960	3561725	PH	B	solraya.blogspot.com	A B C and his uncle who thought our grower's Sunshines were expensive.... # Paolo: ha ha ha ha ha check this qoute out, i sent it to my team
961	3559321	PH	B	...inthephilippines.com	A B C also a Red Ribbon and Chow King in Las Vegas too. # ha, ha , Dale, you're serious you don't know where Zimbabwe is? That
962	1844544	PH	G	marketmanila.com	A B C your site who never place a comment before, suddenly start posting their comments! Ha ! ha! ha! Ow shucks!..... withdrawal symptoms..... ang hirap pala
963	1103102	PH	G	...hnology.inquirer.net	A B C a hole in the ground after you're hit!!! # Anonymous # ha ha ha ha ha ha ha,, you bit the bait.... exactly,
964	1105353	PH	G	...ericanliterature.com	A B C the pillars, an' sez' Jungi' in a voice that wouldn't ha ' scared a hare. I run over to Jungi's carr'ge an' tuk
965	1105365	PH	G	...ericanliterature.com	A B C I never' eard o' such a thing. " # " You would ha ' done if you'd been better looking, p'raps, " retorted the other
966	1102401	PH	G	...gelique.hubpages.com	A B C guides, print resources, Internet links, plus help diagnosing and treating affluenza # Ha ! Hilarious. How do you find the time to make the bone soup?
967	3830906	PH	B	...teroftasteonline.com	A B C in town, I gave our YES and told the H just after... ( ha !) # I have been reading about this new hip (warning, I
968	1105375	PH	G	...ericanliterature.com	A B C the very moment that fool Vankin came in and said:...' Ha , ha, ha!... So you're kissing here!'
969	3569924	PH	B	shaicoggins.com	A B C she said she was too lonely at night and asked to move back in. Ha ! Mel W recently posted.. Felix turns five. # On the girl &;
970	1092510	PH	G	dot.com.ph	A B C then do an 85 mile loop through the Sequoias on a 250? Ha ha ha . What about the ride home? Are you gon na bring an extra butt
971	3558433	PH	B	...hostage.blogspot.com	A B C and when he turned around, he had the funniest (not as in " ha ha funny ") look on his face and she knew something was wrong.
972	1109346	PH	G	fao.org	A B C . The ten largest lakes in the Philippines cover a total area of about 189,048 ha , with Laguna de Bay (89,076 ha) accounting for nearly half of this
973	1845288	PH	G	pia.gov.ph	A B C areas that have been identified as high-risk in their respective municipalities and cities " no ha ... # KORONADAL CITY, Aug. 4 (PIA) -- Local government units in
974	1111324	PH	G	goperri.com	A B C Jewish angelic hierarchy. # Rank Choir of Angels Translation Archangel Sephirah # 1 Chayot Ha Kadesh Living Ones Metatron Keter # 2 Ophanim Wheels Raziel Chokmah # 3 Erelim Thrones
975	1118850	PH	G	philstar.com	A B C to attract business with these numbers..... ha ha ha ha ha ha ha ha ha ha # The country also fell five places to 128th in terms of red
976	1097049	PH	G	llco.org	A B C hard... or go home " at all times. # Unlike other communist ( ha !) groups, who claim to be open for intense discussion from anyone,
977	3558977	PH	B	...tching.wordpress.com	A B C picture is so cute.. looks like the statue is smelling the flowers... ha ha ha. # I'm now looking forward to go back to this Garden hopefully
978	3559056	PH	B	kumarenggrace.com	A B C be for the long run. I now have time on my hands! Ha ha ! Anyway, before I get back into the groove of blogging again (I
979	1097708	PH	G	mindanaobob.com	A B C cup of coffee.. well have a great day.. ray # Hi Ray -- Ha ha... indeed there can be quite a bit of smoke when roasting coffee...
980	3560498	PH	B	patnubay.org	A B C Liberal Party when Noynoy ran for President and won... especially after we won, ha . So that's why I became Chairman of the Ways and Means Committee.
981	3567802	PH	B	marketmanila.com	A B C May 30, 2012 12:01 pm # Gej says: # Reincarnation?! -- Ha ha! What an interesting book, life, and event! # May 30
982	1125247	PH	G	yoshke.com	A B C bench on the top deck of the boat, floating softly in the middle of Ha Long Bay, Vietnam. # " Not even one, " I painted a
983	1097028	PH	G	...inthephilippines.com	A B C for the internet, surfing the net was my safety blanket then. Ha ha ha . Really I am searching the net for the new recipes and substitution for the
984	1091173	PH	G	...oks.auctiontopia.com	A B C as I said, it can really be used anywhere int he world! # Ha ha... Rob, I'm not selling paper, so it really doesn't
985	1103358	PH	G	...ofhonor.blogspot.com	A B C ! HA! " because I can not put into words my laughter except " HA ! HA! HA! ". # I am a serial commentator, posting
986	3559194	PH	B	leytesamardaily.net	A B C to the people of Tacloban. # The First of these events is the Halad Ha Kapamilya at the Capitol Gym which starts at eight in the morning. Halad Ha
987	3557907	PH	B	...trealphilippines.com	A B C world' who they are, what they like (as if anyone cares, ha !) look like real IDIOTS to me.When the internet came along people were warned
988	1118850	PH	G	philstar.com	A B C ..... and we are trying to attract business with these numbers..... ha ha ha ha ha ha ha ha ha ha
989	1109345	PH	G	fao.org	A B C in the lowland, upland and hilly regions. Moist zone areas cover 5.7 million ha in Luzon, mostly in the Cordillera Autonomous Region and Ilocos Region. In the
990	3555877	PH	B	...tangala.blogspot.com	A B C Grade V and a Grade III student about the zoo? Booooringggggggggg, ha ha ha # Fortunately, when we dropped by the skating rink at about past 2 PM
991	3564171	PH	B	bookmarks-site.com	A B C is already home, or guys drink together, or to accompany her. # Ha ha I can only smile, hollister france.Soon is thirty, doudoune homme, but
992	1114634	PH	G	lyricsty.com	A B C sure turned a trainful of freaks into a party, man, ha ha ha ha, didn't we, boys? All right, all right
993	1093190	PH	G	...lipinasinshowbiz.com	A B C long as it topbilled either half of the DongYan, it will make money. Ha ha ha, no need to put a dent in marketing efforts. " DongYan
994	1093052	PH	G	everyday-isa.com	A B C your passions! # Thank you for sharing this. I was moved I just ha to share this entry in my own blog as a blind note to " someone
995	1090526	PH	G	...quotes.wordpress.com	A B C a miracle. One day, will that miracle happen for me? " -- Ha Ni " When you find something you like, your heart races. -- Ha
996	1118147	PH	G	philstar.com	A B C with soap and water, so hard even the paint rubbed off (Ha! Ha ! Ha!) # It ’ s good to keep oneself busy. I
997	1097021	PH	G	...inthephilippines.com	A B C here has a torrent of Bob's e-books? Lol..... joke:) # Ha ha... sorry, if that is the way you interpreted what I said,
998	1105057	PH	G	agribusinessweek.com	A B C that's only from 6.5 ha., and since he planted a total of 36 ha , his net income this season could be P2.76 million. # In a phone
999	1103264	PH	G	...fpearls.blogspot.com	A B C dwell the hinterlands of Sulu, the farmers. The Third one, the Tau ha Pu' islanders, are those who are living in the islets and their main
1000	3559305	PH	B	...inthephilippines.com	A B C . You just can't buy things like that at any price. # Ha ha I cant live without my smartphone, tablet, netbook and laptop all are 3g
