1	3732748	AU	B	larvatusprodeo.net	A B C years or so, our successors can work towards a substantially reduced global popualtion " Ha ha ha ha ha ROFLOL LMFTO. They won't fucking well need to by
2	491437	AU	G	...ums.whirlpool.net.au	A B C strict budget. From what I have read, many people have said to avoid Ha Long Bay just because it is a tourist trap, have you guy found this
3	3731674	AU	B	...e-rocks.blogspot.com	A B C ! OR you could say she is giving me the' stink eye'... ha ha ha! # ABOVE: Phantom enjoying playing with a toy. # ABOVE
4	71718	AU	G	adb.anu.edu.au	A B C appointed aide-de-camp to Major George Johnston and received a grant of 500 acres (202 ha ) at Prospect; here his wife lived when he was sent to England in
5	230398	AU	G	adb.anu.edu.au	A B C been well developed. Before 1800 he had bought an additional twenty acres (8 ha ) but he mortgaged them in March 1801. # In 1797 he had been
6	3293864	AU	B	halinasophie.com	A B C " Make health a priority, not an obsession " Wow, quite the Ah ha moment for me. I suddenly realized that I was trying to be too perfect
7	3732583	AU	B	...nals.worldnomads.com	A B C we were rewarded by arriving on Cat Ba Island (only lived on island in Ha Long Bay) the nice peaceful tourist boat free way and the view once we
8	411609	AU	G	foxsports.com.au	A B C above..... ha ha ha ha still crying fellas!!! ha ha ha ha Genia and Higginbotham ha ha ha ha. Bryce was your mate after the world
9	78196	AU	G	mysticmedusa.com	A B C and trying to reorintate. And I have 2 x earth to ground me.. ha .. yeah, that works! # Um.. freedom within the ability to have
10	3289555	AU	B	ciderinthesun.com	A B C to our Nanna along with photos and even sometimes some scratch and sniffs ha ha ha (remember those!) # These cards and letters and the like, I
11	703448	AU	G	abc.net.au	A B C - the reckless undertaking to provide a budget surplus in 2013. " # Ha ha " reckless. " Good one Mungo. For starters these people are not so
12	3331949	AU	B	thesaucysampler.com	A B C have a quick lie down when I put my dough in to chill! # Ha ha, thanks, yes I got the first part right. As I said
13	490170	AU	G	flopearedmule.net	A B C is not letting me buy one because I am not located in Australia, ironic ha . Hope there are some when I get back. # Their names brings childhood
14	249479	AU	G	adelaidecomedy.com	A B C . Every Tuesday to Friday, be sure to catch the hottest comics at Arkaba Ha Ha, The Marion Hotel and Rhino Room. # " Seriously, you guys
15	617446	AU	G	...nals.worldnomads.com	A B C some lunch in a nearby caf where we ran into Lou Carpenter from Neighbours! Ha We got a few sneaky pics of him until he caught onto us pretending to
16	690494	AU	G	...nals.worldnomads.com	A B C and this one also---can we tell which days I was PMS-ing??? HA HA !!! geez---why we got ta be women, huh?... # today
17	566565	AU	G	abc.net.au	A B C Abbott screws up some policy... or more likely doesn't even produce one? Ha ! Risho: # 12 Jul 2011 6:01:57pm # Oh, Alan, that
18	3292925	AU	B	forums.vogue.com.au	A B C advice here. I thought I was the only person who felt this way. Ha ! # Valeriya - Yep I'm in accounting. I also fear not meeting
19	3737875	AU	B	itsmykindofscene.com	A B C stayin' alive " or it will be " ah, ha, ha, ha ". It's going to go around and around and around in your pretty
20	3308104	AU	B	veloaficionado.com	A B C Soigneur Bicycles and wants a puncture fixed they're in expert hands. # NO ha ha. # How did you handle carrying enough water and food in remote locations
21	336344	AU	G	...therockbewithyou.com	A B C releases? Well... geez, I don't know, I'm older ha ha ha. Hopefully I'm a little wiser and I guess the main thing about
22	411609	AU	G	foxsports.com.au	A B C supporters above..... ha ha ha ha still crying fellas!!! ha ha ha ha Genia and Higginbotham ha ha ha ha. Bryce was your mate after the
23	67376	AU	G	dampgnat.com	A B C to me + my paper world, it happens to you. Mirrors init. Ha ! So go and tip the girl at the door and get your arse in
24	707898	AU	G	thepunch.com.au	A B C the Minutes of a meeting of the Dareton Church of Christ Ladies Auxiliary? # Ha , ha, ha!!!! # I laughed so much when I
25	580611	AU	G	skepticalscience.com	A B C other words, the ecological footprint is a way to translate, in hectares ( ha ), the extension of a territory that either a person or an entire society
26	173355	AU	G	adb.anu.edu.au	A B C grants of 240 acres (97 ha) at Camperdown, 105 acres (42 ha ) near Parramatta and 1000 acres (405 ha) near Rouse Hill on the
27	692926	AU	G	adb.anu.edu.au	A B C establish Elizabeth Farm which Macarthur began at Parramatta in 1793 on a 100-acre (40 ha ) grant of' some of the best ground that has been discovered'.
28	230959	AU	G	damianmarrett.com	A B C love seeing the rest of us - the 80% unmercifully rip them apart... # Ha odd blog today.... sorry..... Thursday 3rd March 2011 # The Ombudsman says
29	3307337	AU	B	...icoward.blogspot.com	A B C ea sier to control now and will reduce the amount of kn ots that we ha ve to work t hr ough each morning!!! (If you're
30	195909	AU	G	unahi.org	A B C Government neglect, militarization, and other forms of exploitation and oppression. # Bungkatol Ha Bulawan Daw Nang Ka Tasa Ha Lana literally means' Treasured Unity'and' Code of
31	3286159	AU	B	...tyworld.blogspot.com	A B C (What's that Mr B? Wouldn't be the first time? Ha ha Mr B, ha ha). # The only good look I've seen
32	354822	AU	G	abc.net.au	A B C better representation of diverse music. Anyone know the Triple R program director? ha ha oilsaintoils: oscar denny: # 13 Jul 2009 7:00:14pm # okay folks
33	3287793	AU	B	blogs.news.com.au	A B C Roxen looks like she wants to slap Costello in the face, ha ha ha ha ha. Arbib and Joyce could come to biffo any time soon, my money
34	266904	AU	G	megansayer.com	A B C 'll probably be the one to confound people on subways and cafes:) # Ha ! It was definitely " small town meets big city " adventure. We kept
35	413659	AU	G	mamamia.com.au	A B C my world is my half sister was diagnosed in her teens and SUCH a hoo ha was made over her diagnosis.' We don't want to upset her'
36	3331647	AU	B	thepunch.com.au	A B C awful lot of coveting Scotchfinger. Scotchfinger says: # 05:18pm 16/08/12 # ha ha James1, the flesh is weak! Mattb says: # 08:42am 16/08/12 #
37	3308158	AU	B	vickiarcher.com	A B C soft bun. I'm pretty sure I will always have it long. # Ha ! You sound just like me -- I have started' letting it go'
38	189156	AU	G	mamamia.com.au	A B C My husband is always telling me " you'll never get into that spot " Ha , ha, I love a challenge. He's the rubbish parker. He
39	160903	AU	G	decarbonisesa.com	A B C countries, on the basis that if successful the technology be deployed globally. # Ha ! Unless you have been a fly on the wall at some important meetings,
40	510686	AU	G	...econversation.edu.au	A B C Liberal Party propaganda unit? # Seriously? # Ha Ha Ha Ha Ha Ha Ha Ha Ha # You think it is not possible for someone, just someone of
41	300837	AU	G	forum.birth.com.au	A B C due to brestfeeding (being anatomically challenged with long arms and small chest, ha ha ), and even the terrible painful start we had to BF for many weeks
42	3732653	AU	B	...courtofaustralia.com	A B C . and now suddenly/amazingly they are claiming that they have received threats!!! ha ! that extremely dumb move may well blow up in their faces. wouldn't
43	189156	AU	G	mamamia.com.au	A B C on! Maybe the answer is to not put too much thought into it # Ha ! I'm the same. I make the bf drive if we're going
44	673458	AU	G	thepunch.com.au	A B C Try donating a fully serviceable pre flat screen TV to these organisations, ha ha ha . Poverty? Absolute BS, I do not donate to these orgs any more
45	198712	AU	G	tropmed.org	A B C growth of large trees, and the official estimate of productive forests is 18 million ha (Papua New Guinea Information Unit, 1989). # Current estimates of forest
46	110158	AU	G	...ooks.adelaide.edu.au	A B C Vickers, but I have become quite a slave to my pipe. Ha, ha , it's wife and child to me! " # " Oh, a
47	339869	AU	G	musicfeeds.com.au	A B C # BATO: So straight back into it I see? # Rou: Ha ha , very much so. # BATO: So Rou, Enter Shikari's latest
48	3296043	AU	B	...ustbaustralia.com.au	A B C of day with kids! But I am still a believer in the sleep-clothes ha ha ! # http: //www.theveggiemama.com Veggie Mama # Oh man. That sounds complicated and
49	682770	AU	G	adb.anu.edu.au	A B C encourage with grants of from' five hundred 202 ha to one thousand acres 405 ha ' and the assistance of' not less than twenty men' maintained at government
50	480242	AU	G	blogs.news.com.au	A B C on. # BEL replied to tony Tue 13 Nov 12 (03:59pm) # Ha , I didn't notice, but that's alot of' boths'!
51	158765	AU	G	blockaday.com	A B C there (4 hours later). Maybe someone from school noticed them and thought ha ! I've seen Abby Boot with these books and will hand them in to
52	465673	AU	G	skepticalscience.com	A B C to hope for some unknown new technology breakthrough, or responsible global political leadership ( ha !). Otherwise the limit will be set by global warming itself in a
53	3284467	AU	B	...stlions.blogspot.com	A B C to sharing more Nico Vega with you guys in the future. # UPDATE: Ha ... didn't see this before. Here is the description I just discovered under
54	529274	AU	G	...nals.worldnomads.com	A B C poverty, give up worldly possessions etc-what does that do for the average Tanzanian? Ha nothing. As I learned about Tanzania and met the people I realized this was
55	491437	AU	G	...ums.whirlpool.net.au	A B C costing us 20000 VND ($1) per kg. # A must do is Ha Long Bay and a two night three day cruise. Trust me it will be
56	3299806	AU	B	...dineleenutrition.com	A B C didn't say aiiight, I just am still in P-Diddy video clip mode ha ha !) # Anyways this is not only something the young budding Engineering dude struggles
57	46259	AU	G	...ooks.adelaide.edu.au	A B C poor mouse died of the fright, for we have never heard it again. Ha ! ha! ha! " # The son, an ill-looking youth, who
58	207544	AU	G	skepticalscience.com	A B C We can expand the equation by counting human emissions (HE) and absorption ( HA ) and natural emissions (NE) and absorption (NA) separately. #
59	3306935	AU	B	theveggiemama.com	A B C had an undiscovered allergic reaction to Lansinoh I didn't realize till week five. Ha ! # But it has been amazingly convenient since then and totally worth it.
60	3308104	AU	B	veloaficionado.com	A B C Bicycles and wants a puncture fixed they're in expert hands. # NO ha ha . # How did you handle carrying enough water and food in remote locations?
61	102550	AU	G	...e-rocks.blogspot.com	A B C you could say she is giving me the' stink eye'... ha ha ha ! # ABOVE: Phantom enjoying playing with a toy. # ABOVE: Peppa
62	3308182	AU	B	...slimah.wordpress.com	A B C ? na-ll? hi, wa-l-hamdu li-ll? hi, Wa l? il? ha ill? -ll? hu, wa-ll? hu akbar. Wa l? hawla
63	510686	AU	G	...econversation.edu.au	A B C # Liberal Party propaganda unit? # Seriously? # Ha Ha Ha Ha Ha Ha Ha Ha Ha # You think it is not possible for someone, just someone
64	177584	AU	G	rotorburn.com	A B C brought was black but matt instead... well until I sprayed the next coat! Ha ha. But in the end I really like the look. And there's
65	531877	AU	G	...projectsummaries.org	A B C rare species such as the Threadybark Myrtle (Gossia inophloia). # Approximately 2 ha of Lantana in the gullies have been replaced by naturally regenerating vegetation including species such
66	220042	AU	G	joannenova.com.au	A B C ought be jailed, tattooed, gassed, and it's " funny " ha ha if we blow up their children, right? Memo to Natalie, research means
67	3292239	AU	B	...oughts.wordpress.com	A B C while I " thought about that to write next " on my writing assignment. Ha . Irony. Little spooky actually. A little like you just slapped a ruler
68	3315860	AU	B	diggings.com.au	A B C have about 2 and a half kilograms of apple tea in my suitcase -- ha ha . I will be taking that home... # So, after we finished our
69	697866	AU	G	uq.edu.au	A B C range from 800 to 3 000 trees / ha with about 1 200 trees / ha common in under permanent shade. 2. One month before planting, dig a
70	3324748	AU	B	northrydevet.com.au	A B C time, costs less money and allows you more time to yourself. # Ba ha ha ha ha ha. # Sorry, just give me a minute to pick
71	8992	AU	G	stylingyou.com.au	A B C . # Can I just say that I adore the fact this post exists! HA . # http: //www.stylingyou.com.au/ Nikki Styling You # I know. Right? Can
72	166566	AU	G	abc.net.au	A B C is spoken in many counties. They have parliamentarians in many countries. But Sin Ha Lease with a small country. Search any Sin Ha lease name in Google and
73	435145	AU	G	52suburbs.com	A B C solution. I'm going to do 12' suburbs' in six weeks. Ha ! They'll be shorter for sure, it may kill me, but...
74	3310119	AU	B	amandafullerblog.com	A B C combo of strength and squishiness gives for great hugging! oh and yes, ha ha , that's me giving myself a hug in the photo up there! #
75	536659	AU	G	thepunch.com.au	A B C Nick42 says: # 04:10pm 09/06/11 # Liberals present an honest face - HA HA HA. Thank you I needed a laugh late in the day. They are
76	198750	AU	G	thepunch.com.au	A B C promise " party followers. Dave Lewis says: # 03:08pm 14/07/11 # Ah ha an imbecile You seem like an imbecile and Im sure your mother was is an
77	3730969	AU	B	blogs.crikey.com.au	A B C on the door-step of Toorak railway station. The site is very large (2.5 Ha ), adjacent to a small activity centre, and mostly abuts rail line and
78	249006	AU	G	stabmag.com	A B C RVCA/Insight/volcom would all be good matches hopefully he gets the $ he deserves! # Ha HA. There is something nice about putting your bags on, making money,
79	3309982	AU	B	...cespringsnews.com.au	A B C pretext. # kevin mudford # Posted October 24, 2012 at 4:13 pm # Ha they are out trying to win converts the children in the park bit is their
80	3294164	AU	B	...sundaymorning.com.au	A B C ! It has been so long. Excited about what? Nothing in particular, ha ha! It's just fun. I so want to hold onto this feeling
81	3732748	AU	B	larvatusprodeo.net	A B C , our successors can work towards a substantially reduced global popualtion " Ha ha ha ha ha ROFLOL LMFTO. They won't fucking well need to by then. It
82	230959	AU	G	damianmarrett.com	A B C , cleaned the house and is in the midst of cooking a hearty meal.... Ha sorry... Just kidding. Seriously though I don't care if god is male
83	505857	AU	G	...econversation.edu.au	A B C by glyphosate (historically Roundup brand) sprayed just before planting across some 10 million ha , and drove the evolution of resistance in annual ryegrass before GM was even on
84	3304322	AU	B	...ociallysorted.com.au	A B C that you care about what people say! # http: **27;2872;TOOLONG Donna Moritz # ha ha that's great Diana! Have a great day! # http: **27;2901;TOOLONG
85	342747	AU	G	blogs.smh.com.au	A B C time you're wasting waiting for it to DOWNLOAD?? # CONCLUSION: HA HA # Posted by: Harry Backs on March 13, 2006 10:46 AM # Tribal
86	3307040	AU	B	thinkkayaks.com	A B C the opportunity to shout some abuse at the guys I would normally be racing ha ha .. # Chicago, USA # Chicago is known as the Windy City..... Naaat
87	598318	AU	G	abs.gov.au	A B C large dust clouds. Over 360 separate fires flared, more than 114,000 hectares ( ha ) of forest and farmland were burned, and many buildings and homes destroyed.
88	3739312	AU	B	renovatingitaly.com	A B C that out long ago. It really pays to be a bit cheeky too. Ha , I remember the vendesi signs being one of the first verb conundrums I came
89	536148	AU	G	chrismorphew.com	A B C ... so my rant seemed kinda... defunct. (or is it de-funked? ha ha) # anyways, when Soren finds the chamber with Luke's blood ALL
90	3734127	AU	B	runwithkate.com	A B C on a running break! Lolz!! Love you!!! # Ha ha ... I love these things. This one is totally random though! I usually
91	3332304	AU	B	timetravelturtle.com	A B C .. Home away from home: another tale of tea and toilets # Ha ha ha ... wow. I feel like there's the potential for a whole post about
92	3292467	AU	B	fleurmcdonald.com	A B C has taken 10 years to develop from scratch. The total farm holdings are 6,500 ha 's. We have a self-replacing merino flock of 1200 ewes so there is some
93	569488	AU	G	...therockbewithyou.com	A B C some are pretty fucked up, but fuck, listen to some Stones records ha ha , I'm not saying all The Stones, but Jesus the 80's were
94	491391	AU	G	tripadvisor.com.au	A B C de Piedra, Maip (8 ha of 85 years vineyard of Malbec, 0,5 ha of Syrah, and 2 ha of Sabernet-Sauvignon), and on the famous Calle
95	3737875	AU	B	itsmykindofscene.com	A B C stayin' alive, stayin' alive " or it will be " ah, ha , ha, ha ". It's going to go around and around and
96	25418	AU	G	berrytravels.com	A B C for that first few minutes, I must admit to a tinge of: " Ha Ha, this is awesome and you have none! " # Runcimans Breakfast --
97	421842	AU	G	climatechange.gov.au	A B C # IBRA code # IBRA 6.1 Region # Total IBRA area for the state/territory/nation ( ha ) # Total area protected (ha) # Percent protected # AA # Australian
98	3302764	AU	B	...nomadoz.blogspot.com	A B C - That's only one of MANY marvellous spots in the Grampians! TMWH - Ha ! It's just one of the settings along with' Scenery','
99	180241	AU	G	thepunch.com.au	A B C that even more taxes are on the way. acotrel says: # Ha Ha Ha Ha Ha! Why do you own a radio or TV if you are
100	3734439	AU	B	stabmag.com	A B C n't understand the world, know that through history USA have bought their talent. Ha ! I bet u don't even realise your own country is founded on more
101	3319142	AU	B	halongbayboats.com	A B C , but this is to emphasize the significant contribution of this irresistible food stuff to Ha Long gastronomy. # There is no precise estimation on how many types of sea
102	623157	AU	G	fao.org	A B C beef animal or its equivalent in sheep (8 dse) can be carried per ha on well-improved pastures or on 3 ha of the best native pastures, compared with
103	16332	AU	G	...uagedelaynetwork.com	A B C commented that' you don't know the answer to that Luca' ha ha ha and well he did but not in that split second. The topic came up
104	3293437	AU	B	...irlinafoodfrenzy.com	A B C kept shouting out' mum!' one day, guessed we looked similar, ha ha! By kid I mean teenager, he wasn't lost just wanted stuff
105	569488	AU	G	...therockbewithyou.com	A B C Joe Baressi, Neil Avron... Pat: Lars Ulrich... *shakes head* Ulrich Wild ha ha Phil: Lars Ulrich AND Ulrich Wild, but we were looking at a
106	429558	AU	G	...therockbewithyou.com	A B C I did some TV interviews with her and that was something different I must say ha ha. She's an amazing person, but I think she's maybe the
107	204708	AU	G	murrayriver.com.au	A B C Murray Darling Basin Authority (MDBA) control to irrigate a total area of 470,000 ha . Table 1 shows the area currently irrigated and the quality of water used in
108	3294906	AU	B	inspacesbetween.com	A B C To which Ray replied with " This is not The Notebook, Monika "... ha ! # Also, hearing that a gorgeous colleague (who sits right next to
109	3310237	AU	B	anchor.com.au	A B C system into neat resource tiers to HA-ify it. And sometimes, you just want HA virtual machines! This can be done. The solution # If the solution
110	250321	AU	G	cgamining.com	A B C Masbate gold deposit. The mining claims and applications cover an area of approximately 8,316 ha . # PGPRC has developed and owns the process plant and is responsible for the
111	3292984	AU	B	...cyclist.blogspot.com	A B C roof top car-park, which led to the taking down of the sign' - ha ! ha! you don't say!!!!! # ... and
112	654109	AU	G	blogs.smh.com.au	A B C to hell.Just incase there is their heaven im carrying a rope in my back pocket ha ! ha!. You know with all that rapture thing they cling onto.
113	185998	AU	G	fatmumslim.com.au	A B C put their glasses on? # http: //www.fatmumslim.com.au/ Chantelle: Fat Mum Slim # Ha . I don't know. Sometimes I get such a lovely reaction back,
114	3303815	AU	B	...hamozal.blogspot.com	A B C I need to just have 2 New Year's Eve Parties; -) # Ha ha yeah it is a Happy New Year for us parents isn't it!
115	692926	AU	G	adb.anu.edu.au	A B C pasture land in the colony, to be increased by a further 5000 (2024 ha ) if tangible results were forthcoming, and by Macarthur's possession of rare Spanish
116	62147	AU	G	...eeklytimesnow.com.au	A B C about what they want. " # The orchard is planted with 4000 trees a ha , with more than 75,000 trees in total. # " When we started out
117	411609	AU	G	foxsports.com.au	A B C final ha ha ha ha. Quade Cooper to become a boxer ha ha ha ha . SBW wouldn't even make the Wallaby bench ha ha ha ha Bigblackcoke no
118	3317808	AU	B	foxinflats.com.au	A B C !? To they know something we don't?!? =) ha ha !) Going to go and organise a catch up now. Thank you for
119	3305694	AU	B	the-riotact.com	A B C as fellow ACTilan's. I have a Beemer and you do nt, HA HA ! It shows how much i get paid! Its not even economical because,
120	703812	AU	G	...econversation.edu.au	A B C on the earth sustainably. # People actually think Vegan diet kills more than Meat HA ! what do you think they feed the animals on intensive farms to fatten it
121	3333231	AU	B	veggieful.com	A B C love the photos and the cute cartoons! Especially one of them;) ha ha . Thanks again. # Hi Emily! Thanks for your kind words. I
122	309465	AU	G	...chdifferentskies.com	A B C disbelief.' I could never give this to my children'. # ' Ha !' She chuckled, then looked me in the eye, then condescendingly said
123	3313749	AU	B	caradvice.com.au	A B C new Falcon wont come before that. What next?? FH or FJ ha ha ha ha ha. FG is a major revision of the carry over BF underpinnings
124	3318050	AU	B	...kyfriendsfactory.com	A B C certainly make a bit of a FUSS when making your toys!!!! Ha ! ha! # Fussy cutting just means that you are taking care with (
125	699337	AU	G	...econversation.edu.au	A B C of being fruit phobic to risk too deep a swim. Lorna Jarrett # Ha - another tertiary-education repeat-offender! Should have guessed from your eloquent and varied writing on
126	569488	AU	G	...therockbewithyou.com	A B C . Rules? Phil: We couldn't do any coke... Pat: ha ha ha ha ha. Phil: Which is ridiculous, we're in LA,
127	46259	AU	G	...ooks.adelaide.edu.au	A B C laugh. " We are in the very hottest corner of Fairy Land here. Ha ! ha! Stormy night, last night, sir. " # " Was
128	3325611	AU	B	parentingqna.com	A B C c, you have only a certain amount of days to stay and rest. ha thats some crap right. but thats y health insurance comes in handy, you
129	735460	AU	G	telelib.com	A B C only a few months ago, was that of Patrick Keogh. " # " Ha , hum! " said the little Judge. " I don't see --
130	3329432	AU	B	stereosonic.com.au	A B C had no idea. Damn, fuck them! No, I'm joking ha ha ha. No wicked, that's very cool, I will check it out
131	3740338	AU	B	timetravelturtle.com	A B C .. Wine-tasting for beginners (or how to alienate the masters of wine) # Ha -- I like the rambling comment, because I think you're probably right.
132	3740187	AU	B	thepunch.com.au	A B C beginning of an election year right? Unless they'd f &8ked; it right up ha ahaha KimL says: # 07:34am 23/10/12 # I think that baby bonus should
133	3294164	AU	B	...sundaymorning.com.au	A B C It has been so long. Excited about what? Nothing in particular, ha ha ! It's just fun. I so want to hold onto this feeling and
134	763864	AU	G	newswithnipples.com	A B C (because that'll really hurt) ". Bah ha ha ha ha ha ha ! # So, now even women are trotting out the old argument that promotions
135	650836	AU	G	mamamia.com.au	A B C much everything in our lives so lets just add vanity and botox to the list ha ha xx # What a spectacularly irritating article. If your friend feels bad that
136	3290726	AU	B	...designs.blogspot.com	A B C of water delivered as we are out of water.. doesn't seem fair.. ha ha enjoy your cool weather xx Welcome........ Read, relax and enjoy.
137	46259	AU	G	...ooks.adelaide.edu.au	A B C " We are in the very hottest corner of Fairy Land here. Ha! ha ! Stormy night, last night, sir. " # " Was it,
138	3297015	AU	B	...ifeinthefastlane.com	A B C from the UCEM Medical Acronym Dictionary). Comments # This is awesome, ha ! And reading this while working in the ED today makes it all that more
139	411214	AU	G	...therockbewithyou.com	A B C there's some more plans to go and play over there. Wow... Ha ha yeah, there's a lot more of the world we want to see definitely
140	143317	AU	G	slowyourhome.com	A B C . # 4. Once you are finished and have a nice sweat up ( ha !) it's time to sort. # Take the basket to your now
141	443838	AU	G	telelib.com	A B C Say rather, well enough -- i' the way, indeed, Ha, ha , to better fortune than the best, Since if his brother's patron-friend kept
142	3306069	AU	B	...econversation.edu.au	A B C don't you? OR a former PM who was staunch Anglican? # Ha Ha Ha, yes, Nick, I agree with most of that, but,
143	692926	AU	G	adb.anu.edu.au	A B C the first agricultural establishment in the Colony', incorporating over 60,000 acres (24,281 ha ) acquired by grant and purchase. # Governor Sir Thomas Brisbane, under whose
144	3318713	AU	B	goodgollyholly.com	A B C swishes it's way around in between the sheets. Prue x # bah ha ha great list lovely! and please do nt get me started on lazy mess again
145	3736089	AU	B	...og.amykendall.com.au	A B C to change dirty nappies. Hey - you always wanted to be a grandfather! Ha ! # You're never far from my thoughts. Millie's stunning blue eyes
146	637962	AU	G	sarahwilson.com.au	A B C deep end. Oh by the way -- this is my long answer... # Ha ! I love hearing people's stories and journeys, so thank you for sharing
147	797661	AU	G	thepunch.com.au	A B C be nominated for Nobel prize again *impatiently* Smidgeling says: # 11:36am 04/06/12 # Ha ! If we were allowed to do anything that slightly offended anyone other than people
148	306140	AU	G	au.tv.yahoo.com	A B C interest that will sure make him jealous I see people are want this.. ha ha not going to go down well behind the scenes I notice the articles are always
149	67946	AU	G	ratestogo.com	A B C like to add the Monsanto park, in Lisbon, Portugal, with approximately 1000 ha
150	3331635	AU	B	thepunch.com.au	A B C money. No comparison at all. PJ says: # 10:08am 29/10/12 # Ha ha Super D a member of a Leftie Brainwash club! JoniM says:
151	637431	AU	G	thingsboganslike.com	A B C them theyve wasted their lives they'd probaly laugh and shout you next months rent ha ha # If you say so Brad. You can spend your 84hrs per week
152	3305366	AU	B	tasmaniantimes.com	A B C , Miranda Gibson is still up her tree, and the Greens want another 585,000 ha in World Heritage or national parks. Where's the durability in that? "
153	768062	AU	G	...areinternational.com	A B C those lost on now bare areas in the forest, and to reforest some 1000 ha of unallocated " barren " land with local species for future timber and fuel wood
154	572594	AU	G	...econversation.edu.au	A B C the tune of almost 1000 diseases to choose from, never ending illnesses, ye ha , lets get some more victims and diseases. Got ta keep the wheels turning
155	727687	AU	G	jetstar.com	A B C . # Jetstar Pacific Chief Executive Officer, Le Hong Ha # Mr Le Hong Ha was appointed Jetstar Pacific CEO in March 2012. # A Vietnam national, Mr
156	47478	AU	G	blogs.smh.com.au	A B C on June 11, 2008 7:06 AM The weather? The Lakers game? # HA HA! Reminds me of an amusing experience a friend had: Nick (my
157	3287791	AU	B	blogs.news.com.au	A B C ? ha ha. socialists are atheists why would they protect the church.? ha ha . and this child abuse has been happening for decades. that includes times when
158	3329619	AU	B	stylingyou.com.au	A B C colour thing might be solved by having one bag and one laptop sleeve. ha ha . Tell me, did you fit a macbook pro or air? Deciding on
159	3290726	AU	B	...designs.blogspot.com	A B C water delivered as we are out of water.. doesn't seem fair.. ha ha enjoy your cool weather xx Welcome........ Read, relax and enjoy. #
160	597972	AU	G	abc.net.au	A B C "..... Instead, you will have to be " consistent " (Ha, ha ... sorry, I couldn't contain the laughter) and praise the Gillard Government
161	491437	AU	G	...ums.whirlpool.net.au	A B C in a torrential tropical downpour but that's part of the fun. b) Ha Long Bay -- 3.5 hour trip to the bay, 4 hours on a junk
162	200743	AU	G	abc.net.au	A B C someone wrote earlier in this forum that we needed more ecologists and less foresters - ha ! talk about confusion on the subject) for the last 28 years. I
163	600908	AU	G	abc.net.au	A B C Hail Brendan! Nelly Bly: # 11 Aug 2011 10:41:09pm # Mwa ha ha - so much for the " poor, disaffected youth " cry from my leftie
164	3291651	AU	B	egsforbreakfast.com	A B C now, but hopefully she has learned her lesson, slip-up/porkie pie indeed... ha ha ha COUGH COUGH! # My god. Read the defences of the behaviour at
165	3319142	AU	B	halongbayboats.com	A B C like lobsters to the other common shrimps, is another outstanding feature of cuisine in Ha Long. To many local people, a dish of streamed shrimps, served with
166	3332890	AU	B	tvxqaustralia.org	A B C " The female celebrities are loving Lee Gak and the male celebrities are loving Park Ha , " and " Rooftop Prince must have gotten number one because of the young
167	411609	AU	G	foxsports.com.au	A B C QLD supporters above..... ha ha ha ha still crying fellas!!! ha ha ha ha Genia and Higginbotham ha ha ha ha. Bryce was your mate after
168	336344	AU	G	...therockbewithyou.com	A B C behind the scenes, and that wasn't actually a whole lot of fun ha ha ha, the fun part came when we got in a room and just started
169	411609	AU	G	foxsports.com.au	A B C make the Wallaby bench ha ha ha ha Bigblackcoke no forklifts here mate ha ha ha ha and I don't think us kiwis even care about this made up team
170	430855	AU	G	...ityhippyfarmgirl.com	A B C love and intent and with care of mother nature should be all our priority. Ha ! Now I've left a rambly essay in your comments. Oops x #
171	402583	AU	G	rfcarchives.org.au	A B C established in the northern plains of this province in the 1960s. It covers 1,530 ha , with about 200,000 trees planted. There are a number of varieties cultivars and
172	321992	AU	G	abc.net.au	A B C Feb 2012 11:52:38pm # ((Melancholia)) 3 Ros: ha ha ha ha ha I feel slightly ill after watching this film at the moonlight cinema, and
173	3308584	AU	B	webdiary.com.au	A B C person. My local member, Malcolm Turnbull. Probably a conflict of interest ( ha ) with his current role but he has been outspoken on this issue and he
174	3310240	AU	B	anchor.com.au	A B C , instead of hours. Maintenance flexibility # By virtue of the fact that HA clusters are designed to tolerate servers going offline, it's possible to perform most
175	3735947	AU	B	bakebikeblog.com	A B C in this picture, is proving to be a big hit!!! # Ha ha, I want one of those bouncer things in my house that I can
176	569488	AU	G	...therockbewithyou.com	A B C that you may not have done here? Phil: Really cheap cocaine ha ha ha ha Pat: From a guitar point of view I had access to all my
177	3730370	AU	B	...traliacalling.com.au	A B C 2 panadol tablets just to make sure she believes that I was really unwell J ha ha. # Then we did not do any more practising. She just drove
178	241143	AU	G	vietnamadvisor.com	A B C . The rooms and meals are very nice. We enjoyed the beautiful and peaceful Ha Long Bay very much. This is a memorable Lunar Chinese New Year vacation for
179	462650	AU	G	thepunch.com.au	A B C Aussie girls keen to try something that was different in those days. # Ha ha ha The spelling was deliberate, trying to avoid a third chastising email from Tory
180	102550	AU	G	...e-rocks.blogspot.com	A B C ! OR you could say she is giving me the' stink eye'... ha ha ha! # ABOVE: Phantom enjoying playing with a toy. # ABOVE
181	3333255	AU	B	vexnews.com	A B C probably would have been invited back, regardless of the idiotic article... # Ha ha love the outrage from the lefties. They have no problem with the whinging,
182	110158	AU	G	...ooks.adelaide.edu.au	A B C he was trying to swim the bay, " he said. " He must ha ' gone to the bottom anyhow, for he couldn't swim five yards with
183	594186	AU	G	megadisc.com.au	A B C , a form of Chi Kung associated with the martial art Aikido, which I ha ve also studied. I am a qualified instructor of Ki Energetics. # I
184	3731674	AU	B	...e-rocks.blogspot.com	A B C you could say she is giving me the' stink eye'... ha ha ha ! # ABOVE: Phantom enjoying playing with a toy. # ABOVE: Peppa
185	3292731	AU	B	forum.birth.com.au	A B C . # Some cookies stalls should not be allowed to have cookies to sell.! Ha ha I remembered the old " cookie " thread. # Yep because I offered
186	3305694	AU	B	the-riotact.com	A B C you as fellow ACTilan's. I have a Beemer and you do nt, HA HA! It shows how much i get paid! Its not even economical because
187	131116	AU	G	myhometruths.com	A B C wrestler- just to name a few? (He did what in his cup? Ha ha ha) # ... am thankful that I've been given the chance to
188	3740187	AU	B	thepunch.com.au	A B C for this in your lounge! PJ says: # 04:02pm 23/10/12 # ha ha Swans' entitlements' to lower and middle income families in exchange for votes are
189	489652	AU	G	smh.com.au	A B C Commenter # sangela # Date and time # May 10, 2010, 9:33AM # Ha , Scientists are just as guilty of convencing students of their unfounded ideas as anyone
190	688061	AU	G	the-riotact.com	A B C noise or parking complaints with the police. A social utopiia it is not. /quote Ha ha ha ha ha, you're evidently someone who has never set foot in
191	111258	AU	G	...country.blogspot.com	A B C I tried to squish the moths with my hands but I was too afraid.. ha ... so I just hosed them with water and I know that did nothing to
192	3315768	AU	B	desireempire.com	A B C 's a tough business, but my previous experience with the industry taught me well Ha Ha. Heck they didn't even spell my name right!!!!
193	3319488	AU	B	hillbillywatch.com	A B C feeds him and is his biggest advocate! # The Cairns Post in 2014? Ha ! Today, day one of The Post being printed in Townsville; no paper
194	510686	AU	G	...econversation.edu.au	A B C hotmail.com) # Liberal Party propaganda unit? # Seriously? # Ha Ha Ha Ha Ha Ha Ha Ha Ha # You think it is not possible for someone,
195	776388	AU	G	abc.net.au	A B C BLZBob: # Businesses are now demanding that no jobs be lost! Ha ha ! as if they care! They will slash jobs without a though whenever it
196	3321952	AU	B	lisamharrison.com	A B C they give me that look that makes me feel like I am the alien ha ha ha Ah well # There's so much that Chris Thomas states, that resonates
197	3736763	AU	B	davidreneke.com	A B C ways of doing that than sending humans on a one-way mission to Mars. # Ha , yeah I assume there probably are. How much is it going to cost
198	3734696	AU	B	theaspiremag.com	A B C has been expected. # What does a normal day look like for you? Ha ! Its typically sitting at my house and talking on skype, cell phones,
199	614859	AU	G	smh.com.au	A B C # November 16, 2012, 11:26AM # Very true... Ha Ha Ha Ha Ha Ha Ha Ha!!!! # Commenter # Mr T #
200	3295468	AU	B	joannenova.com.au	A B C my drift? Put out a Hollywood version of " a convenient absolution ". ha ! # The abuse of the word Science isn't new. Until recently,
201	623157	AU	G	fao.org	A B C bottom of the Gulf of Carpentaria in north-western Queensland -- an area of 1.2 M ha was involved by the late 1980s (Walker and Weston, 1990). According
202	410925	AU	G	...opsmartmeters.com.au	A B C system, it is one of the top six owners of British power supplies. Ha ! So heaps of profit being squeezed out of British power consumers goes to the
203	751553	AU	G	abc.net.au	A B C think they could have made the door a bit taller. # KERRY STAIGHT: Ha ! So this is where you'd come? # WAYNE RANKIN: Yeah,
204	643667	AU	G	thepunch.com.au	A B C Great example that, even showed support for local manufacturing. Ha ha ha ha ha ha!!!! # Before criticising the miners remember, they employ thousands
205	339869	AU	G	musicfeeds.com.au	A B C . # BATO: So straight back into it I see? # Rou: Ha ha, very much so. # BATO: So Rou, Enter Shikari's
206	654376	AU	G	thepunch.com.au	A B C your employ. There is no trust! As for being intellectually superior - ha ha ha ha ha ha! He simply proves what I've long suspected about the
207	248637	AU	G	humanecology.com.au	A B C . Into the walking areas there were constructed what the common people called " ha ha 's ": surprising sunken fences, hidden hedges, boundary ditches which, when
208	315506	AU	G	thepunch.com.au	A B C or philosophy. NOT RELIGION. Philosopher says: # 03:12pm 02/11/12 # ha ha K2, you are referring to men who theorised about quasi-theistic' natural law'
209	313007	AU	G	smh.com.au	A B C ? I mean, Donny, that would be really weird. # " Ha ha , no. She has me. I don't want to sound corny,
210	3308200	AU	B	vietnam-visa.com	A B C the Hochiminh Complex established inside capital Hanoi after he was gone. Built in Ngoc Ha village, Ba Dinh district, Hanoi city, Hochiminh complex consists of Ho Chi
211	3295724	AU	B	...nals.worldnomads.com	A B C Were picked up by the minibus &; taken to 2 sets of waterfalls namely Misol Ha &; Aqua Azul. As it was the rainy season but were impressive in their
212	3738571	AU	B	mylittlespace.com.au	A B C nt want to be judged as a parent but have no issues judges others # Ha ! Felt like I was reading about my day! I have two the same
213	443142	AU	G	...stralianexplorer.com	A B C kids are educated in the outback I would enjoy the company, and you would ha ... # 25yr. Male from Boston leaving the US on a Work
214	3285402	AU	B	...s.aussieblogs.com.au	A B C night, and my bed was the little boot in the back of the car ha ha. That boot looks so tiny now ha ha. # What a popular
215	208729	AU	G	abc.net.au	A B C research the possibility the Slipper might cause them damage? # When all the hoo ha dies down, the electorate will evaluate it one way or the other, and
216	3736774	AU	B	deadandburied.com.au	A B C I think it is? 3 Responses to Dyeing to find out... # ha ! nope, it kind of wierded me out looking at leather and then realising
217	688061	AU	G	the-riotact.com	A B C with the police. A social utopiia it is not. # Ha ha ha ha ha, you're evidently someone who has never set foot in Franklin. #
218	411609	AU	G	foxsports.com.au	A B C ha still crying fellas!!! ha ha ha ha Genia and Higginbotham ha ha ha ha. Bryce was your mate after the world cup quarter final ha ha
219	411214	AU	G	...therockbewithyou.com	A B C third album out next week and the fourth the following after that... ha ha ha ha ha # The Covers EP' Please Do Not Disturb' that you're
220	569488	AU	G	...therockbewithyou.com	A B C : You idiot. I just can't wait to go solo ha ha ha ha ha
221	3331671	AU	B	thepunch.com.au	A B C as bad as screaming kids. HankScorpio says: # 03:21pm 06/09/12 # Ha Ha Fabio you are lucky you are beautiful Cynicised says: # 02:56pm 06/09/12 #
222	3737301	AU	B	...kyfriendsfactory.com	A B C blog so I can look back and relish this moment in time -- ha! ha ! # I NEVER thought I'd EVER see the day when one of my
223	623157	AU	G	fao.org	A B C size of the survey properties was 1,669 ha (Maranoa and south-west) to 36,310 ha (north-west) in Queensland (range 324-2,133,100 ha), 304,200 ha in the
224	3287978	AU	B	blogs.smh.com.au	A B C 28, 2007 8:33 AM # Strawberry on September 27, 2007 9:01 PM # ha ha! That is true. # The last house I lived in I was
225	729821	AU	G	kotaku.com.au	A B C you folks? What are you looking forward to in the coming months? # Ha Ha I bought an XBOX 360 console in May last year, just to play
226	3294751	AU	B	...astrunk.blogspot.com	A B C ! Cos not too heroic story! well done Carver Edlund!!:) ha ha I cant wait to watch the unfold story! early day But not disapointed
227	478929	AU	G	...havenholidays.com.au	A B C NSW Jervis Bay National Park.1000 ha were gazetted of what will eventually be a 6000 ha park. # 17 1897 - Foundation stone of the local Union Church was laid
228	688061	AU	G	the-riotact.com	A B C with the police. A social utopiia it is not. /quote Ha ha ha ha ha , you're evidently someone who has never set foot in Franklin. quote comment=
229	3298365	AU	B	...therockbewithyou.com	A B C released 8 albums and that you are more than that one song? Ha ha ha that's a little bit of a loaded question, but it's a good
230	3739280	AU	B	realityravings.com	A B C could have done was to send me a six months subscription to their magazine Ha ha as if! Survivor tomorrow night, can't wait to see who goes next
231	198712	AU	G	tropmed.org	A B C On-Line, 2000). The total forested area of PNG is around 39 million ha out of a total land area of 46.2 million ha. Thirty three million ha
232	729310	AU	G	...ooks.adelaide.edu.au	A B C and then, as if in derision, " Welt -- Politik -- ha, ha ! " Then he would explain complicated questions of polity to imaginary hearers, in
233	3309129	AU	B	write.keinism.com	A B C building a cluster, or how about even virtualisation? Or implementing nifty stuff like HA so that servers are able to resume services automatically? And let us not forget
234	732013	AU	G	crikey.com.au	A B C " Three euros! " he says. " Three euros for food! Ha ha ha! " # Everything else he makes, Ibrahim says, goes to his
235	3739771	AU	B	sugercoatit.com	A B C against the narky words of narkiness. Then Hubby decided to do his little ha ha my account has cash in it and you spent all yours dance true. Well
236	212865	AU	G	thepunch.com.au	A B C # 11:42am 12/11/12 # Melissa George' Pretentious.... MOI???' # Ha ha ha.. # Well, I have my' cap-ah-cheen-ee-oh " at my hip
237	340264	AU	G	...renotes.blogspot.com	A B C play. This is a five minute comedy sketch (and not very funny one--ha ha stupid women too dumb to understand the doctor is fiddling with their privates... oooh
238	688460	AU	G	mamamia.com.au	A B C time is lost. I have just retired and am seen as a teacher who ha good class control. God help the new recruits!!! # my mum
239	3287986	AU	B	blogs.smh.com.au	A B C PM # " Aussies are renowned for their sense of humor? " Ha... Ha ...! That explains a lot of the boredom. Colonized by Monty Python and
240	130602	AU	G	megansayer.com	A B C But so unoriginal! Do your own thing -- sounds cool to me! # Ha ! I'll have to keep a record of how many eyebrows don't move
241	768062	AU	G	...areinternational.com	A B C News of these happenings in Ky Thuong, a little village in the mountains of Ha Tinh, spread and officials from other nearby districts wanted Vo Quy to expand his
242	763864	AU	G	newswithnipples.com	A B C and a feminist (because that'll really hurt) ". Bah ha ha ha ha ha ha! # So, now even women are trotting out the old
243	84866	AU	G	cs.anu.edu.au	A B C = Pair B 1 (x, (x)). # The set HA ' consists of 12 elements, thus there are 12! different permutations. To
244	3303276	AU	B	runwithkate.com	A B C before, carrying my shoes, hoping that nothing was turned inside out. # Ha ! It sounds as though you were no stranger to it. I used to
245	2710	AU	G	...sundaymorning.com.au	A B C drink does not mean, you wont feel absolutely wrecked tired the next day! ha # Help Support HSM # Connected with Ruairi's story? Invest in Ruairi's
246	52166	AU	G	honisoit.com	A B C don't want no rash from the Coff, am I right, ladies? Ha ! Here's the thing though -- if you want to get yourself a strong
247	562966	AU	G	abc.net.au	A B C the millions and then blaming aboriginal French that they're not being liberal enough. Ha ! Nothing about the corrosive abstractions of liberalism itself, how it works to destroy
248	473055	AU	G	bobinoz.com	A B C black or brown, it's red or orange! Regards, Joyce. # Ha Bob as I looked at the pics of the UK I too thought doesn't
249	155088	AU	G	abc.net.au	A B C pretend choice about which " risk profile " you want to take... ha ha ha when the whole fund is corrupted by the fund managers who guarantee themselves huge payments
250	616662	AU	G	lyricsmode.com	A B C in the club tonight Do it again There's murder in the club tonight Ha ha
251	3309603	AU	B	acclaimmag.com	A B C we're very separate entities that just happen to spend all their time together, ha ha. Have you tried to scare people by being look-alikes? S
252	341690	AU	G	thevine.com.au	A B C to pound shots. # So you just have one as a digestive? # Ha , yeah. Right. So how do we do something that isn't silly
253	411214	AU	G	...therockbewithyou.com	A B C , that sounds like a massive name drop, which it is ha ha ha ha but when that happened, we were like' yeah, we'll stick it
254	3734127	AU	B	runwithkate.com	A B C 'm on a running break! Lolz!! Love you!!! # Ha ha... I love these things. This one is totally random though! I
255	154470	AU	G	travelwithbender.com	A B C Posted by sonja everson on Nov 6th, 2012 # Burkinis! Blah ha ha ha .... that was funny, # readysetpack . # Posted by Living Outside of the
256	230398	AU	G	adb.anu.edu.au	A B C with the Hawkesbury throughout the Macquarie period and in 1819 received a 100-acre (40 ha ) grant at Riverstone. The muster of that year, however, showed him
257	623157	AU	G	fao.org	A B C or in mixture with other species, is currently grown on more than 3.5 M ha (Dear and Ewing, 2008), with most of this area occurring in
258	313324	AU	G	mamamia.com.au	A B C my husband said, " but I want a baby now ". # " Ha ! " said Nature, " It's not as easy as that ".
259	3306113	AU	B	thedesignfiles.net	A B C and who should step out the front gate? Lisa Gorman, How embarrasing! ha ha # Wednesday, September, 2012 AT 11:21 am # 0 Cate says:
260	125740	AU	G	....economicoutlook.net	A B C ignorance and how they always come running up breathlessly to update by downgrading. HA HA . In NYT today: picture of Christine Lagarde talking so seriously and self importantly
261	494522	AU	G	adl.brs.gov.au	A B C 's forest area, by forest type # Forest type # Total (' 000 ha ) # % of total # Native forest # Acacia # 10,365 # 7 #
262	421842	AU	G	climatechange.gov.au	A B C Alps, South Eastern Highlands and South East Corner # Protected area # Area ( ha ) # Established # IUCN protected area category # Alpine National Park # 646,200 #
263	3321056	AU	B	kellyexeter.com.au	A B C ...... we all think you're fabulous xx LisaRandomActsOfZen recently blogged: Shared Zen # Ha ha do you know Lise I am having a MAJOR design crisis at the moment
264	491437	AU	G	...ums.whirlpool.net.au	A B C strict budget. From what I have read, many people have said to avoid Ha Long Bay just because it is a tourist trap, have you guy found this
265	3289555	AU	B	ciderinthesun.com	A B C on to our Nanna along with photos and even sometimes some scratch and sniffs ha ha ha (remember those!) # These cards and letters and the like,
266	682770	AU	G	adb.anu.edu.au	A B C the migrants whom he sought to encourage with grants of from' five hundred 202 ha to one thousand acres 405 ha' and the assistance of' not less than
267	3310995	AU	B	ausgamers.com	A B C practically doubled my pay on the spot. New title, same job. # Ha ! If my boss found out I wanted to leave she would probably be happy
268	3315269	AU	B	cyclingtips.com.au	A B C , Kloden paid a doping-related fine, Pereiro explicitly implicated by Landis, Menchov ( ha ha). The list goes on and on. # Easier to guess (
269	720914	AU	G	blogs.crikey.com.au	A B C are doing you a favour by coming here.' -- ha, ha bloody ha . I quite like the idea of them going home however. It's the
270	12769	AU	G	abc.net.au	A B C said $6k, MT said $4k, so one of you has to be wrong HA HA. Trivial journalism. # On the other side, Conroy says we are
271	614859	AU	G	smh.com.au	A B C and time # November 16, 2012, 11:26AM # Very true... Ha Ha Ha Ha Ha Ha Ha Ha!!!! # Commenter # Mr T #
272	3296043	AU	B	...ustbaustralia.com.au	A B C an unfathomable mess I totally would have jumped on the bus child and all ha ha . My hubby and I still laugh about how bad it was. Ah kids
273	200743	AU	G	abc.net.au	A B C of State Forest, the net area available for timber production is only around 550,000 ha . When you add up the net available areas for all states it comprises around
274	3731734	AU	B	...--earth.blogspot.com	A B C do! I was just at this moment feeling very alone in this... ( HA ! But feels like such a yawn, sharing it with anyone...) #
275	97385	AU	G	mamamia.com.au	A B C end of a long day taking care of a baby? Impressive...' ha ha ! # exactly! Gee, I honestly read stories about people who have children
276	445263	AU	G	thepunch.com.au	A B C the country.' # And who might you suggest should replace her? Ha Ha Ha Ha - Delusional as ever? Do you really believe he is different and
277	3331867	AU	B	theroar.com.au	A B C the win. Blokes wearing Ribena coloured jumpers deserved to go down. # ha ha , KP. You still won't talk to specifics but I agree Sita had
278	3737032	AU	B	evindonohoe.com	A B C amenable voters on the phone than he was (which was awesome, and HA HA ), but because he related to the people who were upset at getting a
279	108975	AU	G	abc.net.au	A B C unnecessarily draws attention away from the real environmental problems. # Victoria has aound 650,000 ha of' old growth' forest and virtually all is in some form of park
280	3318891	AU	B	...reenandgoldrugby.com	A B C starch # Garry # the return of Dingo's luuuurve bubbles. # Mart # Ha spot on. Or Mcalman # http: **35;6554;TOOLONG Brian Hooper # Oh and if
281	3740268	AU	B	thesaucysampler.com	A B C and rays of sunshine pouring down on tables as people sipped their tea. Ha ha , I don't know why as it fitted the more common narrow terrace house
282	3298370	AU	B	...therockbewithyou.com	A B C # In listening to the album through once before it was taken away from me ha ha, the songs seem to have a sense of' life' to them
283	697866	AU	G	uq.edu.au	A B C and remove the beans. Burn the husks. Production varies from 29 kg / ha to 2,000 kg / ha, 0.5 to 10 kg / tree. 21.0 Fermenting
284	470170	AU	G	babycenter.com.au	A B C even though my husband is awesome, how much can one man take! # Ha ha Sunny! Love it!! Our bubba is from IVF so defo no
285	748281	AU	G	blog.quibids.com	A B C to nurture new startup ideas -- do they want to start another company? " Ha , yeah right. These guys have their hands full as is, as do
286	3332795	AU	B	truthnews.com.au	A B C related to jet trails six miles above. Too many other possible causes. # ha ! if its good enough for mr (We are all familiar with the way
287	3284868	AU	B	...traliacalling.com.au	A B C of technology news (podcasts) (of course with your ear phones plugged. Ha ha) you could be changing nappies while brainstorming about a good business idea or
288	95923	AU	G	...therockbewithyou.com	A B C is just a way for me to yell victory at the top of my lungs ha ha ha. # What do you think it is that will make' Obey
289	200743	AU	G	abc.net.au	A B C . # " For example, in East Gippsland in Victoria, there is 123,000 ha of mature forest contained in parks and reserves (where logging is excluded),
290	683060	AU	G	rileylee.net	A B C of secular ensemble and newly composed solo shakuhachi pieces. # Kinko ry and Taizan ha were not the only new institutions created that transmitted koten honkyoku. In Kyto immediately
291	117891	AU	G	sarahwilson.com.au	A B C a tradie. as you can imagine this has brought out the best in me, ha ! driving with frosted windows, morning breath and bed hair. awesome. #
292	3307205	AU	B	...moirsphotography.com	A B C so cool too. Thats what usually happens when two cool kids have kids ha ha , here are five of the people I am lucky to say are a part
293	680072	AU	G	...eniers.wordpress.com	A B C tears down climatologist (boo hiss!) Michael Mann and his stick (Ha ha ! Did you see my pun!), pointing readers to bloggers more qualified
294	519949	AU	G	...ailytelegraph.com.au	A B C She talked very fast and all I could do was smile and go,' Ha , ha'. But this new girl, she talks mellow, so that
295	684033	AU	G	blogs.smh.com.au	A B C me cyncial... a trustworthy decent chatty non smoker woman easy to acquire?... ha good luck in finding one..... its in a dream..... # Women only want
296	194529	AU	G	abc.net.au	A B C was a developer I would laugh all the way to the bank. The Suckers ha ha ha! # And mind you all these piles of sticks won't last
297	3289752	AU	B	clubtroppo.com.au	A B C But Woody Allen has just done it with much more humour and artistry. # Ha ha. I haven't read them but Woody's better (because books with
298	799900	AU	G	teamdf.com	A B C if we try to obtain its value it will return a blank. # Ah ha ! # What if we define a local variable outside of a script and then
299	756301	AU	G	...goodsell.typepad.com	A B C floor. # Tacos - Bella and I adore tacos. They drop everywhere ( ha !) and we seem to end up with 20 million dishes to wash at
300	415726	AU	G	gizmodo.com.au	A B C ' Penis pills! Super cheap!! Guaranteed to work!! " # Ha , funny thread. How would they figure out the logistics tho? Like if
301	3730995	AU	B	blogs.news.com.au	A B C kate replied to Sarah Bath Mon 19 Nov 12 (06:21pm) # ha ha ha # Sarah Bath replied to Sarah Bath Mon 19 Nov 12 (06:25pm) #
302	110158	AU	G	...ooks.adelaide.edu.au	A B C , no oaks -- Sarah Purfoy, lady's -maid and nurse -- ha! ha ! -- lady's-maid and nurse! " # This last sentence contained the name-clue to
303	643667	AU	G	thepunch.com.au	A B C . Great example that, even showed support for local manufacturing. Ha ha ha ha ha ha!!!! # Before criticising the miners remember, they employ
304	521346	AU	G	stabmag.com	A B C that there is an article titled' inside the head of Sage Erickson'. Ha ha echo? Heeelllooooooooooo..... heellooooooooo...... Sick Chopes shot. I sneezed,
305	3294242	AU	B	highwaydreams.net	A B C its expensive and that doing it full-time must mean we have lots of money. Ha ! Ha! # We used last fortnight as an example to keep a record
306	220822	AU	G	rfcarchives.org.au	A B C Orchard size is variable, with from a mere six or seven trees to 50 ha for an individual owner. Tree owners are not necessarily the land owners. All
307	3319142	AU	B	halongbayboats.com	A B C some people who consumes too much Hoanh Bo need 2-3 days to sober. # Ha Long is also famous for squid-sausages, which is told to be delicious and fragrant
308	740435	AU	G	...wersingenesis.org.au	A B C acts of faith, but my reward is so much greater than yours. # Ha Ha, # I read something interesting, you're not even a scientist,
309	3321056	AU	B	kellyexeter.com.au	A B C we all think you're fabulous xx LisaRandomActsOfZen recently blogged: Shared Zen # Ha ha do you know Lise I am having a MAJOR design crisis at the moment because
310	230398	AU	G	adb.anu.edu.au	A B C declined for in 1825 he was recorded as owning a mere ten acres (4 ha ) of land, all in the Windsor district, and twelve hogs. Since
311	3292766	AU	B	...ilaussieprems.com.au	A B C , and ideally you only really want to address 1-2 at a time. # ha ha, 6 months is a long time if you're worried, no time
312	175858	AU	G	thepunch.com.au	A B C the authenticity written' the cut and paste' section it is pure garbage # Ha ha. One of the many reasons that I like Cut and Paste is that
313	3318047	AU	B	...kyfriendsfactory.com	A B C even THEY might not be too impressed with my gifts!!! Ha! ha ! # LASTLY I think about THIS... # My mother is a fine artist
314	177284	AU	G	thepunch.com.au	A B C Brown. Ah, but the surf! says: # 01:48pm 17/10/11 # Ha ha! Wow this really got people going... # There are many sides to
315	654376	AU	G	thepunch.com.au	A B C is no trust! As for being intellectually superior - ha ha ha ha ha ha ! He simply proves what I've long suspected about the Cecil Rhodes Foundation -
316	90200	AU	G	abc.net.au	A B C CAN NOT BE MARRIED! mel: # 30 May 2011 10:47:45pm # Ha ha ha, GEFD7, you make me laugh. A random bible verse proves what
317	732013	AU	G	crikey.com.au	A B C Three euros! " he says. " Three euros for food! Ha ha ha ! " # Everything else he makes, Ibrahim says, goes to his landlord
318	3285402	AU	B	...s.aussieblogs.com.au	A B C fascinated to seeing a girdle and on the label it had written lose 5lb instantly ha ha. # Being open day, there was a couple of people who visited
319	417137	AU	G	aussiev8.com.au	A B C around. Question mate ok if i add you to my list on facebook # Ha ha ha mate of course i am a neandathol when it comes to facebook if
320	3310240	AU	B	anchor.com.au	A B C important to have these in mind when you assess the benefits of going down the HA path. # The pattern you'll notice is that almost everything boils down to
321	3303403	AU	B	samstosur.com	A B C out forehand all the time and feel JUST like you doing it!! Ha ha ! Take a deep breath, get right back on that horse (or koala
322	650836	AU	G	mamamia.com.au	A B C everything in our lives so lets just add vanity and botox to the list ha ha xx # What a spectacularly irritating article. If your friend feels bad that other
323	614859	AU	G	smh.com.au	A B C 16, 2012, 11:26AM # Very true... Ha Ha Ha Ha Ha Ha Ha Ha!!!! # Commenter # Mr T #
324	3305831	AU	B	...renotes.blogspot.com	A B C is that bald bloke who's supposed to be the Minister for the Environment ( ha ha) and Arts??? # What is wrong with you people?
325	411214	AU	G	...therockbewithyou.com	A B C you know. So essentially it's just a continuation of the first album? Ha ha in that sense, yeah I guess the writing process takes you through the
326	3319422	AU	B	hercanberra.com.au	A B C going to stop people from doing it. Tim Gore Kate # Ha ha I love it! I have personally found the majority of negativity recieved is from
327	5118	AU	G	retromummy.com	A B C accomplished then when I am on top of everything on the home front. # ha . I laugh when people ask me this too. I say I told my
328	491437	AU	G	...ums.whirlpool.net.au	A B C about Ha Long tomorrow, she was in VN earlier this year and was in Ha Long at one stage. If she's got no idea, then I'll
329	3334420	AU	B	zanthusaustralia.com	A B C play than you, you have to call sister very not! Very good, ha ha, eat!! Kevin hurriedly give up, I didn't know that
330	755775	AU	G	...humanitiesreview.org	A B C no sense of humour (everyone knows feminists have no sense of humour, ha ha )? I could fail to stick up for my own, known, views
331	569928	AU	G	sarahsomewhere.com	A B C 're so excited for you both! Have a safe and wonderful travels. # Ha ! I know I was just looking back at some posts, and it definitely
332	637431	AU	G	thingsboganslike.com	A B C sure you'd fit in that picture Sam (or is it Samantha) ha ha # That is just what your missus tells you so that you don't start
333	3730369	AU	B	...lia.worldcupblog.org	A B C field players they have nothing to choose from in goals (james and robinson ha ha ) garcia is getting some first team game though including a full game on sunday
334	433499	AU	G	australianopen.com	A B C of tickets that can be booked by an individual per session are 10 tickets per HA session, and 8 tickets per RLA session except the Mens final where a 4
335	3306602	AU	B	...heplasticdiaries.com	A B C the shorter hair looks great on you! You remind me of Zoe Foster now ha ha! x Chelsea recently posted.. Support Breast Cancer Awareness Month... # So
336	3299770	AU	B	...ypropertyjourney.com	A B C paying was the lowest they could go because of the quality of their service -- HA . # 4) Control -- I'm a control freak, especially when it
337	313324	AU	G	mamamia.com.au	A B C how well that will work when they want to arrange a play date. # ha ha I totally get this! However mine at the moment is over marriage.
338	638214	AU	G	landgate.wa.gov.au	A B C the size of the townsite was reduced and most town lots were more than 1 ha . Moorumbine is the Aboriginal name of a nearby spring, first recorded by a
339	414689	AU	G	adb.anu.edu.au	A B C , Blaxland had obtained it by deception. Darling allowed him 1280 acres (518 ha ) at Sutherland, but this was' transferred to his Creditors'. Thereafter
340	429558	AU	G	...therockbewithyou.com	A B C person, but I think she's maybe the strangest person I worked with ha ha . # ' 7 th Symphony' is two years old now, are you
341	3292892	AU	B	...orums.squizsuite.net	A B C any kind of logic, reason, sense or above all usability?! # Ha . I have worked on a Mac for the last 12 years and had to
342	646994	AU	G	blogs.theage.com.au	A B C ! # Posted by: Elle on December 12, 2006 5:31 PM # HA HA HA HA # its always funny when anon comes on with the lack of intelligence
343	618165	AU	G	cyclingtips.com.au	A B C and CTech, just hoping to help make good... better. # Anonymous # Ha ha.. didn't notice that. # It does highlight what is *the* major
344	200743	AU	G	abc.net.au	A B C what will happen to it? # 5. Between 2000 and 2004, 260,000 ha of forest was lost to clearing largely due to AGRICULTURE &; URBAN DEVELOPMENT. #
345	223343	AU	G	adb.anu.edu.au	A B C January 1825. For his services Hume received a grant of 1200 acres (486 ha ), which he was forced to sell to pay outstanding expenses; he had
346	164660	AU	G	sugercoatit.com	A B C engaged at 19, married at 20, and I think it was perfect. Ha ! Our attitude to marriage is that you're married, and there's no
347	3304643	AU	B	stabmag.com	A B C . " And, the longest Spencer's waited for an invoice payment? " Ha ! From you guys! I lost track of how long it's been.
348	614859	AU	G	smh.com.au	A B C , 2012, 11:26AM # Very true... Ha Ha Ha Ha Ha Ha Ha Ha !!!! # Commenter # Mr T # Date
349	53004	AU	G	bravenewclimate.com	A B C at the peak of a warm period in a milankovitch cycle huh? hah ha ha ha ha. geez lucky they do nt hit when we are in an ice
350	3732613	AU	B	...nals.worldnomads.com	A B C (Joe's brother) again to travel together to our next spectacular destination: Ha Long Bay! Coming soon
351	623157	AU	G	fao.org	A B C agricultural land in Australia were affected by soil acidification, and a further 6 m ha would develop serious acid soil problems if agricultural practices were not changed. Estimates of
352	272737	AU	G	...idgoldcreativity.com	A B C author. " It's quite hard to build an identity on that. # Ha ha, that's precisely what you've already been doing, and doing very
353	575149	AU	G	canberratimes.com.au	A B C system, it is one of the top six owners of British power supplies. Ha ! So heaps of profit being squeezed out of British power consumers goes to the
354	3310885	AU	B	atthecinema.net	A B C believable and authentic fashion, firmly grounded in the narrative. As his antithesis, Ha Jung-woo menaces with quiet compulsion yet resonates with feverish intensity, whilst the plaintive Seo
355	458997	AU	G	goodgoogs.com	A B C no time to put pen to paper (or well... fingers to keyboard, ha ). Best 5 things people can do to start getting organised? # Take
356	654376	AU	G	thepunch.com.au	A B C in your employ. There is no trust! As for being intellectually superior - ha ha ha ha ha ha! He simply proves what I've long suspected about
357	3329648	AU	B	sugercoatit.com	A B C my comments lately haven't I? # http: //www.sugercoatit.com/ Melissa Walker Horn # Ha . Indeed you have been. Don't make me add you to the blocked
358	439490	AU	G	federaltyres.com.au	A B C Federal Tyres are now HA Oil Free across the range. # Highly aromatic ( HA ) oils, also referred to as distillate aromatic extract oils (DAE),
359	13300	AU	G	...ailytelegraph.com.au	A B C . # BMack of Sydney Posted at 9:40 AM February 20, 2012 # Ha ha . This is sooooo funny....... # Jack of Cranebrook Posted at 9:36 AM February
360	3305343	AU	B	tansyrr.com	A B C Van Hoffs handle the mockage is great. Just my thoughts though # TANSY: Ha yes I agree with you after this viewing but I think in the past I
361	179085	AU	G	...hartingtransport.com	A B C weighted density, persons/ ha (all SA1s) # Population weighted density, persons/ ha (SA1s >3/ha) # Average residential density, persons/ ha (SA1s >3/ha)
362	3286031	AU	B	....economicoutlook.net	A B C # Nice link between this piece and the recent one on the New Economy in Ha Joon Chang's question " 2. Do we want a " society in which
363	3293938	AU	B	happytreepose.com	A B C have been feeling a little overwhelmed of late and a little over-inspired but unproductive. Ha . Keep reading for an explanation and a few links that I hope you'll
364	84866	AU	G	cs.anu.edu.au	A B C alone. A.4 The Permutations. # Let be a permutation on the set HA '. Then we define the permuted sample # Sample B 1 ():
365	607700	AU	G	joannenova.com.au	A B C it seems few would review their position no matter what Tim Flannery says. # Ha ha ha. Yes sir. The old rehashed arguments about how it's not
366	3731261	AU	B	cattleandcane.com	A B C summer! # What are your biggest food cravings? Like this: # Ha , memories of a wonderful bf I long ago who lived in Erko -- long
367	3295784	AU	B	...nals.worldnomads.com	A B C Stayed in the hotel until noon! Then I ventured out to find the Sinh Ha trval office in the old quarter. Surprisingly I found it with no problem (
368	511487	AU	G	kangaroocafe.com	A B C 's full of scare tactics about how you won't get on the tour, Ha Long Bay's busy at that time of year, the sky's falling etc
369	491437	AU	G	...ums.whirlpool.net.au	A B C day tour - Hanoi 1 day tour of Perfume Pagoda (Chua Huong) - Ha Long 1 day tour to cruise around by boat and to visit some caves.
370	432007	AU	G	oneil.com.au	A B C 'm famished - I could eat a horse You look a little off colour - Ha
371	614859	AU	G	smh.com.au	A B C Date and time # November 16, 2012, 11:26AM # Very true... Ha Ha Ha Ha Ha Ha Ha Ha!!!! # Commenter # Mr T
372	473055	AU	G	bobinoz.com	A B C can't wait to watch the footie in a t-shirt for the novelty of it ha ha. About me #
373	3307336	AU	B	...icoward.blogspot.com	A B C and each job was worth 20c a day (not including weekends). He ha d the potenti al to make $6 a week if h e completed all of
374	159338	AU	G	timetravelturtle.com	A B C of Deej recently posted.. A Day Trip From Napa To Sonoma County # Ha ha -- oh, wow. Imagine crash landing in a golf course. Yeah,
375	3319437	AU	B	hereiamloulou.com	A B C (I think). When I start singing he's leaving the room. Ha , ha! # What a great clip. Yes Sam can sing, but
376	641674	AU	G	oxygenmag.com.au	A B C so young too?? # SKYE said on 14/10/2011 5:51 PM: # HA HA HA you are funny lesley!! Hope u are great you beautiful woman xxxx
377	46259	AU	G	...ooks.adelaide.edu.au	A B C ! They're of no use but to get fat. Ha! ha! ha ! Gluttony is not forbidden in their commandments. Ha! ha! ha!
378	3322559	AU	B	mamamia.com.au	A B C pick up those names I dropped, " I said. We laughed. Ha ha ha. # Another call from the GG's office. # Naughty corner.
379	3331370	AU	B	...dsareallright.com.au	A B C with your kids and working too. Does your daughter know that? x # Ha , funny you should ask that! It seems she was annoyed with me because
380	644917	AU	G	mamamia.com.au	A B C able to let go of it yet... I'm too attached! (Ha ha .) Xo # i always had short hair with a fringe for AAAAAAAAAAAAAAGES and
381	688061	AU	G	the-riotact.com	A B C parking complaints with the police. A social utopiia it is not. /quote Ha ha ha ha ha, you're evidently someone who has never set foot in Franklin.
382	491437	AU	G	...ums.whirlpool.net.au	A B C on things to do. # Do you guys think I have time to visit Ha Long bay? Heard it was prettttty amazing # Facebook was still blocked in saigon
383	766169	AU	G	...ely-one.blogspot.com	A B C lived like that now.i like the idea - though I know MANY would not! Ha ha. Cassie. # Hi Amanda, our next door neighbours have been friends
384	3732407	AU	B	illiterateinfant.com	A B C the initial steps of joining the air force when I was younger (younger, ha ! I'm only 28! That's not old! Right? Right?
385	580639	AU	G	thepunch.com.au	A B C making their own additional demands. WEML says: # 04:20pm 26/07/10 # ha ha Ray, I have clearly hit a nerve with you. My comment with regards
386	322796	AU	G	thesiswhisperer.com	A B C (obviously before I saw your' Tangental Threads' section)... ha, ha ... I will get back onto it now. Thanks! # I think I
387	3287978	AU	B	blogs.smh.com.au	A B C badly. # Posted by: M on September 27, 2007 4:45 PM # Ha , Bl**dy ha Bl**dy ha, that's GOLD, M. # LJ x #
388	3319142	AU	B	halongbayboats.com	A B C Ninh to Hai Phong, but nowhere has the same level of deliciousness like in Ha Long. # The diversity of shrimps, from the luxurious one like lobsters to
389	3307072	AU	B	...siswhatieatvegan.com	A B C the soy. Thank you so much, I wish I could have tasted them ha . Hopefully the kiddies enjoyed them # Thanks! It was so freaking good,
390	3293867	AU	B	...ngbaycruisedeals.com	A B C , depart Hanoi for a scenic coach ride through the Red River delta region to Ha Long Bay. Here you will board a traditional wooden Junk and make yourself at
391	3307077	AU	B	...siswhatieatvegan.com	A B C , but I'm kind of media-sheltered (and also thousands of kilometers away, ha ha). Crossing my fingers that the power comes back
392	727644	AU	G	tripadvisor.com.au	A B C only gripe is the bed, it's harder than Vinny Jones. # Bac Ha is considered less touristy than Sapa, and I can certainly say that there are
393	3307075	AU	B	...siswhatieatvegan.com	A B C and I think drinking one would be a perfect way to weather the storm ( ha ) over the next few days # You know, I've been feeling crappy
394	336344	AU	G	...therockbewithyou.com	A B C your sales pitch as to why it's something that people should check out? Ha ha ha oh no, you're asking the wrong guy... sales pitch...
395	215436	AU	G	...garystravelpages.com	A B C from refugees of the Kingdom of Champa which once ruled much of Vietnam between Gao Ha in the north and Bien Hao in the south. # The Cambodian Chams are
396	3306195	AU	B	thefrenchwench.com	A B C that night, so it must not have made for an enjoying festival experience, ha ha! # Aaaah memories... But my festival days were truly over and all
397	3316062	AU	B	...cumentingdelight.com	A B C take to the stage " But where is Kimbra?!?! ". Ha . # So I guess we're heading to see Kimbra again in Brisbane later
398	569488	AU	G	...therockbewithyou.com	A B C first demo of that song you'd just go' What the fuck?' ha ha it took a long time... Phil: Oh my fucking god dude,
399	282188	AU	G	crazybrave.net	A B C you can be. Kids do much better at it than adults. # ha ha ha. what a late run! It is a late run yeah?'
400	734464	AU	G	childhood101.com	A B C predictable times that will fit in perfectly with how each day needs to run ha ha ha ha ha, I wish! I guess since we're not actually there
401	3287791	AU	B	blogs.news.com.au	A B C . # so those socialist marxists progressives are behind this as well peter b? ha ha. socialists are atheists why would they protect the church.? ha ha.
402	3294242	AU	B	highwaydreams.net	A B C and that doing it full-time must mean we have lots of money. Ha! Ha ! # We used last fortnight as an example to keep a record of all
403	3300275	AU	B	nextness.com.au	A B C RTed. # Unless it ends with an exclamation mark, a tweet of " ha " or " haha " can sound sarcastic. # But Tweets of more than
404	491437	AU	G	...ums.whirlpool.net.au	A B C -- Tam Coc 1 day tour - Hanoi Chua Huong 1 day tour - Hanoi Ha Long Bay 2 day 1 night tour (might change that to 3 day 2
405	530795	AU	G	...therockbewithyou.com	A B C is bringing the rock back? There's a big factory producing rock bands... ha ha, no, to be honest, I don't know what it is
406	3329648	AU	B	sugercoatit.com	A B C Holly Homemaker # Fuck yeahhhhh! x # http: //www.sugercoatit.com/ Melissa Walker Horn # Ha . Holly. Love. # edenland # Sorry you even had to write this
407	638209	AU	G	abc.net.au	A B C obliging of the soil to fold itself in over the debris? -- ha! ha ! ha!... # " Aircraft and body parts rained down five miles away
408	3738049	AU	B	ladybear.me	A B C a close up on the collar and there was very little of it in shot ha ha MULTIPLE FIREPLACES!!!!! Wow- I'm really jealous of your
409	3732654	AU	B	...courtofaustralia.com	A B C believes that Thomson and Williamson are aberrations to " most good and honest unions " Ha ha! Wonder is she knows the latest purchase of a mansion etc, for
410	789606	AU	G	luckylosing.com	A B C out what we meant when describing something as " funny ". # " Funny Ha Ha or funny strange? ", she'd ask, and when suitably availed
411	84866	AU	G	cs.anu.edu.au	A B C ' = 1. # Now we define # H A': = x HA W (x) and W' (x). # and, for
412	208804	AU	G	...ooks.adelaide.edu.au	A B C little hysterically, out of the deep shadows between the gloomy mat walls.' Ha ! ha! ha!' # " The four heads sprang apart at the
413	429558	AU	G	...therockbewithyou.com	A B C that they may not like it and may not let you do it? Ha ha no, not really, I think all the versions we've done we do
414	10376	AU	G	...ominion.blogspot.com	A B C that Lincoln had to fight zombies, if not vampires! # Update 2: Ha ! As I predicted, the first really derisive review of the movie ("
415	418066	AU	G	mysticmedusa.com	A B C . Only thing is I thought doing any of the above was totally normal. Ha ha ha! I'm happily married -- it was love at first sight and
416	432007	AU	G	oneil.com.au	A B C n't get ya then my brother's will You've got that gnawing feeling - Ha ! I'm famished - I could eat a horse You look a little off
417	50921	AU	G	abc.net.au	A B C 16 Mar 2012 9:07:34pm # Rating: This is a really good game (ha ha get it!) but back to the point this is a really good game
418	3732285	AU	B	...sundaymorning.com.au	A B C 'd teach it - what I am not sure, but it deserved it! Ha ha, that is also pretty funny in hindsight - but I was too exausted
419	415898	AU	G	lifehacker.com.au	A B C won't replace, BUT will give me a discount on a new one... HA ! told them to keep it, and i was seeking legal representation via consumer
420	116890	AU	G	stephsagventures.com	A B C junkyard, replace them, then put the wheel back on. Sounds simple? HA ! So not! It was a very valuable lesson to learn so early on
421	3327215	AU	B	realityravings.com	A B C So... actually, Alice is cool. Yeah, she's allright. 5. HA Passive Aggressive Mindy + Fake Kylie telling Beau to his face that they would totally
422	339094	AU	G	thepunch.com.au	A B C 80 minuets any more the alf wants to cut it down to 15 a 1/4 ha ha Badger says: # 01:51pm 23/09/10 # Its " Arial Ping Pong "
423	3306934	AU	B	theveggiemama.com	A B C adds such a berry niceness to the smoothie # http: //www.theveggiemama.com Veggie Mama # Ha we used to do that, and she was eating it so fast I could
424	3289555	AU	B	ciderinthesun.com	A B C them on to our Nanna along with photos and even sometimes some scratch and sniffs ha ha ha (remember those!) # These cards and letters and the like
425	3328390	AU	B	sewdelicious.com.au	A B C it eats so we can release it and start the hunt again. # Ha ha ! So cute!! My 2.5 year old daughter is obsessed with her duck
426	794903	AU	G	...eepfriedfruit.com.au	A B C , and keep your sense of humour - you'll need it! xxx # Ha ha! I was just jumping on to say no idea what advice I can
427	3307072	AU	B	...siswhatieatvegan.com	A B C 's not " technically " winter but over here it might as well be, ha ha! Hope you're not getting sick! # I know. It was
428	499868	AU	G	thepunch.com.au	A B C "? Obviously you need to brush up on your maths and English. HA says: # 10:26am 14/09/12 # gigastar I'm much more better than you at
429	54876	AU	G	abc.net.au	A B C people just like them)... Sam: # 06 Jul 2012 8:59:06pm # Ha - well said. I am reminded of a chat I had with a friend
430	623157	AU	G	fao.org	A B C , 1820-2005* # Year # Livestock numbers (millions) # Wheat area (million ha ) # Phases # Sheep # Cattle # Exploration # 1820 # 0.3 # <0.1
431	3292226	AU	B	familyofkillers.com	A B C this post and everyday xxx Rach recently posted.. The Boy Who Lived # Ha ha no probs -- ummm for American Sites, Forever21 and Victorias Secrets are good old
432	642656	AU	G	...projectsummaries.org	A B C were controlled along 61 ha of native vegetation (20 ha of wetland, 31 ha riparian and 10 h of upland native vegetation). This particularly involved the control
433	732840	AU	G	3hourspast.com	A B C 's not 100% wool and stretches a lot) and make into a bag. Ha ! Do we all hold onto our felted sweaters, I wonder? # We
434	788694	AU	G	cymeon.com	A B C : " I have got to defuse the bomb to save hundreds. Mah ha ha . " # So my topic for this newsletter is why do the bad guys
435	3294751	AU	B	...astrunk.blogspot.com	A B C Cos not too heroic story! well done Carver Edlund!!:) ha ha I cant wait to watch the unfold story! early day But not disapointed so
436	526275	AU	G	blogs.crikey.com.au	A B C then the frequent flyer programme? Patriotism won't earn us free flights.... ha ha # Ben, the Ansett 767s were only delivered from 91 so the oldest (
437	3302026	AU	B	...itatus.wordpress.com	A B C issues from the Coalition.... so to speak. smokey said # HA HA HA ! Two hits and Overington goes bananas! I wonder if she was the one
438	3333254	AU	B	vexnews.com	A B C the scooter and I might even consider letting you have thru first ride... Ha Ha Ha. " # We think the joke is on The Australian for taking seriously
439	613296	AU	G	...econversation.edu.au	A B C 147 million hectares. # Of the public forests as of 2008, 9.4 million ha out of 109 million ha is multiple use forest, and less than half of
440	263112	AU	G	thepunch.com.au	A B C my farther was distant The other unreal Dave says: # 03:31pm 21/09/10 # Ha Ha Ha, surely you meant " two esoteric by half " ImaWestie says
441	202437	AU	G	...ums.whirlpool.net.au	A B C ' help' section, just waiting on a reply from them. # Ha ha ha -- I just did it myself, unsubscribed from all of them since I
442	198712	AU	G	tropmed.org	A B C traditional agriculture. It is estimated that such practices result in the clearing of 15,000 ha of forest annually. Only a proportion of this however, is virgin forest.
443	580302	AU	G	stabmag.com	A B C they showed up at my local with a decent S swell. Bring it. HA ! # Something to ponder: what if the kelly/ dusty heat was reversed.
444	141875	AU	G	vro.dpi.vic.gov.au	A B C , required lift and run time of the pump. For example, a 2.0 ha subsurface drip irrigation experiment with pasture in northern Victoria used 237 kilowatt hours (kWh
445	3327587	AU	B	...obertpattinsonau.com	A B C understand my love for Rob. They are the crazy ignorant ones. Ha ha ha ! Not us. # I wish many, many more years of amazing,
446	241881	AU	G	thepunch.com.au	A B C . Latest 2 of 27 comments Nathan says: # 02:26pm 27/09/12 # Ha ha ha, PeterH, gold. Having read through the comments on this post
447	3285402	AU	B	...s.aussieblogs.com.au	A B C them with a lot of cupboard space. # Are we all ready to upgrade ha ha 17/11/2012 Day trip # This morning we decided to re visit Wing Hing
448	491437	AU	G	...ums.whirlpool.net.au	A B C around $150 and go where you want. # I'll ask my mum about Ha Long tomorrow, she was in VN earlier this year and was in Ha Long
449	638122	AU	G	sworld.com.au	A B C Surveyor all right. The old Surveyor, yes sir. " " Ha ha ha . " " Does that look neat? It can't be any further that
450	411165	AU	G	...icoward.blogspot.com	A B C and each job was worth 20c a day (not including weekends). He ha d the potenti al to make $6 a week if h e completed all of
451	599929	AU	G	...ces.arts.unsw.edu.au	A B C " footprint ", the amount of productive land per capita used, is 8 ha , but by 2050 the amount available in the world per capita will only be
452	683060	AU	G	rileylee.net	A B C as nearly all other major shakuhachi organizations existing today is the complete abstention of Taizan ha from transmitting any pieces other than koten honkyoku. In contrast, particularly immediately after
453	631040	AU	G	meditation.org.au	A B C is this intimacy that we crave. # A simple task! # All we ha ve to do is increase our lovability. So let us use our common sense
454	3735050	AU	B	travellingstrom.com	A B C Military Base + Photos = Security Forces!!!!! " # ha ha , classic Rich, we too had trouble getting close to migs apart from a
455	623157	AU	G	fao.org	A B C 1990) mentioned the replacement of black speargrass with volunteer Indian bluegrass on 0.8 M ha in parts of coastal and sub-coastal north Queensland, as a result of heavy grazing
456	536659	AU	G	thepunch.com.au	A B C , rest and play. Mythica says: # 09:20am 10/06/11 # Ha ha ha Nate, that's funny love a bit of dry humor in the morning!
457	3297408	AU	B	...useontheriver.com.au	A B C him after lunch (so hopefully Ben would sleep in the car -- ha, ha , this eternal hope of mine is laughable!) By the time we were
458	336344	AU	G	...therockbewithyou.com	A B C , I've got to tell him about that, that's great ha ha ha . # You mentioned the band before, but did it ever annoy you that
459	3291651	AU	B	egsforbreakfast.com	A B C , but hopefully she has learned her lesson, slip-up/porkie pie indeed... ha ha ha COUGH COUGH! # My god. Read the defences of the behaviour at St
460	421842	AU	G	climatechange.gov.au	A B C # Total IBRA area for the state/territory/nation (ha) # Total area protected ( ha ) # Percent protected # AA # Australian Alps # 714460 # 357132 # 49.99
461	10435	AU	G	thepunch.com.au	A B C we arrange this for little Andy? andy says: # 02:31pm 20/07/11 # ha ha, weary I'm glad you noticed me and have taken some time to
462	3284384	AU	B	asopa.typepad.com	A B C being. But you are really a small man with a big mouth...' Ha ha
463	402871	AU	G	beafunmum.com	A B C dinner outside # While I'm not necessarily recommending children should eat lying down ( HA !) eating outside is a fun treat. My kids watched the clouds while
464	3331606	AU	B	...hepoliticalsword.com	A B C 1) " you saw me because I saw you " No comment needed except Ha Ha! # (2) " the English school to which you refer is
465	273904	AU	G	mamamia.com.au	A B C That stung a bit to realise. Not sure what to do now. # Ha , yes I'm guilty of this. She hadn't fixed her privacy settings
466	429558	AU	G	...therockbewithyou.com	A B C out as the most amazing both in stature for you and sheer performance skills? Ha ha that's kind of impossible to say because there have been so many outstanding
467	3285402	AU	B	...s.aussieblogs.com.au	A B C is real size) # Could this be my new car when I get home ha ha # We then drove around the town and took some photos of some very
468	790939	AU	G	mamamia.com.au	A B C spare time if I wasn't back at work? # Ha. Ha. Ha . # Because then I had the actual baby. # Welcome to reality.
469	3739520	AU	B	sharnanigans.com	A B C to let their partner tell the whole world about their relationship (except the Cowboy ha sorry had to interject -- back to you Kate)... but I have a
470	714673	AU	G	brisbanetimes.com.au	A B C , 8:40PM # Well, we just won bronze in the rowing, so... ha ! Would've preferred silver though. Would've moved us into equal third on
471	234710	AU	G	abc.net.au	A B C Thomas: Jeff Keogh: # 17 Feb 2011 2:14:48pm # Ha ha ha . That's funny. # And the increasing numbers of deaths? Are they
472	490950	AU	G	tansyrr.com	A B C her sister. The Apocalypse loomed. # Thankfully I had managed to schedule ( HA !) in a sleepover that night, and as soon as Raeli's little
473	219701	AU	G	sixdegrees.org.au	A B C of a Queensland LNG industry by the Queensland Government) in two-metre-deep ponds requires 14,000 ha in year one, and 280,000 ha (280 km2) by year 15.
474	121693	AU	G	blogs.smh.com.au	A B C Your man is having an affair with some hyper inflated woman from this blog, ha the irony, so feel sorry for him. # Posted by: FINK on
475	3290542	AU	B	...4gb1.ajuntapress.com	A B C Girl suddenly got up, it will break up the coffee bitter. hum. ha ha. He was prepared to say something, answered the sentence: Next looked
476	530795	AU	G	...therockbewithyou.com	A B C bit about that one and can that be a single? Ha ha Ha ha ha ha, yeah that song is like a letter to my parents, and I
477	3295472	AU	B	joannenova.com.au	A B C why would such a sign not be a treasured piece of skeptical memorabilia? " Ha , scientists used to think an ice age was coming in the 1970s.... logic
478	3303407	AU	B	samstosur.com	A B C herself and will we see her surfing again in her recovery time. ha ha ha # mickey (mikaela) # Sammy, I still believe in you, #
479	130837	AU	G	bellybelly.com.au	A B C so much so that you could swing buckets of water from them!! Ha ha ! # Feeling a bit moody last night too, had a few " digs
480	33993	AU	G	seabreeze.com.au	A B C can think about is deep fried white in KFCs 11 herbs and spices..... # Ha SP to funny kids meal could be called " GWS Snappy meal " but to
481	750175	AU	G	debtdeflation.com	A B C banks decisions to expand or shrink the money supply. Emphasis added. # Ah ha ! So it begins to look like maybe the bankers do know what they do
482	449900	AU	G	...ooks.adelaide.edu.au	A B C book for a moment, and then exclaimed aloud as if involuntarily: # " Ha ! Great stuff! " # The other freshman looked up and Amory registered artificial
483	3304319	AU	B	...ociallysorted.com.au	A B C with instagram and you will have some great photos of that wonderful food of yours ha ha
484	3739740	AU	B	strayedtable.com	A B C here is an old-fashioned bicycle covered in baskets. These days in the streets of Ha Noi you will see some incredible things go by on the back of a scooter
485	354822	AU	G	abc.net.au	A B C 'd love to know. Ben: # 13 Jul 2009 7:08:51pm # Ha ha - that's a really nice comment. I find it really interesting to make
486	528556	AU	G	mactalk.com.au	A B C a coulple of years ago and i pulled it apart to see why, it ha the smooth ground shaft with no blemishes, nice bronze bearings and even decent felt
487	359461	AU	G	theage.com.au	A B C singlemalt # Date and time # July 18, 2012, 5:09PM # Ha ! PayPal, the one trick pony with two broken legs, accusing Google of
488	159476	AU	G	craigharper.com.au	A B C believe that it eventually will? Wow, you must get frustrated! # Ah ha ! So I am not being scattered and doing too many different things... there
489	71718	AU	G	adb.anu.edu.au	A B C ) near Bathurst, 3000 (1214 ha) in Roxburgh, 1500 (607 ha ) near Springwood, his Veteran Hall property, and 160,000 acres (64,750 ha
490	200743	AU	G	abc.net.au	A B C of that can be used for wood extraction = 6%. # 4. 23 million ha of native forest is in formal reserves (15.6%) - a lot more would
491	411214	AU	G	...therockbewithyou.com	A B C was a good answer, you may as well have written it ha ha Ha ha ha ha # It's been such a sudden rise for the band, only
492	3318047	AU	B	...kyfriendsfactory.com	A B C ! And even THEY might not be too impressed with my gifts!!! Ha ! ha! # LASTLY I think about THIS... # My mother is a
493	339869	AU	G	musicfeeds.com.au	A B C to emulate a sound which Enter Shikari really did pioneer? # Rou: Ha Ha Ha, there's loads of different people doing it really. It's great
494	195909	AU	G	unahi.org	A B C the blessings of the Ancestor's spirits. # Men committing misdeeds transgress the Bungkatol Ha Bulawan and the Community are always helped to rectify themselves by making an offering sacrifice
495	3297408	AU	B	...useontheriver.com.au	A B C to visit him after lunch (so hopefully Ben would sleep in the car -- ha , ha, this eternal hope of mine is laughable!) By the time
496	3300491	AU	B	...owning.wordpress.com	A B C me. As if I'm not onto her and her little mind game. Ha ! An echidna in my garden, my R's... 13 Responses #
497	61849	AU	G	abc.net.au	A B C get less every year through definition creep), the T2 sell off ha ha ha (I brought that one). Just waiting to see if the disaster tax
498	3327305	AU	B	redcliffestyle.com	A B C real life and I need a reminder why I am still on maternity leave ha ha ... my husband and I found the " one born every minute tv show "
499	3735918	AU	B	baby-mac.com	A B C !), the thought of it makes me wan to spew! # Ha ha , I am currently reading your blog from the get go. And am up
500	562052	AU	G	apsa2000.anu.edu.au	A B C grown as an issue it has developed increased feelings of nationalism, which in turn ha ve made it increasingly difficult for the Indian government to justify to its own people
501	309622	AU	G	abc.net.au	A B C simply because it doesn't make any sense whatsoever. The LNP against privatisations? Ha !! Re-read the original article by Sinclair Davidson, people, do so,
502	110238	AU	G	phuket-info.com	A B C it that easy to restrain himself when faced with the temptations!! # Ha ha ha. Yes, if you want me to cook thaifood i think you need
503	3321381	AU	B	kriyatantra.org	A B C amazing. It appears as if it is total chaos (and it is Ha Ha ) but it functions like an old fashioned, well-oiled machine that never stops or
504	546514	AU	G	theage.com.au	A B C , 2012, 8:55AM # Any sign of Abbotts election winning speech yet? # Ha ! # # Location # Queensland # Date and time #
505	683060	AU	G	rileylee.net	A B C are as follows: # Of the nine ha listed above, only the Taizan ha still functions today as an organizational unit with a significant membership. Although the other
506	243416	AU	G	thepunch.com.au	A B C That's why there are so many free permits!!! Ha Ha Ha Ha ha!!! He is a bit smarter than all these young-gun silver-spooners getting
507	752530	AU	G	adb.anu.edu.au	A B C south side of the harbour, and later enlarged it to 500 acres (202 ha ). The cottage there was rebuilt into a stately mansion which, in the
508	589810	AU	G	caradvice.com.au	A B C the poor motor cyclists get jilted again... # Jacob # lol, HA HA HA HA HA! Good point about the motorcyclist! # K # HAHAHA! Good
509	3731326	AU	B	...ndfidel.blogspot.com	A B C sleep knowing there's a snake somewhere in the vicinity of the house. ha ha ha. ps. and Poet 9 weeks? really? wasn't it just yesterday
510	773687	AU	G	wombania.com	A B C In the wet season, a Northern hairy-nosed wombat's feeding range is about 3 ha (7.5 acres), and in the dry season, it's about 6
511	3306508	AU	B	thenextweb.com	A B C ? What a fucking joke!! You're fucking funny Ha, Ha, Ha !! Even I use 20Gigs a day!! You fucking tosser, get
512	3327311	AU	B	redhotpie.com.au	A B C girls profile..... oh dear have we just done a circle? # So ah ha ! It can indeed happpen! # Now to that naugthy little subby! (
513	329746	AU	G	thinkkayaks.com	A B C was the first nickname to be given to me; DW for DEAD WEIGHT! ha ha ha... # The race this year went really well. Graeme has just
514	784261	AU	G	...ooks.adelaide.edu.au	A B C squire stripped him stark naked, and turned him out of doors! " " Ha ! " says Sophia, " I have been the cursed, wretched cause of
515	3292766	AU	B	...ilaussieprems.com.au	A B C and ideally you only really want to address 1-2 at a time. # ha ha , 6 months is a long time if you're worried, no time at
516	3315269	AU	B	cyclingtips.com.au	A B C Kloden paid a doping-related fine, Pereiro explicitly implicated by Landis, Menchov (ha ha ). The list goes on and on. # Easier to guess (and
517	633695	AU	G	popcorntaxi.com.au	A B C he to go back for rehab? # Geoffrey: Uuuum... # Oscar: Ha ! # Geoffrey: He had health issues... yes. And in fact to
518	623157	AU	G	fao.org	A B C Walker and Weston (1990), annual medics are naturalised on about 1.7 M ha of inland pastures and dry watercourses in southern Queensland. The interface between the temperate
519	714673	AU	G	brisbanetimes.com.au	A B C 2012, 7:35PM # ' and Australia has a host of medal chances'. Ha ! Unlikely. # Commenter # markjdavo # Date and time # August
520	110158	AU	G	...ooks.adelaide.edu.au	A B C glared round him. " Here's a pretty go! All the blessed chickens ha ' got the croup! " # The groaning of the man in the bunk
521	694173	AU	G	galusaustralis.com	A B C : First shearing of a sheep; Redemption of a first born son (Pidyon ha Ben); Redemption of a first born donkey; Things declared Herem; Property
522	293931	AU	G	inspacesbetween.com	A B C why yes, it is almost 11pm on Sunday night): D # Ha ha ! So refreshing to know that I'm in great company with you Rach and
523	768062	AU	G	...areinternational.com	A B C a challenge and in 1994 CRES invited a micro hydro power specialist to go to Ha Tinh to advise the villagers on the feasibility, cost and installation of micro power
524	491437	AU	G	...ums.whirlpool.net.au	A B C . Too hot to be lugging a back pack. # A must do is Ha Long Bay and a two night three day cruise. Trust me it will be
525	411214	AU	G	...therockbewithyou.com	A B C Well that was a good answer, you may as well have written it ha ha Ha ha ha ha # It's been such a sudden rise for the band
526	3289483	AU	B	chrislynton.com	A B C bicep (as per my current program i designed -- which is working great FYI ha ). # Anyways here was the feeling i thought i'd get! my
527	3310123	AU	B	amandafullerblog.com	A B C , but everyone took part and it's such an awesome keepsake! # Ha ha ! Of course someone got a shot of me instagramming photos from the party!
528	769575	AU	G	thepunch.com.au	A B C # 12:17pm 28/01/12 # Yup, if She said it, it MUST be true ha ha RB says: # 07:05pm 27/01/12 # Watch them try and spin their
529	503101	AU	G	abc.net.au	A B C am sorry about the pain and suffering that I have caused my family'. Ha !! What about the victim.. What about that poor girl, who after
530	3334465	AU	B	zerotackle.com	A B C want to b like Hammerhead.bagging everyones team and play the guessing games.nothing to hide here.ha ha ha.cheers again # Hammerhead # Posted November 9, 2012 at 11:50 AM # James
531	3287986	AU	B	blogs.smh.com.au	A B C doing. # Posted by: Pel on August 13, 2009 12:04 AM # Ha ha... loser aussie... you are ONE of the main reasons why people can
532	445190	AU	G	grubsheet.com.au	A B C to the prime minister of Samoa. # I threatened to kill somebody?.. ha !.. more lies?.. how low can you go?.. more dumb
533	3291113	AU	B	...ectedmiddleclass.com	A B C then? " I asked with excited caution. # " Not exactly matee... ha ! " # He went on to outline the idea in broad strokes. The
534	623157	AU	G	fao.org	A B C . # On the plains of this zone, there are each year 1-2 M ha of winter and summer crops in northern NSW and southern/central Queensland, principally wheat and
535	230959	AU	G	damianmarrett.com	A B C Pay someone and interview them.... Great investigative journalism, I think not... # Ha , meanwhile ACA were promoting the " Inside stories the actors didn't want us
536	569488	AU	G	...therockbewithyou.com	A B C you may not have done here? Phil: Really cheap cocaine ha ha ha ha Pat: From a guitar point of view I had access to all my heart
537	763040	AU	G	thepunch.com.au	A B C maybe in the future... I saw a training session once, looked pretty brutal ha ha! Tim the Toolman says: # 10:13am 05/11/12 # " You seem
538	117291	AU	G	216.55.99.51	A B C I could do it maybe the division will pay me 1/21th of my trip ha ha ha might be useful for the tax man... " # Curses says I halfway
539	411609	AU	G	foxsports.com.au	A B C still crying fellas!!! ha ha ha ha Genia and Higginbotham ha ha ha ha. Bryce was your mate after the world cup quarter final ha ha ha
540	581968	AU	G	studyconnect.com	A B C # Peace, Imranfz, Spartanz76, Farhan230 bohat sabar kiya ha tumne bro salam ha tumhe, mrd.d. Thanks 2 all ov u dears inshallah You all will get
541	3734487	AU	B	stolenrecords.fm	A B C pumped every time I hear it. Everyone knows this track &; everyone loves it ha .. You could drop it anywhere and have people go nuts.. Dre &; Snoop
542	3319433	AU	B	hereiamloulou.com	A B C doing this until I started to imagine maybe it is me that is spinning! Ha , ha!! # Hi Loulou, finally had the time to do the
543	569488	AU	G	...therockbewithyou.com	A B C grams, we can't do coke. Are you kidding me? Ha ha ha ha. # Over the years your sound has changed somewhat, has there ever
544	493458	AU	G	taann.net	A B C while forest peace talks proceed, on the condition that logging ceases in the 572,000 ha of verified high conservation value forests i whilst negotiations about protecting them take place.
545	198712	AU	G	tropmed.org	A B C ha out of a total land area of 46.2 million ha. Thirty three million ha is classified as virgin forest, making it the largest stand of such forest on
546	235736	AU	G	...--earth.blogspot.com	A B C ! I'll do like you and wait for a rainy day, though. Ha ha! Thanks Rhonda Jean! # You can add one more to your tally
547	3292458	AU	B	fleurmcdonald.com	A B C time, off farm at the Orroroo Hospital. # Our farm covers approx 4,000 Ha . On this we run about 3000 sheep, merinos for wool production, and
548	764271	AU	G	dolforums.com.au	A B C claim that a DA dog will maul small children for heavens sake. DA &; HA two different issues. # Agreed. # A lot of assumptions in this thread
549	3285475	AU	B	...ngfiftysomething.com	A B C in my aversion to squatting and it seems Wonder Boy is spot-on. # Ha Ha !! I too read the article on line and did spend some time pondering
550	3293027	AU	B	fridgescrapings.com	A B C happily doing the actions while locked in the little sweat-box that was my car.... ha # Hurrah for roadside saviours!! When my dad flooded my engine and my
551	644917	AU	G	mamamia.com.au	A B C been able to let go of it yet... I'm too attached! ( Ha ha.) Xo # i always had short hair with a fringe for AAAAAAAAAAAAAAGES
552	3300869	AU	B	...gfroid.wordpress.com	A B C , 2011? s The Tempest. # This was the trailer: # Hoo ha ! Look at that! Look at all that! Plus, Helen Mirren is
553	491437	AU	G	...ums.whirlpool.net.au	A B C :) # When we get there we're going to book an overnighter to Ha Long bay. What's a good price per person at the moment on mid-high
554	3734327	AU	B	...ndwater.blogspot.com	A B C practically the same shade cos i see a difference and think i need both, ha . # LOL I may not love Creme Cup (too light, too blue-based
555	504157	AU	G	abc.net.au	A B C Olive: gerard oosterman: # 12 Nov 2012 3:45:40pm # The 1500 per Ha is the desired stocking rate. The reality is that many are already stocking'
556	690494	AU	G	...nals.worldnomads.com	A B C one and this one also---can we tell which days I was PMS-ing??? HA HA!!! geez---why we got ta be women, huh?... #
557	295042	AU	G	wmcmuaythai.org	A B C , below is one verse of the Hua Jai Hanuman Kah-lah to practice: # HA NU MA NA -- ND MA NA HA -- MA NA HA ND -- NA
558	2306	AU	G	...nals.worldnomads.com	A B C have had in this country (another thing to blame for the weight gain ha ha ) # (1) Tim Tans: These rectangular chocolate cookies covered in icing
559	3292225	AU	B	familyofkillers.com	A B C one moves things from over the top of the bin to In the bin ha ha . Hope your list gets through and not much more gets put on it.
560	195909	AU	G	unahi.org	A B C other forms of exploitation and oppression. # Bungkatol Ha Bulawan Daw Nang Ka Tasa Ha Lana literally means' Treasured Unity'and' Code of Conduct'. This is the
561	263385	AU	G	gilliver.net	A B C 's got to Look over his misdemeanours misgivings misfortunes and miss Whatever her name is ha ha I'm sorry I'm sorry Yeah and say you're sorry, so
562	162180	AU	G	discoverphuquoc.com	A B C and Kuala Lumpur. It is closer to Cambodia than the closest mainland town of Ha Tien in Vietnam in the Kien Giang province, which is 46 km away.
563	339869	AU	G	musicfeeds.com.au	A B C be part Aussie by now; do you enjoy it? # Rou: Ha ha ha! Yeah, we really enjoy it. I guess I'll say all
564	727687	AU	G	jetstar.com	A B C Vice Chairman of Camp Rainbow. # Jetstar Pacific Chief Executive Officer, Le Hong Ha # Mr Le Hong Ha was appointed Jetstar Pacific CEO in March 2012. #
565	327856	AU	G	...ooks.adelaide.edu.au	A B C ; but the secret is that I mane the bob o' the steelyard. Ha , ha, ha!' # ' Haw, haw, haw!'
566	3325188	AU	B	...rtravellifestyle.com	A B C , but who ended up carrying the rock collection back to the car? # Ha Steve, funny you should say that. Both kids left Fox Glacier with giant
567	3293021	AU	B	fridgescrapings.com	A B C organising my self (and child), and getting ready for married life ( Ha .) Yet, I am making a mess in the kitchen, as per
568	3732748	AU	B	larvatusprodeo.net	A B C any Green spike we see at the this year's election (and said spike ha n't yet been put to the test in the voting booths, remember) will
569	771251	AU	G	abc.net.au	A B C it relied on the inevitable and predictable juxtapositions of ozzie bloke on king, ha ha funnies about the king swearing his head off, and perhaps a call to any
570	195909	AU	G	unahi.org	A B C keep watch so the land could be used for generation to generation. The Bungkatol Ha Bulawan also teaches brotherhood, equality and respect to the Higaonon Social System. #
571	600908	AU	G	abc.net.au	A B C " Bargain Hunt "? Esoteric Knowledge: # 11 Aug 2011 11:58:50am # Ha ha! Halarious! Everyone is a liar but you? The problem is people
572	3327073	AU	B	...apidchallenge.com.au	A B C really imagine myself loving exercise. But hey... I believe in miracles. ha ha # Hey Lanz. When I first started to use RL I started with a
573	3332794	AU	B	truthnews.com.au	A B C related to jet trails six miles above. Too many other possible causes. # ha ! if its good enough for mr (We are all familiar with the way
574	46962	AU	G	thepunch.com.au	A B C outsourcing the issue to a specially chosen panel... whose conclusions favoured the Opposition stance ha ha. - As the Gillard Government floundered around pathetically people died in the water
575	510686	AU	G	...econversation.edu.au	A B C in via email hotmail.com ) # Liberal Party propaganda unit? # Seriously? # Ha Ha Ha Ha Ha Ha Ha Ha Ha # You think it is not possible
576	3298365	AU	B	...therockbewithyou.com	A B C at the end of it too; I thought it was so cool. Ha ha ha ha # As a result of the doco you now record and release music
577	336344	AU	G	...therockbewithyou.com	A B C it, can we put out some other records too that I like " ha ha . # What's the status of that? Are you looking to work with
578	411609	AU	G	foxsports.com.au	A B C ha ha ha. SBW wouldn't even make the Wallaby bench ha ha ha ha Bigblackcoke no forklifts here mate ha ha ha ha and I don't think us
579	319104	AU	G	abc.net.au	A B C . He would really like Julia to take the grief. All this present who ha is fake posturing. Wait a minute: # For Gillard to convince these
580	249006	AU	G	stabmag.com	A B C would all be good matches hopefully he gets the $ he deserves! # Ha HA . There is something nice about putting your bags on, making money, goin
581	435950	AU	G	megansayer.com	A B C here I thought I was just paranoid! # No, it's true! Ha ! Glad to be able to do a Community Service for you Sharon I read
582	3298888	AU	B	milkmaidmarian.com	A B C actually googling to see where one can buy milk from a' farmer', ha
583	565456	AU	G	abc.net.au	A B C R. Ambrose Raven: # 26 Sep 2012 12:57:25pm # Ha, ha, ha , laughed John Howard, hee hee hee. He deliberately locked the States into
584	3321909	AU	B	lindastwaddle.com	A B C place in the afternoon. We used to take our last dog there. # Ha ha, no it does not sound gay. Thank you for telling me my
585	3312242	AU	B	bellybelly.com.au	A B C a chair thinking she will have a good quick feed and not be distracted. ha ! she was still distracted! i am lucky she does nt take my nipple
586	3284868	AU	B	...traliacalling.com.au	A B C technology news (podcasts) (of course with your ear phones plugged. Ha ha ) you could be changing nappies while brainstorming about a good business idea or your
587	129192	AU	G	realityravings.com	A B C kitchen and it looked like Beau was watching Wade's ass for a second; ha ha. Well, in reality I guess they are just friends. Sam seems
588	353359	AU	G	timetravelturtle.com	A B C -thank you:)! Vera recently posted.. #TravelPinspiration: Sunsets # Ha ha ha ... oh... I always laugh when I read a comment from you, Vera
589	404091	AU	G	pingskills.com	A B C ... on the 14-Oct-2012 06:38:07 PM # By any chance are you the Jason ha of elite club. Maybe not lol Jonathan Huynh commented... on the
590	3329619	AU	B	stylingyou.com.au	A B C the colour thing might be solved by having one bag and one laptop sleeve. ha ha. Tell me, did you fit a macbook pro or air? Deciding
591	3306302	AU	B	thehoopla.com.au	A B C as vintage and charming... Whatever, just keep rocking the Harmer look! # Ha ha ha... Gorgeous, Wendy! You are a beautiful woman because you're
592	3287985	AU	B	blogs.smh.com.au	A B C : # " Too funny Jason.' I went to school there' - ha , ha. A simple google search will show the US was settled in 1620
593	110158	AU	G	...ooks.adelaide.edu.au	A B C , Mrs. Vickers, but I have become quite a slave to my pipe. Ha , ha, it's wife and child to me! " # " Oh
594	597972	AU	G	abc.net.au	A B C lines. # July 1 came, of course the inevitable occurred where blinkered people ha all of a sudden heard some 10 word soundbite concerning the govts carbon tax on
595	78196	AU	G	mysticmedusa.com	A B C rays of the Sag/Gemini Eclipse / Uranus station / Mercury retrograde would turn out? Ha ! It lasted 18 days. She announced today that it is over, and
596	613296	AU	G	...econversation.edu.au	A B C Of the public forests as of 2008, 9.4 million ha out of 109 million ha is multiple use forest, and less than half of this is designated as available
597	25815	AU	G	aiatsis.gov.au	A B C the Institute was operating and I was elected to its first Council. As I ha v e served on Council for all but two years since that time, I
598	3732748	AU	B	larvatusprodeo.net	A B C our successors can work towards a substantially reduced global popualtion " Ha ha ha ha ha ROFLOL LMFTO. They won't fucking well need to by then. It will
599	162906	AU	G	...alongbay-vietnam.com	A B C . The Cat Ba Archipelago shares the distinctive rugged appearance and scenic beauty of the Ha Long Bay Area, that was declared a UNESCO World Natural Heritage Site, in
600	3306575	AU	B	thepictorial.com	A B C ... meaning that in the interests of efficiency I needed to stay there too... Ha ha! Unfortunately, in the name of inefficiency (for me), the
601	483596	AU	G	...kistan.wordpress.com	A B C Quetta, Iran or Afghanistan? They only drink when they reach Europe. # ha ha they are very clever and I also find it very funny when they drink
602	521546	AU	G	fatmumslim.com.au	A B C love the heat. Mostly because my car, office and house is air-conditioned. Ha . Sorry lovely, but being what, another 6 hours north qualifies me to
603	3310240	AU	B	anchor.com.au	A B C is your enemy when building reliable systems, but it's a necessary evil for HA . Financial costs # Right off the bat you'll be paying more for
604	3331682	AU	B	thepunch.com.au	A B C time of crisis, Julia is the better choice. Narelle2 says: # Ha ha Mahhrat - okay so it wasn't a " shrieking, out of control
605	697297	AU	G	abc.net.au	A B C and the Greens and Independents.... Just imagine Tony Abbott in then same situation... Ha ! Andrew: # 09 Sep 2011 7:25:22am # What lack of competence?
606	223343	AU	G	adb.anu.edu.au	A B C 1839 he bought from Henry and Cornelius O'Brien a cottage and 100 acres (40 ha ) on the Yass River and lived there. A few years later Hamilton Hume
607	3296172	AU	B	...upwiththeholsbys.com	A B C although I wish for a severe, eternal, painful existence for the person ( ha ) that did this... may he rot &; be brutally punished in prison time
608	646994	AU	G	blogs.theage.com.au	A B C # Posted by: Elle on December 12, 2006 5:31 PM # HA HA HA HA # its always funny when anon comes on with the lack of intelligence and
609	67867	AU	G	3hourspast.com	A B C fantastic clovers! I love the color -- it's so springy and fun. HA -- codpieces are hilarious -- I love that you threw that in there. The
610	193209	AU	G	abs.gov.au	A B C MDB contained 65% of Australia's irrigated land. # The 1.65 million hectares ( ha ) of irrigated crops and pasture in the MDB were distributed as follows: #
611	737226	AU	G	sugercoatit.com	A B C hair like no one's business... " I just literally laughed out loud. HA . # Kirsty # The first time I found a grey hair I couldn't
612	143582	AU	G	abc.net.au	A B C when we " west " decided to let czechslovakia be invaded, for humanitarian reasons Ha !. Much better to have looked at the politics that germany would have a
613	3294946	AU	B	...altoursandtravel.com	A B C to mother earth. We have a band to lead us to the cemetery. Ha , the old priest will be angry. He tries to make new rules for
614	3309603	AU	B	acclaimmag.com	A B C 're very separate entities that just happen to spend all their time together, ha ha . Have you tried to scare people by being look-alikes? S:
615	3302494	AU	B	raisingmastermax.com	A B C . So... will there be a baby number two?; -) ha ha sorry. None of my stinkin' business!!!! # You truly
616	3318746	AU	B	goodthingblog.com	A B C that someone, somewhere, will think,' What an idiot.' # Ha . # For me, life represents a constant tension between wanting to be a
617	679583	AU	G	vietnamadvisor.com	A B C of the Cyclo -- it made Steve and I take a ride in one in Ha Noi. # I have two comments but I do not know it they help
618	613296	AU	G	...econversation.edu.au	A B C Of the public forests as of 2008, 9.4 million ha out of 109 million ha is multiple use forest, and less than half of this is designated as available
619	71838	AU	G	studyconnect.com	A B C # Peace, Imranfz, Spartanz76, Farhan230 bohat sabar kiya ha tumne bro salam ha tumhe, mrd.d. Thanks 2 all ov u dears inshallah You all will get
620	410585	AU	G	followtheakubra.com	A B C the shift lever stem! # Former owners with Dad in the middle. # Ha , training Dad after not riding for 35 years. Took off fine but when
621	646466	AU	G	thepunch.com.au	A B C politics? Oh thats right, this isn't Labor or the Liberals. Ha ! says: # They tried to keep their last attempt to overthrow him quiet
622	334761	AU	G	scienceblogs.com	A B C Spencer on Australian radio. # Spencer is getting his own back now. Ha ha ha. # Watching the deniers # July 18, 2011 # Jeremiah #
623	494823	AU	G	thepunch.com.au	A B C against' them'. Wow! says: # 09:32am 08/03/10 # Bah ha ha. Xen -- it appears some people are so caught up in the anger
624	341953	AU	G	...therockbewithyou.com	A B C as soon as I typed that it became no longer so much of a ballad ha ha, you guys... great track but now we have' Liquid State'
625	469265	AU	G	abc.net.au	A B C give a rats a*se about climate change.Call me selfish, call me greedy Hello... ha can't hear you over my fenced property, hmmm no one out there then
626	618639	AU	G	the-riotact.com	A B C curate some public art to ease the refugees woes. # +1 # Ba ha ha Public art disasters and a arboretum for CI!!! # quote comment= "
627	482310	AU	G	stagewhispers.com.au	A B C great challenge has been the use of' No Haze.' # MC: Ha ! Anybody who has seen a Jason Bovaird Lighting Design would know that you not
628	99913	AU	G	michaelsmithnews.com	A B C wre on your way down to Melbourne. Then I said to myself " A ha its because they are here in my town... the air suddenly seems cleaner and
629	712991	AU	G	vietvaluetravel.com	A B C am sure it is not easy hanging with 2 western women all day long- Ha ha ). I took some really great photos and feel sad that I didn't
630	703448	AU	G	abc.net.au	A B C promise - the reckless undertaking to provide a budget surplus in 2013. " # Ha ha " reckless. " Good one Mungo. For starters these people are not
631	491437	AU	G	...ums.whirlpool.net.au	A B C the cheapest for the cover i need. # I would do 2 nights on ha long and 3 nights in Hanoi, you really want a couple of nights on
632	491437	AU	G	...ums.whirlpool.net.au	A B C even compared to China). I would not do a 1 day trip to Ha Long. # We stayed in Ha Long for a few days (Novotel was
633	3287978	AU	B	blogs.smh.com.au	A B C Posted by: M on September 27, 2007 4:45 PM # Ha, Bl**dy ha Bl**dy ha, that's GOLD, M. # LJ x # Posted by:
634	311929	AU	G	environment.gov.au	A B C areas of suitable alpine habitat, use four rather than two survey sites per 5 ha area, and # set 25 traps in each survey site, spaced at 5
635	3334251	AU	B	...ahoo7answersblog.com	A B C offered on a plate NO ONE WILL SAY NO! and the young lady ( HA DON " T MAKE ME PUKE) knew exactly what she was doing it is
636	556470	AU	G	thestonesoup.com	A B C -- seriously Jules, can't get enough!) # Ha! Ha! Ha ! This blog is really for me. I am actually thinking of reducing weight
637	633194	AU	G	joannenova.com.au	A B C eagles at Gorgon and Slagger.) # Talk about dirty money! BAH HA Ha ha ahha. # The SFTC is allied with Big Tobacco, Booze, Baby
638	3298365	AU	B	...therockbewithyou.com	A B C of people that follow what it is that we do and we still like it ha ha. We're doing as a band what we chose to do, we
639	758043	AU	G	...ums.whirlpool.net.au	A B C .. and i had 6 teeth out (4 wisdoms and 2 extra) # Ha ha -- yeah, I found it hard to get my tongue to leave the
640	491437	AU	G	...ums.whirlpool.net.au	A B C Hanoi and Hoi An are still fantastic I hear. # re there boats around Ha Long Bay that just goes around on short trips instead? # by the sheer
641	3311766	AU	B	baby-mac.com	A B C not wait to get stuck into cleaning all the places I usually ignore! # Ha ha! I've got the pens, unsharpened pencils, an Allen key,
642	243416	AU	G	thepunch.com.au	A B C can't! That's why there are so many free permits!!! Ha Ha Ha Ha ha!!! He is a bit smarter than all these
643	3303818	AU	B	...hamozal.blogspot.com	A B C health care system, so I'm passing on my good luck vibes. # Ha ha. They're obviously not teenagers then? Even though my immediate reaction would
644	566771	AU	G	thepunch.com.au	A B C ' Imagine'. Then somebody starts a fight. Aussie says: # HA ! Well said Gregory. I left Perth 10 years ago and it obviously has
645	3315858	AU	B	diggerrandle.com	A B C no, there's bound to be more to him then that ey. # Ha ha... well, based on the comments to date, a doctoral level response
646	614859	AU	G	smh.com.au	A B C time # November 16, 2012, 11:26AM # Very true... Ha Ha Ha Ha Ha Ha Ha Ha!!!! # Commenter # Mr T #
647	548184	AU	G	yelp.com	A B C from Den B. # Outstanding joint, don't wan na sound too hipster ( Ha so ironic when this place is saturated with them!) but I enjoyed it
648	3298365	AU	B	...therockbewithyou.com	A B C one or two that don't, there's another five that do... Ha ha yeah, exactly, we're not worried about
649	200743	AU	G	abc.net.au	A B C the State's land mass reserved is 44% or 3 million of the 6.8 million ha . This includes 972,000 ha (soon to be a million) of high political
650	569488	AU	G	...therockbewithyou.com	A B C demo of that song you'd just go' What the fuck?' ha ha it took a long time... Phil: Oh my fucking god dude, what
651	3287983	AU	B	blogs.smh.com.au	A B C PM # Posted by: razrea on March 11, 2010 4:43 PM # Ha ha ! I'm with you... yes, love my chocolate too.. block of
652	481475	AU	G	abc.net.au	A B C burning building to save someone. Josh: # 29 Jul 2011 4:31:16pm # Ha ha. Mia has a go at everything now, doesn't she? Her
653	745139	AU	G	...ooks.adelaide.edu.au	A B C depraved and forsaken man who would need your services as a stay and support! Ha ha! The conceit of you
654	720914	AU	G	blogs.crikey.com.au	A B C ' We are doing you a favour by coming here.' -- ha, ha bloody ha. I quite like the idea of them going home however. It
655	3332523	AU	B	transienttrainer.com	A B C get me wrong, my " down a notch " workouts are still legit ( ha ). This workout is full body, and was challenging, but not crazy
656	200743	AU	G	abc.net.au	A B C 26 Nov 2008 10:20:58pm # Grouch, according to the BRS there is 162 m ha of forest in Australia. That represents a reduction of somewhere between 25 and 33
657	3329432	AU	B	stereosonic.com.au	A B C no idea. Damn, fuck them! No, I'm joking ha ha ha . No wicked, that's very cool, I will check it out.
658	3332294	AU	B	timetravelturtle.com	A B C 'd been offered some wine And I love your story about the goatee! Ha ha -- I can't imagine any situation where that would look good, though!
659	679583	AU	G	vietnamadvisor.com	A B C the appetite of some tourists would be very large. Secondly the bus trip to Ha Long Bay was not very good. The bus was cramped and very uncomfortable.
660	176740	AU	G	blogs.news.com.au	A B C as coming from the mouth of Jesus himself and argued my point. # Ha ha , me controlling? haha he has it so good from me, all I
661	47570	AU	G	thepunch.com.au	A B C says: # 07:52am 08/11/12 # " Australians love Barack. " " # Ha ha the Australians on tumblr had an awesome time poking fun at the folk who wanted
662	479008	AU	G	skepticalscience.com	A B C so you could sneer about a bit of water sloshing over the breakwaters, ha ha , stupid alarmists fussing over nothing, now let's all elect Mitt, was
663	411214	AU	G	...therockbewithyou.com	A B C with me, that sounds like a massive name drop, which it is ha ha ha ha but when that happened, we were like' yeah, we'll
664	517396	AU	G	...imblair.blogspot.com	A B C , I'm smarter than you; look at me, I'm typing. Ha ! Damn, I look good. " # And blogger Jim O'Grady addresses Jack
665	3292467	AU	B	fleurmcdonald.com	A B C old, back into the broadacre operation. # The broadacre operation is a 5,500 ha Wheatbelt operation -- rotation canola, wheat, barley, lupins. We also grow
666	329746	AU	G	thinkkayaks.com	A B C the first nickname to be given to me; DW for DEAD WEIGHT! ha ha ha... # The race this year went really well. Graeme has just so
667	631818	AU	G	abc.net.au	A B C generation to be. John in Brisbane: # 03 Jul 2012 12:52:38pm # Ha ha I knew it was a Reith article from the front page of the Abc
668	3311766	AU	B	baby-mac.com	A B C to know that you have a cup too... makes me feel normal. # Ha ha... we have a bowl! And yes it has coins, pens,
669	200743	AU	G	abc.net.au	A B C 'd read the article, you would know that 80% (thats around 1 million ha ) are already in parks and reserves that won't be cleared or logged.
670	334936	AU	G	dailylife.com.au	A B C MattofSyd # Location # Date and time # April 23, 2012, 3:41PM # Ha Ha yup your piece has found some factoids about Paleo and spun out in a
671	131892	AU	G	jamesandmatt.com.au	A B C Milton, and trying a beer called " Mike's Organic Heavy Petal " ( HA ! I just got the pun!) - that tasted, overwhelmingly, of
672	83572	AU	G	thevine.com.au	A B C this guy? We both speak English; let's speak English. " # Ha . You dummkopf. # Yeah. And the general rule is that anybody underneath
673	750849	AU	G	forums.vogue.com.au	A B C ... # love spree # 09-03-2005, 05:58 PM # What where you wearing? Ha nah just kidding. # xxElusivexx # 09-03-2005, 05:59 PM # I think one
674	341573	AU	G	...projectsummaries.org	A B C . Its holdings include a proposed Indigenous Protected Area (IPA) of some 1,0000 ha of native vegetation; an area of high conservation value immediately adjacent to a number
675	3291011	AU	B	...e-rocks.blogspot.com	A B C mother had 9 kids. I was terrified I would end up like her. Ha ! As it turned out, it wasn't as easy to get pregnant.
676	411214	AU	G	...therockbewithyou.com	A B C with your third album out next week and the fourth the following after that... ha ha ha ha ha # The Covers EP' Please Do Not Disturb' that
677	683060	AU	G	rileylee.net	A B C (??????). # A major difference between Taizan ha and Kinko ry, as well as nearly all other major shakuhachi organizations existing today
678	3314721	AU	B	...rylifeexperiment.com	A B C be able to read it and then the real questions will start! # Ha ha that's hilarious! I'm a firm believer in not giving too much information
679	69819	AU	G	crikey.com.au	A B C # Ha ha. He might get a job on channel 9 ha ha ha ha . They need a replacement for the morning show. the bloke on the morning
680	726925	AU	G	adb.anu.edu.au	A B C , and ignored orders to return them; he improperly granted 1345 acres (544 ha ) to Bligh when he arrived in 1806 as his successor, and a week
681	117291	AU	G	216.55.99.51	A B C spose I could do it maybe the division will pay me 1/21th of my trip ha ha ha might be useful for the tax man... " # Curses says I
682	311929	AU	G	environment.gov.au	A B C 's remotest mountain areas. These individual fires merged together and burnt around 1.3 million ha . The fire resulted in widespread damage to Mountain Pygmy-possum habitat and surrounding vegetation in
683	3587	AU	G	weedsnetwork.com	A B C on changing ecosystem processes through the disturbance regime. We performed a large-scale (3 ha ) full-factorial field experiment in densely invaded woodland in Hluhluwe-iMfolozi Park, a savanna reserve
684	491437	AU	G	...ums.whirlpool.net.au	A B C -- I remember serves being quite small in most places. # We also loved Ha Long Bay. This was one place where we didn't see (much)
685	568227	AU	G	thingsboganslike.com	A B C dear god, Fiona your post made me literally (bogue sic) pmslmao # Ha ! No. Elite social networks. If you don't know about them,
686	623157	AU	G	fao.org	A B C and Victoria (red pixels). Each pixel (cell) represents about 1000 ha (i.e. a total of 22.1 M ha of dryland sown pastures and 1.2 M
687	339869	AU	G	musicfeeds.com.au	A B C doesn't really piss me off, they aren't really ripping us off, ha ha. Most bands these days are very quick to settle for the middle of
688	234710	AU	G	abc.net.au	A B C ? Thomas: Jeff Keogh: # 17 Feb 2011 2:14:48pm # Ha ha ha. That's funny. # And the increasing numbers of deaths? Are
689	3317473	AU	B	flyingsolo.com.au	A B C a $10,000 watch, I wouldn't do it through a Facebook store! # Ha ! I see where you are coming from. However, when you think about
690	541188	AU	G	abc.net.au	A B C if you've seen it nine times. # DON CHIPP: Ten now. Ha ! Really? # PETER THOMPSON: What is it about Zorba that so appeals
691	3287995	AU	B	blogs.theage.com.au	A B C is purely ridiculous and money mongering by the state government and CON-ex. # not HA HA HA-ing here. # Posted by: Fernando on December 15, 2008 12:28
692	3333258	AU	B	vexnews.com	A B C clearly the best candiate considering he ACTUALLY LIVES IN BRUCE! WTF happened?! Ha national parliament... you won't get there Emanuele, Labor will no doubt keep
693	698946	AU	G	abc.net.au	A B C Lousy politicians like naive voters, the simpletons, the ones easy to con... Ha ! freedomtofarm: # 21 Dec 2011 9:47:26am # Not sure where Mr Donnelly
694	642656	AU	G	...projectsummaries.org	A B C of weeds degrading vegetation communities were controlled along 61 ha of native vegetation (20 ha of wetland, 31 ha riparian and 10 h of upland native vegetation).
695	199051	AU	G	abc.net.au	A B C of what the USA has descended to (Malibu or Paris?? ha ha ha )... and the ending where the Woody surrogate joins the Paris of today is
696	683060	AU	G	rileylee.net	A B C 1979:35-36). He developed the lineage of shakuhachi playing known as Myan ryu Taizan ha (??????) and was posthumously given the title of
697	449176	AU	G	balipod.com	A B C it is, they say " pork " but it's tuna. Ha ha ha : - ( # With a peanut allergy I would stay far away from Bali
698	536659	AU	G	thepunch.com.au	A B C you work, rest and play. Mythica says: # 09:20am 10/06/11 # Ha ha ha Nate, that's funny love a bit of dry humor in the
699	3740195	AU	B	thepunch.com.au	A B C of mutilation is not right... William says: # 01:05pm 21/11/12 # Ha ha a little over the top, just a tad, it's this kind of
700	590596	AU	G	adb.anu.edu.au	A B C Sydney he joined an inland expedition and received a grant of 2500 acres (1012 ha ) from Governor (Sir) Ralph Darling. Darling had already sent a garrison
701	212865	AU	G	thepunch.com.au	A B C 12/11/12 # Melissa George' Pretentious.... MOI???' # Ha ha ha .. # Well, I have my' cap-ah-cheen-ee-oh " at my hip n happening
702	139748	AU	G	au.timeout.com	A B C # This morning I read -- Haha, you don't sound convinced. # Ha , no, no, I don't meant to. I only wonder if
703	134714	AU	G	blogs.theage.com.au	A B C . # Posted by: Rudiger on September 4, 2008 11:12 AM # Ha ha ha ha ha - Flat White in Soho. What a relief after having walked
704	652590	AU	G	...ooks.adelaide.edu.au	A B C . Like an ostrich, as you say. Ho, ho! ha! ha ! like an ostrich! It is, indeed; too much. Tell me
705	3287995	AU	B	blogs.theage.com.au	A B C purely ridiculous and money mongering by the state government and CON-ex. # not HA HA HA-ing here. # Posted by: Fernando on December 15, 2008 12:28 PM
706	745914	AU	G	...ces.arts.unsw.edu.au	A B C cut to about.25 ha, compared with the Australian averaged of 7? 8 ha . When the few things I? d need to import from regional, national
707	3325267	AU	B	ozbargain.com.au	A B C When there is a lack of communication any one will complain. If the rep ha stated nicely right from the start that look it will take about 14-21 days i
708	482163	AU	G	mamamia.com.au	A B C , compassionate person which will make you beautiful for your entire life.) # ha love it! All the girls that were pretty and cool at school are now
709	646994	AU	G	blogs.theage.com.au	A B C pash with Ned against my BMW, that was a bit of a hoot ( ha ! he was wearing' cashmere'), but now he keeps calling me
710	3739254	AU	B	...aspberricupcakes.com	A B C seems to bring a bit of smileyness with it, if that makes sense, ha ! x # I'm so glad that I stumbled upon your blog. You
711	3307014	AU	B	...hewritersfactory.com	A B C got because you have piggy eyes and look guilty as hell... # LA: Ha ha! That's not funny! Where is the proof I cheated? The
712	479689	AU	G	whydev.org	A B C 're going to continue your line of impressive posts on this topic?? # Ha ! Well I don't like reversing over roadkill after already running it over,
713	777716	AU	G	tv.com	A B C sunnier side, and its always great to see places I know on the tele ha ha ha. Fans of Taggart should look out for meaty new Glasgow crime drama
714	3308201	AU	B	vietnam-visa.com	A B C Thai Binh, Nam Dinh, Bac Ninh, Hai Duong, Hung Yen, Ha Nam, Vinh Phuc, Phu Tho and Bac Giang, in which Hai Phong
715	179794	AU	G	lifehacker.com.au	A B C landing, but ended up liking it so much, I kept it. # Ha ha, that was a cool way to waste some money. Just picked up
716	295042	AU	G	wmcmuaythai.org	A B C practice: # HA NU MA NA -- ND MA NA HA -- MA NA HA ND -- NA HA ND MA # It is used for meditation training as you
717	285283	AU	G	miff.com.au	A B C . Instead he forms an alliance with Busan's top crime boss, Hyung-bae ( Ha Jeong-woo, The Yellow Sea, MIFF 11; The Chaser, MIFF 09)
718	110158	AU	G	...ooks.adelaide.edu.au	A B C Seven Crofts, no oaks -- Sarah Purfoy, lady's -maid and nurse -- ha ! ha! -- lady's-maid and nurse! " # This last sentence contained the
719	290945	AU	G	jeffa.net	A B C ". On my list, something to assist in the burning of Fat ( ha ha ha) and this so cold Krill oil that everyone's raving about.
720	657826	AU	G	keepingthedoor.com	A B C thought of it, the guardians of Urd's well at the base of yggdrasil ha ! That would be the foxy fellows through the door way ter'angreal who then hanged
721	336344	AU	G	...therockbewithyou.com	A B C Chisel, which is a huge Australian band? Oh really? Cold Chisel? Ha ha, I've got to tell him about that, that's great ha
722	3731217	AU	B	...og.howtoinfo-247.com	A B C distraction without scaring them. Equine2008 says: Paula Nowak says: # Ha ! I saw the title and thought I was going to? have to "
723	491437	AU	G	...ums.whirlpool.net.au	A B C strict budget. From what I have read, many people have said to avoid Ha Long Bay just because it is a tourist trap, have you guy found this
724	3299408	AU	B	mummysmiles.com	A B C . Even though we had some interesting times in my " terrible teens " ( ha you thought the twos were bad!!), I still believed that my
725	194950	AU	G	towerofpower.com.au	A B C out on a lot of extra skills, deeper understandings, and more " ah ha ! " moments, it's a good source for developing your communication skills.
726	680072	AU	G	...eniers.wordpress.com	A B C that tears down climatologist (boo hiss!) Michael Mann and his stick ( Ha ha! Did you see my pun!), pointing readers to bloggers more
727	760714	AU	G	tourwithtong.com	A B C you will have a funny looking walk... the day after!!! ( Ha !
728	413841	AU	G	....economicoutlook.net	A B C and instead pushing the line that the region has to cut living standards because it ha been living beyond its means. # He was asked whether the latest Greek bailout
729	200743	AU	G	abc.net.au	A B C there was about 4.8 million ha of forest. Today there is still 3.2 million ha , meaning about a third has been cleared for farms, infrastructure, dams and
730	421842	AU	G	climatechange.gov.au	A B C Alps, South Eastern Highlands and South East Corner # Protected area # Area ( ha ) # Established # IUCN protected area category # Bimberi Nature Reserve # 7100 #
731	3740193	AU	B	thepunch.com.au	A B C says: # 04:22pm 18/11/12 # One hundred dollars for roast lamb, ha ha ha . Trust me I am Catholic. Haxton Waag says: # 05:04pm 18/11/12
732	797481	AU	G	thestonesoup.com	A B C something your interested in, but it's worth reading and thinking on. # Ha Jules -- I guess given that ice/snow melting usually only happens on weekends or on
733	3286159	AU	B	...tyworld.blogspot.com	A B C .... (What's that Mr B? Wouldn't be the first time? Ha ha Mr B, ha ha). # The only good look I've
734	489897	AU	G	...ooks.adelaide.edu.au	A B C night. " # " It was for your own good. " # " Ha ! I might as well be living with mama. " # " What a
735	149834	AU	G	stabmag.com	A B C foot forward. # Is it a good time to bet on the champ? Ha ! I don't want the pressure of fucken losing someone else's money.
736	3326332	AU	B	podiatry-arena.com	A B C and statistical analysis would show the chances of doing this by chance. # If Ha is accepted with good probability a further experiment with the same two groups would determine
737	491437	AU	G	...ums.whirlpool.net.au	A B C what the? lol). No real problems there or in the surrounds ( Ha Long, Do Son, Cat Ba). # I haven't yet ridden
738	286599	AU	G	klausenrussell.com	A B C as part about loans do so. The Original Macbeth of Blogs Ah ha ! I was here all the time! # I'm Rob, and I
739	232446	AU	G	computerworld.com.au	A B C to look at an ID number on my computer to verify he was legit. HA ! Anyway, Before I knew it he had accessed my computer remotely. Scared
740	208804	AU	G	...ooks.adelaide.edu.au	A B C of the deep shadows between the gloomy mat walls.' Ha! ha! ha !' # " The four heads sprang apart at the first sound, and
741	127755	AU	G	kaseychambers.com	A B C out, a new album coming out and my 3rd child coming out -- ( ha ). All within about a month. No point doing things by halves huh
742	618639	AU	G	the-riotact.com	A B C is to curate some public art to ease the refugees woes. /quote +1 Ba ha ha Public art disasters and a arboretum for CI!!! # He'll start
743	3322559	AU	B	mamamia.com.au	A B C and pick up those names I dropped, " I said. We laughed. Ha ha ha. # Another call from the GG's office. # Naughty corner
744	3325162	AU	B	origamiliving.com	A B C I doubt I would have even noticed such trivia as a tree having drawbacks. Ha ! # The film is based on the making of' The Birds' and
745	3292816	AU	B	...orums.altnews.com.au	A B C just be Karma!!! # 15 years since last pay rise, ha ha ha, you need to check your hubbies pay slip, we have and we
746	411214	AU	G	...therockbewithyou.com	A B C think there's some more plans to go and play over there. Wow... Ha ha yeah, there's a lot more of the world we want to see
747	3732285	AU	B	...sundaymorning.com.au	A B C teach it - what I am not sure, but it deserved it! Ha ha , that is also pretty funny in hindsight - but I was too exausted and
748	612613	AU	G	thepunch.com.au	A B C Correct Go Jay! says: # 11:26am 16/11/12 # Ha, ha, ha ! Jay for PM David V. says: # 11:33am 16/11/12 # It's
749	230694	AU	G	abc.net.au	A B C inhospital for 6 weeks (should have been longer but I couldnt stand the food ha ha) Recovery was slow and I still have muscular pain and stiffness in my
750	476553	AU	G	theage.com.au	A B C , apparently buffoonish yet enigmatic figure, a sharp contrast to his new associate ( Ha Jeong-woo), the epitome of gangster cool. PH # SIDE BY SIDE (
751	653471	AU	G	compassreview.org	A B C He stopped in his tracks, looks at me stunned, and gasps,? Ha ! Are you Catholic?? To which my mortified self answered:? Yes
752	102550	AU	G	...e-rocks.blogspot.com	A B C the camera is being jerked around... thanks Peppa and Phantom. # ABOVE: ha ha... Bex getting her hair chewed and yanked by Poppy. TODAY... not
753	129192	AU	G	realityravings.com	A B C and it looked like Beau was watching Wade's ass for a second; ha ha . Well, in reality I guess they are just friends. Sam seems like
754	3735020	AU	B	...emagpie.blogspot.com	A B C and irony, the voice over said' your woohoo, froo froo, hoo ha , nooni, twinkle, la la, or Aunt Kitty, whatever you call
755	181195	AU	G	3hourspast.com	A B C that my students leave my classes (usually) with nice finished projects. # HA ! Great minds think alike! Mikhaela went through the final instructions the other day
756	295042	AU	G	wmcmuaythai.org	A B C NU MA NA -- ND MA NA HA -- MA NA HA ND -- NA HA ND MA # It is used for meditation training as you must memorize the verse
757	3735050	AU	B	travellingstrom.com	A B C " Military Base + Photos = Security Forces!!!!! " # ha ha, classic Rich, we too had trouble getting close to migs apart from
758	190496	AU	G	abc.net.au	A B C , champers and cuban cigars. PreparingForChange: # 14 Nov 2012 3:05:12pm # Ha ! JoeBloggs, you are the one who mentioned BMW's, champers and Cuban
759	3299847	AU	B	narratorium.com	A B C used to ring the bell to signal the change of classes. # Bell, ha ! It was a chunk of rail from some old railway line, hung from
760	336344	AU	G	...therockbewithyou.com	A B C and they came back with a counter offer which was like ten grand or something ha ha ha, and we said forget it, we'll just go with'
761	491437	AU	G	...ums.whirlpool.net.au	A B C on the bay. # It took us 3.5 hours by car to get from Ha Noi to Ha Long bay. The roads are quite scary (even compared to
762	3740193	AU	B	thepunch.com.au	A B C Joe says: # 04:22pm 18/11/12 # One hundred dollars for roast lamb, ha ha ha. Trust me I am Catholic. Haxton Waag says: # 05:04pm
763	3328446	AU	B	sharnanigans.com	A B C These days inviting friends over means I have to tidy the house too much ( ha !) BUT I want to role-model a more social side to us, and
764	3326332	AU	B	podiatry-arena.com	A B C saggital plane perturbation) # Correlation of clinical observation with a priori conditions would accept Ha and statistical analysis would show the chances of doing this by chance. # If
765	3325887	AU	B	...th-web-design.com.au	A B C guys! Your all stars, but I'm the biggest of them all, ha ha: P The Important Role Of A Web Designer # You must have
766	117291	AU	G	216.55.99.51	A B C could do it maybe the division will pay me 1/21th of my trip ha ha ha might be useful for the tax man... " # Curses says I halfway through
767	334919	AU	G	abc.net.au	A B C in asylum seeker issues and it is just NOW that he has an " Oh ha experience! " and sees the light... he must have been running around with
768	3317053	AU	B	f4e.com.au	A B C FORGIVE JUSTICE FORREST FOR and for Justice Forrest hiding behind the " Hag Convention " Ha what a JOKE the girls were never aducted grow up and start living in the
769	3292252	AU	B	...hademic.blogspot.com	A B C you have to plough through my finished doctorate to read them (suckers!) Ha , and here's me imagining you biting your nails anxiously, all' geez
770	200743	AU	G	abc.net.au	A B C 1. You want plantations - they are happening at an average rate of 70,000 ha per year. But now you're Green colleagues are rejecting those too. Some
771	218904	AU	G	thepunch.com.au	A B C it. Can't be done. I'm king of the castle. # Ha ha crack up I particularly enjoyed the seafood; P Zac says: #
772	454683	AU	G	thepunch.com.au	A B C election Mal? How exciting. ronny jonny says: # 01:29pm 18/10/12 # ha ha, good one, politics in the ACT having anything to do with the
773	3733070	AU	B	...ayorgia.blogspot.com	A B C right? I say Bravo for your excellent packing ability. Gold Star! # Ha ha so true Gia. We have moved a lot. The first things are
774	692926	AU	G	adb.anu.edu.au	A B C Macarthur became the first in the colony to clear and cultivate fifty acres (20 ha ) of virgin land, and this earned him another 100-acre (40 ha)
775	682770	AU	G	adb.anu.edu.au	A B C British government. Originally he had been ordered to reserve between each 150-acre (61 ha ) block' a space of ten acres (4 ha) in breadth and
776	3331682	AU	B	thepunch.com.au	A B C now, go play with your x-box. westie says: # 12:06pm 10/10/12 # Ha , ha.. the Liberal morons don't even know they are conservatives. They
777	489875	AU	G	fridgescrapings.com	A B C # Basically, Misty had a huge head (he gets that from Viper, ha ) so it took awhile working on getting him out. Countless positions and the
778	3298377	AU	B	...therockbewithyou.com	A B C a record this way compared to the dare I say' normal' routine ha ha (laughs) I think because it's a side project and because everyone's
779	440800	AU	G	reliefteaching.com	A B C after that they just took off!! I can highly REKOMEND IT!! ha ! al Thanks # Kids focus more when they have a tube in front of
780	248315	AU	G	thepunch.com.au	A B C 02/07/10 # Sure, and no one in the coalition has ever done that............. ha ! Abbott himself has blood on his hands - that of Turnbull. How about
781	683060	AU	G	rileylee.net	A B C ha here) of shakuhachi players of are as follows: # Of the nine ha listed above, only the Taizan ha still functions today as an organizational unit with
782	728712	AU	G	...iblebelievers.org.au	A B C inspire the compilation of the Talmud, and found its completest expression in the Sepher ha Zohar.... This religion of the' Deified Man,' with
783	562717	AU	G	thepunch.com.au	A B C , as Aussies, we needed to be more patriot like our American counterparts. Ha , Americans patriotic eh? # They have had the worlds largest and most successful
784	638209	AU	G	abc.net.au	A B C n't it obliging of the soil to fold itself in over the debris? -- ha ! ha! ha!... # " Aircraft and body parts rained down five
785	547637	AU	G	thestonesoup.com	A B C laboriously copied (by hand because I had no access to a copier or scanner ha ha) a LOT of recipes. I shudder to think how many as I
786	3288170	AU	B	blundermum.com	A B C to the excess children, and pretend they looked after them personally. # Ha ha . And you know when Weasle comes sleep over here on Saturday night they will
787	163879	AU	G	...t-acres.blogspot.com	A B C in and destroyed them AGAIN, lucky I had started some more seeds already, ha chickens, you will not win this year! My mum helped me plant carrots
788	3305694	AU	B	the-riotact.com	A B C as fellow ACTilan's. # I have a Beemer and you do nt, HA HA! It shows how much i get paid! Its not even economical because
789	3321056	AU	B	kellyexeter.com.au	A B C more like you! Donna Nappydaze recently blogged: Embracing the Bump # Ha ha too lovely Tam. I keep reminding myself about ALL the wonderful voices I love
790	429558	AU	G	...therockbewithyou.com	A B C . I think that's the only since we've played since' 93 ha ha ha and there's no way to play a concert without that song. That
791	289001	AU	G	au.answers.yahoo.com	A B C if she doesn't know how, she just runs circles around us. Angie ha also been here whenever I have had bad days, and she loves to be
792	688061	AU	G	the-riotact.com	A B C complaints with the police. A social utopiia it is not. /quote Ha ha ha ha ha, you're evidently someone who has never set foot in Franklin. quote
793	3303276	AU	B	runwithkate.com	A B C love to see these guys trying to use those muscles in real life! # Ha ha now that would be a sight... The beef cakes going for a run
794	202437	AU	G	...ums.whirlpool.net.au	A B C their' help' section, just waiting on a reply from them. # Ha ha ha -- I just did it myself, unsubscribed from all of them since
795	3331682	AU	B	thepunch.com.au	A B C the politically neutral Australian Public Service? Narelle2 says: # 11:10am 10/10/12 # Ha ha Mahhrat - you got your comment posted!! # Got ta love a
796	411214	AU	G	...therockbewithyou.com	A B C to that as well. Geez, you may as well just move here... Ha Ha I know, well, we're kind of tempted... # Now the
797	39301	AU	G	fridgescrapings.com	A B C 3 cups shredded coconut as I was whizzing everything up. Easy AND pretty. Ha , I could say something quite rude here about that description, but I shall
798	797622	AU	G	tvtonight.com.au	A B C For Ch10 Breakfast not to get a mention must mean it is an overwhelming success ha ha ha # nicks October 23, 2012 at 5:47 am - # David,
799	728001	AU	G	....fasterlouder.com.au	A B C about time this wank was hung in the closet. berlinchair101 last Wednesday # Ha ! oldgregg last Wednesday # i knew i could count on you!
800	3320120	AU	B	...diekeepscrolling.com	A B C , also how do you wipe off the glow in the dark lipstick?! ha Aw-shucks. Thanks! Ryan and I love the idea of making low budget clips
801	3306195	AU	B	thefrenchwench.com	A B C night, so it must not have made for an enjoying festival experience, ha ha ! # Aaaah memories... But my festival days were truly over and all I
802	3292286	AU	B	...iastyle.blogspot.com	A B C I hang out for the days she is at daycare so i can action stuff ha ! Garden looks lovely. Can I also say that I looked at the cavalli
803	325173	AU	G	crikey.com.au	A B C tried to write a manufactured report from the dark recess of their employers prejudice. Ha ha ha look at his face. If she was a wall she would have
804	270474	AU	G	thepunch.com.au	A B C was caught out lying by denying that he had made the statement. Ha ha ha ! # He is a supremely ugly and dumb person who made a supremely ugly
805	569488	AU	G	...therockbewithyou.com	A B C do that you may not have done here? Phil: Really cheap cocaine ha ha ha ha Pat: From a guitar point of view I had access to all
806	3739280	AU	B	realityravings.com	A B C they could have done was to send me a six months subscription to their magazine Ha ha as if! Survivor tomorrow night, can't wait to see who goes
807	536419	AU	G	...ggaeisteddfod.org.au	A B C keen eye chanced to fell Upon a bunch of grapes above the well,? Ha ! Just the thing!? he said.? Who could resist it!
808	643667	AU	G	thepunch.com.au	A B C example that, even showed support for local manufacturing. Ha ha ha ha ha ha !!!! # Before criticising the miners remember, they employ thousands of
809	95923	AU	G	...therockbewithyou.com	A B C obstacles may come my way in front of that big life plan that is music ha ha ha. # Is it fair to say then that songs like' It
810	415386	AU	G	thepunch.com.au	A B C minute effort of work choices. Anthony Jeff says: # 04:58pm 28/05/10 # Ha ha ha, I have a friend who says working for the NSW Police is
811	3315616	AU	B	dazeofmylife.com	A B C or flattened some child's head in a door for pleasure. Discipline? ha ha now that was a laugh. Him stood with his hands on his hips with
812	524101	AU	G	thepunch.com.au	A B C is a disgusting society that attacks those that can't fight back. Social Justice Ha ! # You are already standing up Bro! Angry Cripple says: #
813	765801	AU	G	edsinnott.com.au	A B C to hold in the barrel none of this spinning around for me. Ha ha ha "! # I loved his boards and he was light years ahead of others
814	491437	AU	G	...ums.whirlpool.net.au	A B C jeans, cardigan, scarf etc. had to buy a hoodie and beanie for the Ha Long Bay trip. # Thanks for the info regarding pre-paid sim cards. I
815	3738277	AU	B	mamamia.com.au	A B C the bad things rather than the good ones. Why is that? " # Ha -- I'm terrible with speaking up when friends so something to upset me!
816	631198	AU	G	abc.net.au	A B C to blame the ABC for Tony's demise (with their dominant ratings share - ha , ha) is kind of silly, as he isn't on any screen
817	460530	AU	G	blogs.news.com.au	A B C Giver Not Taker replied to Mistress D Sat 07 Aug 10 (04:27pm) # Ha ha! I remember my mother even had a poster of the ugly duckling above
818	3308105	AU	B	veloaficionado.com	A B C was the rider with the mountain bike..... also invented the mountain bike ha, ha ... Bill Baty added commentary years later. He asked if we could swim some
819	3332617	AU	B	travelblog.org	A B C days but just think of the stories I can tell you on my return, ha ha # Hope you are all ok # PS: We saw some real Australians
820	491437	AU	G	...ums.whirlpool.net.au	A B C . # I didn't have time for refittings as I had Perfume Pagoda then Ha Long Bay booked back-to-back then was due to leave for Da Nang. So I
821	3308421	AU	B	...eniers.wordpress.com	A B C 5 to 10 degrees Fahrenheit warmer, a huge amount. " # Ah -- ha . Faith. What faith does brother Eric have that there is no serious global
822	626703	AU	G	thepunch.com.au	A B C know heaps of stuff. Luke Williams says: # 02:01pm 07/11/09 # Ha ha ha. You sure do know heaps of stuff. It is hard for me
823	607322	AU	G	abc.net.au	A B C Nov 2010 11:12:04am # " we can restore the environment later.. " HA HA HA . Name me a mine site that has been rehabilitated to its previous condition.
824	110238	AU	G	phuket-info.com	A B C find it that easy to restrain himself when faced with the temptations!! # Ha ha ha. Yes, if you want me to cook thaifood i think you
825	3305446	AU	B	teamoyeniyi.com	A B C so caught up in judging that she assumed she was above been judged herself -- Ha ! # Judging a person does not define who they are. It defines who
826	3297119	AU	B	limelight.org.au	A B C well! (It might be because I can generally only focus on 1 task ha .) When I am doing something that I enjoy like playing the guitar or
827	165286	AU	G	stabmag.com	A B C a really solid Aussie team back then, but that was before the GFC, ha ! # The waves might as well be summer in California. It's always
828	411214	AU	G	...therockbewithyou.com	A B C that as well. Geez, you may as well just move here... Ha Ha I know, well, we're kind of tempted... # Now the first
829	411214	AU	G	...therockbewithyou.com	A B C , and if we're lucky and if anyone actually likes our new record ha ha I think we'd hope to get another year or eighteen months out of the
830	3331686	AU	B	thepunch.com.au	A B C Australia is of no importance. PJ says: # 08:59am 22/10/12 # ha ha come on lets get real. # Australia, along with the mighty Guatamala,
831	493653	AU	G	webdirections.org	A B C year, back in March or April, there was this big hoo-?? ha around the iPhone storing locations, pretty much unencrypted, without informing the user.
832	3327385	AU	B	repeatbutton.com	A B C are Electrelane, Black Tambourine, Hot Cross and The Supremes. # RB: Ha ! Gross chillwave! Why do you think this genre has become such a dirty
833	3301693	AU	B	...ereyblog.uwcblog.com	A B C ##3301693 Desirable online sites try to make the web page ha # Best suited web-sites help make the positioning advantageous around the eye ball connected with
834	148759	AU	G	tansyrr.com	A B C 's neighbourhood. She used her powers to sneak in to their covert headquarters ( ha !) and was eventually cheeky enough to help them fight off their enemies,
835	282188	AU	G	crazybrave.net	A B C can be. Kids do much better at it than adults. # ha ha ha . what a late run! It is a late run yeah?' cause
836	3296043	AU	B	...ustbaustralia.com.au	A B C time of day with kids! But I am still a believer in the sleep-clothes ha ha! # http: //www.theveggiemama.com Veggie Mama # Oh man. That sounds complicated
837	755298	AU	G	crikey.com.au	A B C . Veggie gardens anyone. (Automated hydroponic?) Just as silly as a Ha Ha, " power station on the roof " really. # " Australia has
838	642656	AU	G	...projectsummaries.org	A B C plant community build in integrity and diversity. # We anticipate that there is.5 ha yet to treat. Long term success therefore depends upon the continuation of the above
839	3731666	AU	B	dgwally.net	A B C abslutely amazing, the bruschetta and pizza (washed down with Horgarden -- Ho Garden ha !) was divine and probably the best pizza I have ever eaten. They
840	3282652	AU	B	3hourspast.com	A B C , and I'm not seeing how just sewing something will help. # Ah ha ! And we reach the root of the issue... I was kind of scratching
841	168908	AU	G	blogs.watoday.com.au	A B C ! Oh! and by the way sorry about your little basketball team exit ha ha . Does my heart good to thump a little aussie. see ya stick blowers
842	734464	AU	G	childhood101.com	A B C times that will fit in perfectly with how each day needs to run ha ha ha ha ha, I wish! I guess since we're not actually there yet
843	3312734	AU	B	boardworld.com.au	A B C ? I was thinking about trying to do the calc but couldn't be bothered ha ha! # Ha, I'm an idiot, didn't even consider that
844	3328271	AU	B	seo-melbourne.com	A B C Leach Lake Marshes, and Corn Creek Wetlands, encompassing about 17000 acres (7000 ha ) of habitat. From it's benefit excess tax, much more to a
845	5269	AU	G	...ddetecting.4umer.net	A B C then they strike you off....... AND they also strike you off the unemployed statistics Ha !....... so the unemployment figure is not 10% as the USA Govt. claims,
846	3307146	AU	B	...reelilprincesses.com	A B C hubby that they now do the snip differently Did you try the cold peas ( ha ha) # Hope it all goes to plan... did you hear about that
847	344458	AU	G	slowyourhome.com	A B C mine playing with some. Yep, that was some fascinating stuff!) # Ha ! I know the feeling of the kids rediscovering " favourite " toys as I
848	3293093	AU	B	...bastard.blogspot.com	A B C I see when he gets fat enough you will make him into a yummy stew ha ha I had about 6 bunnies I loved. French lops, Danish bunnies and
849	621167	AU	G	...econversation.edu.au	A B C 's post is about. I will use no source, but a dictionary ( ha !) Possibly, a medical dictionary. And the heart and mind God has
850	174354	AU	G	mcnews.com.au	A B C it's probably not a bad idea to get a " real job " ha ha . # " I loved the new paint job on my bike. That was
851	232446	AU	G	computerworld.com.au	A B C " his number.... he decided to not talk to me anymore..... Ha ha ha .:) Although, after reading multiple stories about keeping them on the phone
852	3319853	AU	B	iamdreamchaser.com	A B C " Hey, aren't you guys that band from' The Shire? " Ha , that made me laugh, and after begrudgingly acknowledging that painful truth, we
853	3733815	AU	B	...arnlive.blogspot.com	A B C before he went off to school. We seemed to be good work companions. Ha ha. # 6. Do you find it difficult to draw boundaries between family
854	293694	AU	G	telelib.com	A B C something noble from the rags. Speak, Constance, I'm the beggar! Ha , what's this? You two glare each at each like panthers now.
855	3298365	AU	B	...therockbewithyou.com	A B C end of it too; I thought it was so cool. Ha ha ha ha # As a result of the doco you now record and release music under your
856	259162	AU	G	...vintage.blogspot.com	A B C # Oh... how did you get a picture of me moving house?! Ha ! Luckily I look a bit better now.. I took your very wise advice
857	3292286	AU	B	...iastyle.blogspot.com	A B C it's not as if the 2 of them will magically do what I prefer HA HA # Both my babies are just like you when it comes to sleep -
858	737226	AU	G	sugercoatit.com	A B C bleaching etc. Thanks! Glad to be here. You know, NOW. Ha .
859	575149	AU	G	canberratimes.com.au	A B C Zealand, I'll be laughing. I might even sell you some power. Ha ! Some real competition. That'd be nice. # Plan 8: Emigrate
860	482163	AU	G	mamamia.com.au	A B C am. # Yes, that's the one, thanks -- Lisa Rinna -- HA Rinnai's a hot water co or something right? Whatever her name, her
861	3303833	AU	B	...hamozal.blogspot.com	A B C woman), but I'm sure I've just become THAT mother. # Ha ! I'd have done the same thing and my 13 year old now *anticipates*
862	95923	AU	G	...therockbewithyou.com	A B C may come my way in front of that big life plan that is music ha ha ha. # Is it fair to say then that songs like' It Starts
863	336344	AU	G	...therockbewithyou.com	A B C pitch as to why it's something that people should check out? Ha ha ha oh no, you're asking the wrong guy... sales pitch... well,
864	618165	AU	G	cyclingtips.com.au	A B C CTech, just hoping to help make good... better. # Anonymous # Ha ha .. didn't notice that. # It does highlight what is *the* major issue
865	527448	AU	G	...econversation.edu.au	A B C it max. But the exclusions? It's a significant list Marion. # Ha ! You've got to be kidding! You are effectively sticking your fingers in
866	336344	AU	G	...therockbewithyou.com	A B C 'd love to come there and play for you and see how we get on ha ha ha. # Was there specific inspiration behind the songs on this album?
867	3308779	AU	B	wholelarderlove.com	A B C busy collecting our firewood. Nearby is a state forest where the tree fellas ( ha ha) regularly sweep through and drop dead trees to prevent hazards and clear the
868	3306924	AU	B	theveggiemama.com	A B C a bad habit. # Enjoy it! # http: //www.theveggiemama.com Veggie Mama # ha exactly what I think! # Beth # this is a beautiful post. Do
869	423315	AU	G	blog.rog42.net	A B C and what particular image to start with # The book also created an " ah ha " moment for me. Over years as an IT consultant, and recruiting IT
870	644526	AU	G	blogs.crikey.com.au	A B C There must always be a winner and a loser. # Ghastly Quizmaster: Ha ha ha, I see. And which particular prize do you have eyes for this
871	411215	AU	G	...nals.worldnomads.com	A B C off my feet for a couple of hours which was the whole point. Ha ha . # On the second last day we got the opportunity to see Sarah's
872	768062	AU	G	...areinternational.com	A B C approach in a country that until recently was very centrally planned and managed. # Ha Tinh is traditionally a poor province with relatively small areas of " wet " rice
873	703812	AU	G	...econversation.edu.au	A B C produce any estimate. For example, the article used a figure of 500 mice/per ha during plagues of which poisoning kills 80%. Given that all researchers indicate figures as
874	3333231	AU	B	veggieful.com	A B C love love the photos and the cute cartoons! Especially one of them;) ha ha. Thanks again. # Hi Emily! Thanks for your kind words.
875	3306357	AU	B	...einteriorsaddict.com	A B C Whether self-employed or regular employed. I get tired of the whining. # Ha ha Jen, very funny. I know exactly what you mean. The most wonderful
876	248637	AU	G	humanecology.com.au	A B C trench or a chain barrier that you had not previously perceived. Your " ha ha '' would be fury-a public complaint, a lawsuit. When we walk today
877	3307077	AU	B	...siswhatieatvegan.com	A B C but I'm kind of media-sheltered (and also thousands of kilometers away, ha ha ). Crossing my fingers that the power comes back
878	509896	AU	G	thepunch.com.au	A B C on the bright side of life " as he died on the cross? Ha ha , so funny! # gobsmack I would go further and say that the
879	763864	AU	G	newswithnipples.com	A B C means) and a feminist (because that'll really hurt) ". Bah ha ha ha ha ha ha! # So, now even women are trotting out
880	536659	AU	G	thepunch.com.au	A B C work, rest and play. Mythica says: # 09:20am 10/06/11 # Ha ha ha Nate, that's funny love a bit of dry humor in the morning
881	180241	AU	G	thepunch.com.au	A B C hinting that even more taxes are on the way. acotrel says: # Ha Ha Ha Ha Ha! Why do you own a radio or TV if you
882	108975	AU	G	abc.net.au	A B C stimulate the economy. Particularly the alternative energy sector. Trekka: # Ha ha , methinks you have spoke a little too soon. Indeed the very opposite of
883	128500	AU	G	thepunch.com.au	A B C obviously uneasy with juniors, Rudd needs to go to akindergarten to feel comfortable! HA ! The young people were savvy and not easily fooled, guess like many of
884	456345	AU	G	mamamia.com.au	A B C n't worry, it's not deep, they won't drown. Ha, ha ha' # Cordeline, I can understand why they were smart arses to you
885	170478	AU	G	travelforum.org	A B C (for great trekking), the flower h'mong markets of Can Cau and Bac Ha , the entire breathtaking area north of Ha Giang (Dong Van, Meo vac
886	306039	AU	G	...ockedupandabroad.com	A B C boys living with us, and all of them LOVE the fire! # Ha ha ! Proves my pyro point I reckon! Boys are fire mad! I totally
887	3324975	AU	B	oneninesixnine.com	A B C think I will have to follow other peoples lead and go to Mansion Poker, ha ha) so, by that rationale, it will take me about four years
888	3321910	AU	B	lindastwaddle.com	A B C did and could not believe how pleasant a family day trip could be. Ha ha
889	563930	AU	G	the-riotact.com	A B C 537 on the average Canberran's list of things to be concerned about. # Ha ! That's like spending your last 5 minutes on the Titanic fixing a leaky
890	623157	AU	G	fao.org	A B C where there are about 22 M ha cropped each year plus a further 11 M ha in the pasture phase. Annual legumes persist where winter P/E >0.5, equivalent to
891	544803	AU	G	...e-rocks.blogspot.com	A B C made Coco really cry... so he's called' Bruiser'.. ha ha ha ! # Then came Pinky, the first girl. She's really cute but
892	71555	AU	G	thepunch.com.au	A B C , we all remember when Alan Jones was impacted by' cyberbullying' - ha ha , what a tool that guy is....) iansand says: Philosopher
893	684687	AU	G	thepunch.com.au	A B C utter disgrace! The END. Que says: Gillian says: # Ha ! So because I don't agree with the other negative views on this article
894	3315544	AU	B	...arkmatterfanzine.com	A B C 'm like a little kid,' I'm driving to the city today, ha ha.' Anybody who knows me, literally, I can be like a
895	511487	AU	G	kangaroocafe.com	A B C !!! # A very classy mob this one!!! # The Ha Noi Tourism Dept have forced SOME of the idiots with the fake KC's to
896	623625	AU	G	bravenewclimate.com	A B C ($/kWh). # The area of the storage in the reservoirs is 6,300 ha (for each reservoir) assuming: 15m hydraulic head 5m depth of active storage
897	283340	AU	G	52suburbs.com	A B C solution. I'm going to do 12' suburbs' in six weeks. Ha ! They'll be shorter for sure, it may kill me, but...
898	569488	AU	G	...therockbewithyou.com	A B C Out. Phil: *whispers* and everyone's seen us live, man... ha ha . The thing was we didn't even bother paying an album launch, cause
899	794903	AU	G	...eepfriedfruit.com.au	A B C and keep your sense of humour - you'll need it! xxx # Ha ha ! I was just jumping on to say no idea what advice I can give
900	181879	AU	G	apsa2000.anu.edu.au	A B C debate results in the correction of possible unfair communal behavior than the initial objection will ha ve worked in favor of community. In this sense the interests of the community
901	429558	AU	G	...therockbewithyou.com	A B C worry that they may not like it and may not let you do it? Ha ha no, not really, I think all the versions we've done we
902	3737875	AU	B	itsmykindofscene.com	A B C alive, stayin' alive " or it will be " ah, ha, ha , ha ". It's going to go around and around and around in
903	638122	AU	G	sworld.com.au	A B C , its Surveyor all right. The old Surveyor, yes sir. " " Ha ha ha. " " Does that look neat? It can't be any
904	3290191	AU	B	...ousness.blogspot.com	A B C another wonderful mini master class, this time with the Queen of Dumplings, Vicky Ha from The Dumpling House. This was a great workshop - we all had a
905	223445	AU	G	cosmosmagazine.com	A B C . Yes, sire, it should not be a problem. " # " Ha ! Now that will be a show! " He looked at Parnis. "
906	501174	AU	G	...ums.atomicmpc.com.au	A B C are waiting?: D # hawkeye # May 8 2012, 12:59 PM # Ha ! # Caelum # May 8 2012, 02:25 PM # Well lets face it
907	3321053	AU	B	kellyexeter.com.au	A B C ! Carli recently blogged: What the Olympics have taught me so far... # Ha ha -- years and years ago I had my first ever triathlon experience where I
908	53004	AU	G	bravenewclimate.com	A B C the peak of a warm period in a milankovitch cycle huh? hah ha ha ha ha. geez lucky they do nt hit when we are in an ice age
909	2306	AU	G	...nals.worldnomads.com	A B C states in aus... # jacob Dec 7, 2011 7:56 AM 19 # Ha , it's kinda funny how americans react to us Australians. # P.s Tim
910	3288846	AU	B	candobetter.net	A B C The Growth Areas Authority recently estimated that the Growth Corridor Plans (for the 43,600 ha of land rezoned in 2010) would provide 20 to 50 years' land supply
911	200743	AU	G	abc.net.au	A B C excluded. # For example, in Victoria, although there is around 3 million ha of State Forest, the net area available for timber production is only around 550,000
912	712991	AU	G	vietvaluetravel.com	A B C It was a very nice experience and we were very happy with your guide. Ha Long is definetly worth seeing. The boat trip was very nice and the prepared
913	3283367	AU	B	alliandgenine.com	A B C optimal pelvic alignment which is so important for a great birth).) # ha ha -- oh great, and I meant chiro as the worst kept secret (
914	757461	AU	G	popcorntaxi.com.au	A B C your stories and does your Catholic upbringing play a role in that? # PTA Ha . No. I don't fuckin' know. When we would go to
915	536659	AU	G	thepunch.com.au	A B C Nick42 says: # 04:10pm 09/06/11 # Liberals present an honest face - HA HA HA . Thank you I needed a laugh late in the day. They are politicians
916	618639	AU	G	the-riotact.com	A B C to curate some public art to ease the refugees woes. # +1 # Ba ha ha Public art disasters and a arboretum for CI!!! # quote comment=
917	110158	AU	G	...ooks.adelaide.edu.au	A B C say that if he'd not refused to set the tucker ashore, he might ha ' got off with a whole skin. " # Thus urged, by self-interest
918	179085	AU	G	...hartingtransport.com	A B C ) # Area, square km (>3/ha) # Population weighted density, persons/ ha (all SA1s) # Population weighted density, persons/ ha (SA1s >3/ha)
919	3297105	AU	B	lilfatty.com	A B C highlight this comment to Learner Dad PS Two chairs on top of a bookshelp, ha ha, insane! Not them, us
920	779996	AU	G	abc.net.au	A B C he was identifying and analysing the situation and that was really a big' ah ha ' moment for me. # Lynne Malcolm: What reflections have you had on
921	623157	AU	G	fao.org	A B C Maranoa and south-west) to 36,310 ha (north-west) in Queensland (range 324-2,133,100 ha ), 304,200 ha in the Northern Territory (range 20,000-1,630,433 ha) and 286,216
922	429558	AU	G	...therockbewithyou.com	A B C amazing person, but I think she's maybe the strangest person I worked with ha ha. # ' 7 th Symphony' is two years old now, are
923	306509	AU	G	thepunch.com.au	A B C how the government doesn't release data on this isn't it - privacy issues ha , ha. Zaf says: # 01:27pm 12/06/12 # Afghanistan's problems can
924	53942	AU	G	dustycartridge.com	A B C imagine what the seventeen kinds of slow office day that was. # Jackson: Ha , you would have to define' necessary'. Is it necessary to make
925	3319142	AU	B	halongbayboats.com	A B C special foods at the local. It's not an exception when visitors come to Ha Long Bay. Coming here travelers will be satisfied with seafood and Vietnamese traditional foods
926	3286329	AU	B	...oomerangbooks.com.au	A B C and often in competition with) her pessimism. I'm still chuckling about' Ha ! See!' # The last letter writer and academic Stuart Glover wrote to
927	3329025	AU	B	sorrygrandma.com.au	A B C 17 and I love to make music. I' an apsiring producer, **30;4895;TOOLONG ha , and I'd REALLY appreciate it if you'd check out my channel or
928	475519	AU	G	fishingterritory.com	A B C the gills, it definitely wanted that gar as it inhaled it pretty quickly ha ha , and as to sails hunting in similar waters the nrsfc did satelite tagging of
929	47478	AU	G	blogs.smh.com.au	A B C June 11, 2008 7:06 AM The weather? The Lakers game? # HA HA ! Reminds me of an amusing experience a friend had: Nick (my friend
930	430875	AU	G	smh.com.au	A B C than there was a big bang is somehow more satisfying? Horses for courses ( ha !) but I find the cosmos is too awe inspiring to believe it was
931	206959	AU	G	thepunch.com.au	A B C mines can use to reduce the tax from 30 percent down to 22 percent. Ha ha are you receiving the message folks? # Those of you that can read
932	3332831	AU	B	tvtonight.com.au	A B C and " Lurch " it just doesn't sound like a safe place to be ha ha # daveinprogress September 4, 2011 at 7:47 am - # Great article and
933	3285402	AU	B	...s.aussieblogs.com.au	A B C real size) # Could this be my new car when I get home ha ha # We then drove around the town and took some photos of some very nice
934	479008	AU	G	skepticalscience.com	A B C thing so you could sneer about a bit of water sloshing over the breakwaters, ha ha, stupid alarmists fussing over nothing, now let's all elect Mitt,
935	327856	AU	G	...ooks.adelaide.edu.au	A B C is that I mane the bob o' the steelyard. Ha, ha, ha !' # ' Haw, haw, haw!' laughed Martin Cannister,
936	228778	AU	G	poetrylibrary.edu.au	A B C heaven, in a way. And I am waving down at you. Ha ha ! I hope you hate it where you are. I see you -- a
937	449176	AU	G	balipod.com	A B C them what it is, they say " pork " but it's tuna. Ha ha ha: - ( # With a peanut allergy I would stay far away
938	199051	AU	G	abc.net.au	A B C true depiction of what the USA has descended to (Malibu or Paris?? ha ha ha)... and the ending where the Woody surrogate joins the Paris of
939	555790	AU	G	telelib.com	A B C spend it on the drink, " Sandy Burns used to say. " I ha ' nane o' me own, an' the lass who was to gi
940	76125	AU	G	mysticmedusa.com	A B C (and it's good motivation to stay out if the sun) xx # Ha ! This is entertaining (including CUW's solar returning input!). Had
941	47570	AU	G	thepunch.com.au	A B C SydneyGirl says: # 07:52am 08/11/12 # " Australians love Barack. " " # Ha ha the Australians on tumblr had an awesome time poking fun at the folk who
942	643667	AU	G	thepunch.com.au	A B C generous they were. Great example that, even showed support for local manufacturing. Ha ha ha ha ha ha!!!! # Before criticising the miners remember
943	3310237	AU	B	anchor.com.au	A B C with a roly-poly toy. Summary and evaluation # While not without limitations, HA for whole VMs can be very convenient. At its extreme, it allows you
944	154470	AU	G	travelwithbender.com	A B C . # Posted by sonja everson on Nov 6th, 2012 # Burkinis! Blah ha ha ha.... that was funny, # readysetpack . # Posted by Living Outside
945	651620	AU	G	blog.andrew.net.au	A B C Court of California, County of Santa Clara. My initial thought was, " ha , the fools have issued me a jury summons like they did for Sarah.
946	3307041	AU	B	thinkkayaks.com	A B C A LOT! I love to eat! It's what I do best ( ha ha)... but obviously that comes with responsibility as well. I stay away
947	71718	AU	G	adb.anu.edu.au	A B C including 25,000 acres (10,117 ha) on the Talbragar River, 6000 (2428 ha ) near Bathurst, 3000 (1214 ha) in Roxburgh, 1500 (607
948	219701	AU	G	sixdegrees.org.au	A B C Queensland Government) in two-metre-deep ponds requires 14,000 ha in year one, and 280,000 ha (280 km2) by year 15. If 8-metre-deep-ponds are used, initially 3,500
949	34797	AU	G	thepunch.com.au	A B C eventually find things to expensive. p. rick says: # 06:10am 09/11/12 # ha ha grassroots! it was about demography. It was about rapidly changing demographics. it
950	459191	AU	G	...ementia.blogspot.com	A B C fudge factory ", what a treat. Not sure about the health aspect - ha ha! Cheers Colin (HB) # Diane, I love the first shot
951	203669	AU	G	hoydenabouttown.com	A B C the glare hurts my eyes. # 9. Machines are taking over. Ah ha it is all the dishwasher's fault! But I do still stand at the
952	3324748	AU	B	northrydevet.com.au	A B C money and allows you more time to yourself. # Ba ha ha ha ha ha . # Sorry, just give me a minute to pick myself back up from
953	3315858	AU	B	diggerrandle.com	A B C , there's bound to be more to him then that ey. # Ha ha ... well, based on the comments to date, a doctoral level response around
954	25815	AU	G	aiatsis.gov.au	A B C House of Representatives on 20 May 1964. tab In that political climate, not to ha ve done so would have courted disaster. They both hinted, however, at
955	478929	AU	G	...havenholidays.com.au	A B C NSW, John Fahey, launched stage one of the NSW Jervis Bay National Park.1000 ha were gazetted of what will eventually be a 6000 ha park. # 17 1897
956	491437	AU	G	...ums.whirlpool.net.au	A B C ever spent IMO # Yeah wish we could have worked out a bit longer in Ha Long Bay on a boat rather than just the day trip (long day with
957	254079	AU	G	madambipolar.com	A B C be weaned off that immediately. Imagine Efexor withdrawal AND morning sickness. Yee f*cking Ha . I was left for the rest of my pregnancy with no medication and was
958	3331606	AU	B	...hepoliticalsword.com	A B C ! I didn't accidently hit the " i "!!! More Ha Ha , TT Comrade! # (3) " the term " drongo " is
959	472731	AU	G	abc.net.au	A B C than the film -' even the dog looked like it was acting " - ha ! Terrible love story, she was like a militant fem and girls did not
960	3298365	AU	B	...therockbewithyou.com	A B C cheered at the end of it too; I thought it was so cool. Ha ha ha ha # As a result of the doco you now record and release
961	130140	AU	G	abc.net.au	A B C . # Is " ha ha made you watch " any better than " ha ha made you respond "? Is " She's not just showing some spunk there
962	3730369	AU	B	...lia.worldcupblog.org	A B C out field players they have nothing to choose from in goals (james and robinson ha ha) garcia is getting some first team game though including a full game on
963	3299250	AU	B	mrblanc.com	A B C barley soup. " Hunting " we reply. She laughs. Not a funny ha ha kind of laugh, more the kind reserved for when you see another human
964	3315852	AU	B	dietschmiet.me	A B C would be to just vent. We're happy to listen and empathise. # Ha ! I completely agree. She probably does understand on some level as I suspect
965	3288846	AU	B	candobetter.net	A B C on Melbourne's green wedges, Planning Minister Matthew Guy plans to take another 6000 ha from the green wedges to give Melbourne more urban sprawl and to concrete over more
966	3302133	AU	B	...hafork.wordpress.com	A B C I'm taking as a compliment whether you intended it as one or not! ha ! I hope they did, cause that would be the most bizarre service ever
967	3307390	AU	B	...emagpie.blogspot.com	A B C Higgins has been the subject of (The' Pie hopes) light-hearted banter - ha ha - in this blog. Certain comments from readers were published (and several
968	106789	AU	G	au.answers.yahoo.com	A B C and are more skill focused. Diving, gymnastics, golf, synchronised swimming ( ha !), horse racing (jockeys), polo, field hockey. I
969	683060	AU	G	rileylee.net	A B C individual. Though those involved in transmission are frequently classified under a particular ry or ha , such as Kinko ry, the individuals who comprise the organisation are, nonetheless
970	594940	AU	G	thepunch.com.au	A B C create less drag than a buoyant floppy one? The times will tell. Ha ! says: Scotchfinger says: # 01:24pm 25/07/12 # For every extra pound
971	67489	AU	G	anchor.com.au	A B C with in about 30 seconds. This is especially significant in a high availability ( HA ) environment if machine-level failover is required. 7. Easy high-availability # On
972	3321024	AU	B	...trinaleechambers.com	A B C , PUT IT IN YOUR CAR! # Dumb, blonde bimbo I am... Ha ! # But luckily, he was smiling when I left and that's all
973	536659	AU	G	thepunch.com.au	A B C ... Nick42 says: # 04:10pm 09/06/11 # Liberals present an honest face - HA HA HA. Thank you I needed a laugh late in the day. They
974	3307040	AU	B	thinkkayaks.com	A B C racing I turned 23 years old, in the South African time zone at least ha ha.... Unfortunately I had to pull out of the doubles race this year,
975	3331667	AU	B	thepunch.com.au	A B C issues with men! All of them. # Rationally thought out policies? ha ha ha. Like the insulation scheme, like green loans, like fuelwatch and grocerychoice
976	547637	AU	G	thestonesoup.com	A B C copied (by hand because I had no access to a copier or scanner ha ha ) a LOT of recipes. I shudder to think how many as I have
977	3293437	AU	B	...irlinafoodfrenzy.com	A B C shouting out' mum!' one day, guessed we looked similar, ha ha ! By kid I mean teenager, he wasn't lost just wanted stuff!
978	341435	AU	G	bravenewclimate.com	A B C . # Peter, it is nice to find something we actually disagree about! Ha ! All this time... # So... my comments earlier was because I take
979	416373	AU	G	...nheritage.nsw.gov.au	A B C # Kim: I've got different memories, because I worked as teacher at Ha Noi University for foreign study so I had a lot of opportunities working as an
980	483596	AU	G	...kistan.wordpress.com	A B C very funny when they drink. They seem to love very much. ha ha ha # By: ONE H PERSON FROM UK on March 1, 2009 at 5:04
981	355720	AU	G	johnquiggin.com	A B C frequently seen, cleverness' greatest value is when talking nonsense. # Freelander Ha ha ... Ill agree to that Freelander - " But, as is frequently seen,
982	3304879	AU	B	...opsmartmeters.com.au	A B C system, it is one of the top six owners of British power supplies. Ha ! So heaps of profit being squeezed out of British power consumers goes to the
983	263112	AU	G	thepunch.com.au	A B C farther was distant The other unreal Dave says: # 03:31pm 21/09/10 # Ha Ha Ha, surely you meant " two esoteric by half " ImaWestie says:
984	476905	AU	G	element14.com	A B C he could have fixed it himself based off what was just released. # ha ha , yes I can agree to those statements (mostly) I only talked about
985	607922	AU	G	thepunch.com.au	A B C in favour of an Aboriginal writer. Sam says: # 09:02am 21/01/12 # Ha ! Good one Jess. Yes, it seems some are all in favour of
986	3304320	AU	B	...ociallysorted.com.au	A B C making me think that I might need to do some video tips on this! ha ha. Let me know if that helps and if you need me to,
987	3302593	AU	B	raunchify.com	A B C you start to give the deeper unconscious answers which is where the real' ah ha ' moments come from
988	179085	AU	G	...hartingtransport.com	A B C weighted density, persons/ ha (SA1s >3/ha) # Average residential density, persons/ ha (SA1s >3/ha) # Greater Sydney # 4391578 # 4225278 # 1530 # 50.2
989	3304127	AU	B	skepticlawyer.com.au	A B C some on the Right to call Gillard " Ju-liar " (I hate that. Ha ha, very funny, NOT). I'm afraid if I see someone
990	154470	AU	G	travelwithbender.com	A B C # Posted by sonja everson on Nov 6th, 2012 # Burkinis! Blah ha ha ha.... that was funny, # readysetpack . # Posted by Living Outside of
991	3286757	AU	B	...elanietoniaevans.com	A B C any issues of plagorism or copyright infring? m? nt? M? blog ha ? a lot of ex? lusive c? nt? nt I've either
992	687644	AU	G	telelib.com	A B C atrocities as though it was yesterday.' T is a great age! Ha ha ! " He was surprised at first to hear himself laughing, and then laughed
993	643667	AU	G	thepunch.com.au	A B C they were. Great example that, even showed support for local manufacturing. Ha ha ha ha ha ha!!!! # Before criticising the miners remember,
994	781045	AU	G	babycenter.com.au	A B C the house I think' waters could break' have an action plan... ha ha # I am glad to hear everyone else is so tired and not keen for
995	220998	AU	G	blogs.news.com.au	A B C ? A well you take credit for who and what she is now. ha ha . and nice pun- made me chuckle lol. but seriously, disrespect to her on
996	530795	AU	G	...therockbewithyou.com	A B C tell us a bit about that one and can that be a single? Ha ha Ha ha ha ha, yeah that song is like a letter to my parents
997	212865	AU	G	thepunch.com.au	A B C 11:42am 12/11/12 # Melissa George' Pretentious.... MOI???' # Ha ha ha.. # Well, I have my' cap-ah-cheen-ee-oh " at my hip n
998	84970	AU	G	blogs.smh.com.au	A B C It amuses me when people think that a new character on the blog is MBD. ha ha ha # Posted by: dollop on May 28, 2008 3:47 PM #
999	3735106	AU	B	ultra168.com	A B C Salomon Bonaqua and Columbia Powerfighters sharing the lead into the next checkpoint of Kei Ling Ha with Salomon France just 1 minute behind. The gap started to open between the
1000	3324187	AU	B	news-mail.com.au	A B C grants to tackle the issue, was due to be renegotiated next June. # HA 's proposals: # An affordable housing growth fund should be built into the next
