1	1293697	KE	G	ilri.cgiar.org	A B C to arrive at the carrying capacity in terms of hectares per grazing livestock unit ( ha : LSU, or its reciprocal). This may be based on estimates of
2	1307038	KE	G	thinkersroom.com	A B C R # I echo, JKE. PRICELESS. # I # - ) i ha ha ha.. that flaw chart is just flawless!!! Love that i
3	1830710	KE	G	ilri.cgiar.org	A B C relation to farm size (Table 3). Average farm size was about 215 ha . Milk yields were generally low at below 900 kg per lactation, but the
4	1295984	KE	G	kenyan-post.com	A B C loyalist to the party. Because the seat belongs to ODM. # ha ha ha ! why are people bitter? what part of democracy do nt u know we
5	1289452	KE	G	fao.org	A B C subsistence standard of living, and that each household needed a minimum of around 4.8 ha , in comparison with the 2.6 ha of land the average household had access to
6	3643318	KE	B	...torymojaafrica.co.ke	A B C impressed. I would never have figured you for an arts person. " " Ha , I've even subscribed to an arts news letter that tells me what's
7	1293767	KE	G	ilri.cgiar.org	A B C to be skewed to the right. Here, 41% of the farmers own 3.5 ha or more, and 24% own over 4 ha. About 5% of the farmers
8	3651265	KE	B	thinkersroom.com	A B C , u have to tick the box that says " YES ". # HA HA HA HA HA!! Hilarious!! I am trying to get the visual
9	3640909	KE	B	...mekucha.blogspot.com	A B C as arrogant as some may seem, they speak truth! # xxx # Bwa ha ha ha ha ha he he he hu ta ta ta ta ra ra ra
10	3649227	KE	B	mm.co.ke	A B C # ahahahah hohohoho i can take a guess on culprit no. 1 # Karucy # ha ha haaaaaaaaaaa # i like this **25;2871;TOOLONG # Anonymous # karucy!!! salamz
11	1289457	KE	G	fao.org	A B C in Kenya is mainly rainfed. Only 103 203 ha of the approximately 3 million ha put under food crops are equipped for irrigation, which is about 3.5 percent.
12	3640562	KE	B	...nalyst.wordpress.com	A B C make commnets that are of our own making.yes i do agree with you that morality ha sincreased in mother kenya and am sure God is not for it. but if
13	3640899	KE	B	...mekucha.blogspot.com	A B C to oversee the construction of his presidential library? # XXX # Bwa ha ha ha ha hi hu hu hu wa wa wa wa we wi wi # We assure
14	3643799	KE	B	tivi.co.ke	A B C boi's defeated face as he is asked this just takes the cake ha ha ha . It's like " Woman shut up already and let me eat in peace
15	1286650	KE	G	capitalfm.co.ke	A B C for your masters your whole life and hate on them. ha.. ha.. ha ... # Abe # Let's not waste our precious time with sick people like
16	1299965	KE	G	nation.co.ke	A B C you end up playing the Makmende role? # The first time I heard " Ha he " while it was still raw, I told Blinky of Just-A-Band that I
17	3636524	KE	B	afejnews.org	A B C Global Ltd acquired the equivalent of 3,000 sq km of land, a staggering 311,900 ha (the size of Luxembourg bought at less than $1.0 per ha) in the
18	1309280	KE	G	vii.org	A B C Mombasa, where the exchange at one stage was 96% full, pressures of demand ha ve been relieved by the rapid growth of facsimile. In 1991, it seemed
19	3648747	KE	B	kuzabiashara.co.ke	A B C max for looking for more within your individual very good area. Likewise, I ha ... # http: **35;25026;TOOLONG... Rolf Brais # Third Flower... # My wife
20	1293640	KE	G	ilri.cgiar.org	A B C , desert areas, forested zones and the alfa grass steppes, i.e. 7 million ha in all. For the most part the areas have an average annual rainfall below
21	1298278	KE	G	mashada.com	A B C message is irrelevant. We are not a colony!! " lol ha ha ha ha ha ha ha: maze do any of you guys need tissues to wipe
22	1281417	KE	G	somaliwarmonitor.com	A B C TIME magazine. # Turns out, Mikey's mom is the District Attorney! Ha ha. In the car my dad told me to just stay quiet. I
23	1307038	KE	G	thinkersroom.com	A B C time to declare yourself a winner: D # http: **35;1325;TOOLONG... Kenyanchick # HA HA! Brilliant! # Ati " Presidency for Dummies (African Edition)?
24	1293648	KE	G	ilri.cgiar.org	A B C more successful farmers. Also, the plots were small and varied between only 0.2 ha and 0.3 ha in size, whereas experience showed that yields per hectare tended to
25	3636524	KE	B	afejnews.org	A B C , including petroleum. Indonesia tops the list over the same period with eight million ha in just 10 deals, with Malaysia coming second. The US figures fourth with
26	3640905	KE	B	...mekucha.blogspot.com	A B C democratic debates on Kenyan airwaves come November 26th 2012. # xxxx # Bwa ha ha ha ha ha ha hu hu hu hi # Beauty parade for the MOST UGLY
27	1289540	KE	G	filmaid.org	A B C raising the stakes, character arc, three act structure and along the way I ha ve been reminded of all of these things as well. Our goal by the
28	1308158	KE	G	unep.org	A B C 175 million m 3 of timber annually (NRC 2000) from approximately 1 million ha , or 0.5 per cent of the nation's commercial forest base. There is
29	1830687	KE	G	ilri.cgiar.org	A B C and a hundred or so goats. These plantations consist of Parkinsonia aculeata (220 ha planted 20 years ago), and a mixture of Prosopis juliflora and Parkinsonia aculeata
30	1296132	KE	G	kenyan-post.com	A B C and most of all trusting in God.. # HA HA HA HA HA HA HA HA who remember those commotion when was elected the president...... ha ha ha ha
31	1830689	KE	G	ilri.cgiar.org	A B C woody biomass of 16 237 kg ha -1 is somewhat less than the 21367 kg ha -1 described for the first C. mopane site, and much less than occurred
32	1293712	KE	G	ilri.cgiar.org	A B C market-oriented milk production through upgrading of their local dairy breeds. Smallholder farms average 2 ha and contribute to about 80% of marketed milk production (MoA 1997). Milk
33	1302015	KE	G	...storalismjournal.com	A B C the area of the RHC of Salla (10,281 ha in ONP of total 429,327 ha ) (Nieminen 2008). In Ala-Kitka, 46 owners had a total figure
34	3649962	KE	B	...netrailingspouse.com	A B C top of everything else. Being a supportive of my husband (and cats, ha , ha) just doesn't take up enough of my day! Anyway,
35	1296132	KE	G	kenyan-post.com	A B C do and providing for your families and most of all trusting in God.. # HA HA HA HA HA HA HA HA who remember those commotion when was elected the
36	1277391	KE	G	joe.frontlite.co.ke	A B C blog (that's actually very funny " new kid on the BLOG " ha ha , the word is FRONTLITE
37	1284349	KE	G	africareview.com	A B C expanding population, commercial felling and expanding agriculture, fires or degradation, at 9,000 ha annually. # Tanzania's timber exports have grown by 1,400 per cent in value
38	3643284	KE	B	stevenkakuma.org	A B C Isaiah14: 5) and freed the children of Israel from Babylonian oppression. Though ha Satan -- the Adversary -- stands behind all the ungodly rulers of this world's
39	3641693	KE	B	music.ntwiga.net	A B C league of Martin Luther King. He is changing the world! # Ha ha ha . This is a masterpiece! I have had a good time listening to the
40	3819697	KE	B	logupdateafrica.com	A B C mineable ore could exist under the prospecting area, covering a section of 8 000 ha . # Kalagadi Manganese is an R11-billion project and entails the construction of a manganese
41	3648851	KE	B	lesleighinc.com	A B C they escaped death by a whisker. Ha! Ha! Ha! Ha! Ha ! # That said, we had fun, we drunk beer, water and
42	1293791	KE	G	ilri.cgiar.org	A B C farm size is around 3.3 ha, of which 2.3 ha are cultivated and l ha is kept fallow. The main crops are barley, wheat, oats, faba
43	1302400	KE	G	philoikonya.com	A B C earn. I know they are dancing with hope, always looking for me. Ha ! I wish I were a matatu, Wairi sighed. # I f I
44	1293644	KE	G	ilri.cgiar.org	A B C production of trees during dry season # Species # Soil and year # Plants per ha # Direct harvesting by animal (several regrowths) # Supplementary harvesting by man (
45	1827241	KE	G	...ristpoweredradio.com	A B C time sleeping so I will have to go with all of the above ha ha ha # What's the gospel to you, and how does that understanding affect your
46	3643800	KE	B	tivi.co.ke	A B C news, can't remember what channel though (Look whoz talking of short memories ha ha) # It was quite a hit if you ask me. considering it was
47	1293388	KE	G	ictworks.org	A B C once I saw the access angle, that's when I had my " ah ha " moment. # Great post! As an engineer, it's great to
48	1289533	KE	G	fieldgemology.org	A B C us some interesting explanations about the process used in his company on his pearls from Ha Long Bay and he allowed us to meet and speak with his technicians. It
49	1293652	KE	G	ilri.cgiar.org	A B C are average but they clearly show that it is easier to find a few dozen ha than 400 or 500 ha in a zone essentially characterized by forest. The cost
50	1289455	KE	G	fao.org	A B C there were nearly 18,000 ha of wattle in Murang'a District alone (compared with 9,700 ha in Nyeri and 6,100 ha in Kiambu). # There were three major periods
51	1308259	KE	G	unep.org	A B C area, treated wastewater on one per cent. # In 1992, 428 000 ha were estimated to be cultivated by 1 070 large farms, with an area of
52	1293718	KE	G	ilri.cgiar.org	A B C even a 100% crop production loss in an area extending 10 m from a 1 ha woodlot results in only 4? 6% decrease in social rate of return estimates.
53	1283690	KE	G	africa-born.com	A B C Ocean and have their own private beaches. The houses are situated on a 2,500 Ha dairy farm; The plantation is a great place for walking, biking and having
54	1303233	KE	G	rrcap.unep.org	A B C basin, where the erosion rate is estimated to be between 139 ha and 358 ha . per year (Elahi and Rogge 1990). Recent satellite images of the
55	1290968	KE	G	getmziki.com	A B C care that GetMziki has been on Beta testing for like 1 year now ha ha ha , we really should move things around here to proper directories and destinations lol)
56	1294036	KE	G	...nfonet-biovision.org	A B C mature. Ultra is a good seeder giving up to 6 tons dry seeds per ha per year. While Uniwhite and Uniharvest are high in herbage yields giving about 4
57	1293767	KE	G	ilri.cgiar.org	A B C Inewari are shown in Table 2. # Table 2. Average farm sizes ( ha ) and land use at Dogollo, Ginchi, Inewari and Debre Zeit. #
58	1299164	KE	G	mwambao.com	A B C la mafuta ya taa Magongo? " " Mwarabu yuu? Warabu wote wan maduka ha nnyupi usemaye wewe? " asked the lady who first saw Albaity. Somehow they
59	3647156	KE	B	getmziki.com	A B C been created by the music group " Just a Band " for their track' Ha He " that was produced by Eric Musyoka. The video, has become the
60	1293667	KE	G	ilri.cgiar.org	A B C area cultivated per bullock household was 6.4 ha with a range of 1.3 to 10.5 ha (P<0.01). About 75% of the cultivated area of bullock households was ridged
61	1293644	KE	G	ilri.cgiar.org	A B C and 900 donkeys, horses and camels, occupying a study area of some 40,000 ha , representing, I might add in passing, a considerable stocking density considering the
62	1276595	KE	G	...ani.jambonewspot.com	A B C the company for x years after completion of your studies "? " Ha ha ha .. that is too funny. Do not even dare bring up such an idea
63	1293646	KE	G	ilri.cgiar.org	A B C from southern-central Chile. Fundo Refresco has 15 000 ha of Tamarugo forest 7 000 ha being fenced off into 100 ha blocks. This fenced area now holds 12 000
64	3643380	KE	B	...idbits.wordpress.com	A B C an empty tissue paper roll having power over you and giving you an " HA HA you're fucked now! " Kawiria # Always look at the toilet holder before
65	1293994	KE	G	...nfonet-biovision.org	A B C using chicken wire may control cotton stainers; about 15 birds will keep about 0.1 ha free of stainer bugs. This is a good option for small plots grown next
66	3637455	KE	B	blog.jaluo.com	A B C by Dr.Oburu Odinga which was held in at the same venue, ony one MP ha attended the meeting. He was eng. Nicholas Gumbo the MP for Rarieda who
67	1290970	KE	G	getmziki.com	A B C did in the Chapaa remix. Collo was just okay... BUT BAMZY ha ha ha ha... I cant lie actually if it wasn't for the fact that I
68	1292940	KE	G	hortibiz.com	A B C of 124 thousand euros. In 2000, there was also one worker at 0.4 ha average, but the output of an average worker was only 96 thousand euro.
69	1830689	KE	G	ilri.cgiar.org	A B C wood. # The herbaceous production in this site varied from 345 to 1010 kg ha -1 between two successive years. It is at best less than half the leaf
70	1293648	KE	G	ilri.cgiar.org	A B C the short term. Taking a conservative average yield of 2 tonnes/ha, only 300 ha of crop would be required to meet that demand, and it was clear that
71	1293058	KE	G	humanipo.com	A B C " Is it all right to start? ". # liqingwu0 to Followers " Ha ha, the Si gave a teacher to joke, that boy since promised the
72	3642134	KE	B	njambiemungai.com	A B C of the sound minded Kenyans Christopher Silwal put it so well.. " Ha ha ha , when in problems you cry for them to come and help break a truce
73	1296130	KE	G	kenyan-post.com	A B C and Johnston Muthama who have always paid their taxes without coercion. # ha ha ha ha ha ha ha look at grown up men becoming emotional because of another man
74	1293791	KE	G	ilri.cgiar.org	A B C cultivated 32% more land than those owning none, while their net cereal yields per ha were 48% higher. # When the effects of draught power on yield per ha
75	1293648	KE	G	ilri.cgiar.org	A B C . Also, the plots were small and varied between only 0.2 ha and 0.3 ha in size, whereas experience showed that yields per hectare tended to fall with size
76	1282882	KE	G	...orldagroforestry.org	A B C world's population -- they are all farmers with a landholding of less than 2 ha . If the findings of the study are relevant globally and smallholders with landholdings of
77	1303577	KE	G	savetheelephants.org	A B C ), on the western boundary of the KNP encompass an area of 180 000 ha and forms one of the largest private nature reserves in the world. These reserves
78	1276595	KE	G	...ani.jambonewspot.com	A B C with the company for x years after completion of your studies "? " Ha ha ha.. that is too funny. Do not even dare bring up such an
79	1290951	KE	G	getmziki.com	A B C she is so hot that i really never pay so much attention to the singing ha ha ha lol. # Anyway fortunately there are moments such as today where people
80	1293761	KE	G	ilri.cgiar.org	A B C the same day, cowpea at 32,000 hills ha -1 and millet at 13,000 hills ha -1. A uniform millet crop was planted on all plots in the second year
81	3649229	KE	B	mm.co.ke	A B C You have so made my day! Big-ups, Gracey! # Karucy # HA HA HAAAAAA # i must say kibaki comes across as the hands off clown who only
82	3643668	KE	B	...cissist.blogspot.com	A B C a wonderfully precocious child. I say this with a mixture of pride and prejudice- HA ! - because I can not count the number of times my siblings have told
83	1293762	KE	G	ilri.cgiar.org	A B C under cultivation Level of mechanization: own tractors # Traditional/peasant farmers having 5 or less ha . Level of mechanization: hand hoes or hired oxen # 395 021 # 89.7
84	3646364	KE	B	dennisitumbi.com	A B C International (unofficial to date but they are on the ground) claiming some 30,000 ha in the delta for initial growing of Sugar cane and some 90,000 ha within the
85	3819756	KE	B	mercys-kenya.com	A B C probably will never use it. You will see how paradoxical dreams can be. Ha ! Am here to say, you aren't the one who is off the
86	1293664	KE	G	ilri.cgiar.org	A B C total labour inputs for land preparation, seeding and surface drainage are about 120 hours/ ha , compared with 75 hours/ha for the broadbed maker. This represents a 40% increase
87	1293767	KE	G	ilri.cgiar.org	A B C no. of fertilised plots # 1.6 # 1.2 # 2.0 # Mean area fertilised ( ha ) # 0.204 # 0.33 # 0.22 # 1 # Mean of farmers using fertiliser
88	1293761	KE	G	ilri.cgiar.org	A B C while the traditional system yielded 10 kg ha -1 of cowpea grain and 710 kg ha -1 of hay (Fig. 1). # Planting on ridges and mechanized inter-row
89	1289457	KE	G	fao.org	A B C East Coast basin (including the Tana and Athi basins); # 9 460 ha in the Ewaso Ngiro (Shebelle-Juba) basin. # Irrigation development in Kenya has
90	1299908	KE	G	nation.co.ke	A B C agreeable (insert your favourite adjective here) women they were some decades ago. Ha ! # I'm happy to report that that is old hat. Ugandan women
91	1302016	KE	G	...storalismjournal.com	A B C Dregne et al. 1991) argued that 73% of the world's 4.5 billion ha of rangeland is moderately or severely degraded. # However, savannah ecosystems are not
92	3645410	KE	B	buildcreatekenya.org	A B C night before I left thinking I could tire myself into sleeping on the plane. Ha ! Having never flown further than New York before I didn't realize just how
93	1273837	KE	G	...businessmagazine.com	A B C the medicine, it would shame Kwame and make him drink it! # But ha -- Kwame was made of sterner stuff. My psychological effort was wasted on him
94	3819034	KE	B	...aycaray.blogspot.com	A B C I'd pass on the zip lining as heights aren't for me. Ha ha . #
95	3651683	KE	B	wanjeri.com	A B C is now dead to me) and the suggestive nature of their evening selection. Ha ! # I miss playing Bao with Anna, swinging (and attempting to strike
96	1302027	KE	G	...storalismjournal.com	A B C option to graze sheep, or to exclude sheep from, of about 235,000? ha . The runholders bought the options to subdivide and develop about 290,000? ha beyond
97	1275870	KE	G	...learning.jkuat.ac.ke	A B C ha and 1218.8 ha compared to vegetation in 1986 which was 229.7 ha and 264.3 ha respectively. The overall accuracies of the classification maps for the two catchments were;
98	1293720	KE	G	ilri.cgiar.org	A B C The area fertilised is also relatively small, ranging from 0.9 to 1.87 hectares ( ha ) with moderate rates of application. Nevertheless, the income effects were substantial.
99	3647158	KE	B	getmziki.com	A B C normal Abbas. # But when the track starts and Abbas is calling a dog ha ha ha.. priceless... // # Auuuuwi! Abas " hauna kitu na uko
100	1293767	KE	G	ilri.cgiar.org	A B C . At the time of the survey only 2% of the farmers owned over 2 ha . Allocation of land holdings at Inewari is normally distributed compared to Ginchi or Dogollo
101	3642556	KE	B	...la2007.wordpress.com	A B C while shaking Kibakis hand punch him with the other with a cool gentlemanly face. HA ! That is good. Now they must freeze the govt. until we have new
102	1296132	KE	G	kenyan-post.com	A B C families and most of all trusting in God.. # HA HA HA HA HA HA HA HA who remember those commotion when was elected the president...... ha ha ha
103	1299249	KE	G	n2africa.org	A B C . Farm sizes in the district range from as small as 0.05 ha to 1 ha , with the majority (70%) of households owning 0.20 ha. Irene's
104	1299249	KE	G	n2africa.org	A B C of households owning 0.20 ha. Irene's household owns an average farm of 0.25 ha . At the age of 50 years, Irene has developed a very positive attitude
105	1830689	KE	G	ilri.cgiar.org	A B C a very different morphology). # The total woody biomass of 16 237 kg ha -1 is somewhat less than the 21367 kg ha -1 described for the first C
106	1830689	KE	G	ilri.cgiar.org	A B C is by far the most important. There are some 50 000? 60 000 ha of this species, which have been planted mainly as a fodder reserve in times
107	1303233	KE	G	rrcap.unep.org	A B C in the Brahmaputra-Jamuna basin, where the erosion rate is estimated to be between 139 ha and 358 ha. per year (Elahi and Rogge 1990). Recent satellite
108	1278522	KE	G	...mekucha.blogspot.com	A B C just from thinking about it, so sorry you taught me nothing new. # Ha ha he he hi hi " Martin King: Banks putting profits before customers "
109	1293671	KE	G	ilri.cgiar.org	A B C third passes, made at the beginning of June, took 38 and 30 hours/ ha respectively. Covering the seed and fertilizer needed two passes with the broadbed maker,
110	1277560	KE	G	jukwaa.proboards.com	A B C " is the name of the work, a creation by the Cologne-based conceptual artist HA Schult. Of the army of similar scrap metal sculptures he installed a few years
111	1302015	KE	G	...storalismjournal.com	A B C of a PAN Park is 20,000 ha with a wilderness/core zone of at least 10,000 ha in its natural state, which represents the most undisturbed expanses of Europe's remaining
112	1293652	KE	G	ilri.cgiar.org	A B C are: a) on natural pasture at a rate of 5 ha/LU, 400 ha ; b) on Brachiaria ruziziensis, after 3 years, 80 ha; c
113	3636524	KE	B	afejnews.org	A B C 150,000 ha to jatropha in three instances. The government has also acquired 1.4 million ha for industry (presumably another SEZ) in a single deal. Indian companies are
114	1298278	KE	G	mashada.com	A B C and that message is irrelevant. We are not a colony!! " lol ha ha ha ha ha ha ha: maze do any of you guys need tissues
115	1299965	KE	G	nation.co.ke	A B C with shock. # What has surprised you about the way Kenyans have received the Ha He video? # The level of creativity in coming up with the Makmende facts
116	3641230	KE	B	mahider.ilri.org	A B C in rice production. In 2010, the rice area had increased to around 15,500 ha , of which over 5000 ha was in the uplands. This increase has also
117	3640901	KE	B	...mekucha.blogspot.com	A B C This is like that FABLE of the WHITE MAN'S BURDEN! Bwa ha ha ha he he he hi hi hi we we we ra ra ra # xxx #
118	1302027	KE	G	...storalismjournal.com	A B C pastoral rights to about 235,456 ha, and the runholders bought titles to about 278,897 ha . In terms of option values and property rights, the Crown bought the option
119	3648851	KE	B	lesleighinc.com	A B C over some people, they escaped death by a whisker. Ha! Ha! Ha ! Ha! Ha! # That said, we had fun, we drunk
120	1302841	KE	G	reggaelyrics.info	A B C doing it just right, we getting it perfect Special request for you and yours ha ha Now here come the music # Verse 1 # With all the problems in
121	1296131	KE	G	kenyan-post.com	A B C and u have failed please publish things that will help Kenyans not ur nonsense # Ha ha ha... Emotions emotions... When you angrily state that something on this post
122	1296132	KE	G	kenyan-post.com	A B C HA HA HA HA HA who remember those commotion when was elected the president...... ha ha ha ha ha he will help us to upgrade the village roads... nothing
123	1302016	KE	G	...storalismjournal.com	A B C (Oldeman et al. 1991), for example, estimates that 680 million ha of rangeland have become degraded since 1945, and (Dregne et al. 1991
124	1293660	KE	G	ilri.cgiar.org	A B C with three replicates. The treatments were 0, 50 and 100 kg of kanwa/ ha (KW 0, KW 1 and KW 2) and 0, 18,
125	1293761	KE	G	ilri.cgiar.org	A B C of treatments for the entire season were: # Millet, traditional # 292 hours ha -1 # Millet, hand-cultivated # 240 hours ha -1 # Millet, animal traction
126	1293640	KE	G	ilri.cgiar.org	A B C each unit was subsequently expressed, for each species in weight of dry matter per ha (kg DM/ha). Generally the measurements were carried out during a relative rest
127	1293788	KE	G	ilri.cgiar.org	A B C French, 1983). # Carter (1978) estimated that approximately 30 million ha of fallow land in North Africa and West Asia are suitable for ley farming.
128	1309396	KE	G	wanjeri.com	A B C fortunate enough to purchase from a street vendor at KES 100 on 10/10/12. ( Ha !) # I found the book incredibly engaging, imaginative and thoroughly thought-provoking and
129	1286691	KE	G	capitalfm.co.ke	A B C of' He gives me money' but a time will come when you will ha # ve your own husband and it would hurt you so much when you realise
130	1293801	KE	G	ilri.cgiar.org	A B C gayanus groups would be seriously affected, it could be expected that of the 11,000 ha of the ranch, 2,000 at the most instead of 3,000 LSU could be maintained
131	1293783	KE	G	ilri.cgiar.org	A B C grazed freely from small plots or mini fodder banks (FB) of about 0.1 ha of herbaceous legume. After crop harvest, they roamed freely and grazed crop residues
132	1293767	KE	G	ilri.cgiar.org	A B C is extremely skewed to the left with 52% of the farmers owning less than 1.5 ha . The proportion of farmers owning between 1.5 ha and 2.5 ha accounts for 25%
133	1304565	KE	G	southworld.net	A B C the forest. Owing to this kind of practice and slash-and-burn agriculture, over 520,000 ha of forest have disappeared in Madagascar in the past decade. Environmentalists fear that at
134	1304565	KE	G	southworld.net	A B C Madagascar Corporation and Tozzi Green, which signed a contract for the lease of 100,000 ha of land. Land grabbing is not the only scourge in the current difficult period
135	3637102	KE	B	...a.wildlifedirect.org	A B C activities to take place especially if Nature Kenya agreed to setting a side of 32,000 ha to be allocated to the county council for jatropha growing. 4. The press
136	1831121	KE	G	kenyadevfund.org	A B C not only is Lilian Deaf, but she is going blind as well. She ha already lost sight in one of her eyes and the other is deteriorating rapidly.
137	1293791	KE	G	ilri.cgiar.org	A B C with virtually no arable land kept fallow. The average farm size is around 2 ha . Teff is the principal cereal grown, the other important crops being wheat,
138	1297998	KE	G	mapkibera.org	A B C really should. It makes a difference between a good and a mediocre mapper/cartographer. Ha , whatever, no it doesn't. I think it's very time consuming
139	1293767	KE	G	ilri.cgiar.org	A B C to Ginchi or Dogollo, Twenty-one per cent of the farmers own less than 1.5 ha , and 61% of the farmers own between 1.5 ha and 2.5 ha. Only
140	3642850	KE	B	saykenya.com	A B C your next job is to just go to sleep for 5 days (?? ha ha!??), come back and see how over flooded your account
141	3821126	KE	B	kenyaforum.net	A B C me fell proud to Kenyan. # 2011/10/31 ADBI GUFU: Ha ha ha ha ha ha ha ha ha fighting with Al-Shaabab is like fighting with MUNGIKI but any way
142	3647180	KE	B	getmziki.com	A B C good for radio songs. TAKE it back to KAPUKA this KAPUKA that -- Ha ha (he will probably punch me when he reads this, considering how buff he
143	1293652	KE	G	ilri.cgiar.org	A B C , 80 ha; c) on Panicum maximum, after 5 years, 40 ha . These figures are average but they clearly show that it is easier to find
144	1285866	KE	G	biotechkenya.com	A B C In 2008, Jatropha was planted on an estimated 900,000 hectares globally, 760 000 ha in Asia, 120,000 ha in Africa, and 20,000 in Latin America. #
145	1830160	KE	G	getmziki.com	A B C did in the Chapaa remix. Collo was just okay... BUT BAMZY ha ha ha ha... I cant lie actually if it wasn't for the fact that I
146	1305062	KE	G	standardmedia.co.ke	A B C believe that all of them are guilty as charged. The most logical thing would ha been to probe the chiefs on individual basis and take appropriate action on those found
147	1302022	KE	G	...storalismjournal.com	A B C reallocate grazing from livestock with wildlife. A similar survey of 15 properties and 446,818 ha in the more arid Lowveld in 1986 (including Buffalo Range Ranch) confirmed that
148	1302027	KE	G	...storalismjournal.com	A B C 28 new owners who have sold land since privatisation initially bought freehold title to 101,752 ha from the Crown for NZ$6.9 million. They have subdivided and/or sold 47,110? ha
149	1309366	KE	G	wamathai.com	A B C through him like clear glass. He tells me loves me at some point. Ha ! Really? I give him an exasperated smile. He asks me if I
150	3651257	KE	B	thinkersroom.com	A B C if given to a politician he can travel to the moon and back, ha ha ! " # " But, " asks a cousin morosely, who forgets to
151	1290972	KE	G	getmziki.com	A B C So to me I call this -- Kenyan urban Soul -- KUS Music ha ha ha ... // please help us define what this sound is.. What do you think
152	1293058	KE	G	humanipo.com	A B C also Kua lead dog son? " A few teachers Ma Pi, directly clap ha the Wei baron's tooth almost smiled a ground of top, was full of
153	1302027	KE	G	...storalismjournal.com	A B C For comparison, Israel is 2 million ha, and Belgium is about 2.5 million ha . # b In New Zealand, a' runholder' is a pastoralist who
154	1298201	KE	G	mashada.com	A B C of cultural undertaking there exist reasons, purpose and way of execution. # Ha ha ha, mzee Kijana, anyway, they will come and,, what an
155	1275054	KE	G	...aycaray.blogspot.com	A B C are getting a divorce, although my real life parents stayed together to fight, HA ! Mostly I feel relieved that we will not try to follow CS into the
156	1293660	KE	G	ilri.cgiar.org	A B C Stylosanthes hamata cv. Verano) was obtained by applying 50 kg of kanwa per ha , at a total cost of only US$ 5.00. Introduction # With an
157	1293717	KE	G	ilri.cgiar.org	A B C and is mostly captured by large dams to irrigate nine areas that total approximately 800,000 ha . # Unreliable rainfall, fragmented land ownership patterns, generally poor integration of crop
158	1293648	KE	G	ilri.cgiar.org	A B C costs. The figures in Table 2 suggested that a settlement scheme of perhaps 500 ha , requiring boundary fencing to keep out goats, with further scale economies in fencing
159	3647910	KE	B	kamaltolia.com	A B C , the disembodied sounds rent the eerie silence!....' Ha ha ha ha ha .... Hee hee hee hee hee.... Hi hi hi hi hi...., Ho
160	1290946	KE	G	getmziki.com	A B C who says " Mziki umeenda shule " is definitely a Tanzanian!! ha ha ha . Whatever works for your marketing gimics is fine with me -- the song is
161	3821955	KE	B	yagrein.blogspot.com	A B C seeds to a depth of 5-8 cm at a seed rate of 40-50 kg per ha is recommended depending on the seed size. # Groundnuts have two main types namely
162	3648086	KE	B	...nyaflowercouncil.org	A B C Ghana, Algeria, Morocco, Libya and Kenya (with 27 machines and 1500 ha irrigated for this Kenyan farm), East Europe and South America. # What
163	1302841	KE	G	reggaelyrics.info	A B C ##1302841 I Want To Be Free # Intro: Yeah! Rastafari, ( ha ) Ethiopia, Africa Yes! We doing it just right, we getting it
164	1293767	KE	G	ilri.cgiar.org	A B C The land holdings of about 54% of the farmers fall between 1.5 ha to 3.5 ha . Contrary to that at Ginchi, farm land holdings at Dogollo, is extremely
165	3646138	KE	B	...nsofanoniomaniac.com	A B C foodstagram post of the day (apologies for my immature friends and their middle fingers ha !). I was really not keen to hit up my lecture or tute
166	1293779	KE	G	ilri.cgiar.org	A B C the more important fields for future investigation. # Chobela has an area of 3000 ha and is located on the right bank of the Nkomati river, at 2500'S
167	3648681	KE	B	kurlykichana.com	A B C anti bacterial soap and said a little prayer hoping that the spots would disappear. Ha !! This pecky buggers were not having it. Evidence below, # Since
168	3649230	KE	B	mm.co.ke	A B C live in a flat and i drive german if that counts # karucy # ha ha ha na nini ingine? # Anonymous # All said and done, Miguna's
169	1290972	KE	G	getmziki.com	A B C ways... So to me I call this -- Kenyan urban Soul -- KUS Music ha ha ha... // please help us define what this sound is.. What do
170	1828438	KE	G	...cissist.blogspot.com	A B C in the morning, and I am awake, doing my job... blogging. Ha , no. I just sent in something that was due a while back.
171	3636524	KE	B	afejnews.org	A B C land at home to non-farm uses. As of April this year, 4.6 million ha of agricultural land within the country has been leased or bought and converted into non-agricultural
172	1293739	KE	G	ilri.cgiar.org	A B C allocated to the three major crops: wheat, teff and barley. About 0.2 ha is allocated to pulses, mainly horse beans and field peas and about 0.17 ha
173	1296365	KE	G	kenyan-post.com	A B C even when in goverment still critizing the the gover.. Alifanya Nyachae aende nyumbani.. Ha ha ha ha am smiling at dis race..!! am a diaspora and
174	1278526	KE	G	...mekucha.blogspot.com	A B C the Spanish bull on way to SLAUGHTER. # Bwa ha ha ha ha ha ha hi hi wewe wu wu wu fu fu fu gu gu gi ge ge ge
175	3640899	KE	B	...mekucha.blogspot.com	A B C oversee the construction of his presidential library? # XXX # Bwa ha ha ha ha hi hu hu hu wa wa wa wa we wi wi # We assure thee
176	1293660	KE	G	ilri.cgiar.org	A B C analysis of crude protein (CP) yield revealed that applying 50 kg of kanwa/ ha (at a cost of 4 or US$ 5) increased the CP yield of
177	1293761	KE	G	ilri.cgiar.org	A B C weeding method on millet yield and dry-matter production a # Treatment # Yield (kg ha -1) # Millet grain # Millet dry matter # Weed dry matter # Total
178	1293791	KE	G	ilri.cgiar.org	A B C limit agricultural production. Average farm size is around 3.3 ha, of which 2.3 ha are cultivated and l ha is kept fallow. The main crops are barley,
179	3645064	KE	B	bankelele.co.ke	A B C wrote on the approval: " You are sending an application to a dog! Ha ha ha. " # The card ARRIVED three weeks later. 13 Credit has been
180	3642337	KE	B	...nyange.wordpress.com	A B C average Norwegian woman. Looking at them, I thought, " Ha ha ha ha ! What a joke, the difference between the two of them is so small
181	3643128	KE	B	softkenya.com	A B C recognized by peers as a leading litigator in Constitutional Law and Judicial Review Cases. Ha also has been recognized by the Kenya- USA Society as a Leader in the mould
182	3645528	KE	B	capitalfm.co.ke	A B C of' He gives me money' but a time will come when you will ha # ve your own husband and it would hurt you so much when you realise
183	3646364	KE	B	dennisitumbi.com	A B C Tana Delta land for developments may be summarized as follows: # TARDA land 40,000 ha with 20 ha already developed with some of it currently under maize in response to
184	1289455	KE	G	fao.org	A B C under smallholder coffee in Central Province increased from just under 5,000 ha to around 40,000 ha (Thurston 1987:132, Kitching 1980:318). In comparison, the area under smallholder
185	3637051	KE	B	amisom-au.org	A B C trials and tribulations that our continent has suffered over the years, Africa's spirit ha s not been jaded and our optimism has not faded away.Our s is not blind
186	1833993	KE	G	worldurbanforum.org	A B C use in the long term. In the reconstruction of Cato Manor (a 2000 ha site well located near the centre of Durban, South Africa), the pooling
187	1278526	KE	G	...mekucha.blogspot.com	A B C FLAG is to the Spanish bull on way to SLAUGHTER. # Bwa ha ha ha ha ha ha hi hi wewe wu wu wu fu fu fu gu gu gi
188	1289455	KE	G	fao.org	A B C Kitching 1980:64). By 1937, it was estimated that there were nearly 18,000 ha of wattle in Murang'a District alone (compared with 9,700 ha in Nyeri and 6,100
189	1293058	KE	G	humanipo.com	A B C Is it all right to start? ". # liqingwu0 to Followers " Ha ha , the Si gave a teacher to joke, that boy since promised the affair
190	1827241	KE	G	...ristpoweredradio.com	A B C the same time sleeping so I will have to go with all of the above ha ha ha # What's the gospel to you, and how does that understanding
191	3651265	KE	B	thinkersroom.com	A B C u have to tick the box that says " YES ". # HA HA HA HA HA!! Hilarious!! I am trying to get the visual of
192	1293648	KE	G	ilri.cgiar.org	A B C costs on larger blocks. # Site Area # Goma 14 ha # Tomali 28 ha # Costs US $/ha l # ? US $/ha? # Fencing # Materials #
193	1293764	KE	G	ilri.cgiar.org	A B C , 24% was carried out free-of-charge for relatives or for the plow men (1.6 ha per pair) and 54% (3.6 ha per pair) was contract plowing for
194	1292210	KE	G	graduates.com	A B C me in form one? You used to go by the name Dob! ( Ha ! Ha!) I remember that also. And your friends BOB and Xuma
195	1290087	KE	G	freshplaza.com	A B C In the east and west of the Nile delta SONAC control operations on over 3700 Ha (9143 acres) of sandy soil, with a full range of machinery to
196	3640899	KE	B	...mekucha.blogspot.com	A B C to Othaya to oversee the construction of his presidential library? # XXX # Bwa ha ha ha ha hi hu hu hu wa wa wa wa we wi wi #
197	1293764	KE	G	ilri.cgiar.org	A B C plowed is 6.7 ha per pair per year, well beyond the target of 5 ha . With various local hire arrangements, one plow can serve up to ten farmers
198	1293764	KE	G	ilri.cgiar.org	A B C area of the North-Western Integrated Rural Development Project the average area now plowed is 6.7 ha per pair per year, well beyond the target of 5 ha. With various
199	1278948	KE	G	m.news24.com	A B C firm which is going to be located at Ndege Oriedo is going to occupy 124.8 Ha . of land out of which only 20ha are remaining. # The sugar industry
200	1827212	KE	G	...aycaray.blogspot.com	A B C to find a way to survive until Rod gives her what she deserves. ( HA !) # Frankie pours on the French 101. Kiss, hug. He
201	1282737	KE	G	westfm.co.ke	A B C which is rated highly in terms of agriculture production last year had 248, 100 ha under maize production producing 5,890,000 bags worth Sh. 11.8 Billion against 172, 900
202	1289457	KE	G	fao.org	A B C management problems. # The total water managed area in 2003 was about 110 000 ha , of which 103 203 ha (94 percent) was under full control (
203	1307705	KE	G	un.org	A B C as agriculture, human settlements, etc. as follows. # Year # Additions ( ha ) # Excisions (ha) # 1992 # 1993 # 1994 # 201.40 #
204	1278351	KE	G	kikuyu.com	A B C Ta wiciirie kana nii ndita Wangu no mie bara riu??? Ha ha ha # It is fruitless to attempt to indoctrinate a superannuated canine with innovative maneuvers.
205	1293755	KE	G	ilri.cgiar.org	A B C ha per working woman, and in the case study, women cultivated approximately 0.21 ha each. Rice production techniques are manual and it seems reasonable to assume that case
206	3643799	KE	B	tivi.co.ke	A B C Baba boi's defeated face as he is asked this just takes the cake ha ha ha. It's like " Woman shut up already and let me eat in
207	3644691	KE	B	agentoffergie.com	A B C ' on your evil banter. " # Roman chuckled to himself. " Hah ha , always the funny man. I am glad you approve but I must admit
208	1285684	KE	G	awaazmagazine.com	A B C chopped off but is still extremely concerned about the loss of his expensive watch. Ha ! Ha! Ha! Just like those materialistic Indians! # The trouble I
209	1293669	KE	G	ilri.cgiar.org	A B C by 1 week, and fertilizer was applied at the rates of 15 kg N ha -1 and 21 kg P ha -1 (Table 3). # a Subscripts
210	1293764	KE	G	ilri.cgiar.org	A B C distance of 5 km. # Plowing # In the 1986/87 season, roughly 1750 ha (43% of the total cultivated area in all three Districts) were plowed by
211	3640909	KE	B	...mekucha.blogspot.com	A B C Kenya full overtakes Singapore's GDP economy NA BADO. " # xxx # Bwa ha ha ha ha ha he he he wa wa wa wa # You build infrastructure
212	1830703	KE	G	ilri.cgiar.org	A B C woman dairy farmer # Sumitraben Amratbhai Patel is a 33-year old marginal farmer with 0.46 ha of irrigated land. She belongs to a nuclear family, consisting of her husband
213	1302022	KE	G	...storalismjournal.com	A B C (Figure 1). Consequently, this part of the ranch (some 9,000 ha ) was degraded, and George Style experimented with wildlife as much as a hobby
214	3648073	KE	B	...nyaflowercouncil.org	A B C , down 2 percent from the 2010 area of 730 million square feet (6,780 ha ). # In May, the Dutch export of flowers and ornamental plants went
215	1293767	KE	G	ilri.cgiar.org	A B C # In the highland Vertisol areas farm sizes are' small averaging less than 0.5 ha per family member (Table 2). However, they have to support large
216	1828437	KE	G	...cissist.blogspot.com	A B C in the morning, and I am awake, doing my job... blogging. Ha , no. I just sent in something that was due a while back.
217	1273322	KE	G	195.202.82.11:8080	A B C (KARI) coupled with other control measures have reduced water hyacinth levels from 6000 ha to a current estimate of 400 ha., on the Kenyan Side of the lake
218	1292447	KE	G	handpump.org	A B C again without safe water. # It is becoming clear that Africa has a hidden ha ndpump crisis. # Apart from severe water problems in a community when their handpump
219	1830687	KE	G	ilri.cgiar.org	A B C Parkinsonia aculeata (280 ha planted 10 and 15 years ago, together with 100 ha of Prosopis juliflora planted in 1979. Since 1978 a considerable effort has been made
220	1830827	KE	G	irinnews.org	A B C Soon every African village will know what the weather may bring # A village like Ha Tsiu in Lesotho may know how climate change might affect the rainfall over their area
221	1296625	KE	G	...nyanentrepreneur.com	A B C resukts in his office coz the ODM clowns would't let him. # Plus ODM Ha a very smart, albeit fraudulent strategy. they took over all their stronghold polling
222	1293057	KE	G	humanipo.com	A B C ##1293058 # liqingwu0 to Followers " Ha ha, the Si gave a teacher to joke, that boy since promised the
223	1289875	KE	G	freshplaza.com	A B C Limagrain Deutschland GmbH, AgriDirect have questioned about 500 German agriculturists with more than 50 HA about the use of new technologies. # Smartphones mainly popular with young agriculturists #
224	3642091	KE	B	niaje.com	A B C shit "... haha.. very funny # http: //twitter.com/AshaMweru Asha Mohammed # ha ha ha ha HILARIOUS.... you know your shit. # http: **30;238;TOOLONG Sam Gichuru
225	1308404	KE	G	unep.org	A B C of 40,000 in a range of 2.5 km from potential users; situated on 1.6 Ha (4 acres). # 6.4.2 Education Facilities # The structure plan concentrated mainly
226	1293801	KE	G	ilri.cgiar.org	A B C of normal rainfall. Introduction # The Niono ranch covers an area of 11,000 ha . Though it was demarcated in 1960, not until 1969 did Boudet (IEMVT
227	3636524	KE	B	afejnews.org	A B C the heap. And yet, the intrepid Indian government itself has acquired one million ha of land in Ethiopia to grow jatropha, which yields renewable energy. # The
228	3643513	KE	B	thearsenalblog.com	A B C the game. Hopefully, us Gooners will get a decent look at Giroud before ha puts on an Arsenal shirt. # Hopefully Chamakh and Bendtner will be gone before
229	1830703	KE	G	ilri.cgiar.org	A B C with less than 1 ha of land; only two respondents owned more than 2 ha of land. # All the respondents owned livestock, consisting of cattle and buffalo
230	1293669	KE	G	ilri.cgiar.org	A B C was applied at the rates of 15 kg N ha -1 and 21 kg P ha -1 (Table 3). # a Subscripts indicate the number of kg of
231	3819756	KE	B	mercys-kenya.com	A B C that the love for oneself is the greatest gift you can give to yourself. Ha ! As for me, I choose to live. I choose to laugh.
232	1293767	KE	G	ilri.cgiar.org	A B C less than 1.5 ha. The proportion of farmers owning between 1.5 ha and 2.5 ha accounts for 25%. At the time of the survey only 2% of the farmers
233	1293664	KE	G	ilri.cgiar.org	A B C impact of this low-input technology on food production in Ethiopia, which has 8 million ha of Vertisols in the high-rainfall highland areas, is considerable. # The broadbed maker
234	1293764	KE	G	ilri.cgiar.org	A B C by oxen drawing 260 oxplows. The average area plowed by one pair was 6.7 ha which is well beyond the target of 5 ha. This was encouraging, particularly
235	1283074	KE	G	7seatercars.info	A B C that discussion in the design meetings? Now that's a competitive edge. Ha ha
236	1279217	KE	G	mfunity.com	A B C ##1279218 # T ha nks f or the great Meetings. It was a pleasure for us to meet
237	3643225	KE	B	somaliwarmonitor.com	A B C flipped on me and told me to just keep my stupid mouth shut. Ha ha . To explain my frame of mind, around those times I used to go
238	1293998	KE	G	...nfonet-biovision.org	A B C from 30 to 150 fruits annually, giving 35 to 50 tons of fruit per ha per year. A papaya plantation can be productive for over 10 years but the
239	3642850	KE	B	saykenya.com	A B C the hang of it, it will take about 30 seconds for each newsgroup! ha ha, when this is done, your next job is to just go to
240	1308259	KE	G	unep.org	A B C The total area of medium farms (5 -- 200 ha) was 730 000 ha , comprising 7 300 farms. Small farms (The average cost for irrigation development
241	1302027	KE	G	...storalismjournal.com	A B C been subdivided into at least 865 parcels, of which 550 are smaller than 50 ha . These 865 parcels are now freehold, and open to development (Swaffield and
242	1293768	KE	G	ilri.cgiar.org	A B C in six working hours by a pair of oxen ranges from 0.4 ha to 1.2 ha for this and the previous BBM. The rate of work depends on the number
243	1293735	KE	G	ilri.cgiar.org	A B C increased maize yield with gradual replenishment of soil P. Smaller rates of 10 kg P ha -1 contributed to soil P depletion, while large seasonal applications of 150 kg P
244	3643380	KE	B	...idbits.wordpress.com	A B C toilet rolls could speak this is what they would exactly tell you, " HA HA you're fucked now! " # Assume the place as a tissue paper,
245	1290091	KE	G	freshplaza.com	A B C Areas dedicated to this farming have boomed from 285,000 hectares in 2008 compared with 34,000 ha only in 2003. # Tunisian Essential oils are known on the international market especially
246	1832720	KE	G	saidilrizamuda.com	A B C you are still more experienced than someone. If you have had an " ah ha " moment, or learned something worthwhile, save someone the struggle and share it
247	3819633	KE	B	...mekucha.blogspot.com	A B C a' wild idea' just like that and think we will sit pretty ( ha ha ha Phil!) and make this another version of' Chris' -MB
248	1293058	KE	G	humanipo.com	A B C also Kua lead dog son? " A few teachers Ma Pi, directly clap ha the Wei baron's tooth almost smiled a ground of top, was full of
249	3643670	KE	B	...cissist.blogspot.com	A B C ? I'm going to do it anyway though, that's purely rhetorical, ha . So half of this week's bad karma goes to the chick who washes
250	1289533	KE	G	fieldgemology.org	A B C to learn that our destination: The Cat Ba Island, the largest island of Ha Long Bay, is inhabited by the " Cat Ba Langur " a rare endemic
251	3636524	KE	B	afejnews.org	A B C Indian government itself is the worst offender, having converted two million ha, 180,000 ha and 150,000 ha to jatropha in three instances. The government has also acquired 1.4
252	3643766	KE	B	thiskenyanlife.com	A B C put emphasis on saving face, not exposing others' vulnerabilities... # Rkahendi : Ha ! i went to check out your blog and forgot to come back. *blush*
253	1309854	KE	G	...roforestrycentre.org	A B C ha of A. mangium plantations have been established in Sabah, and about 42 000 ha in Peninsular Malaysia. Natural Habitat A. mangium is a species of the humid,
254	3647149	KE	B	getmziki.com	A B C infested country. # ps. Has anyone ever seen an Zimbamwean ID ha ha ha those things are made of metal!!! I wonder how they get past
255	1293761	KE	G	ilri.cgiar.org	A B C drymatter production of crop and weeds is relatively stable across treatments at about 3860 kg ha -1 indicating clear competition between crop and weeds. In the case of intercultivation without
256	1296130	KE	G	kenyan-post.com	A B C have always paid their taxes without coercion. # ha ha ha ha ha ha ha look at grown up men becoming emotional because of another man speak of gayism.....
257	1308404	KE	G	unep.org	A B C to high density areas special provision for children play spaces becomes necessary. That 0.2 ha (0.5 acres) of play space per 1000 people should be provided in all
258	3820826	KE	B	ea-biz.com	A B C should haven't seen this kind of now'game'? Stimulate very much of! Ha ha. the dragon helps of indeed as expected live up to reputation. this
259	1302022	KE	G	...storalismjournal.com	A B C Zimbabwe, for example, the late George Style of Buffalo Range Ranch (20,000 ha ) had a penchant for wildlife. From the mid-1950s, he developed a successful
260	3644693	KE	B	agentoffergie.com	A B C and he held his sides as he tried to finish the story. # " Ha ha ha, I never seen him run so fast! And the look on
261	1308259	KE	G	unep.org	A B C and classifications put the area of land suitable for irrigated agriculture at about 10 million ha . However, the limiting factor is water. Depletion of non-renewable " fossil "
262	1293755	KE	G	ilri.cgiar.org	A B C (Central Statistics Department), in the NBD cluster area there is approximately 0.55 ha of rice land per working woman (women in the age group 13-59 years)
263	1293647	KE	G	ilri.cgiar.org	A B C Table 11.1. # Table 11.1. The average number of sheep grazing days per ha provided by drought resistant fodder crops at the Grootfontein College of Agriculture. # Shrub
264	1831307	KE	G	kenyan-post.com	A B C learn their business after-all you are not God to be lied to. # Aha ha hahaaa!!!! I got you anon 03:27. Pure kabisa wewe.How can
265	1307705	KE	G	un.org	A B C , etc. as follows. # Year # Additions (ha) # Excisions ( ha ) # 1992 # 1993 # 1994 # 201.40 # 21,010.50 # 3,365.68 # 0.00
266	1830688	KE	G	ilri.cgiar.org	A B C . For this purpose we started four nurseries covering a total area of approximately 40 ha . The nurseries are equipped for producing the necessary young plants to a satisfactory quality
267	1282871	KE	G	...orldagroforestry.org	A B C By the end of 2011, the project had mapped soil carbon for some 50,000 ha . As a general rule, the lower the soil carbon content, the more
268	1293719	KE	G	ilri.cgiar.org	A B C just 5.543 million ha (23%) is available for grazing, remaining 4.72 million ha (19.6%) has degenerated into unproductive semi-dry grasslands. According to the 1991 National
269	1290972	KE	G	getmziki.com	A B C ... So to me I call this -- Kenyan urban Soul -- KUS Music ha ha ha... // please help us define what this sound is.. What do you
270	1828952	KE	G	agricultureday.org	A B C our land production systems in the next 50 years. We need another 120 million ha of arable land to be put into production to meet future demand. We need
271	1293657	KE	G	ilri.cgiar.org	A B C The average farm size of the farmers testing the single ox in 1983 was 1.9 ha (all cultivated) around Debre Zeit and 2.5 ha (of which 1.4 ha
272	1290970	KE	G	getmziki.com	A B C as he did in the Chapaa remix. Collo was just okay... BUT BAMZY ha ha ha ha... I cant lie actually if it wasn't for the fact
273	3643674	KE	B	...cissist.blogspot.com	A B C Choices can be made fast and easy (like the best kind of girl? Ha ) The prices are higher than Java, and the portions are smaller than Java
274	1297168	KE	G	kidslibstrust.org	A B C heard a tree falling down. He heard a Giant laughing. " Ha! Ha ! Ha! I'm going to eat you, you little tiny thing!
275	1289285	KE	G	everyculture.com	A B C you again:) LEBANESE FOR LIFE!!! (I'm Lebanese, ha ) # thank you so much for an excellent and informative piece.. the best
276	1308404	KE	G	unep.org	A B C of 1 ha (2.5 Acres) land per stream of primary, and 3 ha for 3 streams. A small reduction in these standards would be permissible if the
277	1278526	KE	G	...mekucha.blogspot.com	A B C a RED FLAG is to the Spanish bull on way to SLAUGHTER. # Bwa ha ha ha ha ha ha hi hi wewe wu wu wu fu fu fu gu
278	1289452	KE	G	fao.org	A B C the late 1920) s that most sub-clan holdings ranged in size from about 20 ha to nearly 2,500 ha although they generally were between 80 and 120 ha in size
279	1278351	KE	G	kikuyu.com	A B C . # Ta wiciirie kana nii ndita Wangu no mie bara riu??? Ha ha ha # It is fruitless to attempt to indoctrinate a superannuated canine with innovative
280	1293788	KE	G	ilri.cgiar.org	A B C used because there is a commitment to develop large areas, more than 20 000 ha in one instance. In most cases sheep are managed using fences, and sometimes
281	1293761	KE	G	ilri.cgiar.org	A B C with 1080 kg ha -1). The pure stand of cowpea yielded 600 kg ha -1 of grain and 1230 kg ha -1 of hay while the traditional system yielded
282	1281417	KE	G	somaliwarmonitor.com	A B C in a Tunisian jail for terror charges (playing with Nitric Acid and other chemicals ha ha), and after being set free by virtue of a French passport he
283	1298278	KE	G	mashada.com	A B C irrelevant. We are not a colony!! " lol ha ha ha ha ha ha ha: maze do any of you guys need tissues to wipe your tears
284	1308296	KE	G	unep.org	A B C to Dar es Salaam. Coast region has a total forest reserve area of 444,440 ha . # However, due to ongoing unsustainable harvesting of the forests, most of
285	1277391	KE	G	joe.frontlite.co.ke	A B C the blog (that's actually very funny " new kid on the BLOG " ha ha, the word is FRONTLITE
286	1293719	KE	G	ilri.cgiar.org	A B C million ha (6.73%) is under forests and game reserves and just 5.543 million ha (23%) is available for grazing, remaining 4.72 million ha (19.6%)
287	3643386	KE	B	...idbits.wordpress.com	A B C . Ps: that when I am physically there with people am like AWESOME ha ha but emails, chats, texts someone shoot me or maybe just call me.
288	3642126	KE	B	njambiemungai.com	A B C possible for the woman to say NO to this bullishness of men.... ha ha ha (am one!) that said ill add kids never forget... so the
289	1293647	KE	G	ilri.cgiar.org	A B C saltbush is usually sown directly at a rate of from 3 to 6 kg per ha . Normal seedbed preparation is followed where old lands are seeded. Where this crop
290	3649154	KE	B	mattruigu.com	A B C I figured she was too. So the ring was just a physical manifestation ( ha ) of this engagement, no,
291	1310279	KE	G	...nafricachallenge.com	A B C , " a graceful long-necked water bird, and something that often comes before " Ha " - what country am I thinking of? # BOTSWANA (Bought+Swan+Ah) #
292	3637810	KE	B	...ukhanga.blogspot.com	A B C tv sites till the kids go to bed) # Did someone say premiership? Ha ! Gives me time to do somethin else by myself! Provided he's not
293	1281975	KE	G	...cissist.blogspot.com	A B C n't read a whole lot of non-fiction lit like law journals or medical ninininis, ha ). And I had never really been sure as to whether anchovies (and
294	1293801	KE	G	ilri.cgiar.org	A B C impact on the value of the rangelands. From the productivity assessed, the 3,560 ha of Group A4, which could have sufficed in maintaining almost half the 3,000 LSU
295	1298849	KE	G	mm.co.ke	A B C was moneyed then I could have backed them financially # http: //Website MIKE # ha ha ha i swear Changing times is such flop, they need to' cum
296	1293664	KE	G	ilri.cgiar.org	A B C # A pair of oxen drawing the broadbed maker can prepare between 0.4 and 1.2 ha of BBFs per day, depending on the number of passes made and the moisture
297	3820751	KE	B	commonlawreview.com	A B C the road. What do Germans speak when they come over here? Dutch? HA HA HA. No dice. They speak German, and they expect you to
298	3818960	KE	B	blog.jaluo.com	A B C the people for a vote. # He went on, " This is what ha become of our good and rich constituency which he people must decide to vote out
299	3649962	KE	B	...netrailingspouse.com	A B C everything else. Being a supportive of my husband (and cats, ha, ha ) just doesn't take up enough of my day! Anyway, I often
300	1290958	KE	G	getmziki.com	A B C had to listen to it for days to see if its worthy... ha ha ha And why lie its a good mix to have for short trips to the 711
301	1288503	KE	G	...plomateastafrica.com	A B C China and South Korean opponents Jung Kyun-eun and Kim Ha-na, and their fellow countrymen Ha Jung-eun and Kim Min-jung. Indonesia's Meiliana Jauhari and GreysiaPolii too were barred from
302	3643380	KE	B	...idbits.wordpress.com	A B C empty toilet rolls could speak this is what they would exactly tell you, " HA HA you're fucked now! " # Assume the place as a tissue paper
303	1290968	KE	G	getmziki.com	A B C # Although I do hope all these cars being flossed here are Jay's ha ha ha and not rentals. # Sidenote: Its amazing how a country that has
304	3641693	KE	B	music.ntwiga.net	A B C in the league of Martin Luther King. He is changing the world! # Ha ha ha. This is a masterpiece! I have had a good time listening
305	1296269	KE	G	kenyan-post.com	A B C this to educated pple like us thinking we can not read bettwn the lines ha ha ha> this ia cheap cheap waedelee na hii siasa will see how far it can
306	1296132	KE	G	kenyan-post.com	A B C HA HA HA who remember those commotion when was elected the president...... ha ha ha ha ha he will help us to upgrade the village roads... nothing is going
307	1293657	KE	G	ilri.cgiar.org	A B C under 1000 m 2 (7%) was cultivated with a single ox and 1.3 ha (93%) with ox-pairs. # Almost all the land cultivated in 1983 with
308	3640905	KE	B	...mekucha.blogspot.com	A B C debates on Kenyan airwaves come November 26th 2012. # xxxx # Bwa ha ha ha ha ha ha hu hu hu hi # Beauty parade for the MOST UGLY PEOPLE
309	1289457	KE	G	fao.org	A B C water managed area in 2003 was about 110 000 ha, of which 103 203 ha (94 percent) was under full control (Table 3). The remaining
310	1280988	KE	G	...ueless.wordpress.com	A B C does that leave us stable minded normal people? Oh ya, single and friendzoned ha ! # My guy friends sometimes make me believe that there is probably some hope
311	1297168	KE	G	kidslibstrust.org	A B C thing! What are you doing in my kingdom? Get out of here! Ha ha ha! " # Thomas wanted to fight the ugly Giant but he felt
312	1289457	KE	G	fao.org	A B C been pointed out above that agriculture in Kenya is mainly rainfed. Only 103 203 ha of the approximately 3 million ha put under food crops are equipped for irrigation,
313	1295984	KE	G	kenyan-post.com	A B C by a loyalist to the party. Because the seat belongs to ODM. # ha ha ha! why are people bitter? what part of democracy do nt u
314	1274400	KE	G	area254.blogspot.com	A B C Aviv) belongs to Biwott and he has the biggest ranch in Australia (10000 ha ) where he rare merino sheep. More Sources show that Biwott fully owns Kobil
315	1282737	KE	G	westfm.co.ke	A B C under maize production producing 5,890,000 bags worth Sh. 11.8 Billion against 172, 900 ha of beans that yielded 818, 00 bags worth Sh. 3.27 Billion. #
316	1293648	KE	G	ilri.cgiar.org	A B C All operations except clearing were done with machinery. The blocks were subdivided into 0.4 ha plots and let to selected farmers. The cost of developing the blocks was to
317	3821126	KE	B	kenyaforum.net	A B C far. It makes me fell proud to Kenyan. # 2011/10/31 ADBI GUFU: Ha ha ha ha ha ha ha ha ha fighting with Al-Shaabab is like fighting with
318	1293788	KE	G	ilri.cgiar.org	A B C studies indicated that net income varied from SL 56 per ha to SL 104 per ha (US $ 1 is approximately equal to SL 11): these figures can
319	1830703	KE	G	ilri.cgiar.org	A B C , a small village with 400 households, and with a total area of 507 ha , is in Matar Taluka of Kheda District. It is a multi-caste village inhabited
320	3640909	KE	B	...mekucha.blogspot.com	A B C arrogant as some may seem, they speak truth! # xxx # Bwa ha ha ha ha ha he he he hu ta ta ta ta ra ra ra ru
321	1289455	KE	G	fao.org	A B C (which had not been planted prior to around 1959) increased to around 10,000 ha in Murang'a District by 1985 (Kenya Tea Development Authority Annual Report 1985).
322	1293719	KE	G	ilri.cgiar.org	A B C of over 16.8 million (1991 census) has a land mass of 24.1 million ha , of which 5 million ha (20.75%) is arable land, 7.21 million
323	1296132	KE	G	kenyan-post.com	A B C HA HA HA HA who remember those commotion when was elected the president...... ha ha ha ha ha he will help us to upgrade the village roads... nothing is
324	3640905	KE	B	...mekucha.blogspot.com	A B C Presidential democratic debates on Kenyan airwaves come November 26th 2012. # xxxx # Bwa ha ha ha ha ha ha hu hu hu hi # Beauty parade for the MOST
325	3651265	KE	B	thinkersroom.com	A B C offences recently introduced. # Oh but there are many more # msaniixl # ha ha M.. you are crimino # Well...: D # http: //bcwangui.blogspot.com BCW
326	3642134	KE	B	njambiemungai.com	A B C One of the sound minded Kenyans Christopher Silwal put it so well.. " Ha ha ha, when in problems you cry for them to come and help break a
327	3647910	KE	B	kamaltolia.com	A B C other. Suddenly, the silence was rent with a loud' Ha ha ha ha , Hee hee hee hee.... Hi hi hi hi hi...., Ho ho
328	1293714	KE	G	ilri.cgiar.org	A B C 1 TLU per hectare of land, whereas on small farms (1 to 3 ha ), stock:land ratios of up to 4 TLU per hectare were recorded; perhaps
329	1293719	KE	G	ilri.cgiar.org	A B C , of which 5 million ha (20.75%) is arable land, 7.21 million ha (29.9%) is under open water and swamps, 1.63 million ha (6.73%
330	3640905	KE	B	...mekucha.blogspot.com	A B C on Kenyan airwaves come November 26th 2012. # xxxx # Bwa ha ha ha ha ha ha hu hu hu hi # Beauty parade for the MOST UGLY PEOPLE (
331	1278522	KE	G	...mekucha.blogspot.com	A B C from thinking about it, so sorry you taught me nothing new. # Ha ha he he hi hi " Martin King: Banks putting profits before customers "...
332	1290958	KE	G	getmziki.com	A B C I had to listen to it for days to see if its worthy... ha ha ha And why lie its a good mix to have for short trips to the
333	1279800	KE	G	na.unep.net	A B C since the area is primarily based on an agrarian economy. Some 6 879 655 ha of agricultural land have been submerged. In the Punjab alone, almost 404 685
334	3640218	KE	B	kaptld.info	A B C your dude and also seriously say thanks to him or her for all your campaigns ha has provided to create a D-day. # Inside wedding speech, do not forget
335	1302838	KE	G	reggaelyrics.info	A B C life is a cycle You got ta know how to get around, Woo! Ha ! # Chorus: Yes you got to be strong, and be all the
336	3638023	KE	B	cheupe.wordpress.com	A B C , kama umezoea every day, then 2 weeks is a very long time. Ha
337	3644688	KE	B	agentoffergie.com	A B C Cyril: Oh right. What can I do for you? # Jorge: Ha ! I call to see what I can do for you he-heh. You wan
338	3641693	KE	B	music.ntwiga.net	A B C the league of Martin Luther King. He is changing the world! # Ha ha ha. This is a masterpiece! I have had a good time listening to
339	3651648	KE	B	wacherahnjagi.com	A B C are an integral part of making our own history together. Deep, no? Ha ! # Mama has also been working on a really humongous project on writing.
340	3640909	KE	B	...mekucha.blogspot.com	A B C full overtakes Singapore's GDP economy NA BADO. " # xxx # Bwa ha ha ha ha ha he he he wa wa wa wa # You build infrastructure to
341	3649227	KE	B	mm.co.ke	A B C ahahahah hohohoho i can take a guess on culprit no. 1 # Karucy # ha ha haaaaaaaaaaa # i like this **25;2871;TOOLONG # Anonymous # karucy!!! salamz #
342	1308225	KE	G	unep.org	A B C agriculture production and the most in Africa. By 2004, Uganda had around 185,000 ha of land under organic farming covering more than 2 per cent of agricultural land,
343	1293761	KE	G	ilri.cgiar.org	A B C , while average grain yields have dropped from 480 kg ha -1 to 300 kg ha -1. Up to this time, the increases in millet production that have been
344	1276595	KE	G	...ani.jambonewspot.com	A B C stay with the company for x years after completion of your studies "? " Ha ha ha.. that is too funny. Do not even dare bring up such
345	1296067	KE	G	kenyan-post.com	A B C will ever trust him, not even any corporate entity or political constituency.... He ha reduced himself to a very petty person who is not driven by reason...... NKKKKKT
346	1830695	KE	G	ilri.cgiar.org	A B C tall pastures, usually with a high biomass (5 to 10 t of DM/ ha ) but of average to poor quality and difficult of access. Initial grazing leads
347	1302016	KE	G	...storalismjournal.com	A B C in Uganda, natural products from savannah woodlands and bushlands contributed up to US$30? ha ? 1 per year? 1 to the economic well-being of households (Bush et
348	1293767	KE	G	ilri.cgiar.org	A B C the farmers owning less than 1.5 ha. The proportion of farmers owning between 1.5 ha and 2.5 ha accounts for 25%. At the time of the survey only 2%
349	1293767	KE	G	ilri.cgiar.org	A B C between 1.5 ha and 2.5 ha. Only 5% of the farmers owned over 3 ha . # Land holdings are highly fragmented. The average number of plots per farm
350	1298278	KE	G	mashada.com	A B C We are not a colony!! " lol ha ha ha ha ha ha ha : maze do any of you guys need tissues to wipe your tears?
351	1830159	KE	G	getmziki.com	A B C high rotation in Kenya I can guarantee and I will see to it.. personally ha ha ha. # On this track Bamboo addresses all his critics, all the
352	1301932	KE	G	ourairports.com	A B C Sun, 27 May 2012 # Mr Smith earlier this year sold his 480 Ha farm to a Mombasa businessman, David Lagat. Mr Lagat wants to convert the
353	1830930	KE	G	jambonewspot.com	A B C may have been converted in to Hague 4 lifebuoy by money power # Mainmwangi # Ha ha ha.......... watu waende hague wote! kuishi kama sungura tumekataa. any person attacking
354	1293761	KE	G	ilri.cgiar.org	A B C planting. The two crops were sown the same day, cowpea at 32,000 hills ha -1 and millet at 13,000 hills ha -1. A uniform millet crop was planted
355	3639322	KE	B	...ani.jambonewspot.com	A B C sam, if he is black, you can not be allowed inside.. ha ha lol.. # yes i went to meet a friend in one of them (
356	1278747	KE	G	loveaddictnyc.com	A B C power, women are still expected to be the demure-shy type creatures. Ha ha ha ... way to go girl. # omg, i just started blogging myself and
357	1299161	KE	G	mwambao.com	A B C annals on the list of Who is Who in Sir Ali Primary School.' Ha tuambiye unfanya nini?' I said. It seemed that I was the one
358	3642850	KE	B	saykenya.com	A B C hang of it, it will take about 30 seconds for each newsgroup! ha ha , when this is done, your next job is to just go to sleep
359	1830159	KE	G	getmziki.com	A B C ways... So to me I call this -- Kenyan urban Soul -- KUS Music ha ha ha... // please help us define what this sound is.. What do
360	1306810	KE	G	thelongrun.com	A B C has carved a unique niche in the upmarket eco-lodge sector. This multi-award winning 2500 ha reserve is home to more than 760 different species of plants, offers warm hospitality
361	3651265	KE	B	thinkersroom.com	A B C have to tick the box that says " YES ". # HA HA HA HA HA!! Hilarious!! I am trying to get the visual of M
362	1296437	KE	G	kenyan-post.com	A B C avoid abuses and God will give you favor brother and sister. # Ha Ha Ha ! Very interesting how an issue to do with robbery of national property is turned
363	3641058	KE	B	likechapaa.com	A B C such unsupported, flimsy and' sloppy' comments on this serious blog. # Ha ha ha; as anyone can clearly see, this is a string of comments
364	1290970	KE	G	getmziki.com	A B C he did in the Chapaa remix. Collo was just okay... BUT BAMZY ha ha ha ha... I cant lie actually if it wasn't for the fact that
365	3641722	KE	B	...ishale.wordpress.com	A B C . Actually if a guy flashed out loads of money immediately I would think " ha , this one can not be used to having money, he needs to show
366	1293767	KE	G	ilri.cgiar.org	A B C land holdings at Dogollo, Ginchi and Inewari, 1988/89. # Farm sizes ( ha ) # Percentage of farmers # Dogollo # Ginchi # Inewari # Less than 1
367	3641618	KE	B	mteja.org	A B C letter had a letter head of NASCOP, a FAKE AND NON-EXISTENT COMPANY. # Ha ! I was once close to being conned but he got only 200 from me
368	1274997	KE	G	bringbackzack.com	A B C cancelled. We succeed in bringing it back for a 3rd season at least. Ha there been an Internet back then, WoW. I have been steadily writing the
369	1293761	KE	G	ilri.cgiar.org	A B C , hand-cultivated # 423 hours ha -1 # Cowpea, animal traction # 386 hours ha -1 # Table 3 provides a breakdown of the times required for each operation.
370	3640905	KE	B	...mekucha.blogspot.com	A B C Kenyan airwaves come November 26th 2012. # xxxx # Bwa ha ha ha ha ha ha hu hu hu hi # Beauty parade for the MOST UGLY PEOPLE (mostly
371	1281546	KE	G	...idbits.wordpress.com	A B C we guys fight over... C'm on now it's never that serious. ( ha ha did I say cute twice? but it really is) # Wonderful Wednesday
372	1293767	KE	G	ilri.cgiar.org	A B C and side slopes (Berhanu Debele, 1985). # Only about two million ha (25%) of the Vertisols in the Ethiopian highlands are presently cultivated. This
373	3821126	KE	B	kenyaforum.net	A B C to Kenyan. # 2011/10/31 ADBI GUFU: Ha ha ha ha ha ha ha ha ha fighting with Al-Shaabab is like fighting with MUNGIKI but any way let pray for
374	1289457	KE	G	fao.org	A B C as irrigation of the drained areas. So far, 5 percent (30 000 ha ) of the drainage potential has been developed. The realization of the full potential
375	1275870	KE	G	...learning.jkuat.ac.ke	A B C The relative change in area (ha) from bare land to vegetation was 1356.5 ha and 1218.8 ha compared to vegetation in 1986 which was 229.7 ha and 264.3 ha
376	1293762	KE	G	ilri.cgiar.org	A B C per farm (ha) # Commercial and medium scale farmers with more than 20 ha under cultivation Level of mechanization: own tractors # Traditional/peasant farmers having 5 or less
377	1292210	KE	G	graduates.com	A B C form one? You used to go by the name Dob! (Ha! Ha !) I remember that also. And your friends BOB and Xuma (I
378	1294031	KE	G	...nfonet-biovision.org	A B C estate (about 7%). The bulk of the forest estate (200 million ha ) support the indigenous forests which provide protective functions as well as yielding wood of
379	1297188	KE	G	kilimanjaro.com	A B C park, the exploitation of the minerals coltan and cassiterite, the allocation of 3,500 ha of concessions inside the park, the demand for bamboo, wood and charcoal and
380	3646364	KE	B	dennisitumbi.com	A B C for developments may be summarized as follows: # TARDA land 40,000 ha with 20 ha already developed with some of it currently under maize in response to the 2008/9 food
381	1299269	KE	G	naicity.co.ke	A B C , enabling growth and facilitating prosperity) in this specific day (ba ha yowm ha huw?? on this the one and only day (singular and specific and
382	1309280	KE	G	vii.org	A B C public telephone network; just over 84% were connected to automatic switching equipment and 75% ha d direct long-distance dialing (STD or subscriber trunk dialing) capability. There were
383	1286818	KE	G	capitalfm.co.ke	A B C and the girls will understand me.Kenyan women become foreign to me, the ideals i ha are no longer the same. Being able to understand each other and controlling cultural
384	1296269	KE	G	kenyan-post.com	A B C say this to educated pple like us thinking we can not read bettwn the lines ha ha ha> this ia cheap cheap waedelee na hii siasa will see how far it
385	1281546	KE	G	...idbits.wordpress.com	A B C guys fight over... C'm on now it's never that serious. (ha ha did I say cute twice? but it really is) # Wonderful Wednesday...
386	3645064	KE	B	bankelele.co.ke	A B C the approval: " You are sending an application to a dog! Ha ha ha . " # The card ARRIVED three weeks later. 13 Credit has been offered and
387	1287795	KE	G	coastweek.com	A B C ministry. # According to the report, out of long rains target of 749,044 Ha , 722,756 Ha was achieved, but harvests may decline. # " Owing to
388	1274386	KE	G	area254.blogspot.com	A B C ... sorry for the late posting... forgot to click publish.. Oh well # Ha ! I can see someone of you praying I get herpes for doing this LOL
389	1831461	KE	G	kifalme.com	A B C ? Poetry, dance? PEARL: I like to think I can dance! Ha ! No really, I do actually love poetry. Music is poetry to me
390	1294350	KE	G	irinnews.org	A B C , 17 September 2008 (IRIN) - Makoanyane Letsoara, a subsistence farmer in Ha Tsiu, a village 100km east of Maseru, capital of Lesotho, is in
391	1293714	KE	G	ilri.cgiar.org	A B C equivalent of 1.5 to 2.2 TLU per hectare, while those with 3 to 6 ha of land were stocked at 0.7 to 1.5 TLU per hectare. Most land is
392	1290968	KE	G	getmziki.com	A B C anyone really care that GetMziki has been on Beta testing for like 1 year now ha ha ha, we really should move things around here to proper directories and destinations
393	1296141	KE	G	kenyan-post.com	A B C on their evidence on the side of the accused they face defamation charges # HA HA HAAA. I really pity ICC. Do they really know Kenya and the Kenyans
394	3820751	KE	B	commonlawreview.com	A B C road. What do Germans speak when they come over here? Dutch? HA HA HA. No dice. They speak German, and they expect you to understand
395	1273356	KE	G	...xcuses.wordpress.com	A B C a comfy room in LA, California. I feel like I am rich... ha ha ha. But honestly, your blog is not only inspiring, but challenging
396	1296365	KE	G	kenyan-post.com	A B C in goverment still critizing the the gover.. Alifanya Nyachae aende nyumbani.. Ha ha ha ha am smiling at dis race..!! am a diaspora and from 4th
397	1298575	KE	G	misterseed.com	A B C reaps another # One good turn deserves another # 143. Handu ha njuguma na ha mugwi hatiganaine # The place to use the club and the above arrow are not
398	1283027	KE	G	1776mag.com	A B C located on the upper terraces of five natural clay, extending intermittently over about 28 ha .. Site investigations were Velikent type of the largest and gave most materials,
399	1830689	KE	G	ilri.cgiar.org	A B C in South West Africa (Namibia), where total biomass was 22 290 kg ha -1. # A feature of all these savanna areas is the large spatial variation
400	3647112	KE	B	g33kdiary.com	A B C from the water, the yellow slice rises to the top and spins. # Ha ! if you do not think that is genius, please go back to the
401	1296132	KE	G	kenyan-post.com	A B C your families and most of all trusting in God.. # HA HA HA HA HA HA HA HA who remember those commotion when was elected the president...... ha ha
402	3642126	KE	B	njambiemungai.com	A B C one its possible for the woman to say NO to this bullishness of men.... ha ha ha (am one!) that said ill add kids never forget...
403	1293764	KE	G	ilri.cgiar.org	A B C or for the plow men (1.6 ha per pair) and 54% (3.6 ha per pair) was contract plowing for other farmers. Thus up to 10 farmers
404	1278747	KE	G	loveaddictnyc.com	A B C next super power, women are still expected to be the demure-shy type creatures. Ha ha ha... way to go girl. # omg, i just started blogging
405	1287735	KE	G	...nge-foodsecurity.org	A B C sectors at low latitudes. (IPCC 2007) # Globally, some 3.6 billion ha (about 27% of the Earth's land surface) are too dry for rain
406	3640572	KE	B	...nbooks.wordpress.com	A B C of The Kenyan Runner, the one that had David Rudisha on the cover -- ha , I had to say that -- It has since changed names to Runners Magazine
407	1281417	KE	G	somaliwarmonitor.com	A B C a Tunisian jail for terror charges (playing with Nitric Acid and other chemicals ha ha ), and after being set free by virtue of a French passport he made
408	1833331	KE	G	theeastafrican.co.ke	A B C in the year. This is high compared with the previous year where only 570 ha of cane were poached, " noted the report. # Managing director Peter Kebati
409	3636524	KE	B	afejnews.org	A B C is the worst offender, having converted two million ha, 180,000 ha and 150,000 ha to jatropha in three instances. The government has also acquired 1.4 million ha for
410	3646364	KE	B	dennisitumbi.com	A B C mushrooming and such initiatives now amount to over 100,000 ha compared to the initial 20,000 ha for the original TARDA/Mumias project. All these are without prio-informed consent of the local
411	3650667	KE	B	standardmedia.co.ke	A B C PM they are called Kenyan men! # mzee moja 20 November 2012 12:32 AM ha ! this is a story that reverberates across the board in African homes.After marriage,
412	1279744	KE	G	...uandrew.blogspot.com	A B C will enjoy reading both the paper and blog regardless whose time it is to reply ha ha, by the way apologize to caro About Me # Am the immediate
413	3649230	KE	B	mm.co.ke	A B C nt live in a flat and i drive german if that counts # karucy # ha ha ha na nini ingine? # Anonymous # All said and done, Miguna
414	1293761	KE	G	ilri.cgiar.org	A B C highly deficient rainfall, fertilization increased the pure stand millet grain yield to 850 kg ha -1 compared to 260 kg ha -1 of grain in the traditional system of mixed
415	1297168	KE	G	kidslibstrust.org	A B C What are you doing in my kingdom? Get out of here! Ha ha ha ! " # Thomas wanted to fight the ugly Giant but he felt he was
416	1830689	KE	G	ilri.cgiar.org	A B C biomass was 50000 kg ha -1. # Biomass available as browse was 2000 kg ha -1 (4% of the total). This small percentage is due to the
417	1304256	KE	G	sokodirectory.com	A B C ways. Either businesses will recognize the opportunity to earn relevance through an " a ha " moment. Or, they'll say " uh oh " upon witnessing the
418	1293648	KE	G	ilri.cgiar.org	A B C . # 5) Opportunity cost. The opportunity cost of settling smallholders on 2.5 ha of land as proposed, was measured by reference to the current model budget for
419	1305702	KE	G	techmtaa.com	A B C the lives of our customers. # The Communications Commission of Kenya (CCK) ha today announced that the Mobile Termination Rates (MTR) are going to go back
420	1293667	KE	G	ilri.cgiar.org	A B C ? 1) # c.v. b (%) # Av. labour (ME-h ha -1) # c.v. (%) # Clearing # 39.9 # 80 #
421	1289457	KE	G	fao.org	A B C shows that surface irrigated areas have declined from about 44 610 ha to 39 217 ha , while areas irrigated by sprinklers have increased from about 21 000 ha to 61
422	1293992	KE	G	...nfonet-biovision.org	A B C cultivated on top. # Drill shallow seeding furrows with a pointed stick. One ha of tomatoes requires 150 to 200 g of well germinating seed. # Sow seeds
423	1289457	KE	G	fao.org	A B C half of the 1990s shows that surface irrigated areas have declined from about 44 610 ha to 39 217 ha, while areas irrigated by sprinklers have increased from about 21
424	3648851	KE	B	lesleighinc.com	A B C people, they escaped death by a whisker. Ha! Ha! Ha! Ha ! Ha! # That said, we had fun, we drunk beer,
425	3647910	KE	B	kamaltolia.com	A B C the second time, the disembodied sounds rent the eerie silence!....' Ha ha ha ha ha.... Hee hee hee hee hee.... Hi hi hi hi hi
426	3649229	KE	B	mm.co.ke	A B C # You have so made my day! Big-ups, Gracey! # Karucy # HA HA HAAAAAA # i must say kibaki comes across as the hands off clown who
427	3648627	KE	B	komu-sense.com	A B C that William may be interested in chocolate girls. I've got a chance. Ha ! Follow me on twitter.com/KomuSense and facebook.com/KOMUSENSE to see past Komu Crushes.
428	3642337	KE	B	...nyange.wordpress.com	A B C new, may God continually bless you and keep you! # Hey Monica, ha ah aha ha, so you call your comment off topic, I see!
429	1298278	KE	G	mashada.com	A B C that message is irrelevant. We are not a colony!! " lol ha ha ha ha ha ha ha: maze do any of you guys need tissues to
430	3644693	KE	B	agentoffergie.com	A B C held his sides as he tried to finish the story. # " Ha ha ha , I never seen him run so fast! And the look on his face
431	1281742	KE	G	thearsenalblog.com	A B C slate him in the first place. Now we are hanging our hopes on him ha ha sometimes all you can do is laugh # I couldnt agree more with you
432	1306692	KE	G	theeastafrican.co.ke	A B C read or write, and this has been going on for years. Graduating? Ha ! Where do we imagine the skilled labour to master a complex economy and a
433	3647291	KE	B	gofreehumor.com	A B C " # The nun replies by whipping off her mask and shouting, " Ha ha , I'm the bus driver! " # -- A woman gets on a
434	1290091	KE	G	freshplaza.com	A B C 2009-2014 period plans to double areas dedicated to organic farming by raising them to 500,000 ha in
435	1290958	KE	G	getmziki.com	A B C but I had to listen to it for days to see if its worthy... ha ha ha And why lie its a good mix to have for short trips to
436	1833332	KE	G	theeastafrican.co.ke	A B C in the year. This is high compared with the previous year where only 570 ha of cane were poached, " noted the report. # Managing director Peter Kebati
437	1278219	KE	G	...nvoice.wordpress.com	A B C genes to get fat. You eat grass and still get fat, tough luck ha ? You drink cabbage soup and suddenly you are bloated like a pig, really
438	1293657	KE	G	ilri.cgiar.org	A B C Debre Zeit the average total area cultivated per farm by the test farmers was 1.9 ha of which 3050 m 2 (16%) was cultivated with a single ox,
439	1293761	KE	G	ilri.cgiar.org	A B C beginning of the new season. A blanket application of phosphate fertilizer (17 kg ha -1) was given before planting. The two crops were sown the same day
440	1299269	KE	G	naicity.co.ke	A B C walking the straight path the enjoyment of a favorable outcome awaits) the individual ( ha ? iysh) who (? asher) does not walk (lo? halak
441	1289533	KE	G	fieldgemology.org	A B C . The manga was never very far away: First, the classic landscapes of Ha Long Bay (meaning the Declining Dragon Bay) were very similar to the design
442	1296130	KE	G	kenyan-post.com	A B C Johnston Muthama who have always paid their taxes without coercion. # ha ha ha ha ha ha ha look at grown up men becoming emotional because of another man speak
443	1290192	KE	G	freshplaza.com	A B C been so good for our carrots. " # Kimco have an area of 300 HA of carrots and 45 HA of onions in Belgium. In addition to carrots and
444	3637919	KE	B	...aycaray.blogspot.com	A B C Is it a ghost? Aurora invites the doorknob-rattler in. It's Santi. Ha ha, hilarious, but in all fairness he doesn't know about the second
445	3640909	KE	B	...mekucha.blogspot.com	A B C may seem, they speak truth! # xxx # Bwa ha ha ha ha ha he he he hu ta ta ta ta ra ra ra ru ru # African
446	3639322	KE	B	...ani.jambonewspot.com	A B C your sam, if he is black, you can not be allowed inside.. ha ha lol.. # yes i went to meet a friend in one of them
447	1289533	KE	G	fieldgemology.org	A B C us were wondering if Akira Toriyama, the creator of Dragon Ball had knowledge of Ha Long Bay and of melo pearls. The author is not such a fan of
448	1308404	KE	G	unep.org	A B C achieved during the plan period. # 6.4.3 Site Requirements # A minimum of 1 ha (2.5 Acres) land per stream of primary, and 3 ha for 3
449	1303923	KE	G	...ickwildlifetrust.org	A B C On the day of rescue the calf was found accompanied by young females from the HA family, formed of only three members, who were keeping him close and taking
450	3647291	KE	B	gofreehumor.com	A B C After the hippie finishes, he rips off his mask and shouts out, " Ha ha, I'm the hippie! " # The nun replies by whipping off
451	3651258	KE	B	thinkersroom.com	A B C will take to acknowledge it this time and respond # http: //manamsim.blogspot.com manamsim # Ha ! When I read Man Talk I said Eureka! I have now discovered who
452	1293761	KE	G	ilri.cgiar.org	A B C The pure stand of cowpea yielded 600 kg ha -1 of grain and 1230 kg ha -1 of hay while the traditional system yielded 10 kg ha -1 of cowpea grain
453	1293657	KE	G	ilri.cgiar.org	A B C 3050 m 2 (16%) was cultivated with a single ox, and 1.6 ha (84%) with paired oxen. At Debre Berhan, the average total area
454	1289533	KE	G	fieldgemology.org	A B C beautiful; as the Bai Tu Long Bay has the same incredible marine landscape as Ha Long Bay but as it is much more remote there is nearly no tourists there
455	1293669	KE	G	ilri.cgiar.org	A B C that when rock phosphate was applied at planting at the rate of 21 kg P ha -1, the proportion of cowpea could be raised to 45% without significantly affecting the
456	1302027	KE	G	...storalismjournal.com	A B C that had been in 80 Crown pastoral leases, with an average size of 5,938 ha and where land use was restricted to extensive sheep grazing, has so far been
457	3647910	KE	B	kamaltolia.com	A B C time, the disembodied sounds rent the eerie silence!....' Ha ha ha ha ha.... Hee hee hee hee hee.... Hi hi hi hi hi....,
458	3636524	KE	B	afejnews.org	A B C a staggering 311,900 ha (the size of Luxembourg bought at less than $1.0 per ha ) in the Gambella Region. It owns 50,000 ha in the southern region,
459	3819633	KE	B	...mekucha.blogspot.com	A B C wild idea' just like that and think we will sit pretty (ha ha ha Phil!) and make this another version of' Chris' -MB vs JK
460	1296365	KE	G	kenyan-post.com	A B C goverment still critizing the the gover.. Alifanya Nyachae aende nyumbani.. Ha ha ha ha am smiling at dis race..!! am a diaspora and from 4th Oct
461	1298278	KE	G	mashada.com	A B C . We are not a colony!! " lol ha ha ha ha ha ha ha: maze do any of you guys need tissues to wipe your tears?
462	3643078	KE	B	...l.eafricainfocus.com	A B C . I would never have figured you for an arts person. " # " Ha , I've even subscribed to an arts news letter that tells me what's
463	1287795	KE	G	coastweek.com	A B C certified seeds, the national average long rains yields has declined to 6 bags per Ha compared to long term average of 8 bags per Ha, " the report said
464	3648076	KE	B	...nyaflowercouncil.org	A B C for new greenhouses. The production area in the Netherlands is estimated at around 375 ha . Despite the improved market situation, the decline of the production area is expected
465	1830689	KE	G	ilri.cgiar.org	A B C in the first savanna example, the combined production of leaves (1 100 kg ha -1) and twigs (236 kg ha -1) is approximately equal to the
466	1298268	KE	G	mashada.com	A B C what you did not want to hear they are another govt funded mouth piece... ha ! enuff said! # i think we already responded to your previous thread.
467	1293761	KE	G	ilri.cgiar.org	A B C (by 1000 kg ha -1) and of cowpea hay (by 340 kg ha -1). On the other hand, yields of cowpea grain were reduced by
468	1293755	KE	G	ilri.cgiar.org	A B C land cultivated per working woman for the NBD case studies in 1987 was approximately 0.25 ha . In the WD cluster the average area of rice land available is 0.61 ha
469	1290216	KE	G	freshplaza.com	A B C Limagrain Deutschland GmbH, AgriDirect have questioned about 500 German agriculturists with more than 50 HA about the use of new technologies. # Smartphones mainly popular with young agriculturists #
470	1296132	KE	G	kenyan-post.com	A B C most of all trusting in God.. # HA HA HA HA HA HA HA HA who remember those commotion when was elected the president...... ha ha ha ha ha
471	1281548	KE	G	...idbits.wordpress.com	A B C we guys fight over... C'm on now it's never that serious. ( ha ha did I say cute twice? but it really is) # Wonderful Wednesday
472	1309854	KE	G	...roforestrycentre.org	A B C logs, the initial number of trees is generally thinned, reducing them from 900 ha to 100-200/ha in 2 or 3 thinnings. The 1st thinning is done when trees
473	1282438	KE	G	ukulima.net	A B C is predominantly small-scale farming. Production is carried out on farms averaging 0.2 -- 3 ha , mostly on a commercial basis. This small-scale production accounts # for 75 per
474	3641172	KE	B	loveaddictnyc.com	A B C days, they are important to our growth as well. Luna:) # Ha ! I remember almost 2 years ago now I was having a week from hell
475	1289457	KE	G	fao.org	A B C # Cultivated area was about 5.2 million ha in 2002, of which 4.6 million ha arable land and 0.6 million ha permanent crops (Table 1). Despite the
476	3821754	KE	B	techweez.com	A B C still making headlines with it's flagship device, the Samsung Galaxy S III which ha ... Nokia: Naah! iPhone 5 has no Gorilla Glass # I just
477	1296247	KE	G	kenyan-post.com	A B C handle bars ya kawasaki na ako na kipara, so the gal had to enhance ha best side... yepyep reminds me of that spring bed we used to call vono
478	1293657	KE	G	ilri.cgiar.org	A B C main rainy season between July and September. Farm sizes range from 0.5 to 5 ha , and around 80% of all farm produce is used for subsistence consumption. About
479	1296926	KE	G	kenyaplex.com	A B C many loop holes for corruption. # the road to success is tarmacked... ha ha . NO it is not! Responses # I think this will be the
480	1293664	KE	G	ilri.cgiar.org	A B C 420 m long), it was found that one ox-pair can cover about 1 ha in 5 days, which is comparable to the time spent in cultivating the same
481	3637138	KE	B	...lindiasupporters.com	A B C match-day. So carry on! # I'll start off with: Adebayor... ha ha (imagine that in his voice)!!!! The arrogant little
482	3643433	KE	B	teamuhuru.co.ke	A B C still have the gut to say these guys remain put in the office. ha ha ha ha, even the AG is coming to the rescue for one of our
483	1290968	KE	G	getmziki.com	A B C really care that GetMziki has been on Beta testing for like 1 year now ha ha ha, we really should move things around here to proper directories and destinations lol
484	1293714	KE	G	ilri.cgiar.org	A B C had less than 0.2 ha per dairy cow and 30 percent had 0.4 to 1.0 ha . Aggregate stocking rates averaged about 3 TLU per hectare of smallholder land. #
485	3643225	KE	B	somaliwarmonitor.com	A B C in a Tunisian jail for terror charges (playing with Nitric Acid and other chemicals ha ha), and after being set free by virtue of a French passport he
486	3821126	KE	B	kenyaforum.net	A B C . It makes me fell proud to Kenyan. # 2011/10/31 ADBI GUFU: Ha ha ha ha ha ha ha ha ha fighting with Al-Shaabab is like fighting with MUNGIKI
487	1308259	KE	G	unep.org	A B C , and in 1992 the area under water managment was estimated at about 1.6 million ha , all equipped for full/partial control irrigation. Surface irrigation is practiced on the old
488	1288881	KE	G	eiard.org	A B C Chicken bearing the programme logo and guarantee of safety was sold in four markets outside Ha Noi. As a result of this success, wider donor interest has been generated
489	3820826	KE	B	ea-biz.com	A B C haven't seen this kind of now'game'? Stimulate very much of! Ha ha . the dragon helps of indeed as expected live up to reputation. this boy***seek
490	1831307	KE	G	kenyan-post.com	A B C those who disagree with me and explain why. those abusing me, a ha ha : -) - Ian Mbugua # Despite the insults and the bitterness pple have
491	1281790	KE	G	thearsenalkid.info	A B C deadline is rapidly approaching and we will be short of players yet again. # ha ha it is frustrating... the thing is transfers have always taken weeks if not
492	1293767	KE	G	ilri.cgiar.org	A B C ha. # The land holdings of about 54% of the farmers fall between 1.5 ha to 3.5 ha. Contrary to that at Ginchi, farm land holdings at Dogollo
493	1293791	KE	G	ilri.cgiar.org	A B C land than those with fewer oxen, but there was no effect on yield per ha . At Debre Birhan, farmers owning two or more oxen cultivated 32% more land
494	3651265	KE	B	thinkersroom.com	A B C ....., u have to tick the box that says " YES ". # HA HA HA HA HA!! Hilarious!! I am trying to get the
495	1293764	KE	G	ilri.cgiar.org	A B C plowed by one pair was 6.7 ha which is well beyond the target of 5 ha . This was encouraging, particularly in the light of the numbers of recently trained
496	1302015	KE	G	...storalismjournal.com	A B C Park (ONP) and linked conservation initiatives # ONP covers an area of 28,000 ha and is situated in the sparsely populated municipalities of Kuusamo and Salla in the provinces
497	3651668	KE	B	wamathai.com	A B C artists like Wamathai. What, you never knew it/he was a real person? Ha ! He is so real! Flesh and blood too! He did two pieces
498	3646364	KE	B	dennisitumbi.com	A B C -- proposed commercial venture developments are mushrooming and such initiatives now amount to over 100,000 ha compared to the initial 20,000 ha for the original TARDA/Mumias project. All these are
499	1275870	KE	G	...learning.jkuat.ac.ke	A B C in area (ha) from bare land to vegetation was 1356.5 ha and 1218.8 ha compared to vegetation in 1986 which was 229.7 ha and 264.3 ha respectively. The
500	1289455	KE	G	fao.org	A B C of wattle in Murang'a District alone (compared with 9,700 ha in Nyeri and 6,100 ha in Kiambu). # There were three major periods of intensive wattle development in
501	1293761	KE	G	ilri.cgiar.org	A B C grain (by 160 kg ha -1), millet stover (by 1000 kg ha -1) and of cowpea hay (by 340 kg ha -1). On
502	3640909	KE	B	...mekucha.blogspot.com	A B C some may seem, they speak truth! # xxx # Bwa ha ha ha ha ha he he he hu ta ta ta ta ra ra ra ru ru #
503	1275870	KE	G	...learning.jkuat.ac.ke	A B C vegetation was 1356.5 ha and 1218.8 ha compared to vegetation in 1986 which was 229.7 ha and 264.3 ha respectively. The overall accuracies of the classification maps for the two
504	3637476	KE	B	blog.jaluo.com	A B C Obama. He said Obama had electrified the world with his re-election, something that ha made Africa and Kenya in particular proud. # " It is a tribute to
505	3642337	KE	B	...nyange.wordpress.com	A B C the average Norwegian woman. Looking at them, I thought, " Ha ha ha ha! What a joke, the difference between the two of them is so
506	1293761	KE	G	ilri.cgiar.org	A B C the pure stand millet grain yield to 850 kg ha -1 compared to 260 kg ha -1 of grain in the traditional system of mixed cropping of millet and cowpea without
507	3643781	KE	B	threeceebee.com	A B C cost 450/=, and I swear, it's worth every cent. # ? Ha he? Just a Band? # posted on Wednesday, September
508	1285684	KE	G	awaazmagazine.com	A B C still extremely concerned about the loss of his expensive watch. Ha! Ha! Ha ! Just like those materialistic Indians! # The trouble I have with this kind
509	1280659	KE	G	...nyange.wordpress.com	A B C miss anything that is homely! think of it Patience!!!! # Ha ha ha aha Newtone, I see! So these Kenyans are homesick and its
510	3640905	KE	B	...mekucha.blogspot.com	A B C airwaves come November 26th 2012. # xxxx # Bwa ha ha ha ha ha ha hu hu hu hi # Beauty parade for the MOST UGLY PEOPLE (mostly men
511	1298278	KE	G	mashada.com	A B C is irrelevant. We are not a colony!! " lol ha ha ha ha ha ha ha: maze do any of you guys need tissues to wipe your
512	1290968	KE	G	getmziki.com	A B C ... # Although I do hope all these cars being flossed here are Jay's ha ha ha and not rentals. # Sidenote: Its amazing how a country that
513	3648074	KE	B	...nyaflowercouncil.org	A B C Bigot Flowers started regular application of Trianum in their newly planted crop of about 6 Ha . At bending, the crop did not develop a single gall. 7 months down
514	1293657	KE	G	ilri.cgiar.org	A B C of the PA. Each PA has on average 250 members and controls around 800 ha of land. Farming in the central highlands # ILCA's field research in
515	1293714	KE	G	ilri.cgiar.org	A B C , grazing pressure and farm size were negatively correlated: farmers with less than 2 ha of land owned the equivalent of 1.5 to 2.2 TLU per hectare, while those
516	1308259	KE	G	unep.org	A B C be cultivated by 1 070 large farms, with an area of more than 200 ha each. The total area of medium farms (5 -- 200 ha) was
517	1293686	KE	G	ilri.cgiar.org	A B C 11 diversion plants have been constructed in drought prone areas giving an increase of 2000 ha of irrigated land only. # Additional impacts anticipated from the environmental rehabilitation programme were
518	3651265	KE	B	thinkersroom.com	A B C to tick the box that says " YES ". # HA HA HA HA HA !! Hilarious!! I am trying to get the visual of M jumping
519	1293652	KE	G	ilri.cgiar.org	A B C show that it is easier to find a few dozen ha than 400 or 500 ha in a zone essentially characterized by forest. The cost of bush clearance and infrastructure
520	1288881	KE	G	eiard.org	A B C by 2014. As a result of these initiatives, 76,000 to 212,000 hectares ( ha ) of natural forest will have been saved by 2013. # In less than
521	3647910	KE	B	kamaltolia.com	A B C , the joggers breathed a collective sigh of relief. Then, when the sounds Ha ha..... hit the air the third time, even the joggers smiled, some
522	1289455	KE	G	fao.org	A B C plot was eventually given to a Catholic mission. # By 1919, around 4,000 ha of wattle plantations had been established on European farms, and a factory was built
523	1308404	KE	G	unep.org	A B C should be provided in all housing areas with density of 75 or more persons per ha (30 people per acre). # In addition to the lake-shores and valleys
524	1283074	KE	G	7seatercars.info	A B C imagine that discussion in the design meetings? Now that's a competitive edge. Ha ha
525	3640909	KE	B	...mekucha.blogspot.com	A B C 's GDP economy NA BADO. " # xxx # Bwa ha ha ha ha ha he he he wa wa wa wa # You build infrastructure to LOWER the cost
526	1282882	KE	G	...orldagroforestry.org	A B C farm size was, on average, 3.4 ha for CFA members but only 2.3 ha for non-members, begging the question: what stops people with smaller farms from joining
527	3647158	KE	B	getmziki.com	A B C . # But when the track starts and Abbas is calling a dog ha ha ha .. priceless... // # Auuuuwi! Abas " hauna kitu na uko 40!
528	1280659	KE	G	...nyange.wordpress.com	A B C anything that is homely! think of it Patience!!!! # Ha ha ha aha Newtone, I see! So these Kenyans are homesick and its not
529	3648073	KE	B	...nyaflowercouncil.org	A B C , total covered area for floriculture crop production was 712 million square feet (6,615 ha ), down 2 percent from the 2010 area of 730 million square feet (
530	1274997	KE	G	bringbackzack.com	A B C " BONES " and I just ran across this huge *spoiler* (for me, ha ha) and now I cant determine if I want to continue watching the series
531	3647336	KE	B	...reatbooksforfree.com	A B C a hat with wide brim, and a cane. " # " Ah, ha , that's it, is it? " said Noirtier; " and why
532	1283461	KE	G	actionaidusa.org	A B C do with the land; it wants to plant 18,200 ha of jatropha and 1,800 ha of food crops, but no jatropha has yet been planted and some of the
533	1289454	KE	G	fao.org	A B C , and that aggregate woodlot areas in high potential zones of Kenya total around 80,000 ha (World Bank 1987:14). The effect of block plantings on the rural economy
534	1281713	KE	G	thearsenalblog.com	A B C looked at blogs and people were having ago at the same old targets but vermalen ha a shocker and the lat goal you have to look at him. Thankfully kos
535	1293739	KE	G	ilri.cgiar.org	A B C crops are grown in the main rainy season. The average household owns about 0.35 ha of vertisol land and 1.42 ha of the light and mixed upland soil land.
536	3642850	KE	B	saykenya.com	A B C next job is to just go to sleep for 5 days (?? ha ha !??), come back and see how over flooded your account gets
537	1293717	KE	G	ilri.cgiar.org	A B C than one-quarter in 1987. The 80% of the farmers who own less that 5 ha of land each keep more than 60% of the cattle and 50% of the sheep
538	1293761	KE	G	ilri.cgiar.org	A B C , hand-cultivated # 240 hours ha -1 # Millet, animal traction # 231 hours ha -1 # Cowpea, hand-cultivated # 423 hours ha -1 # Cowpea, animal traction
539	1290968	KE	G	getmziki.com	A B C Although I do hope all these cars being flossed here are Jay's ha ha ha and not rentals. # Sidenote: Its amazing how a country that has problems
540	1280904	KE	G	porini.or.ke	A B C CANYON # This is also an indigenous sacred forest covering a land area of 873 ha and supporting a population of about 9,000 persons. The site has a sacred canyon
541	1273356	KE	G	...xcuses.wordpress.com	A B C room in LA, California. I feel like I am rich... ha ha ha . But honestly, your blog is not only inspiring, but challenging too.
542	1289533	KE	G	fieldgemology.org	A B C Long from the Vietnam National Gem and Gold Corporation. After visiting pearl farms in Ha Long and Bai Tu Long Bay with my colleague from GIA Lab Bangkok Nick Sturman
543	3647291	KE	B	gofreehumor.com	A B C the hippie finishes, he rips off his mask and shouts out, " Ha ha , I'm the hippie! " # The nun replies by whipping off her
544	1275281	KE	G	ciikuweds.com	A B C something like this: " well is it me or was that week extremely short ha ha... " # BE SERIOUS SOMETIMES! # Since I've already overblogged on
545	1299249	KE	G	n2africa.org	A B C of Western Kenya. Farm sizes in the district range from as small as 0.05 ha to 1 ha, with the majority (70%) of households owning 0.20 ha
546	1296131	KE	G	kenyan-post.com	A B C have failed please publish things that will help Kenyans not ur nonsense # Ha ha ha ... Emotions emotions... When you angrily state that something on this post is just
547	1294847	KE	G	irinnews.org	A B C . In a 2010 survey of some 400 pregnant women in rural northern Vietnam ( Ha Nam Province, 50km south of the capital), a quarter of the women
548	1296132	KE	G	kenyan-post.com	A B C for your families and most of all trusting in God.. # HA HA HA HA HA HA HA HA who remember those commotion when was elected the president...... ha
549	1280659	KE	G	...nyange.wordpress.com	A B C that is homely! think of it Patience!!!! # Ha ha ha aha Newtone, I see! So these Kenyans are homesick and its not music
550	1281546	KE	G	...idbits.wordpress.com	A B C bet for most kids it was... yah? That's my story. Ha ha we've come from far you see. # Basically I was like this squirrel
551	1295456	KE	G	ke.undp.org	A B C land decreased by 0.3 per cent10. Furthermore, between 1990 and 2003, 186,000 ha of forest land was converted to other uses. If this trend continues, the
552	3647858	KE	B	jkuat.ac.ke	A B C is on offer on you? s, you deser? e the time it ha ? taken t? jot down my admi?? tion at your work.
553	3643433	KE	B	teamuhuru.co.ke	A B C have the gut to say these guys remain put in the office. ha ha ha ha, even the AG is coming to the rescue for one of our own
554	3643799	KE	B	tivi.co.ke	A B C . Baba boi's defeated face as he is asked this just takes the cake ha ha ha. It's like " Woman shut up already and let me eat
555	1294350	KE	G	irinnews.org	A B C want to be able to help others who don't have food. " # Ha Tsiu, 17 September 2008 (IRIN) - Makoanyane Letsoara, a subsistence farmer
556	3642070	KE	B	niaje.com	A B C should have funs loving what u do. The childsh bhavour of Samantha can take ha nowea she shd stlye up by the way. we need stars not proud huma
557	1297028	KE	G	kenyaplex.com	A B C of fully forgiving. # Bored with this will, forgive, forget chit chat ha ? Ok, I know. Let's picture it this way. Someone caused
558	1293710	KE	G	ilri.cgiar.org	A B C Mr Bastola has a small two story stone Pakka house made from stone with 1.5 ha of cultivated land. He lives with his 60 years old mother, his 40
559	1289457	KE	G	fao.org	A B C considered cultivable, covering an area of 99 420 km 2 or almost 10 million ha . # Total population is 32.4 million (2004), of which 59 percent
560	1296132	KE	G	kenyan-post.com	A B C HA HA who remember those commotion when was elected the president...... ha ha ha ha ha he will help us to upgrade the village roads... nothing is going to
561	3637138	KE	B	...lindiasupporters.com	A B C . So carry on! # I'll start off with: Adebayor... ha ha (imagine that in his voice)!!!! The arrogant little t**t
562	3821385	KE	B	...ngwithcompassion.com	A B C in a freezer for a while and then is taken out, it melts. Ha ! I never even thought about that. Then another friend told me that most
563	3648851	KE	B	lesleighinc.com	A B C nearly ran over some people, they escaped death by a whisker. Ha! Ha ! Ha! Ha! Ha! # That said, we had fun,
564	1831307	KE	G	kenyan-post.com	A B C to those who disagree with me and explain why. those abusing me, a ha ha: -) - Ian Mbugua # Despite the insults and the bitterness pple
565	1298201	KE	G	mashada.com	A B C cultural undertaking there exist reasons, purpose and way of execution. # Ha ha ha , mzee Kijana, anyway, they will come and,, what an honor
566	3819463	KE	B	justarsenalfans.com	A B C makes you so sure Song will be sold apart from your pessimistic outlook. RVP ha n't gone yet either! I think you are one of those people who believes
567	1828437	KE	G	...cissist.blogspot.com	A B C Choices can be made fast and easy (like the best kind of girl? Ha ) The prices are higher than Java, and the portions are smaller than Java
568	3643225	KE	B	somaliwarmonitor.com	A B C ##3643225 # Turns out, Mikey's mom is the District Attorney! Ha ha. In the car my dad told me to just stay quiet. I
569	3648074	KE	B	...nyaflowercouncil.org	A B C Crown Gall in roses. Typically Koppert recommends a minimum application of 1Kg Trianum per Ha per month. Please feel free to contact Koppert for further technical or commercial enquiries
570	3636524	KE	B	afejnews.org	A B C , with Malaysia coming second. The US figures fourth with just over 3 million ha , followed by Britain and Europe, the UAE and China. # While Africa
571	1827009	KE	G	africanarguments.org	A B C business parks and second-hand car dealerships. # 12 000 hectares -- 6 tonnes per ha -- is a great deal of food. When the ability to transport so much
572	1830689	KE	G	ilri.cgiar.org	A B C With regard to leaf biomass, however, this vegetation type produced 1 810 kg/ ha -1, compared to c. 1 500 kg/ha -1 in the first Colophospermum community,
573	1289533	KE	G	fieldgemology.org	A B C pearls with the visit of Cat Ba island, and two pearl farms one in Ha Long Bay, the other in Bai Tu Long Bay. # To complete the
574	1293714	KE	G	ilri.cgiar.org	A B C 1994). Most of these are kept on small farms, 2 to 3 ha in size, of which about 50 percent of the land is devoted to planted
575	1281546	KE	G	...idbits.wordpress.com	A B C can bet for most kids it was... yah? That's my story. Ha ha we've come from far you see. # Basically I was like this
576	1301932	KE	G	ourairports.com	A B C farmer of South African extraction, Petrus' Fanie' Kruger also sold his 2000 Ha Sergoit Farm which had a longer and busier airstrip some 15 or so km to
577	1289452	KE	G	fao.org	A B C each household needed a minimum of around 4.8 ha, in comparison with the 2.6 ha of land the average household had access to at the time. Humphrey proposed a
578	1293788	KE	G	ilri.cgiar.org	A B C farmer has developed a version of ley farming with considerable success. Using his 5 ha of native medic as a focus, ICARDA and the Ministry of Agriculture are providing
579	1293767	KE	G	ilri.cgiar.org	A B C than 1.5 ha, and 61% of the farmers own between 1.5 ha and 2.5 ha . Only 5% of the farmers owned over 3 ha. # Land holdings are
580	1307038	KE	G	thinkersroom.com	A B C to declare yourself a winner: D # http: **35;1325;TOOLONG... Kenyanchick # HA HA ! Brilliant! # Ati " Presidency for Dummies (African Edition)? "
581	3651265	KE	B	thinkersroom.com	A B C the offences recently introduced. # Oh but there are many more # msaniixl # ha ha M.. you are crimino # Well...: D # http: //bcwangui.blogspot.com
582	1289452	KE	G	fao.org	A B C economic patronage. # Consolidation was carried out in blocks of between 800 and 1,600 ha , about the size of a sublocation. Redemption of every plot of land from
583	3641230	KE	B	mahider.ilri.org	A B C , the rice area had increased to around 15,500 ha, of which over 5000 ha was in the uplands. This increase has also contributed significantly to employment opportunities for
584	1293714	KE	G	ilri.cgiar.org	A B C planted forage varies: about 40 percent of the sampled farms had less than 0.2 ha per dairy cow and 30 percent had 0.4 to 1.0 ha. Aggregate stocking rates
585	3641956	KE	B	...akenya.wordpress.com	A B C to cover a 1-hectare field. This is between 7.5 and 17.5 sacks for 1/4 ha . Box 3: Farmers solving the problem of carrying compost The farmers of Adi
586	1308404	KE	G	unep.org	A B C per 1,000 people. # The standard amenity open space proposed is 0.4 - 0.8 ha . (1 to 2 acres). In medium - to high density areas
587	1289455	KE	G	fao.org	A B C Kenya Tea Development Authority Annual Report 1985). Wattle still accounts for around 6,000 ha of agricultural land in Murang'a. In some areas, it covers as much as
588	1293646	KE	G	ilri.cgiar.org	A B C has 15 000 ha of Tamarugo forest 7 000 ha being fenced off into 100 ha blocks. This fenced area now holds 12 000 head of stock, 10 000
589	1300921	KE	G	natural-track.com	A B C lies on the western portion of Bururi town. The reserve stretches to about 3,300 ha of land and the rest of the area is covered by the semi-evergreen forest.
590	3641058	KE	B	likechapaa.com	A B C , flimsy and' sloppy' comments on this serious blog. # Ha ha ha ; as anyone can clearly see, this is a string of comments by one
591	1289828	KE	G	freshplaza.com	A B C generate pre tax profits of $66,000 per ha in 2011, but only $44,000 per ha this year. # There is some good news, however, despite reduced quantities
592	1302850	KE	G	reggaelyrics.info	A B C a turmoil, you walk me head a spin It really mek me sad fe ha fe waste so much water I think the two a we can mek a beautiful
593	3636524	KE	B	afejnews.org	A B C : between 2000 and 2012, Indian firms " grabbed " 6.3 million hectares ( ha ) in 121 separate deals. These tracts were acquired for agriculture (including floriculture
594	1293762	KE	G	ilri.cgiar.org	A B C crop area (000 ha) # % # Average crop area per farm ( ha ) # Commercial and medium scale farmers with more than 20 ha under cultivation Level
595	3640557	KE	B	...analyst.blogspot.com	A B C make commnets that are of our own making.yes i do agree with you that morality ha sincreased in mother kenya and am sure God is not for it. but if
596	1282882	KE	G	...orldagroforestry.org	A B C If the findings of the study are relevant globally and smallholders with landholdings of 2 ha and less are reluctant for some reason to join CFAs, forest authorities must investigate
597	1293644	KE	G	ilri.cgiar.org	A B C with Faidherbia albida var. Zinder between 1956 and 1961 showed indisputably that on 1 ha plots subjected only to fire the plant survived, whereas on those grazed by herbivores
598	1293719	KE	G	ilri.cgiar.org	A B C census) has a land mass of 24.1 million ha, of which 5 million ha (20.75%) is arable land, 7.21 million ha (29.9%) is under
599	3644693	KE	B	agentoffergie.com	A B C he held his sides as he tried to finish the story. # " Ha ha ha, I never seen him run so fast! And the look on his
600	3649018	KE	B	mamamikesblog.com	A B C , like where you met and where you had your first kiss! Pretty cool ha ? # 4. Skype # This app is also free and allows to make
601	1293766	KE	G	ilri.cgiar.org	A B C land area of 89 million hectares. Approximately 200,000 predominantly smallholder farm families cultivate 385,000 ha out of the total 2.8 million arable hectares. Corresponding figures for Tanzania are 2.25
602	1295984	KE	G	kenyan-post.com	A B C a loyalist to the party. Because the seat belongs to ODM. # ha ha ha! why are people bitter? what part of democracy do nt u know
603	1293789	KE	G	ilri.cgiar.org	A B C developing feed resources at the village level through the deferred-grazing programme. Areas of 10-20 ha have been fenced, protected from grazing and partly improved. Farmers can see the
604	1293769	KE	G	ilri.cgiar.org	A B C total hectarage of vertic soils in Ethiopia is thus increased to 12.2% or 14.4 million ha (Berhanu Debele, 1985). # Despite the fact that the fertility of
605	1296504	KE	G	kenyan-post.com	A B C lucifer website or the phosphorous church of satan to see their agendas # Ha Ha Ha Haaah!!!... we told the masses that **26;12476;TOOLONG, instead of worshipping
606	1827325	KE	G	...lesbian.blogspot.com	A B C love my food hot, spicy hot, so I can do that' Ha ha ho ho hu hu' thing trying to cool down the heat. In the
607	3643675	KE	B	...cissist.blogspot.com	A B C pillars she was bigger than, with no one behind them, hunting her, ha , regardless of what she thought she saw. # It made me think of
608	1293718	KE	G	ilri.cgiar.org	A B C is to allocate community wasteland for private tree planting. If the estimated 334 thousand ha of wasteland in Tigray were planted to eucalyptus at the median planting density of private
609	1289457	KE	G	fao.org	A B C 180 000 ha in the Nile (Lake Victoria) basin; # 52 500 ha in the Kerio Valley (Rift Valley) basin; # 111 100 ha in
610	1282882	KE	G	...orldagroforestry.org	A B C forest conservation activities. For example, farm size was, on average, 3.4 ha for CFA members but only 2.3 ha for non-members, begging the question: what
611	1294036	KE	G	...nfonet-biovision.org	A B C . Irrigated lucerne can carry a beef cow and a calf on 0.5 to 1 ha on a year-round basis. Supplementing dairy cows grazing tropical grasses with lucerne can raise
612	1305993	KE	G	the-star.co.ke	A B C , human beings can reap great benefits from these multi-dimensional unions. I say, ha ! I am too provincial and jealous for such an arrangement. # I say
613	1830687	KE	G	ilri.cgiar.org	A B C years ago), and a mixture of Prosopis juliflora and Parkinsonia aculeata (280 ha planted 10 and 15 years ago, together with 100 ha of Prosopis juliflora planted
614	3647179	KE	B	getmziki.com	A B C the one and twos... Sheiiit.. I went over and started asking for NAMELESS ha ha ha ha (just kidding). # Anyway point am making is if
615	1302027	KE	G	...storalismjournal.com	A B C later to become the New Zealand (NZ) government) owned 2.4 million a ha of South Island high country land. For 150? years and under several successive
616	1304565	KE	G	southworld.net	A B C is being developed by UK-based GEM Biofuels Plc which signed a deal to acquire 452,000 ha to grow jatropha and sugar cane to produce biodiesel and ethanol. Other biofuels companies
617	1302023	KE	G	...storalismjournal.com	A B C a quasi-state managed population of bridled nailtail wallabies on a formal reserve of approximately 1,100 ha (see previous section). This action has involved considerable costs being borne by
618	1293761	KE	G	ilri.cgiar.org	A B C tillage increased grain yields from 450 kg ha -1 on zero-tillage plots to 630 kg ha -1 (SE = 30) on treatments that received primary tillage. The timing
619	3641795	KE	B	...onicle.wordpress.com	A B C Miles) from the Kenyan territory, that's 370km away from our boundary! Ha ! and u say the Navy is sleeping. Major is right, this is
620	3640901	KE	B	...mekucha.blogspot.com	A B C # This is like that FABLE of the WHITE MAN'S BURDEN! Bwa ha ha ha he he he hi hi hi we we we ra ra ra # xxx
621	1299269	KE	G	naicity.co.ke	A B C behalf of (la? to and unto) the eternal and glorious one ( ha nasah / nesah? the unending and everlasting splendor and majesty of the director)
622	3643389	KE	B	...idbits.wordpress.com	A B C Not such a fair response today, says the mirror, you look hideous! Ha ha, don't we all have those days that you just feel unattractive.
623	1289533	KE	G	fieldgemology.org	A B C Hunting for melo pearls from traditional and romantic Hanoi to the wonderful marine landscapes of Ha Long Bay, it was for most of the members of our team not only
624	1830159	KE	G	getmziki.com	A B C rotation in Kenya I can guarantee and I will see to it.. personally ha ha ha. # On this track Bamboo addresses all his critics, all the fans
625	1293629	KE	G	ilri.cgiar.org	A B C of agriculture is smallholder mixed crop/livestock farming with land holdings ranging from 0.5 to 4.0 ha (Gryseels and Anderson 1983). Cropping and livestock production have been closely integrated
626	1297168	KE	G	kidslibstrust.org	A B C tree falling down. He heard a Giant laughing. " Ha! Ha! Ha ! I'm going to eat you, you little tiny thing! What are
627	1305600	KE	G	...ngentafoundation.org	A B C many countries. In India, for example, average land holdings fell from 2.3 ha to 1.06 ha between 1970 and 2002. This implies that the number of smallholders
628	3648080	KE	B	...nyaflowercouncil.org	A B C Flower Business Park, Naivasha at an altitude of 1950 above sea level is 42 ha in size with 36 ha under production. # They have their employees at heart
629	1830930	KE	G	jambonewspot.com	A B C been converted in to Hague 4 lifebuoy by money power # Mainmwangi # Ha ha ha .......... watu waende hague wote! kuishi kama sungura tumekataa. any person attacking rao has
630	1277560	KE	G	jukwaa.proboards.com	A B C was the removal of 784,320 ha (1,938,100 acres) of agricultural land and 694,200 ha (1,715,000 acres) of forest from production. While much of this has been
631	1281548	KE	G	...idbits.wordpress.com	A B C guys fight over... C'm on now it's never that serious. (ha ha did I say cute twice? but it really is) # Wonderful Wednesday...
632	1293707	KE	G	ilri.cgiar.org	A B C current yields of fodder crops, these cattle units require fodder production from about 0.7 ha of land during the rabi (spring) and kharif (autumn) seasons.
633	1293739	KE	G	ilri.cgiar.org	A B C ha is allocated to pulses, mainly horse beans and field peas and about 0.17 ha to gardening and other crops. The production is geared towards satisfying the household food
634	3640887	KE	B	...mekucha.blogspot.com	A B C tell us that his only wife is lucy.... Bwa, ha, ha, ha , ha... You ain't seen nothing folks, more nonsense will be visited
635	3648690	KE	B	kurlykichana.com	A B C I can't go a day without lip balm, my glasses and breathing ( ha !). Oh and I never go a month without at least one slice
636	1302015	KE	G	...storalismjournal.com	A B C area), and partially in the area of the RHC of Salla (10,281 ha in ONP of total 429,327 ha) (Nieminen 2008). In Ala-Kitka,
637	3820240	KE	B	...cissist.blogspot.com	A B C , that wasn't a shut down. I really wanted to read it, ha . So sad that it was so good but not true! Not sadder than
638	3644772	KE	B	albertostretti.org	A B C OF RENATO CANOVA # ANALYSIS OF THE SPRINT EVENTS # 100m MEN In London we ha the opportunity to watch the best race of sprint all time. The average of
639	3643389	KE	B	...idbits.wordpress.com	A B C such a fair response today, says the mirror, you look hideous! Ha ha , don't we all have those days that you just feel unattractive. Like
640	1827241	KE	G	...ristpoweredradio.com	A B C same time sleeping so I will have to go with all of the above ha ha ha # What's the gospel to you, and how does that understanding affect
641	1293739	KE	G	ilri.cgiar.org	A B C the model overestimated land allocated to wheat (0.73 ha) and teff (0.65 ha ) compared to the observed area of 0.55 ha each. The model also overestimated
642	1295527	KE	G	kenya-advisor.com	A B C to stay and enjoy while other major economies battle with their excesses. # HA Ha sorry I was off at a tangent there. # I do wish you much
643	1295898	KE	G	kenyalaw.org	A B C Kenya, mostly on low hills, ranging in size from 30 to around 300 ha , in which are the remains of fortified villages, Kayas, of the Mijikenda
644	1826881	KE	G	128.95.1.13	A B C n't up to the computers' standards. If the scientific project ever folded ( ha !), then it should just be re-released as a game. # Of
645	1307705	KE	G	un.org	A B C through irrigation. # Additional agriculture area brought under irrigation since 1992. Area in Ha : 36,000 Percentage of total cultivated land: 0.98. # The National Soil and
646	3646364	KE	B	dennisitumbi.com	A B C same proramme # Bedford Energy (not sure of name) are claiming some 50,000 ha near Garzen area in the Tana Delta district. An EIA is in the making
647	1293669	KE	G	ilri.cgiar.org	A B C 8 kg ha -1 year -1 (IRRI, 1974), to 84 kg ha -1 year -1 (Johnson, 1970, quoted by Skerman, 1982),
648	3640887	KE	B	...mekucha.blogspot.com	A B C embarrassing press conference to tell us that his only wife is lucy.... Bwa, ha , ha, ha, ha... You ain't seen nothing folks, more
649	3651370	KE	B	trademarkea.com	A B C , if the Tutsi, Ankole, Banyoro, Toro, Bachiga, Bahaya, Ha , Wakerewe and Zinza were all to invoke ethnic sentiments, then there would probably
650	1309854	KE	G	...roforestrycentre.org	A B C , Malaysia, Papua New Guinea, Sri Lanka and Thailand. About 50 000 ha of A. mangium plantations have been established in Sabah, and about 42 000 ha
651	1830692	KE	G	ilri.cgiar.org	A B C in the experiment for the treatments were approximately 0.4, 0.3 and 1.2 kg per ha for M. brevifolia, A. undulata and A. rhagodioides respectively. # The best
652	1293769	KE	G	ilri.cgiar.org	A B C because they provide opportunities to increase production if properly managed. # About 7.6 million ha of Vertisols are in the highlands above the 1500 m contour in areas of traditional
653	3637665	KE	B	...orldagroforestry.org	A B C of 300 villages has been really successful in growing coffee over an area of 6000 ha , moving a population of 66,000 out of poverty. As the project developed,
654	1293761	KE	G	ilri.cgiar.org	A B C cowpea pods are difficult to harvest by hand. Cowpea grain harvest required 175 hours ha -1. # Conclusion # The single most important factor increasing millet and cowpea yields
655	3637919	KE	B	...aycaray.blogspot.com	A B C it a ghost? Aurora invites the doorknob-rattler in. It's Santi. Ha ha , hilarious, but in all fairness he doesn't know about the second mirror
656	1293767	KE	G	ilri.cgiar.org	A B C 41% of the farmers own 3.5 ha or more, and 24% own over 4 ha . About 5% of the farmers own less than 1.5 ha. # The land
657	1830689	KE	G	ilri.cgiar.org	A B C production of leaves (1 100 kg ha -1) and twigs (236 kg ha -1) is approximately equal to the production of the herbaceous layer (c 1400
658	1293994	KE	G	...nfonet-biovision.org	A B C using chicken wire may control cotton stainers; about 15 birds will keep about 0.1 ha free of stainer bugs. This is a good option for small plots grown next
659	1302023	KE	G	...storalismjournal.com	A B C conservation on privately managed grazing lands # From 2001, the owners of the 5,500 ha grazing property' Avocet' have worked with the Queensland Government (Parks and Wildlife
660	3819830	KE	B	...rdoris.wordpress.com	A B C not give reason.... You might not get that time you are asking for. Ha ! # You can also email your boss about this. On here you can
661	1293669	KE	G	ilri.cgiar.org	A B C . Cowpea, which was reported to fix N at rates varying from 8 kg ha -1 year -1 (IRRI, 1974), to 84 kg ha -1 year
662	1830703	KE	G	ilri.cgiar.org	A B C of the respondents (10 of 15) were marginal farmers with less than 1 ha of land; only two respondents owned more than 2 ha of land. #
663	1298201	KE	G	mashada.com	A B C relative willing to sleep with the dead can hire one desperate jaduong for KSH5000.00, ha hiyo ni maendeleo
664	1827325	KE	G	...lesbian.blogspot.com	A B C I love my food hot, spicy hot, so I can do that' Ha ha ho ho hu hu' thing trying to cool down the heat. In
665	1302015	KE	G	...storalismjournal.com	A B C ) of Ala-Kitka (16,583 ha in ONP of total 105,702 ha, plus 2,026 ha in a strict nature conservation area), and partially in the area of the
666	1293761	KE	G	ilri.cgiar.org	A B C 56 person-hours ha -1) and the second weeding by 37% (to 36 hours ha -1). The human labour requirements of treatments for the entire season were:
667	1289842	KE	G	freshplaza.com	A B C (North-Western European Potato Growers) is reaffirming the potato area for Belgium at 73.650 ha . The area includes all potatoes apart from seeding and starch potatoes, and shows
668	1293755	KE	G	ilri.cgiar.org	A B C ha. In the WD cluster the average area of rice land available is 0.61 ha per working woman, and in the case study, women cultivated approximately 0.21 ha
669	1298079	KE	G	mashada.com	A B C really socked them!! Utimishi kwa wote, without fear or favour, ha ha haaaa!!!! # Since then, I have an eye for the
670	1289155	KE	G	espsy.org	A B C times to make sure they didn't calibrate wrong. # I continued my " ha " breath control method until they shot me in the butt with 100 mg's
671	1293648	KE	G	ilri.cgiar.org	A B C was introduced in the 1977/78 crop year. Comparatively large blocks (up to 28 ha ) were cleared, ploughed, cultivated, planted and fenced by the project.
672	3640887	KE	B	...mekucha.blogspot.com	A B C that his only wife is lucy.... Bwa, ha, ha, ha, ha ... You ain't seen nothing folks, more nonsense will be visited on us
673	3643380	KE	B	...idbits.wordpress.com	A B C want an empty tissue paper roll having power over you and giving you an " HA HA you're fucked now! " Kawiria # Always look at the toilet holder
674	1293769	KE	G	ilri.cgiar.org	A B C are extensively cropped in cereal-based production systems. It is estimated that some two million ha of Vertisols representing as much as one-third of the total national cropland are under arable
675	1293652	KE	G	ilri.cgiar.org	A B C correct grazing management. Regeneration according to a grid system (2000 m 2 per ha ) costs, depending on the density of forage plants, between 50 and 80%
676	1293648	KE	G	ilri.cgiar.org	A B C in the Lower Shire Valley, was too high for economic production on the 0.2 ha plots which had been established. Moreover, logistic difficulties were experienced in assisting growers
677	1292940	KE	G	hortibiz.com	A B C . In the same period the average farm size increased by 86 % to 4.6 ha . This is reported by the National Dutch statistical organisation CBS. # In 2011
678	1275870	KE	G	...learning.jkuat.ac.ke	A B C 52% whilst Mbusyani increased by 43% in 2001 i.e. The relative change in area ( ha ) from bare land to vegetation was 1356.5 ha and 1218.8 ha compared to vegetation
679	3637682	KE	B	blogfire.biz	A B C trivial having said that stones outside the world wide web am going to play lol ha have a good laugh other brands outright okay consolation In order to come up with
680	1293669	KE	G	ilri.cgiar.org	A B C and Hiernaux, 1984), millet grain production has stagnated at about 500 kg ha -1 in recent years (Mali, 1984). Cowpea yields are also low
681	1293739	KE	G	ilri.cgiar.org	A B C of the light and mixed upland soil land. Most of the land (1.26 ha ) is allocated to the three major crops: wheat, teff and barley.
682	1307867	KE	G	unep.org	A B C Complex. # Since the 1970s, Maasai Mau Forest has lost over 8 214 ha of forest within its offi cial boundaries and another 32 000 ha outside the protected
683	1293714	KE	G	ilri.cgiar.org	A B C size, grazing pressure showed the opposite trend. The larger landowners (> 8 ha ) on average kept 1 TLU per hectare of land, whereas on small farms
684	1274997	KE	G	bringbackzack.com	A B C BONES " and I just ran across this huge *spoiler* (for me, ha ha ) and now I cant determine if I want to continue watching the series.
685	1830689	KE	G	ilri.cgiar.org	A B C 1975) recorded 56 woody and 172 herbaceous species in two sites covering a few ha . # The poisonous Dichapetalum cymosum described in the previous type also occurs throughout the
686	3647910	KE	B	kamaltolia.com	A B C the joggers breathed a collective sigh of relief. Then, when the sounds Ha ha ..... hit the air the third time, even the joggers smiled, some ending
687	1293761	KE	G	ilri.cgiar.org	A B C . The cowpea rotation increased the average millet grain yield from 480 to 650 kg ha -1 (SE = 20). Primary tillage increased grain yields from 450 kg
688	3647054	KE	B	...tryandwildlife.go.ke	A B C has been developed at a scale of 1:50,000. The map encompasses an additional 400,000 ha of buffer land around the complex. # According to the PS, the completion
689	3642126	KE	B	njambiemungai.com	A B C its possible for the woman to say NO to this bullishness of men.... ha ha ha (am one!) that said ill add kids never forget... so
690	1304565	KE	G	southworld.net	A B C occurred with the Indian corporation Varun which was negotiating a farming deal to use 465,000 ha for a 50 years period. In exchange for the land, the Indian firm
691	1289452	KE	G	fao.org	A B C about 20 ha to nearly 2,500 ha although they generally were between 80 and 120 ha in size (Colony and Protectorate of Kenya 1929a:9). # Tenancy and the
692	3646140	KE	B	...nsofanoniomaniac.com	A B C them in the house for an hour, arriving late to uni because of it ha ! # They are truly heavenly! Bought from Nasty Gal, the style is
693	1833705	KE	G	unep.org	A B C certification of forest management globally, and with success, covering currently some 148 million ha (is 3% of all forests on the planet, or 12% of all production
694	3642337	KE	B	...nyange.wordpress.com	A B C God continually bless you and keep you! # Hey Monica, ha ah aha ha , so you call your comment off topic, I see! Ok, will
695	3821126	KE	B	kenyaforum.net	A B C fell proud to Kenyan. # 2011/10/31 ADBI GUFU: Ha ha ha ha ha ha ha ha ha fighting with Al-Shaabab is like fighting with MUNGIKI but any way let
696	3642337	KE	B	...nyange.wordpress.com	A B C to the average Norwegian woman. Looking at them, I thought, " Ha ha ha ha! What a joke, the difference between the two of them is
697	1286650	KE	G	capitalfm.co.ke	A B C gonne bow for your masters your whole life and hate on them. ha.. ha .. ha... # Abe # Let's not waste our precious time with sick
698	1293767	KE	G	ilri.cgiar.org	A B C in Vertisols abundance in Africa after Sudan and Chad. Of these about eight million ha are in the Ethiopian highlands and these account for 63% of all Vertisols in the
699	3642091	KE	B	niaje.com	A B C ... haha.. very funny # http: //twitter.com/AshaMweru Asha Mohammed # ha ha ha ha HILARIOUS.... you know your shit. # http: **30;238;TOOLONG Sam Gichuru # as
700	3643800	KE	B	tivi.co.ke	A B C , can't remember what channel though (Look whoz talking of short memories ha ha ) # It was quite a hit if you ask me. considering it was more
701	1302027	KE	G	...storalismjournal.com	A B C 235,000? ha than the runholders paid the Crown for freehold rights of 290,000? ha . # From 1992 through 2008, the Crown bought pastoral rights to about 235,456
702	1293761	KE	G	ilri.cgiar.org	A B C -1 (SE = 20). Primary tillage increased grain yields from 450 kg ha -1 on zero-tillage plots to 630 kg ha -1 (SE = 30) on
703	1290946	KE	G	getmziki.com	A B C anyone who says " Mziki umeenda shule " is definitely a Tanzanian!! ha ha ha. Whatever works for your marketing gimics is fine with me -- the song
704	1278351	KE	G	kikuyu.com	A B C # Ta wiciirie kana nii ndita Wangu no mie bara riu??? Ha ha ha # It is fruitless to attempt to indoctrinate a superannuated canine with innovative maneuvers
705	1289455	KE	G	fao.org	A B C still a number of very large woodlots in the district -some as large as 15 ha . # 1. FD 1932, p.16. In the same breath, however
706	1302841	KE	G	reggaelyrics.info	A B C aw Be careful of the ways that you practice Ah aw aw aw whoa! ha ha Repatriation, show love, you got no hate for no one Bruk down
707	1293648	KE	G	ilri.cgiar.org	A B C This provided for a mixed farm matched to average household labour resources, of 1.94 ha . The net farm benefit to a farmer adopting Stage 1 improved techniques was given
708	3641058	KE	B	likechapaa.com	A B C unsupported, flimsy and' sloppy' comments on this serious blog. # Ha ha ha; as anyone can clearly see, this is a string of comments by
709	1293721	KE	G	ilri.cgiar.org	A B C hoes can be used for weeding on smaller plots of land (less than 0.5 ha ). We should not lose sight of the fact that although the above low-cost
710	1281417	KE	G	somaliwarmonitor.com	A B C father flipped on me and told me to just keep my stupid mouth shut. Ha ha. To explain my frame of mind, around those times I used to
711	1296132	KE	G	kenyan-post.com	A B C HA who remember those commotion when was elected the president...... ha ha ha ha ha he will help us to upgrade the village roads... nothing is going to happen
712	1285684	KE	G	awaazmagazine.com	A B C but is still extremely concerned about the loss of his expensive watch. Ha! Ha ! Ha! Just like those materialistic Indians! # The trouble I have with
713	3643805	KE	B	tommakau.com	A B C ITU will allegedly help train CCK staff in the new systems, the ITU? Ha ! what people seem to forget is that out of all the UN bodies,
714	3647910	KE	B	kamaltolia.com	A B C one other. Suddenly, the silence was rent with a loud' Ha ha ha ha, Hee hee hee hee.... Hi hi hi hi hi...., Ho
715	1302841	KE	G	reggaelyrics.info	A B C Be careful of the ways that you practice Ah aw aw aw whoa! ha ha Repatriation, show love, you got no hate for no one Bruk down the
716	1308146	KE	G	unep.org	A B C # The Aral is not unique. " Salinization and waterlogging have affected 8.5 million ha or 64 per cent of the total arable land in Iraq;. 20-30 per
717	1293762	KE	G	ilri.cgiar.org	A B C Categories of farmers # Number in country # % # Estimated crop area (000 ha ) # % # Average crop area per farm (ha) # Commercial and
718	1293764	KE	G	ilri.cgiar.org	A B C Of the total area plowed, 22% was on the fields of ox-owners (1.5 ha per oxowner), 24% was carried out free-of-charge for relatives or for the plow
719	1299269	KE	G	naicity.co.ke	A B C and empowered, enabling growth and facilitating prosperity) in this specific day (ba ha yowm ha huw?? on this the one and only day (singular and
720	1287777	KE	G	coastal-saf.eu	A B C Definition Define the Coastal Zone Virtual System # Describe the cause- &-effect; chain from HA to Impact. Draw a map of the real system showing the main features to
721	1290946	KE	G	getmziki.com	A B C opinion anyone who says " Mziki umeenda shule " is definitely a Tanzanian!! ha ha ha. Whatever works for your marketing gimics is fine with me -- the
722	3647910	KE	B	kamaltolia.com	A B C barely see one other. Suddenly, the silence was rent with a loud' Ha ha ha ha, Hee hee hee hee.... Hi hi hi hi hi....
723	1280266	KE	G	nipate.com	A B C Ishakia. Dameer fardo is moodey ayaad tahay sakajaanyahow marqaansan. Dabada u dhigo madowga ha ku wassaanee. Dabdilifyahow. # Situation here is very simple and both Kenyans and
724	1830687	KE	G	ilri.cgiar.org	A B C ascertain since there are no documents on the subject. # On Maio Island 600 ha of browse plants are used to supply the Calhata Centre Zootechnique, which ranges 300
725	3648851	KE	B	lesleighinc.com	A B C ! She nearly ran over some people, they escaped death by a whisker. Ha ! Ha! Ha! Ha! Ha! # That said, we had
726	1293761	KE	G	ilri.cgiar.org	A B C and cowpea without added P. The yield of stover was also higher (1550 kg ha -1 compared with 1080 kg ha -1). The pure stand of cowpea yielded
727	3646364	KE	B	dennisitumbi.com	A B C currently under maize in response to the 2008/9 food crisis # G4 Industries targeting 28,000 ha with some of it in a ranch and the rest in the trust land but
728	1290951	KE	G	getmziki.com	A B C is so hot that i really never pay so much attention to the singing ha ha ha lol. # Anyway fortunately there are moments such as today where people prove
729	3639216	KE	B	goyoonline.com	A B C Lake Marshes, and Corn Creek Wetlands, encompassing more than 17000 acres (7000 ha ) of habitat. From it really is benefit excess tax, extra as opposed
730	1293761	KE	G	ilri.cgiar.org	A B C doubled to 3.2 million hectares, while average grain yields have dropped from 480 kg ha -1 to 300 kg ha -1. Up to this time, the increases in
731	3643386	KE	B	...idbits.wordpress.com	A B C forte. Ps: that when I am physically there with people am like AWESOME ha ha but emails, chats, texts someone shoot me or maybe just call me
732	1282882	KE	G	...orldagroforestry.org	A B C Institute (KEFRI) pointed out that in Kenya, gazetted forests cover 1.4 million ha , just 2.6% of the total land area and far less than the internationally recommended
733	3821126	KE	B	kenyaforum.net	A B C It makes me fell proud to Kenyan. # 2011/10/31 ADBI GUFU: Ha ha ha ha ha ha ha ha ha fighting with Al-Shaabab is like fighting with MUNGIKI but
734	3640909	KE	B	...mekucha.blogspot.com	A B C as some may seem, they speak truth! # xxx # Bwa ha ha ha ha ha he he he hu ta ta ta ta ra ra ra ru ru
735	1293657	KE	G	ilri.cgiar.org	A B C with paired oxen. At Debre Berhan, the average total area cultivated was 1.4 ha of which just under 1000 m 2 (7%) was cultivated with a single
736	1307038	KE	G	thinkersroom.com	A B C # I echo, JKE. PRICELESS. # I # - ) i ha ha ha.. that flaw chart is just flawless!!! Love that i get
737	1293648	KE	G	ilri.cgiar.org	A B C # Fencing requirements per hectare fell sharply with the change in organization. Separate 0.2 ha plots had required 2 rolls each of " Veldspan " mesh wire fencing, or
738	1293761	KE	G	ilri.cgiar.org	A B C grain and 1230 kg ha -1 of hay while the traditional system yielded 10 kg ha -1 of cowpea grain and 710 kg ha -1 of hay (Fig. 1)
739	3651102	KE	B	the1010project.org	A B C nearly 3 weeks ago now) has been packed with lessons learned, " Ah ha " moments, and tons of " BFOs " (Blind Flashes of the Obvious
740	1293667	KE	G	ilri.cgiar.org	A B C Cultivated area # The area cultivated per hoe household ranged from 1.4 to 7.4 ha , with an average of 3.7 ha. The average area cultivated per bullock household
741	1289828	KE	G	freshplaza.com	A B C means that the best orchards were able to generate pre tax profits of $66,000 per ha in 2011, but only $44,000 per ha this year. # There is some
742	3647179	KE	B	getmziki.com	A B C twos... Sheiiit.. I went over and started asking for NAMELESS ha ha ha ha (just kidding). # Anyway point am making is if you are a
743	1289457	KE	G	fao.org	A B C 500 ha in the Kerio Valley (Rift Valley) basin; # 111 100 ha in the East Coast basin (including the Tana and Athi basins); #
744	1289455	KE	G	fao.org	A B C 18,000 ha to 40,000 ha) and that there were plans to add another 20,000 ha the following year (Native Affairs Department 1935:100, Kitching 1980:64). By 1937
745	1289155	KE	G	espsy.org	A B C # Immediately there popped into my mind the thought, " Do the secret' Ha ' breath control method from Hawaii. " # This breath control method consists of
746	3636524	KE	B	afejnews.org	A B C with the biggest such acquisitions of land domestically is Reliance Industries with just over 10,000 ha for industry (conceivably, for the ill-fated Maha Mumbai Special Economic Zone).
747	1293667	KE	G	ilri.cgiar.org	A B C an average of 3.7 ha. The average area cultivated per bullock household was 6.4 ha with a range of 1.3 to 10.5 ha (P<0.01). About 75% of
748	1830930	KE	G	jambonewspot.com	A B C have been converted in to Hague 4 lifebuoy by money power # Mainmwangi # Ha ha ha.......... watu waende hague wote! kuishi kama sungura tumekataa. any person attacking rao
749	1289533	KE	G	fieldgemology.org	A B C witness there the grafting operation and the cleaning of the oysters performed on site in Ha Long Bay. # Part 3: A visit to " Taiheiyo Shinju Viet Nam
750	1293992	KE	G	...nfonet-biovision.org	A B C as large amounts of seed are required (about 500 to 1000 g of seeds/ ha ) and adds about four weeks of weeding labour to growing costs. In contrast
751	1307867	KE	G	unep.org	A B C forest reserves and continuous widespread encroachment have led to the destruction of over 100 000 ha of forest since 2000, representing roughly one-quarter of the Mau Complex's area (
752	1293788	KE	G	ilri.cgiar.org	A B C flock size varies between 50 and 300 head and farm size from 3 to 30 ha with a few larger farms (FSP, 1980). Income from livestock varies
753	3642091	KE	B	niaje.com	A B C " shit "... haha.. very funny # http: //twitter.com/AshaMweru Asha Mohammed # ha ha ha ha HILARIOUS.... you know your shit. # http: **30;238;TOOLONG Sam
754	3642134	KE	B	njambiemungai.com	A B C # One of the sound minded Kenyans Christopher Silwal put it so well.. " Ha ha ha, when in problems you cry for them to come and help break
755	1296437	KE	G	kenyan-post.com	A B C , avoid abuses and God will give you favor brother and sister. # Ha Ha Ha! Very interesting how an issue to do with robbery of national property is
756	1308225	KE	G	unep.org	A B C gains economically, it also contributes to mitigating climate change, as GHG emissions per ha are estimated to be on average 64 per cent lower than emissions from conventional farms
757	1293646	KE	G	ilri.cgiar.org	A B C is trucked over 2 000 km from southern-central Chile. Fundo Refresco has 15 000 ha of Tamarugo forest 7 000 ha being fenced off into 100 ha blocks. This
758	3636524	KE	B	afejnews.org	A B C cite just one example, Mission New Energy Ltd from Australia/New Zealand has acquired 194,000 ha to grow jatropha, which can be cultivated in arid land. This is no
759	1293761	KE	G	ilri.cgiar.org	A B C , animal traction # 231 hours ha -1 # Cowpea, hand-cultivated # 423 hours ha -1 # Cowpea, animal traction # 386 hours ha -1 # Table 3 provides
760	1278712	KE	G	livestockkenya.com	A B C are required in subsequent seasons. Topdress grass with 5-7 bags CAN or ASN per ha per year in 3 splits during the rain season or 5-10 tons of farmyard manure
761	1289904	KE	G	freshplaza.com	A B C of ground. Later on more ground was purchased to make a total of 24 HA large area was bought. This was not easy, because a number of agrarians
762	1278526	KE	G	...mekucha.blogspot.com	A B C RED FLAG is to the Spanish bull on way to SLAUGHTER. # Bwa ha ha ha ha ha ha hi hi wewe wu wu wu fu fu fu gu gu
763	1308703	KE	G	unep.org	A B C be represented by Ha Jung Jin (11) on the new Junior Board. Ha Jung works actively in her school to decrease food wastes # Jin Ho Huh (
764	1293640	KE	G	ilri.cgiar.org	A B C arid bioclimate), 1975 results. # Oglat Merteba 100,000 ha # Zougrata 81,000 ha # Crop % # 10 # 38 # Rangeland % # 90 # 62 #
765	1302015	KE	G	...storalismjournal.com	A B C , and tourism business partners. The minimum size of a PAN Park is 20,000 ha with a wilderness/core zone of at least 10,000 ha in its natural state, which
766	3820751	KE	B	commonlawreview.com	A B C . What do Germans speak when they come over here? Dutch? HA HA HA . No dice. They speak German, and they expect you to understand it
767	1302015	KE	G	...storalismjournal.com	A B C Zinke et al. 2002) and the adjacent Russian Paanajrvi National Park (104,371 ha ) in 2005. Together, parks form a potential cross-border ecological corridor and hence
768	3647179	KE	B	getmziki.com	A B C I just never pictured him as a DJ until he was a DJ ha ha ha . One thing I respect about TopDonn is consistency and the lack thereof or disregard
769	1293791	KE	G	ilri.cgiar.org	A B C ha were 48% higher. # When the effects of draught power on yield per ha and on area cultivated were combined, Debre Zeit farmers owning two or more oxen
770	3644494	KE	B	...nagricultureblog.com	A B C in some areas calling for a higher price for their produce led to some 100,000 ha of the crop being destroyed # In Mali, despite efforts to promote production,
771	1296504	KE	G	kenyan-post.com	A B C church of lucifer website or the phosphorous church of satan to see their agendas # Ha Ha Ha Haaah!!!... we told the masses that **26;12476;TOOLONG, instead
772	1289457	KE	G	fao.org	A B C 39 217 ha, while areas irrigated by sprinklers have increased from about 21 000 ha to 61 986 ha. # There are three major types of irrigation schemes in
773	1282969	KE	G	ww2.unhabitat.org	A B C in eastern, South Eastern and South Central Asia. The population density per 1000 ha in Eastern, South-Eastern and South-Central Asia in 1995 is 1237, 1105 and 1327
774	1293667	KE	G	ilri.cgiar.org	A B C # Farming operation # Hoe farms # Bullock farms # Av. labour a (ME-h ha ? 1) # c.v. b (%) # Av. labour (ME-h
775	1294013	KE	G	...nfonet-biovision.org	A B C regulation of trade from wild harvest. Kenya has the largest planted area (628 ha planted by year 2000), but the tree is increasingly becoming a popular agroforestry
776	3647151	KE	B	getmziki.com	A B C and listen to, unless the instrumental is ripped and layered with P Units rhymes ha ! ha! # So kudo's STL because I see the level of overall
777	3643433	KE	B	teamuhuru.co.ke	A B C the gut to say these guys remain put in the office. ha ha ha ha , even the AG is coming to the rescue for one of our own,
778	1296130	KE	G	kenyan-post.com	A B C who have always paid their taxes without coercion. # ha ha ha ha ha ha ha look at grown up men becoming emotional because of another man speak of gayism
779	3641240	KE	B	mahider.ilri.org	A B C 260 v. 250 g/day; P>0.05). The total output of live-weight gain per ha from steers, ewes and lambs was not significantly affected by animal species combination.
780	1308404	KE	G	unep.org	A B C whose facilities could be used jointly. # Secondary school requirement was put at 6 ha (15 acres); not catering for staff and student accommodation. Schools were
781	1293648	KE	G	ilri.cgiar.org	A B C required 1,645 man-hours/ha. On this basis, the average household could look after 2 ha in addition to subsistence crops, and the gross return from Leucaena would be $
782	1293726	KE	G	ilri.cgiar.org	A B C and two hectares. Other studies show that while average farm size is about 1.9 ha in the coffee growing zone in most areas of the Western Kenya highlands, average
783	1287795	KE	G	coastweek.com	A B C According to the report, out of long rains target of 749,044 Ha, 722,756 Ha was achieved, but harvests may decline. # " Owing to factors such as
784	1293735	KE	G	ilri.cgiar.org	A B C productivity. Work in Western Kenya, supplying a constant rate of 15 kg P ha -1 through combinations of Tithonia leaves, low-quality maize stover and triple super-phosphate (TSP
785	3819034	KE	B	...aycaray.blogspot.com	A B C , I'd pass on the zip lining as heights aren't for me. Ha ha. #
786	1302015	KE	G	...storalismjournal.com	A B C Herding Cooperative (RHC) of Ala-Kitka (16,583 ha in ONP of total 105,702 ha , plus 2,026 ha in a strict nature conservation area), and partially in
787	1278526	KE	G	...mekucha.blogspot.com	A B C to the Spanish bull on way to SLAUGHTER. # Bwa ha ha ha ha ha ha hi hi wewe wu wu wu fu fu fu gu gu gi ge ge
788	3643433	KE	B	teamuhuru.co.ke	A B C kenyans still have the gut to say these guys remain put in the office. ha ha ha ha, even the AG is coming to the rescue for one of
789	1296936	KE	G	kenyaplex.com	A B C company when facing law suits. # the road to success is tarmacked... ha ha . NO it is not! Responses # That's right.We need to maintain
790	3821126	KE	B	kenyaforum.net	A B C proud to Kenyan. # 2011/10/31 ADBI GUFU: Ha ha ha ha ha ha ha ha ha fighting with Al-Shaabab is like fighting with MUNGIKI but any way let pray
791	1293707	KE	G	ilri.cgiar.org	A B C usually for working draft animals. These cattle require the fodder production from about 0.14 ha of land. Progressive farmers, crossbred cattle # A few progressive farmers are
792	1828952	KE	G	agricultureday.org	A B C medium to high density systems of Faidherbia albida and annual crops occupy over 5 million ha , and they are rapidly diffusing across the country. " Farmers are also using
793	1288503	KE	G	...plomateastafrica.com	A B C The tactic was repeated in the next women's doubles match between South Korea's Ha and Kim Min-jung and their Indonesian opponents. # Separately, Alaaeldin Abouelkassem from Egypt
794	1276622	KE	G	halalamama.com	A B C to go play Imaginext stuff or build a Lincoln log house? # Katie: HA ! There you go... tell him you're hoping the mouse will put the
795	3637449	KE	B	blog.jaluo.com	A B C winning the next general election and forming the next government. # The Kalenjin community ha always been part of the government of the day ever since the country attained its
796	1294036	KE	G	...nfonet-biovision.org	A B C to row and 30 cm within the rows. Use 40-50 kg lupin seed per ha . (2 seeds per hole) # Lupins can also be planted between maize
797	3640909	KE	B	...mekucha.blogspot.com	A B C Singapore's GDP economy NA BADO. " # xxx # Bwa ha ha ha ha ha he he he wa wa wa wa # You build infrastructure to LOWER the
798	3646364	KE	B	dennisitumbi.com	A B C in force, in April 2009, TARDA were given a title for some 40,000 ha above the 28,000 ha in their original county council allotment Tana Delta land. It
799	1830924	KE	G	jambonewspot.com	A B C Aviv) belongs to Biwott and he has the biggest ranch in Australia (10000 ha ) where he rare merino sheep. More Sources show that Biwott fully owns Kobil
800	1305600	KE	G	...ngentafoundation.org	A B C In India, for example, average land holdings fell from 2.3 ha to 1.06 ha between 1970 and 2002. This implies that the number of smallholders is increasing.
801	1289452	KE	G	fao.org	A B C s that most sub-clan holdings ranged in size from about 20 ha to nearly 2,500 ha although they generally were between 80 and 120 ha in size (Colony and Protectorate
802	1278712	KE	G	livestockkenya.com	A B C of farmyard manure. Topdress with 2 bags SSP or 1 bag of TSP per ha per year in addition to the nitrogen fertilizers after the establishment year in areas with
803	1290192	KE	G	freshplaza.com	A B C carrots. " # Kimco have an area of 300 HA of carrots and 45 HA of onions in Belgium. In addition to carrots and onions Kimco also process garlic
804	1298079	KE	G	mashada.com	A B C he really socked them!! Utimishi kwa wote, without fear or favour, ha ha haaaa!!!! # Since then, I have an eye for
805	3643225	KE	B	somaliwarmonitor.com	A B C a Tunisian jail for terror charges (playing with Nitric Acid and other chemicals ha ha ), and after being set free by virtue of a French passport he made
806	3642091	KE	B	niaje.com	A B C "... haha.. very funny # http: //twitter.com/AshaMweru Asha Mohammed # ha ha ha ha HILARIOUS.... you know your shit. # http: **30;238;TOOLONG Sam Gichuru #
807	3651195	KE	B	themoderngooner.com	A B C get to face someone else. Or, Fox might be fit after all. HA HA! CONJECTURE! # Ex-Chelsea midfielder Jack Cork has been resting an ankle injury
808	3649230	KE	B	mm.co.ke	A B C in a flat and i drive german if that counts # karucy # ha ha ha na nini ingine? # Anonymous # All said and done, Miguna's book
809	1293761	KE	G	ilri.cgiar.org	A B C ridging; Millet stover removed. # A uniform stand of millet (13,000 hills ha -1) was planted in rows, 75 cm apart. Crop growth, water
810	1289457	KE	G	fao.org	A B C million ha in 2002, of which 4.6 million ha arable land and 0.6 million ha permanent crops (Table 1). Despite the fact that 80 percent of the
811	1293652	KE	G	ilri.cgiar.org	A B C , 400 ha; b) on Brachiaria ruziziensis, after 3 years, 80 ha ; c) on Panicum maximum, after 5 years, 40 ha. These
812	1281790	KE	G	thearsenalkid.info	A B C is rapidly approaching and we will be short of players yet again. # ha ha it is frustrating... the thing is transfers have always taken weeks if not months
813	3640828	KE	B	kisiionline.com	A B C crocodile container. # Hippo Point, Kisumu - is a 600 acres (240 ha ) viewing area on Lake Victoria. Despite its name, it is better known
814	1293735	KE	G	ilri.cgiar.org	A B C -1 contributed to soil P depletion, while large seasonal applications of 150 kg P ha -1 resulted in low efficiency of applied fertilisers. # Legume cover crops. In
815	1307038	KE	G	thinkersroom.com	A B C I echo, JKE. PRICELESS. # I # - ) i ha ha ha .. that flaw chart is just flawless!!! Love that i get to
816	3821894	KE	B	wanjeri.com	A B C with a very lovely lady called Linda. She lives and studies in Berlin. Ha ! Some extra wonderfulness: she has curly hair and was born in August.
817	1293768	KE	G	ilri.cgiar.org	A B C order to be accepted by the majority of farmers. Farm sizes are about 2.5 ha but they split into smaller plots and are often at a great distance from the
818	1828041	KE	G	multivideo.info	A B C general the ninja team pie and provided the party with the door? " " Ha ha, also said no. You sent the ninja team chief disciple, JiaoFei
819	1305600	KE	G	...ngentafoundation.org	A B C are now less than 2 ha; smallholders there farm an average of around 0.4 ha . Many factors have contributed to this trend. They include rural population growth,
820	1289457	KE	G	fao.org	A B C of irrigation development # The irrigation potential of Kenya has been estimated at 353 060 ha and is distributed over the basins as follows: # 180 000 ha in the
821	1293739	KE	G	ilri.cgiar.org	A B C ha) and teff (0.65 ha) compared to the observed area of 0.55 ha each. The model also overestimated the area allocated to the two pulse crops.
822	3821879	KE	B	...aresearchwriters.com	A B C reason though. Jerry: How about some of the not-so-good things? Rob: Ha !... the downer when I'm not high. The feeling of needing to
823	1280979	KE	G	...ueless.wordpress.com	A B C does that leave us stable minded normal people? Oh ya, single and friendzoned ha ! # My guy friends sometimes make me believe that there is probably some hope
824	3640887	KE	B	...mekucha.blogspot.com	A B C conference to tell us that his only wife is lucy.... Bwa, ha, ha , ha, ha... You ain't seen nothing folks, more nonsense will
825	3646364	KE	B	dennisitumbi.com	A B C April 2009, TARDA were given a title for some 40,000 ha above the 28,000 ha in their original county council allotment Tana Delta land. It is this land the
826	1830160	KE	G	getmziki.com	A B C in the Chapaa remix. Collo was just okay... BUT BAMZY ha ha ha ha ... I cant lie actually if it wasn't for the fact that I have
827	1296504	KE	G	kenyan-post.com	A B C of lucifer website or the phosphorous church of satan to see their agendas # Ha Ha Ha Haaah!!!... we told the masses that **26;12476;TOOLONG, instead of
828	1307705	KE	G	un.org	A B C # Status # Additional agriculture area brought under irrigation since 1992. # Area in Ha : 36,000Percentage of total cultivated land: 0.98 #
829	3648080	KE	B	...nyaflowercouncil.org	A B C at an altitude of 1950 above sea level is 42 ha in size with 36 ha under production. # They have their employees at heart and to appreciate their hardwork
830	1830159	KE	G	getmziki.com	A B C ... So to me I call this -- Kenyan urban Soul -- KUS Music ha ha ha... // please help us define what this sound is.. What do you
831	1296130	KE	G	kenyan-post.com	A B C Kenneth and Johnston Muthama who have always paid their taxes without coercion. # ha ha ha ha ha ha ha look at grown up men becoming emotional because of another
832	3636550	KE	B	...vesclub.blogspot.com	A B C water fairy dress in Kenya (what? you can't? why not? ha ha ha...) then the best thing is to just say " No "
833	1289828	KE	G	freshplaza.com	A B C of many jobs. # The spraying will cost in the region of $100 per ha , but the increased cost comes at a bad time. The profitability of orchards
834	1830689	KE	G	ilri.cgiar.org	A B C The biomass of current woody growth (leaves + twigs) was 1 150 kg/ ha -1 (half that for the C. mopane), and the herbaceous production
835	1293664	KE	G	ilri.cgiar.org	A B C operator), the human labour input for making BBFs was reduced to 16 hours/ ha . Under the traditional system, total labour inputs for land preparation, seeding and
836	1278151	KE	G	...nyanfreethinkers.org	A B C seem well adapted from our viewpoint, they serve their purposes very well. " HA !) Post navigation 3 thoughts on " Atheist Bible Study: The
837	1303781	KE	G	...ickwildlifetrust.org	A B C On the day of rescue the calf was found accompanied by young females from the HA family, formed of only three members, who were keeping him close and taking
838	1831511	KE	G	kurlykichana.com	A B C be shallow enough to look down on me because of a physical trait then... ha ! they are not worth my time LOL. You can definitely tell a woman
839	3821423	KE	B	mylife-coach.com	A B C I see. Well I'll just have to check out Amesubs channel, ha ha (I just love the fonts she uses when she subs). This is
840	3651260	KE	B	thinkersroom.com	A B C effect banned the selling of second hand ngothas underwear. If your ass (ha ha !) is caught selling second hand underwear you'd better have 10,000 bob somewhere
841	3636524	KE	B	afejnews.org	A B C surprises, the Indian government itself is the worst offender, having converted two million ha , 180,000 ha and 150,000 ha to jatropha in three instances. The government has
842	1293791	KE	G	ilri.cgiar.org	A B C costs). Draught power value per ox is estimated at the equivalent of 0.6 ha of crops or 180 Birr per annum. Young bulls are valued at 51% of
843	1830689	KE	G	ilri.cgiar.org	A B C shrub Portulacaria afra made up 74% of the biomass. Total biomass was 50000 kg ha -1. # Biomass available as browse was 2000 kg ha -1 (4% of
844	1293648	KE	G	ilri.cgiar.org	A B C . No rent was charged. Several blocks, varying in size up to 14 ha , were planted and managed by the project. # Fencing requirements per hectare fell
845	1295527	KE	G	kenya-advisor.com	A B C place to stay and enjoy while other major economies battle with their excesses. # HA Ha sorry I was off at a tangent there. # I do wish you
846	1296130	KE	G	kenyan-post.com	A B C Muthama who have always paid their taxes without coercion. # ha ha ha ha ha ha ha look at grown up men becoming emotional because of another man speak of
847	1292940	KE	G	hortibiz.com	A B C # In 2011, there was an average of one annual worker at each 0.4 ha , who generated an output of 124 thousand euros. In 2000, there was
848	1293766	KE	G	ilri.cgiar.org	A B C ##1293767 # With 12.61 minion ha of Vertisols (Berhanu Debele, 1985) Ethiopia ranks third in Vertisols abundance in
849	3647149	KE	B	getmziki.com	A B C drama infested country. # ps. Has anyone ever seen an Zimbamwean ID ha ha ha those things are made of metal!!! I wonder how they get
850	3647179	KE	B	getmziki.com	A B C time -- I just never pictured him as a DJ until he was a DJ ha ha ha. One thing I respect about TopDonn is consistency and the lack thereof
851	3637923	KE	B	...aycaray.blogspot.com	A B C on what all the people in town are saying--that Rosendo and Val are lovers. Ha ! Ivana starts to walk off but Benita grabs her arm and brings her back
852	1293761	KE	G	ilri.cgiar.org	A B C treatments were applied to either ridged or no-tillage plots. Phosphate fertilizer (17 kg ha -1) was broadcast before tillage. Weed samples were taken within and between the
853	1827325	KE	G	...lesbian.blogspot.com	A B C thing trying to cool down the heat. In the midst of my' HU HA HU HU', ideas started flowing in, I really wanted to write,
854	1293761	KE	G	ilri.cgiar.org	A B C yield of stover was also higher (1550 kg ha -1 compared with 1080 kg ha -1). The pure stand of cowpea yielded 600 kg ha -1 of grain
855	1281975	KE	G	...cissist.blogspot.com	A B C streets of Nairobi looking for these series, and finally I found it. ( Ha . There's a pun in there) I kept finding number sijui 11 sijui
856	1289457	KE	G	fao.org	A B C development master plans estimate the drainage potential to be in the order of 600 000 ha , involving flood control works as well as irrigation of the drained areas. So
857	3646697	KE	B	eddielogic.com	A B C for future economic development, especially if a particular raw material is identified which has ha relevant relationship to a particular industry. However, simple following of price fluctuations has
858	1293647	KE	G	ilri.cgiar.org	A B C of the year. # Crop # Carrying capacity calculated at number of sheep per ha for 4 months of the year. # Season I # Season I # Season
859	1830689	KE	G	ilri.cgiar.org	A B C crop of woody material was estimated to be much higher, at 67 783 kg ha -1. Of this; however, only 2528 kg ha -1 was current growth
860	1281742	KE	G	thearsenalblog.com	A B C him in the first place. Now we are hanging our hopes on him ha ha sometimes all you can do is laugh # I couldnt agree more with you!
861	3647910	KE	B	kamaltolia.com	A B C second time, the disembodied sounds rent the eerie silence!....' Ha ha ha ha ha.... Hee hee hee hee hee.... Hi hi hi hi hi....
862	3645241	KE	B	bikozulu.co.ke	A B C the most logical step.. we don't want you picking papers on the street ha .. Now a suggestion, with the number of hits this blog gets weekly,
863	3643225	KE	B	somaliwarmonitor.com	A B C ##3643225 # Turns out, Mikey's mom is the District Attorney! Ha ha . In the car my dad told me to just stay quiet. I told
864	1302016	KE	G	...storalismjournal.com	A B C the Olare Orok Conservancy, for example, currently receive a payment of US$43? ha ? 1 year? 1 (Bedelian in press). # Tourism is not
865	3821890	KE	B	...lblog.kingdomrep.com	A B C of an unclean demon, and he cried out with a loud voice, " Ha ! What have you to do with us, Jesus of Nazareth? Have you
866	1293657	KE	G	ilri.cgiar.org	A B C ha (all cultivated) around Debre Zeit and 2.5 ha (of which 1.4 ha was cultivated) around Debre Berhan. # Around Debre Zeit, because soils are
867	1293664	KE	G	ilri.cgiar.org	A B C in the subsistence farming systems of sub-Saharan Africa, where Vertisols account for 97 million ha of land. ILCA therefore developed a broadbed maker based on the traditional maresha,
868	3641240	KE	B	mahider.ilri.org	A B C not significantly affected by animal species combination. It is concluded that while output per ha is not enhanced by mixed grazing by sheep and cattle when sward height is controlled
869	1302022	KE	G	...storalismjournal.com	A B C the 27 landholders in the Save Valley shifted from livestock to wildlife, combining 344,200 ha of previously degraded cattle ranches into a huge wildlife conservancy with no internal fencing and
870	1298575	KE	G	misterseed.com	A B C A good action reaps another # One good turn deserves another # 143. Handu ha njuguma na ha mugwi hatiganaine # The place to use the club and the above
871	1296437	KE	G	kenyan-post.com	A B C respect, avoid abuses and God will give you favor brother and sister. # Ha Ha Ha! Very interesting how an issue to do with robbery of national property
872	3647151	KE	B	getmziki.com	A B C to, unless the instrumental is ripped and layered with P Units rhymes ha! ha ! # So kudo's STL because I see the level of overall excellence in
873	1293726	KE	G	ilri.cgiar.org	A B C Kenya highlands, average farm size is somewhat lower, ranging between 0.6 and 1.0 ha . Tenure is secure and, in Central Kenya, most farmers hold titles to
874	1305600	KE	G	...ngentafoundation.org	A B C is increasing. # Eighty-six percent of Indian land holdings are now less than 2 ha ; smallholders there farm an average of around 0.4 ha. Many factors have contributed
875	1293725	KE	G	ilri.cgiar.org	A B C poor households hired labour, their farm sizes fall within the range 0.3 to 0.4 ha , and only 37% of them owned cattle. One-half of the low resource endowed
876	3636524	KE	B	afejnews.org	A B C at less than $1.0 per ha) in the Gambella Region. It owns 50,000 ha in the southern region, making it the largest Indian commercial farm owner in the
877	1289533	KE	G	fieldgemology.org	A B C Part 2: A visit to " Vietnam Pearl Co Ltd " pearl farm in Ha Long Bay: After our expedition to Cat Ba Island we moved North, to
878	3820240	KE	B	...cissist.blogspot.com	A B C Education ruins children. I'm not having any for it to ruin. ( Ha ! I jest. There are just SO MANY MORE reasons. Lol.)
879	1308259	KE	G	unep.org	A B C than 200 ha each. The total area of medium farms (5 -- 200 ha ) was 730 000 ha, comprising 7 300 farms. Small farms (The
880	1278604	KE	G	...icainternational.edu	A B C ; compare Jer 18:16; La 2:15). " Ah! " -- " Ha , " an exclamation here of derision. " Thou that destroyest the temple,
881	1296365	KE	G	kenyan-post.com	A B C when in goverment still critizing the the gover.. Alifanya Nyachae aende nyumbani.. Ha ha ha ha am smiling at dis race..!! am a diaspora and from
882	1274044	KE	G	africaventures.net	A B C and the Eastern Buttress on the left, forms a backdrop to the 8 800 ha Royal Natal National Park, renowned around the world for its magnificent Drakensberg scenery.
883	1302027	KE	G	...storalismjournal.com	A B C ha from the Crown for NZ$6.9 million. They have subdivided and/or sold 47,110? ha (46? %) of their new freehold land for $135.7 million. Table
884	1279810	KE	G	na.unep.net	A B C food, household and industrial purposes, oil palm is cultivated on approximately 15 million ha worldwide. As global demand for palm oil is expected to double by 2020,
885	1296926	KE	G	kenyaplex.com	A B C has many loop holes for corruption. # the road to success is tarmacked... ha ha. NO it is not! Responses # I think this will be
886	1285866	KE	G	biotechkenya.com	A B C By 2015, it is estimated that the crop will be planted on 12.8 million ha . # The largest producing country in Asia will be Indonesia. # In Africa
887	1830159	KE	G	getmziki.com	A B C So to me I call this -- Kenyan urban Soul -- KUS Music ha ha ha ... // please help us define what this sound is.. What do you think
888	1309846	KE	G	...roforestrycentre.org	A B C more realistic production estimate of 53 600 t from a total area of 29 100 ha in 1987/1988. Trade statistics show that exports from Indonesia, the Philippines and Thailand
889	1284735	KE	G	agra-alliance.org	A B C declining smallholder agricultural productivity with cereal yields averaging less than 1 ton of grain per ha . To reverse this, the use of fertilizers must be significantly increased and this
890	3646364	KE	B	dennisitumbi.com	A B C Qatar government (unofficial sources in the media and public domain) claiming some 40,000 ha to grow food for Qataris in exchange for a port in the town of Lamu
891	1274751	KE	G	blackmenwomen.com	A B C you for? To me it'd be your eyes!! # Danica: HA ! Well yeah they seem to praise me on my eyes quite a lot...
892	3647179	KE	B	getmziki.com	A B C and twos... Sheiiit.. I went over and started asking for NAMELESS ha ha ha ha (just kidding). # Anyway point am making is if you are
893	3651260	KE	B	thinkersroom.com	A B C immediate effect banned the selling of second hand ngothas underwear. If your ass ( ha ha!) is caught selling second hand underwear you'd better have 10,000 bob
894	1289455	KE	G	fao.org	A B C 1968, the area under smallholder coffee in Central Province increased from just under 5,000 ha to around 40,000 ha (Thurston 1987:132, Kitching 1980:318). In comparison,
895	3821126	KE	B	kenyaforum.net	A B C Kenyan. # 2011/10/31 ADBI GUFU: Ha ha ha ha ha ha ha ha ha fighting with Al-Shaabab is like fighting with MUNGIKI but any way let pray for our
896	1293727	KE	G	ilri.cgiar.org	A B C of soil nutrient loss have caused a loss of 80? 100 kg of NPK/ ha per year in the lakeshore region and other parts of central Uganda. # Proceeding
897	1289457	KE	G	fao.org	A B C 353 060 ha and is distributed over the basins as follows: # 180 000 ha in the Nile (Lake Victoria) basin; # 52 500 ha in the
898	3821126	KE	B	kenyaforum.net	A B C makes me fell proud to Kenyan. # 2011/10/31 ADBI GUFU: Ha ha ha ha ha ha ha ha ha fighting with Al-Shaabab is like fighting with MUNGIKI but any
899	1296130	KE	G	kenyan-post.com	A B C Peter Kenneth and Johnston Muthama who have always paid their taxes without coercion. # ha ha ha ha ha ha ha look at grown up men becoming emotional because of
900	1289455	KE	G	fao.org	A B C under wattle had nearly doubled since the previous year (from 18,000 ha to 40,000 ha ) and that there were plans to add another 20,000 ha the following year (
901	3647910	KE	B	kamaltolia.com	A B C then the second time, the disembodied sounds rent the eerie silence!....' Ha ha ha ha ha.... Hee hee hee hee hee.... Hi hi hi hi
902	1296132	KE	G	kenyan-post.com	A B C and providing for your families and most of all trusting in God.. # HA HA HA HA HA HA HA HA who remember those commotion when was elected the president
903	1293768	KE	G	ilri.cgiar.org	A B C constructed into BBF in six working hours by a pair of oxen ranges from 0.4 ha to 1.2 ha for this and the previous BBM. The rate of work depends
904	1293717	KE	G	ilri.cgiar.org	A B C vast areas of steppe covered mainly by Stipa tenacissima and Artemisia herba-alba. Approximately 800,000 ha (10% of the arable land) are irrigated, mainly for wheat. Agro-industrial
905	1293761	KE	G	ilri.cgiar.org	A B C . On the other hand, yields of cowpea grain were reduced by 130 kg ha -1 with the use of animal traction. It was felt that the more vigorous
906	1290970	KE	G	getmziki.com	A B C in the Chapaa remix. Collo was just okay... BUT BAMZY ha ha ha ha ... I cant lie actually if it wasn't for the fact that I have
907	1826977	KE	G	africa.peacelink.org	A B C hope. # About 1,000 years ago, the great Spanish-Jewish poet and philosopher Yehudah Ha Levi wrote what became a central text of medieval Jewish thought-The Kuzari. The book
908	1302027	KE	G	...storalismjournal.com	A B C ? ha. The runholders bought the options to subdivide and develop about 290,000? ha beyond its pastoral uses (Brower et al. 2011). On the face
909	1273356	KE	G	...xcuses.wordpress.com	A B C comfy room in LA, California. I feel like I am rich... ha ha ha. But honestly, your blog is not only inspiring, but challenging too
910	1286650	KE	G	capitalfm.co.ke	A B C You you gonne bow for your masters your whole life and hate on them. ha .. ha.. ha... # Abe # Let's not waste our precious time
911	1830160	KE	G	getmziki.com	A B C as he did in the Chapaa remix. Collo was just okay... BUT BAMZY ha ha ha ha... I cant lie actually if it wasn't for the fact
912	1307867	KE	G	unep.org	A B C ##1307867 # The Mau Forest Complex, covering over 400 000 ha , is the largest of the fi ve water towers. It is Kenya's
913	3647180	KE	B	getmziki.com	A B C or good for radio songs. TAKE it back to KAPUKA this KAPUKA that -- Ha ha (he will probably punch me when he reads this, considering how buff
914	3819633	KE	B	...mekucha.blogspot.com	A B C ' wild idea' just like that and think we will sit pretty (ha ha ha Phil!) and make this another version of' Chris' -MB vs
915	3647834	KE	B	jarsmedia.com	A B C for you now? " one asked " Did they charge you? Mscheeew! Ha , but the color suits you now! " # I then drowned them,
916	1298849	KE	G	mm.co.ke	A B C then I could have backed them financially # http: //Website MIKE # ha ha ha i swear Changing times is such flop, they need to' cum' down
917	1275281	KE	G	ciikuweds.com	A B C like this: " well is it me or was that week extremely short ha ha ... " # BE SERIOUS SOMETIMES! # Since I've already overblogged on a
918	1293648	KE	G	ilri.cgiar.org	A B C Table 2. Establishment costs on larger blocks. # Site Area # Goma 14 ha # Tomali 28 ha # Costs US $/ha l # ? US $/ha? #
919	1305600	KE	G	...ngentafoundation.org	A B C countries. Latin America typically has a lower percentage of farms under two hectares ( ha ) (e.g. 20% in Brazil). # Raising productivity is crucial # In
920	1293767	KE	G	ilri.cgiar.org	A B C farmers own less than 1.5 ha, and 61% of the farmers own between 1.5 ha and 2.5 ha. Only 5% of the farmers owned over 3 ha. #
921	1289455	KE	G	fao.org	A B C the total area under wattle had nearly doubled since the previous year (from 18,000 ha to 40,000 ha) and that there were plans to add another 20,000 ha the
922	1303577	KE	G	savetheelephants.org	A B C of # Private nature reserves and adjoining large national parks such as the 2.2 million ha Kruger National Park (KNP) in South Africa, not only need to function
923	3821259	KE	B	komu-sense.com	A B C don't think a woman should lose her dignity just so she can say' ha ! Told you so! We lasted 72 days!' Rihanna has expressed interest
924	1293710	KE	G	ilri.cgiar.org	A B C . Farmers own about 40% of Nepal? s dairy livestock with less than 0.5 ha per family (Ministry of Finance 1998). These farmers have few sources of
925	1829909	KE	G	fao.org	A B C undated). # Labour migration and landlessness # By the mid-1930s, nearly 30,000 ha of high potential agricultural land in Kikuyu areas had been taken for European cultivation.
926	1290951	KE	G	getmziki.com	A B C so hot that i really never pay so much attention to the singing ha ha ha lol. # Anyway fortunately there are moments such as today where people prove me
927	1293640	KE	G	ilri.cgiar.org	A B C southern Tunisia (lower arid bioclimate), 1975 results. # Oglat Merteba 100,000 ha # Zougrata 81,000 ha # Crop % # 10 # 38 # Rangeland % #
928	3651195	KE	B	themoderngooner.com	A B C to face someone else. Or, Fox might be fit after all. HA HA ! CONJECTURE! # Ex-Chelsea midfielder Jack Cork has been resting an ankle injury he
929	1293669	KE	G	ilri.cgiar.org	A B C 1970, quoted by Skerman, 1982), to as much as 240 kg ha -1 year -1 (Nutman, 1971, quoted by Rachie and Roberts, 1974
930	3647179	KE	B	getmziki.com	A B C one and twos... Sheiiit.. I went over and started asking for NAMELESS ha ha ha ha (just kidding). # Anyway point am making is if you
931	1293761	KE	G	ilri.cgiar.org	A B C on the first weeding (including manual thinning) by 42% (to 56 person-hours ha -1) and the second weeding by 37% (to 36 hours ha -1)
932	1293667	KE	G	ilri.cgiar.org	A B C per hoe household ranged from 1.4 to 7.4 ha, with an average of 3.7 ha . The average area cultivated per bullock household was 6.4 ha with a range of
933	1293761	KE	G	ilri.cgiar.org	A B C and primary tillage and also of maintaining crop residues on dry matter yield (kg ha -1) of pearl millet a # Maintaining millet stover left on the surface or
934	1279796	KE	G	na.unep.net	A B C instead of declining, the islands grew in land area by a total of 63 ha or seven percent. # The research findings show that although sea level in the
935	3643225	KE	B	somaliwarmonitor.com	A B C father flipped on me and told me to just keep my stupid mouth shut. Ha ha. To explain my frame of mind, around those times I used to
936	3819876	KE	B	ncfbridge.org	A B C superpower and my weakness was metal. Surgery put metal in me... aghhhhh. -- ha !) # We then visited the river. We saw all these boats.
937	1830159	KE	G	getmziki.com	A B C in Kenya I can guarantee and I will see to it.. personally ha ha ha . # On this track Bamboo addresses all his critics, all the fans,
938	1289457	KE	G	fao.org	A B C while areas irrigated by sprinklers have increased from about 21 000 ha to 61 986 ha . # There are three major types of irrigation schemes in Kenya (Table 5
939	1281417	KE	G	somaliwarmonitor.com	A B C flipped on me and told me to just keep my stupid mouth shut. Ha ha . To explain my frame of mind, around those times I used to go
940	1299249	KE	G	n2africa.org	A B C ha to 1 ha, with the majority (70%) of households owning 0.20 ha . Irene's household owns an average farm of 0.25 ha. At the age
941	1293791	KE	G	ilri.cgiar.org	A B C low soil fertility, severly limit agricultural production. Average farm size is around 3.3 ha , of which 2.3 ha are cultivated and l ha is kept fallow. The
942	3647149	KE	B	getmziki.com	A B C their drama infested country. # ps. Has anyone ever seen an Zimbamwean ID ha ha ha those things are made of metal!!! I wonder how they
943	1298201	KE	G	mashada.com	A B C each of cultural undertaking there exist reasons, purpose and way of execution. # Ha ha ha, mzee Kijana, anyway, they will come and,, what
944	1296141	KE	G	kenyan-post.com	A B C much on their evidence on the side of the accused they face defamation charges # HA HA HAAA. I really pity ICC. Do they really know Kenya and the
945	1290956	KE	G	getmziki.com	A B C US so why should I spend time talking about QUEEN!!! ha ha ha ... # Anyway for the Africans on this blog -- here is a track for
946	1296132	KE	G	kenyan-post.com	A B C his father to take power is that what you are calling reforms? better we ha Koigi wa wamwere he did better than Rao on reforms or even Karua. RAO
947	3651028	KE	B	techsavvy.or.ke	A B C Kenyans are very un-educated. He thinks we exhibit very high levels of poverty... ha ! India has the largest concentration of slums anywhere in the world. Extreme levels
948	1828041	KE	G	multivideo.info	A B C the ninja team pie and provided the party with the door? " " Ha ha , also said no. You sent the ninja team chief disciple, JiaoFei.
949	1309420	KE	G	washint.edu	A B C of my choice and I could study the issues I was interested in when I ha time to do that... My study was a great and memorable experience for me
950	3645064	KE	B	bankelele.co.ke	A B C on the approval: " You are sending an application to a dog! Ha ha ha. " # The card ARRIVED three weeks later. 13 Credit has been offered
951	1285866	KE	G	biotechkenya.com	A B C planted on an estimated 900,000 hectares globally, 760 000 ha in Asia, 120,000 ha in Africa, and 20,000 in Latin America. # By 2015, it is
952	1279800	KE	G	na.unep.net	A B C of agricultural land have been submerged. In the Punjab alone, almost 404 685 ha of cotton-growing land was affected. The flood-affected lands could lose their crop and livestock
953	1296131	KE	G	kenyan-post.com	A B C u have failed please publish things that will help Kenyans not ur nonsense # Ha ha ha... Emotions emotions... When you angrily state that something on this post is
954	3637917	KE	B	...aycaray.blogspot.com	A B C on Tuesdays. I DID notice that you are counting the four episodes down. HA ! By the next and your final one I should be approaching Puerto Vallarta again
955	1293739	KE	G	ilri.cgiar.org	A B C rainy season. The average household owns about 0.35 ha of vertisol land and 1.42 ha of the light and mixed upland soil land. Most of the land (1.26
956	1300914	KE	G	nationmedia.com	A B C Kenya Forest Service (KFS) officially handed to Save the Mau Trust, 4000 HA of forest land. KWS and GBM have mobilized their staff, other organizations,
957	1289457	KE	G	fao.org	A B C arid and semi-arid, agriculture in Kenya is dominantly rainfed with an estimated 3.12 million ha being put under food crops in 1998. The food crops are maize, wheat
958	1293761	KE	G	ilri.cgiar.org	A B C mechanized inter-row weeding with animal traction increased yields of millet grain (by 160 kg ha -1), millet stover (by 1000 kg ha -1) and of cowpea
959	1293761	KE	G	ilri.cgiar.org	A B C Millet, traditional # 292 hours ha -1 # Millet, hand-cultivated # 240 hours ha -1 # Millet, animal traction # 231 hours ha -1 # Cowpea, hand-cultivated
960	1296132	KE	G	kenyan-post.com	A B C providing for your families and most of all trusting in God.. # HA HA HA HA HA HA HA HA who remember those commotion when was elected the president......
961	3640870	KE	B	...mupropertymarket.com	A B C rates tripled. # Case in point is the smallest plot of all time 0.02 Ha attracts a fee of Kes 2000 per year backdated to 2008 plus a total penalty
962	1294052	KE	G	...nfonet-biovision.org	A B C crop is comparable to the addition of 9 to 13 tonnes per acre (0.4 ha ) of farmyard manure. Leguminous plants fix nitrogen from the air into the soil
963	1295072	KE	G	jerryokungu.org	A B C said yes, just more directed. Maybe because I was 48 this time. Ha ! # Yes, it's normal. After radiation, I would usually come
964	1830692	KE	G	ilri.cgiar.org	A B C be reported elsewhere. Results were sufficiently encouraging for several broadscale areas (about 10 ha each) to be sown in 1978. A. rhagodioides gave poor results but A.
965	1308225	KE	G	unep.org	A B C Various studies have shown that organic fields sequester 3 -- 8 tonnes more carbon per ha than conventional agriculture. # Policy and systemic change to transform Uganda's agricultural sector
966	3636550	KE	B	...vesclub.blogspot.com	A B C dress in Kenya (what? you can't? why not? ha ha ha ...) then the best thing is to just say " No ". Often
967	1293735	KE	G	ilri.cgiar.org	A B C could be attractive to some small-scale farming systems. Seasonal additions of 25 kg P ha -1 increased maize yield with gradual replenishment of soil P. Smaller rates of 10 kg
968	3640909	KE	B	...mekucha.blogspot.com	A B C overtakes Singapore's GDP economy NA BADO. " # xxx # Bwa ha ha ha ha ha he he he wa wa wa wa # You build infrastructure to LOWER
969	3643284	KE	B	stevenkakuma.org	A B C Roman Centurion with a defeated enemy in tow (Colossians 2:15). Today, ha Satan is living on borrowed time. When Messiah comes, Satan will exit the
970	3636550	KE	B	...vesclub.blogspot.com	A B C fairy dress in Kenya (what? you can't? why not? ha ha ha...) then the best thing is to just say " No ".
971	3637102	KE	B	...a.wildlifedirect.org	A B C to inform you that following our aggressive campaigns against the setting a side of 50,000 ha for Kenya Jatropha Energy LTD to plant Jatropha in Dakatcha Woodland IBA, there are
972	3647158	KE	B	getmziki.com	A B C Abbas. # But when the track starts and Abbas is calling a dog ha ha ha.. priceless... // # Auuuuwi! Abas " hauna kitu na uko 40
973	1291388	KE	G	globotreks.com	A B C these little elephants the chance to survive and continue growing the elephant population. # Ha , oh no, those elephants end up being a mess everyday... poor guy
974	1278526	KE	G	...mekucha.blogspot.com	A B C is to the Spanish bull on way to SLAUGHTER. # Bwa ha ha ha ha ha ha hi hi wewe wu wu wu fu fu fu gu gu gi ge
975	1277560	KE	G	jukwaa.proboards.com	A B C 3 countries. A significant economic impact at the time was the removal of 784,320 ha (1,938,100 acres) of agricultural land and 694,200 ha (1,715,000 acres) of
976	1304565	KE	G	southworld.net	A B C the beginning of his mandate, the minister discovered that only 17,000 of the 90,000 ha state-owned wood producing areas remained covered by trees. Accordingly, high ranking politicians were
977	3640899	KE	B	...mekucha.blogspot.com	A B C Othaya to oversee the construction of his presidential library? # XXX # Bwa ha ha ha ha hi hu hu hu wa wa wa wa we wi wi # We
978	1293767	KE	G	ilri.cgiar.org	A B C 24% own over 4 ha. About 5% of the farmers own less than 1.5 ha . # The land holdings of about 54% of the farmers fall between 1.5 ha
979	1830160	KE	G	getmziki.com	A B C he did in the Chapaa remix. Collo was just okay... BUT BAMZY ha ha ha ha... I cant lie actually if it wasn't for the fact that
980	1297168	KE	G	kidslibstrust.org	A B C forest he heard a tree falling down. He heard a Giant laughing. " Ha ! Ha! Ha! I'm going to eat you, you little tiny
981	1278747	KE	G	loveaddictnyc.com	A B C super power, women are still expected to be the demure-shy type creatures. Ha ha ha... way to go girl. # omg, i just started blogging myself
982	3646364	KE	B	dennisitumbi.com	A B C some 30,000 ha in the delta for initial growing of Sugar cane and some 90,000 ha within the district (not known where) for the same proramme # Bedford Energy
983	1281417	KE	G	somaliwarmonitor.com	A B C magazine. # Turns out, Mikey's mom is the District Attorney! Ha ha . In the car my dad told me to just stay quiet. I told
984	1293719	KE	G	ilri.cgiar.org	A B C 7.21 million ha (29.9%) is under open water and swamps, 1.63 million ha (6.73%) is under forests and game reserves and just 5.543 million ha (
985	1830689	KE	G	ilri.cgiar.org	A B C ) is approximately equal to the production of the herbaceous layer (c 1400 kg ha -1). # The contribution of shrubs to the total woody biomass was 12%
986	1279744	KE	G	...uandrew.blogspot.com	A B C enjoy reading both the paper and blog regardless whose time it is to reply ha ha , by the way apologize to caro About Me # Am the immediate former
987	1297168	KE	G	kidslibstrust.org	A B C ! What are you doing in my kingdom? Get out of here! Ha ha ha! " # Thomas wanted to fight the ugly Giant but he felt he
988	1290956	KE	G	getmziki.com	A B C the US so why should I spend time talking about QUEEN!!! ha ha ha... # Anyway for the Africans on this blog -- here is a track
989	1283461	KE	G	actionaidusa.org	A B C to what it wants to do with the land; it wants to plant 18,200 ha of jatropha and 1,800 ha of food crops, but no jatropha has yet been
990	3651257	KE	B	thinkersroom.com	A B C course if given to a politician he can travel to the moon and back, ha ha! " # " But, " asks a cousin morosely, who forgets
991	1307867	KE	G	unep.org	A B C over 8 214 ha of forest within its offi cial boundaries and another 32 000 ha outside the protected area. The eastern slopes of the Maasai Mau Forest are a
992	3647291	KE	B	gofreehumor.com	A B C ! " # The nun replies by whipping off her mask and shouting, " Ha ha, I'm the bus driver! " # -- A woman gets on
993	3647179	KE	B	getmziki.com	A B C -- I just never pictured him as a DJ until he was a DJ ha ha ha. One thing I respect about TopDonn is consistency and the lack thereof or
994	1293057	KE	G	humanipo.com	A B C ##1293058 # liqingwu0 to Followers " Ha ha , the Si gave a teacher to joke, that boy since promised the affair
995	1302015	KE	G	...storalismjournal.com	A B C is situated mainly in the Reindeer Herding Cooperative (RHC) of Ala-Kitka (16,583 ha in ONP of total 105,702 ha, plus 2,026 ha in a strict nature conservation
996	1296936	KE	G	kenyaplex.com	A B C the company when facing law suits. # the road to success is tarmacked... ha ha. NO it is not! Responses # That's right.We need to
997	1828243	KE	G	pesatalk.com	A B C lie. Use your phone. Or your friends. Be THAT ANNOYING FRIEND, ha . Use the bundles (on Airtel you can buy a bundle for 5 bob
998	1293761	KE	G	ilri.cgiar.org	A B C amounts of crop residue left on the soil surface (as little as 600 kg ha -1) have led to reductions in soil erosion losses by as much as 57%
999	3640901	KE	B	...mekucha.blogspot.com	A B C ? # This is like that FABLE of the WHITE MAN'S BURDEN! Bwa ha ha ha he he he hi hi hi we we we ra ra ra #
1000	3821423	KE	B	mylife-coach.com	A B C , I see. Well I'll just have to check out Amesubs channel, ha ha (I just love the fonts she uses when she subs). This
