1	3824398	MY	B	wiki.eng.usm.my	A B C case a very small part of the man but do not know how to love Ha ha Smile a man ran back to the hostel or is too short, That
2	1839507	MY	G	sapp.org.my	A B C 2012: Luyang Assembly woman, Melanie Chia said Transport Minister Datuk Seri Kong Cho Ha should resign is Transport Minister if he does not know his job. Chia also
3	1062743	MY	G	...pocooks.blogspot.com	A B C hopped over to your blog from Ping's. So 39 is a lucky number ha ? I am glad to be a lucky follower of yours. # Li Shuan
4	1055245	MY	G	chedet.cc	A B C rate we are going, very soon Singapore will be our next colonial masters. Ha ... ha.. ha... ha..... I must say that I really have not
5	1071584	MY	G	dkpopnews.net	A B C to 13 billion won, portrays the love and friendship between one woman (Kim Ha Neul) and two men (So Ji Sub and Yoon Kye Sang) during
6	3823970	MY	B	sharingyoochun.net	A B C weak spot... # Hmmm, I don't know whether Sena would save Park Ha or not. But I think Tae Yong will wake up once Lee Gak returned
7	1055396	MY	G	cnbluestorm.com	A B C . Mr. Ha was an athlete with big feet. Jonghyun had big feet like Ha Hyungju, so he started Judo. The Headmaster personally recommended him as the
8	3822451	MY	B	...fusion.wordpress.com	A B C , the usual feelings you got after a long and tiring shopping thingy. Ha ha ! I even bought a few fireworks for my dear nephews Okay, for the
9	1835564	MY	G	...xttrade.blogspot.com	A B C can I know how should I do for me to mitigate my loss on the HA share assuming that the HA share price won't rise to RM0.065 (my purchase
10	1083003	MY	G	photodharma.net	A B C , this stretch of it is frequented by Manasarovar's legendary geese. # The ha ? sa and the cakkav? kas are nearly always mentioned in Indian poetic works
11	1064243	MY	G	...ethebox.blogspot.com	A B C do nt want the word' unisex' appearing on the shop fronts. Ha ha ha. This is the real issue. Folks, the problem is solved.
12	1837498	MY	G	fao.org	A B C evolution of drainage systems # In 1994, the total drained area was 940 600 ha . About 600 000 ha were drained for oil palm cultivation, using public funding
13	1057383	MY	G	forums.tvnihon.com	A B C . " -Jick # Kabuto wouldn't be able to kill the makamou, because ha can't produce ongeki. And the clock up doesn't last forever. When
14	3544634	MY	B	...ohdzawi.blogspot.com	A B C to which she replied " To help and' basuh' kutuk2 as well.. ha ha. " She seemed to be in a happy mood even though she was
15	1083671	MY	G	rimba.com	A B C bird is good at imitating human words.' Sahau irah Kayan jam nyalep nyavu ha ' kelavet doko ke' ayau rh tai mu'a ha' inah. Tovo ayau
16	1839651	MY	G	suanie.net	A B C You don't talk about it. Talking about it is wrong. " # Ha I'd like a friend who randomly gives me ebooks as well!! And
17	3553188	MY	B	rambleandwander.com	A B C a bit mysterious gitu... The only thing i like about Paris is Disneyland.. ha .. ha...! # Hi, Farikica! Thanks for the compliment. Mano
18	3547144	MY	B	stopthelies.my	A B C Dear Leader is hugely popular in Penang. " Popular communist North Korean leader style ha ? The young man there already purged one general, on some small mistake ca
19	1063890	MY	G	stopthelies.my	A B C . The monthly red. That's why he went to Rainbow. # Foul ha ? Below the belt ha? Too personal ha? Not fair ah? #
20	3824451	MY	B	...neproductsreview.net	A B C quite efficient in preventing the incidence of scarring on your skin. However, it ha numerous side effects, which you should try to understand before buying this medicine.
21	3824231	MY	B	...xblogbm.blogspot.com	A B C face a incumbent CM Lim Guan Eng in a public debate upo! n who ha s a improved plan as well as prophesy for Penang. It would be some-more
22	3546686	MY	B	sharingyoochun.net	A B C scene where I am even more satisfied is the scene where I first kissed Park Ha . Lee Gak teared at that moment. Many people were astonished and so does
23	1059159	MY	G	klse.i3investor.com	A B C wonder you have to create nicks to follow the discussions you create! ha ha ha # hahaha... as said, EPF is an enigma, please read back,
24	3539230	MY	B	...archive.blogspot.com	A B C was implemented at zero cost to the government, Transport Minister Datuk Seri Kong Cho Ha clarified today, dismissing allegations that concessionaires may have charged marked-up rates for its speed
25	3545560	MY	B	paultan.org	A B C mind that he can convince people that Korean cars have bad resale value. Ha ha , my friend just sold his Hyundai Tucson High Spec for RM129,000 after using it
26	1071300	MY	G	dhammatalks.net	A B C you've had a rotten rains retreat, I don't care. Ha! Ha ! Its just worldly Dhamma s; its got nothing to do with me.
27	1079979	MY	G	mmail.com.my	A B C 6.10pm on Thursday to 9.30pm on Friday. # Transport Minister Datuk Seri Kong Cho Ha said the main priority during the blackout was to ensure the runway was operational at
28	1083672	MY	G	rimba.com	A B C to make it seem as if X really is Y' Juhit kiong jam nyalep ha ' kelunan. = Juhit kiong jam nyalep nyavu ha' kelunan.' The minah
29	1076008	MY	G	ipadmalaysialabs.com	A B C thats a relief about the battery... you sure answered all our worries.. ha ha ... one can be too cautious sometimes!! but,.. it was avery
30	1055203	MY	G	ceritapakngah.com	A B C reasons -- everybody has -- but they are not the " the-dog-ate-my-homework " type ha ha ha. But whatever reasons I mention, they won't change anything so I
31	1083671	MY	G	rimba.com	A B C to make it seem as if X really is Y' Juhit kiong jam nyalep ha ' kelunan. = Juhit kiong jam nyalep nyavu ha' kelunan.' The minah
32	1060634	MY	G	...plugged.blogspot.com	A B C yet to be implemented next year, but we the rakyat alreay ho ha ho ha here &; there. Anyway, our tone is same, goods &; service price
33	3554762	MY	B	...lesale-ledlights.com	A B C that long-term decor of the Jining City. " At present; most waste is ha recentging in the trees Starry Lamount totrn " Overseer Liu any recentdld reporters thrrn many
34	1062796	MY	G	ragedindian.com	A B C to be out of the religion? says it all.dot... it is indeed peace ha ? For you' INDIAN', what kind of research do you do for
35	1079680	MY	G	mir.com.my	A B C the lens. # I have almost forgotten this is a Nikormat FT3 Site, ha ! There are additional camera controls related to lens operation are as follows: #
36	3824574	MY	B	badzine.net	A B C . They are Lee Yong Dae, Chung Jae Sung, Park Soon Hwan, Ha Jung-eun and Ko Sung Hyun. I must confess that I don't speak their
37	1055261	MY	G	chenchensim.com	A B C at risk of making them too often and eating too much of it. Ha Ha . # filling it up with strawberries. # I am being very generous with
38	1083708	MY	G	rockybru.com.my	A B C use newspaper to kesat (don't use the word wash la) your arse ha ? Aiyoo, so dirty one, la. They did that sort of thing
39	1059159	MY	G	klse.i3investor.com	A B C postings), it is not beyond you then to create your own followers! ha ha ha... # no no, you taught me that technique before. you
40	1837498	MY	G	fao.org	A B C inundation and control drainage schemes. The total irrigation area was an estimated 362 687 ha in 1994. # In the major irrigation schemes, flooding or basin irrigation is
41	1089161	MY	G	wiseoldgoat.com	A B C the latter days. For years people have laughed at the Bible, ha, ha , saying Babylon has already been destroyed. Well guess what, Saddam has rebuilt
42	1839216	MY	G	ohiseered.com	A B C my journal! Next on my shopping list: a communist hat and bag. Ha . # Little stools and tables outside the cafe. No one sits outside cos
43	3825420	MY	B	missycheerio.com	A B C his usual reply goes a little like this.. " Looks nice! ha ha ha ! how come you don't ever cook at home? " Well dad,
44	3553188	MY	B	rambleandwander.com	A B C before driving off to Jaipur. # Envy u... Envy u.... ha.. ha .. very impressive RAW... All yr photos like postcard photos... beautiful! Du
45	1083671	MY	G	rimba.com	A B C When the enemy got close, the Kayan would kill them.' Iah nyalep ha ' kelavet seminga'.' He imitated the sound of a gibbon for fun
46	1072697	MY	G	fao.org	A B C cultivation is mostly carried out by individual farmers working on small plots of about 1-1.5 ha . In 2006, the total harvested irrigated cropped area on the full control irrigation
47	3822287	MY	B	...log.malaysia-asia.my	A B C travelers would make a stop here. The most prominent thing to do here at Ha Long Bay is to take the overnight junk boat cruise. I was fortunate enough
48	1089397	MY	G	yangsquare.com	A B C . Well informative. Thank you for the information. Good luck to our career(soon) ha ! ha! # arlzarroyo September 17, 2010 8:19 pm # Comment: #
49	1078499	MY	G	malaysia-today.net	A B C # -3 # ... written by wayward-son, November 21, 2012 11:35:55 # Ha ha , the distortions &; spin our historians have visited upon us Let's look at
50	3822526	MY	B	...anggeum.blogsome.com	A B C up!... thats a very good work! more power!...... # Drama ha !! hehe, on the other hand, they are great!! inspired
51	3824431	MY	B	1earthadventures.com	A B C where it gets told to go to 127.0.0.1, by OpenERP or what. # Ha ! When I click the database s button on OpenERP-Web's login page, my
52	1834418	MY	G	blogger-news.net	A B C ). And I had made education reform a personal project -- even before I ha ... View Original Article # ... y Larson had long been one of my favorite
53	1083672	MY	G	rimba.com	A B C irah Kayan jam nyalep nyavu ha' kelavet doko ke' ayau rh tai mu'a ha ' inah. Tovo ayau av, boh Kayan mematai rh.' In the
54	1072697	MY	G	fao.org	A B C development in eight large irrigation areas, designated as granary areas and totalling 210 552 ha . They are the irrigated areas of Kada, Seberang Muda Perai, Trans Perak
55	1089161	MY	G	wiseoldgoat.com	A B C found the bones and put one together, the Devil said, " Ha, Ha , here's my chance; I've been waiting six thousand years for this
56	1066088	MY	G	...kuaisha.blogspot.com	A B C here in KL but Singapore... as spiderman says your friendly neighbour... ha ha ha ... and what happened? Only seven people attended... all the seven were the
57	1075514	MY	G	iium.edu.my	A B C hand and took me to the door, and I was saying: Ha, ha (as if I was gasping), until the agitation of my heart was
58	1072120	MY	G	dramacrazy.net	A B C Hyun Joon also give a good performed, but just feel the Dr. Lee Je Ha not match with KHJ. They have not chemistry as lovers or good friends but
59	1839271	MY	G	pbs-sabah.org	A B C . Tan Sri Pairin is married to Puan Sri Datin Seri Panglima Genevieve Lee Chau Ha , a former teacher. They have two sons, Alexander and Daniel, who
60	1070849	MY	G	...oolheadwarmheart.com	A B C later, Turkey. In a battle, the Turks captured the Roman Emperor ( ha ha ha!) but released him in exchange for a big piece of eastern
61	1070849	MY	G	...oolheadwarmheart.com	A B C , Turkey. In a battle, the Turks captured the Roman Emperor (ha ha ha!) but released him in exchange for a big piece of eastern Anatolia
62	1083671	MY	G	rimba.com	A B C . (i.e. in order to fool people for fun).' Iah nyalep ha ' babui. -- B' mu'un. Ha' temedo h senalep nh.'
63	3552014	MY	B	mca.org.my	A B C the people's mindset. " # Concurring, Transport Minister Datuk Seri Kong Cho Ha says Road Safety Department research experts he met in France told him that before the
64	1066088	MY	G	...kuaisha.blogspot.com	A B C any hotel here in KL but Singapore... as spiderman says your friendly neighbour... ha ha ha... and what happened? Only seven people attended... all the seven
65	3547352	MY	B	...ethebox.blogspot.com	A B C boy. All other cases would be resolved via the usual channel with less bru ha . I wonder who is keeping track. We would never know really whether things
66	1083672	MY	G	rimba.com	A B C bird is good at imitating human words.' Sahau irah Kayan jam nyalep nyavu ha ' kelavet doko ke' ayau rh tai mu'a ha' inah. Tovo ayau
67	1081202	MY	G	mykmu.net	A B C and Singapore's embassy in the pretext of enforcing road traffic laws there ha ha ha .. # And for the government, I think it's time to let the
68	1060559	MY	G	malaysiatoday.com	A B C , there will be no demonstrations because that is part of his preparations. # Ha ha is it the BN will go to the street or otherwise. Let the
69	1058794	MY	G	jyj3.net	A B C # The mentioning of Blue on Micky, Green on Su and Red on himself ha ! I get it now and it worked. I loved Micky's pattern of
70	3823981	MY	B	...heohyan.blogspot.com	A B C Every time I play against her, I lose straight sets! Malu la, ha ha. You have a nice day. Lee
71	1072697	MY	G	fao.org	A B C In 1994, the total drained area was 940 600 ha. About 600 000 ha were drained for oil palm cultivation, using public funding for smallholders. Most of
72	3552027	MY	B	mca.org.my	A B C schedule and will be completed in November. # Transport Minister Datuk Seri Kong Cho Ha said as of last month, the upgrading works was already 85% completed. #
73	1838894	MY	G	...ykitchensnippets.com	A B C the Asian store there? # Ju, thank you. # Leemei, ha ha actually once you get the hand of it, it is not that difficult.
74	1065783	MY	G	tourism.wildasia.org	A B C choose to stay in big and modern cities such as Ho Chi Minh city and Ha Noi after finishing their studies with the hope that they can have a good job
75	3539939	MY	B	...dotcom.wordpress.com	A B C . # So, how about we refrain from racial profiling and name calling, ha ? Still angry with me, wan na call me names? Don't la
76	1834164	MY	G	...hives.thestar.com.my	A B C material to grow, the authorities are handing out grants to smallholders to replant 40,000 ha annually and plant 18,000 ha of new rubber areas over the next five years,
77	3551430	MY	B	koreandrama.org	A B C and carefully plots their downfall. At the same time, Ga Eun also meets Ha Jae Bum, the man who falls deeply in love with her and promises to
78	1089192	MY	G	wishfortherain.com	A B C tell you to come in or roam around. Your mind, your fault. Ha . # On a serious note, I felt guilty and touched. But,
79	1055743	MY	G	...erican.wordpress.com	A B C , pacal yang hina menjunjung sembah perkenan YAM Mongkut mencela duli ke blog pacal. ha ha Mongkut needs an introduction. Seems like anybody and everybody likes to treat the US
80	1059159	MY	G	klse.i3investor.com	A B C ? no wonder you have to create nicks to follow the discussions you create! ha ha ha # hahaha... as said, EPF is an enigma, please read
81	1053121	MY	G	apregnantpause.net	A B C on Similac at first but then a new paed I brought her to suggested Enfalac HA for until she turns 5 kg. Now that she's on Enfalac, I
82	1069419	MY	G	blogskins.com	A B C for some reason, the system either became corrupted or something like that.. ha ha ha.. No Offence but nowadays SOTD are not relli up to standard! #
83	3543258	MY	B	jyj3.net	A B C Oanh told us: " I have translated for many Korean artists before like Kim Ha Neul, Song Seun Hung, Vietnam-Korea Film Festival... but translating for a famous
84	1079789	MY	G	miti.gov.my	A B C between ASEAN and China at the 17 th ASEAN Summit on 29 October 2010, Ha Noi, Viet Nam and 2 November 2010 in Kuala Lumpur, Malaysia. #
85	3547713	MY	B	...nfilms.wordpress.com	A B C not a lost fan, neither am I a fan of' Lost' ( ha ha... sorry). Rather, this is another well hyped Wachowskis effort.
86	1059159	MY	G	klse.i3investor.com	A B C ? no wonder you have to create nicks to follow the discussions you create! ha ha ha # ---> u said me create nicks to follow my own discussion?
87	1072697	MY	G	fao.org	A B C , using public funding for smallholders. Most of the irrigation schemes (340 600 ha ) are provided with separate drainage facilities. Water management, policies and legislation
88	1060612	MY	G	maritimeborneo.com	A B C severe fires, which on 21 September to 24 September 2009 so that about 1,000 ha of land burned. # " It is not impossible that a black orchid plants
89	3547773	MY	B	...mromeo20.blogmas.com	A B C open-Shu Dou Di years, which looked at pay for Huang Qiang sad look, ha ha laughter, said! and! quotLittle brother, do you have a soft-hearted
90	3547074	MY	B	...ikandeh.blogspot.com	A B C Taslim at the conclusion of every Sol? h: " L? il? ha illall? hu wahdahu la sharika lahu, lahul-mulku, wa lahul-hamdu, wa Huwa
91	1055203	MY	G	ceritapakngah.com	A B C my reasons -- everybody has -- but they are not the " the-dog-ate-my-homework " type ha ha ha. But whatever reasons I mention, they won't change anything so
92	1071865	MY	G	dkpopnews.net	A B C ##1071865 # ZE:A's Kwanghee will make a cameo appearance as Ha Suk Jin's younger brother on the upcoming episode of MBC sitcom' Standby'
93	1837276	MY	G	dhammatalks.net	A B C surrounded by a swamp, so had lots of mosquitoes. So I thought " Ha , I really got the good straw this time, for a change. "
94	3546027	MY	B	rafiziramli.com	A B C . I could have written a lot more but his wife reads this blog ( ha ha) so I shall not risk incriminating him with the misdeed of the yesteryears
95	1077505	MY	G	koreandrama.org	A B C are complete opposites... her family is happy while his family is not. Eun Ha is a girl with a cheerful personality and perfect skin with no wrinkles. She
96	1836659	MY	G	...ad-sanusi-husain.com	A B C ) the Qur'an. " Sahih al-Bukhari 6:61 #531, at-Tirmidhi 2810/A # Surah Ta Ha (20) # Abu Hurairah (radiAllahu anhu) reported that Allah's messenger
97	1068682	MY	G	badmintoncentral.com	A B C till before making a call? What happens if the shuttle decides to drop? ha ..... how? # well i have had this happen to me before, my
98	3552123	MY	B	miricommunity.net	A B C replace the trend of single ingredient product like collagen, placenta and botox. The HA can be well-absorbed and tolerated by human body through oral consumption and injection is not
99	1081932	MY	G	nst.com.my	A B C completed ". # " The (Transport) Minister (Datuk Seri Kong Cho Ha ) promised work completion by the end of November. He never said' substantial
100	3825505	MY	B	mynicegarden.com	A B C , I like this scent more than the scent of my ever-blooming dwarf Ylang-ylang. Ha Ha, now I have " Chanel No. 5 " and I also have "
101	1060229	MY	G	...ia.answers.yahoo.com	A B C don't worry about it, I'm sure it will be in another state HA ! Seriously you were just kids, yes you worry too much, you did
102	1058855	MY	G	jyj3.net	A B C guess the RM team doesn't want to do same mistake again. remember when ha ji won as the guest on RM? that's in the same time while
103	1059574	MY	G	...see-eat.blogspot.com	A B C meaty' type. # I don't exactly know what this is, ha ha : (... I know it was some kind of noodle, probably seafood (
104	1083672	MY	G	rimba.com	A B C When the enemy got close, the Kayan would kill them.' Iah nyalep ha ' kelavet seminga'.' He imitated the sound of a gibbon for fun
105	1072353	MY	G	edmundloh.name	A B C , counter-treat!) But I already wised up and gave in this time. Ha ha! # ... # ... # ... # Okay, I think I did
106	1085278	MY	G	thebackpacker.net	A B C one false tooth and guess what the tooth fairy toke it as a souvenir... ha .. ha.. nope it's a joke but true she really did lost her
107	3545461	MY	B	...ervoices.blogmas.com	A B C , were shocked, and soon, they burst into cheers, loud cries Ha ha ha, Lvpaolaozu finished! # We also finally free, brothers, the former
108	1063958	MY	G	...ocolate.blogspot.com	A B C above, let's go on a trip down memory lane with Seung Jo and Ha Ni! # Pretty in pale forest garb. # Complementary in pink and grey
109	1064243	MY	G	...ethebox.blogspot.com	A B C positions in the party. One leads. The other can replace him (ha ha ha). # I recall just before the 2008 elections, we were all
110	1834941	MY	G	...enwings.blogspot.com	A B C great kuehs, Lena.... These can end a bachelor's freedom, ha ha ha . Have a nice day. Lee. # i love this kueh.. i
111	1063427	MY	G	...heohyan.blogspot.com	A B C are going to dance in the concert. The song of the dance is Ha Ha Ha, a Korean pop song. # I will be the makeup artist again
112	1053870	MY	G	biz.thestar.com.my	A B C Of the total five million ha planted with oil palm in Malaysia, three million ha belong to the estate group and two million ha to smallholders. # The MPOA
113	3548576	MY	B	ahbing.com	A B C is she Doraemon or something? How can she fit so many ribbons inside there ha ? " Opening cola bottle # This one is the most ridiculous of all
114	1059431	MY	G	...ragreat.blogspot.com	A B C uncle! Carrying around this old model hand phone even make me feel older.Ha.. ha .. ha... # Good points of the run: # 1) Nice bright
115	3553726	MY	B	stuffatschool.com.my	A B C up to someone else and allow them to glimpse into your soul (ha, ha , ha), ask someone with above average English and some free time on
116	3823107	MY	B	jyj3.net	A B C very well said in the conference. Telling all the truth. His hyungs, ha ! yes always give him the microphone. Hum... this subject very sensitive,
117	3823970	MY	B	sharingyoochun.net	A B C But there are many voices about the possibility of Se Na, instead of Park Ha , who would be hit and killed by the car. 300 years ago,
118	1068898	MY	G	badmintonlink.com	A B C when they went down in the first set of match. # The Korean pair Ha Jung Eun-Kim Min Jung registered its swift lead by nailing their opponents with 21-17 score
119	1077496	MY	G	koreandrama.org	A B C passes, younger sister Park Ha is now living in America. While, Park Ha sells fruits as a sidewalk vendor, Yong Tae Yong (Micky Yoochun) sees
120	1836795	MY	G	askkpop.com	A B C early December and begin follow-up promotions. However, it seems as though fans will ha ..... by heej0130 # The ladies ofJewelrywent for a funky concept for December's issue
121	1055203	MY	G	ceritapakngah.com	A B C -- everybody has -- but they are not the " the-dog-ate-my-homework " type ha ha ha . But whatever reasons I mention, they won't change anything so I wo
122	3547773	MY	B	...mromeo20.blogmas.com	A B C Dou Di years, which looked at pay for Huang Qiang sad look, ha ha laughter, said! and! quotLittle brother, do you have a soft-hearted?
123	1058856	MY	G	jyj3.net	A B C really cruel, esp on their group) # Vampire and wolf, ha.. ha ... agree, the youth generation are very much attracted to these element. #
124	1056639	MY	G	...sclinic.blogspot.com	A B C improve hydration of your skin as it delivers hydrating solutions/brightening solution and even non-cross link HA intradermally and this helps to give you instant hydration. It uses fine needles and
125	1055245	MY	G	chedet.cc	A B C , very soon Singapore will be our next colonial masters. Ha... ha.. ha ... ha..... I must say that I really have not been impressed with Najib
126	1064243	MY	G	...ethebox.blogspot.com	A B C So who is democratic and who is not? Munafiks please answer honestly. # Ha ha ha. Good one Tan Sri. Ask Gobala to head an independent panel
127	1072672	MY	G	faizkhaleed.com	A B C " hot girls " part... It's not that easy you know, ha ha ha. Mike, not matter how " sad " your joke sounded, I
128	3550941	MY	B	irwan.my	A B C do the calculation for same question, i doubt everybody got the right answer. ha ha. # " We're talking about comparison loan vs monthly saving, so
129	1063958	MY	G	...ocolate.blogspot.com	A B C birthday, and herald many more birthdays to come. # To Seung Jo and Ha Ni -- thank you for sharing such a delightful love story with us. Re-watching
130	1055261	MY	G	chenchensim.com	A B C As for the whipped cream, well... everything in moderation, even moderation! Ha Ha..... # Stacking it up. # Tah-dah! My rustic decoration and simple
131	3547359	MY	B	...ethebox.blogspot.com	A B C they do nt want the word' unisex' appearing on the shop fronts. Ha ha ha. This is the real issue. Folks, the problem is solved
132	1062709	MY	G	...laysia.editboard.com	A B C Do you feel socially out of place when you eat with your group friends? Ha ha. I know I do. But my close friends are used to it
133	1070849	MY	G	...oolheadwarmheart.com	A B C their pride as the extended culture of this " mighty and invincible " (ha ha ) Roman Empire. # Turks were good horseman, soldiers and warriors. They
134	1071300	MY	G	dhammatalks.net	A B C . If you've had a rotten rains retreat, I don't care. Ha ! Ha! Its just worldly Dhamma s; its got nothing to do with
135	1067367	MY	G	ahbing.com	A B C cable # iPod/iPad cable # Headphones # When will they come up with wireless charger ha ? This is how I use the gadgets and why it works for me
136	1076263	MY	G	ipsofactoj.com	A B C second affirmation: # The general practice of Hong Kong's Hazard Assessment (' HA ') under the EIAO does not require quantification of risks that have already been
137	3540272	MY	B	blog.vibeink.com	A B C warm up such as " Ma Me Mi Mo Ma Me Mi Mo Ma Ha Ha " and sing it higher each time. This is one good way to help
138	3552123	MY	B	miricommunity.net	A B C replace the trend of single ingredient product like collagen, placenta and botox. The HA can be well-absorbed and tolerated by human body through oral consumption and injection is not
139	3539757	MY	B	...akingit.blogspot.com	A B C pro - is it cheaper? # I went from Nan HA 1 to Nan HA 2 when Ryan was about 7-8 months.. Then tried Nan 2 pro when he
140	1063892	MY	G	stopthelies.my	A B C can not use the same method to wipe out our nations RM417 billion debt. ha ha. This is lagi stupid. Only know how to waste money to increase
141	1081754	MY	G	niamah.com	A B C a slut and prostitute. Well actually he only apologized for using those words. Ha , there you go, recruit Rush for BN asap!!! # Patrick
142	1839774	MY	G	theborneopost.com	A B C Putatan member of parliament Datuk Dr Marcus Mojigoh wants Transport Minister Datuk Seri Kong Cho Ha to get to the bottom of the runway lights failure at the Kota Kinabalu International
143	1072697	MY	G	fao.org	A B C or 43 percent of the total land area. In 2009, about 7.6 million ha of the cultivable area, or 53 percent was cultivated. Permanent crops represented 76
144	1072698	MY	G	fao.org	A B C 91 percent of this cultivated area, while the remaining 9 percent (445 700 ha ) was under annual crops, mainly paddy. The agriculture sector is divided into
145	3547074	MY	B	...ikandeh.blogspot.com	A B C ? h, Lahun-ni'matu, wa lahul-fadlu, wa lahuth-thana'ul-hasan. L? il? ha ilall? hu, mukhlisina, lahud-dina, wa lau karihal-k? firun (There
146	3546896	MY	B	sloone.wordpress.com	A B C nt talk cock like anwar, they just go ahead and do it. ha ha ha # All is not lost yet as Perak only has a hung assembly which
147	1072697	MY	G	fao.org	A B C evolution of drainage systems # In 1994, the total drained area was 940 600 ha . About 600 000 ha were drained for oil palm cultivation, using public funding
148	3540272	MY	B	blog.vibeink.com	A B C vocal warm up such as " Ma Me Mi Mo Ma Me Mi Mo Ma Ha Ha " and sing it higher each time. This is one good way to
149	3551446	MY	B	ktemoc.blogspot.com	A B C , don't we; -). Until about half way down, ah ha , when it became clear - it was about the two dearly beloved leaders.
150	1839505	MY	G	sallyeh.net	A B C am just to make sure I can feel my passing from 39 to 40! Ha ha! It was smooth and I must say I feel better at 40 than
151	3541436	MY	B	eekaa.wordpress.com	A B C and other who are the supporters of the government, is beginning to " ho ha " about it. More precisely the choice of a new PM being at the
152	3550819	MY	B	imafulltimemummy.com	A B C it's irritated. Other than that, that's his whole regime. ha ha ... I only wash my face in the shower. shock I KNOW... thats
153	3544113	MY	B	malaysia-today.net	A B C who will be used as fuels in hell to burn wrong and evil doers. Ha ha ha! Serve you god damn people right! # When will we see
154	1061953	MY	G	paultan.org	A B C US is about $18,000 but here, it shoots up to RM145,000. # Ha Ha Ha. Typical Malaysians. All so concerned about correcting another person's geography mistake
155	1075514	MY	G	iium.edu.my	A B C of my hand and took me to the door, and I was saying: Ha , ha (as if I was gasping), until the agitation of my
156	3552962	MY	B	pistwist.com	A B C heard I had visited that place, they practically dare not touch my hand, ha ha. I bet you had a few smiles seeing these people. But good
157	1836517	MY	G	...ndyinkk.blogspot.com	A B C of wrapping in this manner. My jiaozi always go out of shape, ha ha .. Thanks for the pics, will definitely help me the next time round #
158	3547563	MY	B	theimperfectmom.com	A B C typed up list and a gang of your friends (and no kids around HA HA ). # I second your opinion on Polly. There's a ring in
159	1839505	MY	G	sallyeh.net	A B C just to make sure I can feel my passing from 39 to 40! Ha ha ! It was smooth and I must say I feel better at 40 than I
160	3549007	MY	B	badzine.net	A B C Polii and Meiliana Jauhari of Indonesia and Jung Kyung Eun, Kim Ha Na, Ha Jung Eun, and Kim Min Jung, all of Korea, have been charged
161	1064006	MY	G	...tuapui.wordpress.com	A B C !!!!! No wonder lah, Suituapui pergi balik..... ha ha ha ha!!!! # Oh? Is that so? Then I must
162	3546686	MY	B	sharingyoochun.net	A B C that scene. However, I felt that the confession from Lee Gak to Park Ha was unlike a pair of usual couple where one had a crush on the other
163	1059431	MY	G	...ragreat.blogspot.com	A B C Carrying around this old model hand phone even make me feel older.Ha.. ha.. ha ... # Good points of the run: # 1) Nice bright Adidas Running
164	1070849	MY	G	...oolheadwarmheart.com	A B C Turkey. In a battle, the Turks captured the Roman Emperor (ha ha ha !) but released him in exchange for a big piece of eastern Anatolia land
165	3546686	MY	B	sharingyoochun.net	A B C ' from Joseon to Seoul and the palpitating emotions when falling in love with Park Ha , were sufficiently relayed. Although he was not an outstanding actor, he was
166	3545461	MY	B	...ervoices.blogmas.com	A B C were shocked, and soon, they burst into cheers, loud cries Ha ha ha , Lvpaolaozu finished! # We also finally free, brothers, the former good
167	1061906	MY	G	paultan.org	A B C my car and got me 240BHP with Golf GTI kind of 0-100 km/h wa ha ha . # Its not the goverment, its the businessmen, if you can have
168	3546762	MY	B	...gxingfu.blogspot.com	A B C end of the first episode, the two male leads shared a kiss. Ah Ha ! This was interesting. Then I wanted to see what happened next and kept
169	3549007	MY	B	badzine.net	A B C would end up after topping Group A. # Kim Min Jung (left) and Ha Jung Eun of Korea # However, on court, both Wang/Yu and their opponents
170	3544634	MY	B	...ohdzawi.blogspot.com	A B C hold u in lock coz tak bawak IC or document perjalanan yg sah ha ha ha ... # Zai, Well at least you had a good laugh. We were
171	1073439	MY	G	...reemalaysiatoday.com	A B C . # Ministry must do more # Is the current MCA Transport Minister Kong Cho Ha performing effectively in tackling the growing problems facing the driving population? Besides legislating heavier
172	1053363	MY	G	asianuniverse.net	A B C After news of the concert? s cancellation was announced, cast member Jung Joon Ha commented,? I? m very much reflecting once again on the fact that
173	1083671	MY	G	rimba.com	A B C for fun).' Iah nyalep ha' babui. -- B' mu'un. Ha ' temedo h senalep nh.' He imitated the sound of a pig (
174	1056794	MY	G	...pendent.blogspot.com	A B C might be we can even use that $10k to go for holiday, ha ha ha ha ha, if he is smart enough to do his undergrad online and get
175	1064243	MY	G	...ethebox.blogspot.com	A B C Malaysian Malaysia'. And here is something interesting about the DAP and PAS. Ha ha ha. Read and laugh. # Folks did you know this? I
176	3547713	MY	B	...nfilms.wordpress.com	A B C a lost fan, neither am I a fan of' Lost' (ha ha ... sorry). Rather, this is another well hyped Wachowskis effort. Despite
177	3550819	MY	B	imafulltimemummy.com	A B C if it's irritated. Other than that, that's his whole regime. ha ha... I only wash my face in the shower. shock I KNOW...
178	3546085	MY	B	ragedindian.com	A B C 'm a comedy piece... And the guy said... " Sorry Anne... " ha ha ha I like this Durai, I do nt know abt others bt as
179	1834409	MY	G	blog.tsemtulku.com	A B C give the kids to him if they decided they don't want them anymore. Ha ! You know what I thought? I thought Rinpoche was planning to train these
180	3553726	MY	B	stuffatschool.com.my	A B C someone else and allow them to glimpse into your soul (ha, ha, ha ), ask someone with above average English and some free time on their hands
181	1066331	MY	G	...entloy.wordpress.com	A B C $1 billion. Other sections of the park will open in phases. At 54 ha , the highlights of the newly opened Bay South Garden which is located near the
182	3548576	MY	B	ahbing.com	A B C naked man walked up, naked, and they both started making love. # HA ? What the fuck? # I am not here to see you guys make
183	3546027	MY	B	rafiziramli.com	A B C I could have written a lot more but his wife reads this blog (ha ha ) so I shall not risk incriminating him with the misdeed of the yesteryears.
184	1077497	MY	G	koreandrama.org	A B C in the 1970s, managed to meet and fall in love. # Seo In Ha (Jang Geun Suk) and Kim Yoon Hee (Yoona), a art
185	1834621	MY	G	dongbangdata.net	A B C himself who wants to get closer to Park Ha. # The person who Park Ha meets has been the source of much discussion, but he says that it is
186	3551533	MY	B	kwcheah.com	A B C comes with some fancy features such as the Lenovo Easy NotePad. Heat # Ha , the heat is nothing as compare with my previous notebook. For normal to
187	3825420	MY	B	missycheerio.com	A B C and his usual reply goes a little like this.. " Looks nice! ha ha ha! how come you don't ever cook at home? " Well dad
188	1065708	MY	G	...veller.wordpress.com	A B C classified as Forest Reserve? That is true but of that total, only 342,216 ha (4.6% of Sabah's total land area) is classed as Protection Area in
189	1835782	MY	G	qahina.wordpress.com	A B C was so happy with it she shoots off to see her friends right away! ha ha... But later I'll update with my own work ya? Why do
190	1064243	MY	G	...ethebox.blogspot.com	A B C '. And here is something interesting about the DAP and PAS. Ha ha ha . Read and laugh. # Folks did you know this? I did not
191	1834381	MY	G	blog.limkitsiang.com	A B C "? His reply: "... to let people learn English "! # Ha ha ha! That got me rolling on the floor -- because " cut off
192	3544562	MY	B	mikeyip.com	A B C at. If you still haven't gotten your passes, go register at the HA Website! Was told that there's also the Smartphone apps that allows you to
193	1067079	MY	G	aforadio.com	A B C and, tail between his legs, scurried off to the lithonomist's. # Ha , just kidding! He totally stuck his hand in and ripped the stone out
194	3538876	MY	B	...istians.blogspot.com	A B C the public. # Who's responsible? Poor Minster of Transport, Kong Cho Ha must be having sleepless nights trying to defend the indefensible. And he must be
195	1084024	MY	G	sarawakreport.org	A B C land in Sarawak. instead of giving 1,000,000 ha to a family but give 50 ha to each family with titles you can make 20,000 millionaires. The responsibility of the
196	3553726	MY	B	stuffatschool.com.my	A B C open yourself up to someone else and allow them to glimpse into your soul ( ha , ha, ha), ask someone with above average English and some free
197	1083672	MY	G	rimba.com	A B C for fun).' Iah nyalep ha' babui. -- B' mu'un. Ha ' temedo h senalep nh.' He imitated the sound of a pig (
198	3824153	MY	B	t-ara.musicasia.net	A B C seen all over, wearing pink hats and shirts and riding pink bicycles along the Ha Noi streets. # Fans of SNSD in Hai Phong prepare pink conical hats to
199	1834941	MY	G	...enwings.blogspot.com	A B C make great kuehs, Lena.... These can end a bachelor's freedom, ha ha ha. Have a nice day. Lee. # i love this kueh..
200	1081407	MY	G	mywomenstuff.com	A B C but bravo if you're old and not so beautiful and you're blogging. Ha ! # Truly beauty blogs should not be define by looks... it's an
201	3540575	MY	B	carolyn-odonnell.com	A B C Symbol of Chandigarh: Le Corbusier's Open Hand sculpture near the High Court # ha ha! no donkeys here, only cows! If u want i can arrange
202	3544543	MY	B	...hziyan.wordpress.com	A B C rained. I mean, where else could we go to, the cinema? Ha ! I'm sorry, that was a very lame joke. # During the
203	1083003	MY	G	photodharma.net	A B C Tibet or India and were unknown to both ancient Tibetans and Indians. # The ha ? sa is the Bar-headed Goose (Anser indicus) and the cakkav? ka
204	1834578	MY	G	dapmalaysia.org	A B C was no open competitive tender for the AES # Transport Minister Datuk Seri Kong Cho Ha must remember that the AES is not a question of politics but a question of
205	1072353	MY	G	edmundloh.name	A B C counter-treat!) But I already wised up and gave in this time. Ha ha ! # ... # ... # ... # Okay, I think I did well
206	3553724	MY	B	stuffatschool.com.my	A B C if you haven't, then I guess it's a pretty good one. Ha , ha, ha... But I digress. The Secret is, in
207	1084334	MY	G	siamadenium.com	A B C proverb because she can not listen to you when you coach her... ha ha ha ... The concept of making Adenium to become Bonsai Seedlings is root making. Read
208	1053124	MY	G	apregnantpause.net	A B C ok? " # She said, " Don't want pee potty. " Ha . # Her brother said, " No... you have to pee in the
209	1053767	MY	G	...dotcom.wordpress.com	A B C # Wat nonsense you talk, Boateng? No read or watch Western TV news ha ? # You du n no Mitt Romney says all sorts of personal things against
210	1081419	MY	G	mywomenstuff.com	A B C socks on every night. It's just a matter of when I start! Ha ! I wish you a great day ahead! Callie recently blogged: No Monday
211	3823633	MY	B	nutcow.blogspot.com	A B C " how much? ". The stewardess said no need, is complimentary. Ha ! Ha! # We rent our car at the airport and maybe because is
212	1837498	MY	G	fao.org	A B C cultivation is mostly carried out by individual farmers working on small plots of about 1-1.5 ha . In 2006, the total harvested irrigated cropped area on the full control irrigation
213	1072172	MY	G	dramacrazy.net	A B C common: the suspects have the same defense attorney, Oh Seung Ha. Seung Ha 's defense for his clients severely shaken Oh Soo? s conviction to catch the
214	3823970	MY	B	sharingyoochun.net	A B C be forgivven? " # Netizens who watched the broadcast said, " If Park Ha died really can not be justified, " " Only Se Na died would clear
215	1077496	MY	G	koreandrama.org	A B C to take care of her younger sister. One day, while younger sister Park Ha sleeps inside a truck, the truck suddenly departs. Even though Se Na sees
216	1061919	MY	G	paultan.org	A B C need to put in all these function.. if not.. say bye bye la ha .. HAHAHAHAHAHAHA!!!!!!!!!
217	3542734	MY	B	...nation.wordpress.com	A B C had to wear a " ka kiak " to go to the toilet. Ha ha
218	1067725	MY	G	apfmj.com	A B C , namely haemagglutin (HA) and neuramidase (NA). Of the 15 HA subtypes known, H1, H2 and H3 are known to have circulated among humans
219	1064243	MY	G	...ethebox.blogspot.com	A B C important positions in the party. One leads. The other can replace him ( ha ha ha). # I recall just before the 2008 elections, we were
220	1834941	MY	G	...enwings.blogspot.com	A B C sure make great kuehs, Lena.... These can end a bachelor's freedom, ha ha ha. Have a nice day. Lee. # i love this kueh
221	1083461	MY	G	quran4theworld.com	A B C volume. This copy of the Qur- a n was verified by all S a ha bah (Companions of Mu
222	1834620	MY	G	dongbangdata.net	A B C when Lee Gak's reincarnation Yong Tae Yong smiles meaningfully at the female lead Park Ha with a hint of recognition, these were all unscripted yet acted out perfectly by
223	3541211	MY	B	...entist.wordpress.com	A B C # Are you satisfied with what you have done and achieved? # Ha Ha Ha ! What have I achieved? There are still Nazi punks and rich-kids fashion skins
224	1064003	MY	G	...tuapui.wordpress.com	A B C his beard and utter " something like that " and our PE teacher Mr Goh HA is' Mr otak udang' cos he always scold the students' otak udang
225	3547359	MY	B	...ethebox.blogspot.com	A B C nt want the word' unisex' appearing on the shop fronts. Ha ha ha . This is the real issue. Folks, the problem is solved. Its
226	3539757	MY	B	...akingit.blogspot.com	A B C how would she respond. Since not much difference i guessd will stick with nan ha for
227	1068927	MY	G	badzine.net	A B C I hope the two South Korean pairs of Jung Kyung-eun and Kim Ha-na, and Ha Jung-eun and Kim Min-jung will likewise do
228	1077496	MY	G	koreandrama.org	A B C receives a phone call that her family has been located in South Korea. Park Ha travels to South Korea and learns that her father has just passed away. At
229	3547148	MY	B	stopthelies.my	A B C check in. then people will ask " are we in Kansas? " ha ha ha ! " no ", comes the reply. " we are in a place
230	1053072	MY	G	annie-ming.com	A B C It's going to be more but definitely not going to double the digit. Ha ! # Now our Ashley is 8 months old. Ashley's quick updates:
231	3547148	MY	B	stopthelies.my	A B C are in a place that can be found only in a fictional tale ". ha ha ha! # Right on Funniman. Any laws that is for Muslim will
232	3552031	MY	B	mcaughtry.com	A B C is the kind of question he used to ask at work also). Ah ha ! I used the camera from my HTC Desire Android phone, which although only
233	1837368	MY	G	dramacrazy.net	A B C later in time. In parts of the drama the country girl, Lee Soo Ha , is so naive that you think wow, where has she been living all
234	3547148	MY	B	stopthelies.my	A B C allowed to check in. then people will ask " are we in Kansas? " ha ha ha! " no ", comes the reply. " we are in
235	1061947	MY	G	paultan.org	A B C those who use Toyota's sales figure to compare some ridiculous stuff. # Ha ha ... you proton people just don't get it. It is not the spec
236	1072698	MY	G	fao.org	A B C drainage development # In Malaysia, the potential irrigable area accounts for about 413 700 ha . Irrigation development dates back to the end of the eighteenth century. The Kerian
237	1056604	MY	G	everythinglbh.com	A B C # Masquerade, which was released on September 13, is about how the low-class Ha Sun pretends to be the king Gwanghae when the king comes under danger of being
238	1084517	MY	G	southbound.com.my	A B C in real development settings. To compound the challenge, much of the seminal thinking ha d focused on interpersonal processesthe mass media were not assigned any role in the new
239	3539087	MY	B	...ikarim.wordpress.com	A B C finish his question, Peter laughed loudly and hugging Paul, Peter said, " Ha ha ha! My old friends. It is really good to see all of
240	1084026	MY	G	sarawakreport.org	A B C scared Abdul Karim? Scared that you do not get your PERKS? > Ha ha ha ha.. All shits and craps from your dirty mouth # ex-PGA # What
241	1055245	MY	G	chedet.cc	A B C Singapore will be our next colonial masters. Best Regards, Ataturk # Dear Tun Ha , ha! This is priceless. One self-proclaimed' benevolent dictator' indulging in
242	1089397	MY	G	yangsquare.com	A B C informative. Thank you for the information. Good luck to our career(soon) ha! ha ! # arlzarroyo September 17, 2010 8:19 pm # Comment: # this website
243	1061960	MY	G	paultan.org	A B C , this is the best. The manegement should attend extra marketing strategies class. Ha ! Ha
244	1834944	MY	G	...iontoo.wordpress.com	A B C to it!!! lol... I love being a GIRL!!! ha ha
245	3547716	MY	B	...veller.wordpress.com	A B C classified as Forest Reserve? That is true but of that total, only 342,216 ha (4.6% of Sabah's total land area) is classed as Protection Area in
246	3546472	MY	B	...oplynas.blogspot.com	A B C blog, selling T-shirt, drive people angry, stock price fall and buy hua ha hha ha ha ha. # Definition is: A system of Government where the
247	1061405	MY	G	...aklover.blogspot.com	A B C FUN! I'm srue you'll be addicted to this from now on. ha ... Enjoy &; have more fun. Cheers, Kristy # agree. it's
248	1081165	MY	G	...ykitchensnippets.com	A B C . I have to try out tomato sauce the next time. # Lesley, ha ha I guess this vegetable have a lot of' angin' there is two
249	1062122	MY	G	pets.blog.my	A B C ##1062123 # Ha . Both are pretty, great. Both can love you, and show affection
250	1072950	MY	G	fpmt-ldc.org	A B C HA (which looks like the figure 5) dissolves into the head of the HA (the horizontal line) and one should think that the wind element has dissolved
251	3551814	MY	B	malaysiabrides.com	A B C .... # No la!! What I'm talking about is from Xpax.. Ha . Ya la, if you really wan na win, you can always give
252	3539986	MY	B	...perfect.blogspot.com	A B C like cooking for the family. # I needed time to get my perspective right ha ha... # Below is one example of the dance routine that we do at
253	1083461	MY	G	quran4theworld.com	A B C ????? used to recite the revealed verses to his S a ha bah (Companions). They used to learn these verses by heart. Some
254	1072698	MY	G	fao.org	A B C ha, or 43 percent of the total land area. About 5 095 818 ha , or 36 percent of the cultivable area, were cultivated. Permanent crops represented
255	1066535	MY	G	...ndyinkk.blogspot.com	A B C is not good. I think our family taste buds were spoilt buy us ha ha .. Over here we can't get this type of pineapple. All we have
256	3824801	MY	B	dkpopnews.net	A B C 've selected Ha Ji Won as their ideal type since her debut in 1999. Ha Ji Won looked surprised and said, " That's not possible. If that
257	1059159	MY	G	klse.i3investor.com	A B C ), it is not beyond you then to create your own followers! ha ha ha... # ----------------- # that's why i say you are a cheat,
258	1069419	MY	G	blogskins.com	A B C some reason, the system either became corrupted or something like that.. ha ha ha .. No Offence but nowadays SOTD are not relli up to standard! # Haha
259	1081165	MY	G	...ykitchensnippets.com	A B C vege and whatever meat in the fridge.Thank you again... yum! yum! # Ha ! I'm a Cantonese from Perak and it's a must for the Chinese
260	1836873	MY	G	badzine.net	A B C with Lee) is 23, like Lee's more regular partner this year, Ha Jung Eun. Perhaps surprisingly for such a seasoned veteran, this is Lee's
261	3824398	MY	B	wiki.eng.usm.my	A B C a very small part of the man but do not know how to love Ha ha Smile a man ran back to the hostel or is too short, That what
262	1075829	MY	G	...gingmywanderlust.com	A B C . I mean, a couple that works out together, stays together right? Ha ! # Anyway, I did have a feeling the rest of the night was
263	1055261	MY	G	chenchensim.com	A B C for the whipped cream, well... everything in moderation, even moderation! Ha Ha ..... # Stacking it up. # Tah-dah! My rustic decoration and simple cake
264	3542325	MY	B	halalfocus.net	A B C was 210,805, an increase of 125.4 per cent from the previous period. # Ha stressed that the number of tourist arrivals increased thanks to direct flights to Hanoi,
265	3554990	MY	B	yerye.blogmas.com	A B C make fun of one called " Morgan " Jennings " too hungry now, ha ha . " Then a man with glasses influx of women is very direct, "
266	3547074	MY	B	...ikandeh.blogspot.com	A B C , and every utterance of profession of Faith (i.e., L? il? ha illAll? h) is an act of charity, and every utterance of His
267	1064114	MY	G	sup3rjunior.com	A B C is often labeled as the' visual member' within the group. # ha ha i knew evn b4 reading this tat eunhyuk must have chosen siwon funny boy!
268	3554258	MY	B	timothy.my	A B C really does bother me. Is there anything such as Jin Inggerris? Ha Ha Ha . Hmm i think i should get it so i can write and talk fluently
269	1063958	MY	G	...ocolate.blogspot.com	A B C cold, mean, and arrogant Baek Seung Jo, and heart-on-her-sleeve, underachieving Oh Ha Ni, for me to rekindle my burning love for this couple. With that
270	1059431	MY	G	...ragreat.blogspot.com	A B C Carrying around this old model hand phone even make me feel older.Ha.. ha.. ha ... # Good points of the run: # 1) Nice bright Adidas Running
271	3824801	MY	B	dkpopnews.net	A B C the October 3rd broadcast of SBS's' One Night of TV Entertaniment', Ha Ji Won sat for an interview and discussed about her career and love. #
272	3543345	MY	B	kclau.com	A B C sugar business in Malaysia and some property development projects. # TWSPlant has about 105,000 ha planted area, all within Malaysia. For comparison, Genting Plant has about 96,000
273	1063427	MY	G	...heohyan.blogspot.com	A B C going to dance in the concert. The song of the dance is Ha Ha Ha , a Korean pop song. # I will be the makeup artist again later
274	1052802	MY	G	...kwrites.blogspot.com	A B C is the worst thing that can happen to us? # TO DIE? # Ha ha ha.. Nope. Provided that death came to you very swiftly (which
275	1065781	MY	G	...-melaka.blogspot.com	A B C the Hang Tuah Jaya Municipal Council. Zoo Melaka is a 54-acre (approximately 21.22 ha ) zoological park located beside Lebuh Ayer Keroh in Malacca. # The zoo has
276	1082474	MY	G	ohiseered.com	A B C (which many candidates have included too):' 123 456 7890' # Ha . This should be able to teach these ShanghaiNING weirdos a lesson for being so
277	3825090	MY	B	itfnet.org	A B C orchards. However, there are advanced farmers with mango holdings of up to 10 ha each. Mangoes grown in North Vietnam are less popular. # The peak mango
278	3546193	MY	B	...ords.photodharma.net	A B C is something very different. # The story is retold in the Khuddhap?? ha Commentary, with much elaboration and some variations; and also compare Mah? vastu
279	3822458	MY	B	...ntarina.blogspot.com	A B C nak makan masuk mulut terus melt, tak payah kunyah boleh terus telan " ha ha . I have found that it is yummy after sitting in the refrigerater overnight.
280	3547074	MY	B	...ikandeh.blogspot.com	A B C utters a hundred times in a day these words:' L? il? ha illall? hu, wahdahu la shar? ka lah, lahul-mulku wa lahul-hamdu,
281	3543074	MY	B	...ustdie.wordpress.com	A B C projects produce things or services to tax lah. Du n no how to do ha ? Now finish state land lorr. # Penang is a ticking timebomb. There
282	1083025	MY	G	photopixel.co	A B C 's shadow during the eclipse (if the clouds would clear up. ha ha ha ) # That evening we went to a very fancy restaurant to meet Jia Hao
283	3822901	MY	B	...obello.blogdrive.com	A B C anyways i signed it and the guy looks at it and he s like " ha .. they look nothing alike?? " and i was like " yeh well
284	1839512	MY	G	sarawakreport.org	A B C Bleeding Sarawakian # Taib, quickly transfer the money to Kawanku -- MBB............. Ha ha . # http: //none Watch Dog # So you think it is that easy
285	3822526	MY	B	...anggeum.blogsome.com	A B C and cute! Watched Love Letter but disappointed he didn't end up with Eun Ha . I wanted him to be her love interest. Hope he and lee young
286	3553724	MY	B	stuffatschool.com.my	A B C haven't, then I guess it's a pretty good one. Ha, ha , ha... But I digress. The Secret is, in essence,
287	3554785	MY	B	wishfortherain.com	A B C to know how funny it was. It was so freaking funny. Ha. Ha . # Okay. This is the part when I should clear my throat and
288	1064246	MY	G	...ethebox.blogspot.com	A B C is indicative of their restrictive set of mind. (My comments: ha ha ha ha!!) # ' Hijab' was mentioned in verse (ayah)
289	3545461	MY	B	...ervoices.blogmas.com	A B C news, were shocked, and soon, they burst into cheers, loud cries Ha ha ha, Lvpaolaozu finished! # We also finally free, brothers, the
290	3539757	MY	B	...akingit.blogspot.com	A B C cheaper really.. One box costs about RM50 but it's only 700g. Nan HA 2 used to be RM70+ for 900g (but I heard they have recently reduced
291	3823149	MY	B	...hamran.wordpress.com	A B C to memorize them. Risky. But I laugh in the face of danger. Ha . Hahahaha. It'll be fun to watch me fumble. You'll see
292	3547074	MY	B	...ikandeh.blogspot.com	A B C abundance has the greatest eminence. Some religious scholars regard only L? il? ha illAll? h as eminent, while others hold that the second part of it
293	1064243	MY	G	...ethebox.blogspot.com	A B C they do nt want the word' unisex' appearing on the shop fronts. Ha ha ha. This is the real issue. Folks, the problem is solved
294	3542280	MY	B	guanyincitta.com	A B C Ha ha. That's so true, Master! # Master Lu: Ha ha . But you are very good to your parents, and I can also see
295	3547563	MY	B	theimperfectmom.com	A B C little typed up list and a gang of your friends (and no kids around HA HA). # I second your opinion on Polly. There's a ring
296	1057609	MY	G	...ksguide.blogspot.com	A B C that it was going to be a very difficult thing to do. But, ha ! Who's interested in what's easy? # Hilary Mantel is working on
297	3822553	MY	B	diningout.blog.my	A B C both going to do this summer) -- HOPE THIS HELPS KILL SEVERAL MINUTES! ha ha ha Just kidding.... # What went GOOD with you during the past week
298	3826161	MY	B	...amkelih.blogspot.com	A B C because I do not have enough subjects BIO hours (credit hours).. camne ha tuh? # The fact That most people are learning for the sake of getting
299	3823206	MY	B	...witropicalisland.com	A B C before that flock of tourists forced us to wait. # Ha.. ha.. ha ! Kiasu, remember? # The cable cars at Langkawi Cable Car station arrived
300	3544614	MY	B	...arawak.wordpress.com	A B C tan is just average! The pros i fucked is looking better thsn her! Ha ha # Comments are closed. # Search for: Anti-Taib song to rally
301	1062744	MY	G	...pocooks.blogspot.com	A B C be going through our 2nd cycle of 7 years itch this year, wa ha ha ! Still fighting, but still the same us! # Marriage is made in
302	3825757	MY	B	shiallakra.com	A B C would get a lot of attention (I'm sort of a rockstar!) Ha Ha Anyway, I showed them the Tuen Mun Trend Plaza and how it covers
303	3823981	MY	B	...heohyan.blogspot.com	A B C time I play against her, I lose straight sets! Malu la, ha ha . You have a nice day. Lee
304	3554258	MY	B	timothy.my	A B C . They rather pay RM350.00 to get excellent result for English test. Ha ha ha . For RM350.00, i can spend the money for three weeks and this include
305	1052956	MY	G	allkoreandrama.com	A B C goodness the other so called " good-looking " guys are doing their military service ( ha , ha!!). LSG, you are best! # beside the
306	1059159	MY	G	klse.i3investor.com	A B C ), it is not beyond you then to create your own followers! ha ha ha... # no no, you taught me that technique before. you forgot
307	3546382	MY	B	...mongkol.blogspot.com	A B C out to be BN-freindly propaganda whores... # There was a report about Kong Cho Ha with the title " AES will be installed despite opposition ". # This die-hard
308	1083601	MY	G	reocities.com	A B C dead? " said Arthur. The waiter tightened his lips. " Aha, ha , " he said, " Sir is most evidently alive, otherwise I would
309	1064243	MY	G	...ethebox.blogspot.com	A B C who is democratic and who is not? Munafiks please answer honestly. # Ha ha ha. Good one Tan Sri. Ask Gobala to head an independent panel of
310	1053908	MY	G	biz.thestar.com.my	A B C of June 30, 2012, the company's total plantable areas stood at 70,900 ha over 10 plantations in the state. # " Of the total, 83 %
311	1834106	MY	G	...kwrites.blogspot.com	A B C of us Muslims could offer the alternative? It's all about saving face.. ha ha ha.. # The truth is, no one could be sure why Mecca
312	1054268	MY	G	blog.limkitsiang.com	A B C "). This support really " helps " MCA's cause! Ha Ha Ha . # Do you all remember... Nazri... Hishamuddin... and few others keep
313	1836714	MY	G	apfmj.com	A B C no competing interests. Authors' contributions # HA carried out the design and coordination of the study and data entrance and analysis.
314	1068893	MY	G	badmintonlife.com	A B C 13th. Ahsan and Natsir, Laybourn and Rytter Juhl as well as Lee and Ha will have to fight for two places, with the Indian pair of V and
315	1083672	MY	G	rimba.com	A B C . (i.e. in order to fool people for fun).' Iah nyalep ha ' babui. -- B' mu'un. Ha' temedo h senalep nh.'
316	1056639	MY	G	...sclinic.blogspot.com	A B C with peptides after 8 sessions # Rejuvenation of hands - 1 session with non-cross link HA # Pore reduction and skin tone improvement - this was after 1 session. #
317	3825420	MY	B	missycheerio.com	A B C cooked and his usual reply goes a little like this.. " Looks nice! ha ha ha! how come you don't ever cook at home? " Well
318	3552758	MY	B	othermalaysia.org	A B C muslims do nt give a damn about others welfare and now want cry out loud ha ! how is it feel to be in the other shoe! wherever part in
319	3544634	MY	B	...ohdzawi.blogspot.com	A B C lady tak hold u in lock coz tak bawak IC or document perjalanan yg sah ha ha ha... # Zai, Well at least you had a good laugh.
320	1061947	MY	G	paultan.org	A B C to those who use Toyota's sales figure to compare some ridiculous stuff. # Ha ha... you proton people just don't get it. It is not the
321	1838894	MY	G	...ykitchensnippets.com	A B C from the Asian store there? # Ju, thank you. # Leemei, ha ha actually once you get the hand of it, it is not that difficult
322	1083025	MY	G	photopixel.co	A B C the sun's shadow during the eclipse (if the clouds would clear up. ha ha ha) # That evening we went to a very fancy restaurant to meet
323	3823970	MY	B	sharingyoochun.net	A B C phone to asks Lee Gak to the reservoir. # Se Na brings along Park Ha 's mobile phone and couple T-shirt to reservoir together with Tae Moo. Lee Gak
324	1064246	MY	G	...ethebox.blogspot.com	A B C indicative of their restrictive set of mind. (My comments: ha ha ha ha !!) # ' Hijab' was mentioned in verse (ayah) 53
325	1066407	MY	G	...oyager8.blogspot.com	A B C I just happened to accidentally figure out the hard reset by hitting the button. ha . # My 255w was not responding to touches on the screen properly, like
326	1834613	MY	G	...erican.wordpress.com	A B C the arrival of SANDY. Obama Will Triumph -- So Will America # Ha... Ha .... i can see how Karma works here: its so illuminating by this particular
327	3546472	MY	B	...oplynas.blogspot.com	A B C selling T-shirt, drive people angry, stock price fall and buy hua ha hha ha ha ha. # Definition is: A system of Government where the least capable
328	1054418	MY	G	blog.tsemtulku.com	A B C guess its really because i myself give them many of the above mentioned excuses ha ha . So i think what goes around really does come back around. # Excuse
329	3822553	MY	B	diningout.blog.my	A B C going to do this summer) -- HOPE THIS HELPS KILL SEVERAL MINUTES! ha ha ha Just kidding.... # What went GOOD with you during the past week.
330	3823633	MY	B	nutcow.blogspot.com	A B C much? ". The stewardess said no need, is complimentary. Ha! Ha ! # We rent our car at the airport and maybe because is a low
331	1071865	MY	G	dkpopnews.net	A B C hometown from studying in the United States. After hearing that Lee Ki Woo was Ha Suk Jin's rival in a love triangle, Kwanghee heads in to take his
332	3546382	MY	B	...mongkol.blogspot.com	A B C I meant a high standard of journalism at the mention of the 2 names. Ha ha. Since when has Kadir Jasin and Jocelyin Tan set high standards of journalism
333	1061953	MY	G	paultan.org	A B C is about $18,000 but here, it shoots up to RM145,000. # Ha Ha Ha . Typical Malaysians. All so concerned about correcting another person's geography mistake but
334	3823206	MY	B	...witropicalisland.com	A B C the queue before that flock of tourists forced us to wait. # Ha.. ha .. ha! Kiasu, remember? # The cable cars at Langkawi Cable Car
335	1077504	MY	G	koreandrama.org	A B C becomes friends with the intelligent and upright Lee Sun Joon, the playboy Goo Yong Ha and rebellious Moon Jae Shin. 680 Responses to " Sungkyunkwan Scandal " #
336	3539067	MY	B	...kwrites.blogspot.com	A B C mass-communication. Stick to the right path and eventually we will kick their arse.. Ha ha ha. # Syafiqah: And what about my sister? How she fitted
337	3547680	MY	B	...otimers.blogspot.com	A B C the winner picked his clothes he went to try them on that's when i ha d the mo st chilled converst ion with Jed. We t al ked about
338	3823580	MY	B	news.abnxcess.com	A B C and Pakatan Rakyat MPs over the AES even though Transport Minister Datuk Seri Kong Cho Ha told the Malaysian Insider that the voting was only for his ministry's budget and
339	3822869	MY	B	...eshdeol.blogspot.com	A B C November 5, 2012 AES: It's An Education System # M uch ha s been said about the Automated Enforcement System or AES in short. Politicians have
340	1071912	MY	G	dkpopnews.net	A B C # With the growing list of A-list celebrities such as Jang Dong Gun and Kim Ha Neul in SM's new entertainment venture C &C,; expectations are on the rise for
341	3539757	MY	B	...akingit.blogspot.com	A B C both me n hubs have very bad allergies hx He is keen to stay on HA until Amni is 1 but financially it is killing us. Price wise with Nan
342	1053767	MY	G	...dotcom.wordpress.com	A B C said Obama not born in USA, not eligible to be President on that score ha ? Don't even believe Obama's birth certificate already put out to the mass
343	1059159	MY	G	klse.i3investor.com	A B C , it is not beyond you then to create your own followers! ha ha ha ... # no no, you taught me that technique before. you forgot?
344	3825704	MY	B	rockybru.com.my	A B C Stock market to make money la. Why, don't want to take risks ha ? # Btw, are you a Malaysian citizen? If so, support anti-corruption
345	3823849	MY	B	...passion.blogspot.com	A B C time I received goodies order, especially if it's for a cake order! Ha ! Ha! I know it sounds weird but it is true! *scout's
346	3542280	MY	B	guanyincitta.com	A B C much! I can see that you have put on weight. # Caller: Ha ha. That's so true, Master! # Master Lu: Ha ha
347	3552123	MY	B	miricommunity.net	A B C replace the trend of single ingredient product like collagen, placenta and botox. The HA can be well-absorbed and tolerated by human body through oral consumption and injection is not
348	3549007	MY	B	badzine.net	A B C However, on court, both Wang/Yu and their opponents Jung Kyung Eun / Kim Ha Na put on a disgraceful show. The longest rally in the first game was
349	3547074	MY	B	...ikandeh.blogspot.com	A B C All praise is due to All? h),' L? Il? ha illall? h (There is none worthy of worship but All? h)
350	1064515	MY	G	thepinkstilettos.com	A B C wife. Lucky woman). # I elbowed my husband and said, " Ha dengar tu ". # And then he said with a grin, " I
351	3825701	MY	B	rockybru.com.my	A B C and barking and threatening other races and creating trouble and inciting hatred and perpetuating lies ha ? typical la of you people... all drama and ranting and mayhem... its
352	3822553	MY	B	diningout.blog.my	A B C to do this summer) -- HOPE THIS HELPS KILL SEVERAL MINUTES! ha ha ha Just kidding.... # What went GOOD with you during the past week. (
353	3542325	MY	B	halalfocus.net	A B C no visa is needed for most citizens traveling between ASEAN countries, " said Pham Ha , founder and CEO of Luxury Travel Ltd. # " In order to capitalise
354	1834317	MY	G	biz.thestar.com.my	A B C infrastructure over the next four years. It will be planting an average of 6,000 ha per year over that duration which will involve a mixture of immature and young palms
355	1059159	MY	G	klse.i3investor.com	A B C no wonder you have to create nicks to follow the discussions you create! ha ha ha # hahaha... as said, EPF is an enigma, please read back
356	3539067	MY	B	...kwrites.blogspot.com	A B C . Stick to the right path and eventually we will kick their arse.. Ha ha ha. # Syafiqah: And what about my sister? How she fitted into
357	3543888	MY	B	...ujiaming.blogmas.com	A B C and! quotThis old man really strange!! and! quot replica Air King Ha Hui laughed! and! quotCrouching Tiger, where the capital is, all kinds
358	3547074	MY	B	...ikandeh.blogspot.com	A B C Greatest) thirty-three times; and completes the hundred with: L? il? ha illAll? hu, wahdahu l? shar? ka lahu, lahul-mulku wa lahul-hamdu
359	1085927	MY	G	...helongestwayhome.com	A B C foodie or not, husband said absolutely no on trying that one. LOL # Ha , $324 for beef noodles, I don't blame your husband for saying no
360	3549193	MY	B	...cycle-adventures.com	A B C the Sea (9D/8N) which includes both Sapa and Lao Cai plus Hanoi and Ha Long Bay. # Going south and east leads to the Hoa Binh karst mountains
361	1068796	MY	G	badmintoncentral.com	A B C strung at 23 lbs. Someone says to me - thats heavy!!! ha .. haaa.... enlightening post # I found Kwun's article very helpful especially
362	1054795	MY	G	camtrip.biz	A B C the relat i vely small amounts of free alk a nolamine, supe r amides ha v e poor water solubilit y. They are used in con- junction with a
363	1084026	MY	G	sarawakreport.org	A B C so scared Abdul Karim? Scared that you do not get your PERKS? > Ha ha ha ha.. All shits and craps from your dirty mouth # ex-PGA #
364	1056649	MY	G	famecherry.com	A B C , I just had a really angry zit I had to pop that morning. Ha !) Stay classy, ladies! " # The Corpse Bride # The corpse
365	1077525	MY	G	krisispraxis.com	A B C the Hebrew Old Testament the following construct state,' lh' abrhm and not ha ' lh' abrhm -- Genesis 31:42, Exodus 3:6 and Psalm 47:9 --'
366	1081234	MY	G	mynicegarden.com	A B C goodbye to the butterfly: (Did you name it???? # Ha , ha... I learn early on not to peep into the nest but like
367	1837498	MY	G	fao.org	A B C development in eight large irrigation areas, designated as granary areas and totalling 210 552 ha . They are the irrigated areas of Kada, Seberang Muda Perai, Trans Perak
368	1072697	MY	G	fao.org	A B C Kerian-Sungai Manik, Besut and Kemasin-Semarak. # In addition, there are 21 970 ha , which are inundation and control drainage schemes. The total irrigation area was an
369	1066535	MY	G	...ndyinkk.blogspot.com	A B C jam is not good. I think our family taste buds were spoilt buy us ha ha.. Over here we can't get this type of pineapple. All we
370	1068206	MY	G	askkpop.com	A B C his car and left without leaving any sort of note.On the 18th, Jung Jun Ha tweeted a picture with the message, " I had filming early in the morning
371	3546382	MY	B	...mongkol.blogspot.com	A B C meant a high standard of journalism at the mention of the 2 names. Ha ha . Since when has Kadir Jasin and Jocelyin Tan set high standards of journalism?
372	1083671	MY	G	rimba.com	A B C ##1083671 # salep - nyalep ha' -- X nyalep ha ' Y / senalep =' X imitates the sound of Y in order to
373	1059159	MY	G	klse.i3investor.com	A B C wonder you have to create nicks to follow the discussions you create! ha ha ha # ---> u said me create nicks to follow my own discussion? u tot
374	1072875	MY	G	foongpc.com	A B C owner, and he can send to you when it is available.... ha ha ha ! But then, the smell might make the parcel very suspicious! # monica
375	1837343	MY	G	dkpopnews.net	A B C alcohol, a lot of fans give it to us as gifts. (ha ha ) Now have to collect quicker than the drinking amount/rate. (Laughs) Seems
376	1839460	MY	G	rockybru.com.my	A B C call them white. When u see next orang putih, plse call him Pinky ha .... # Excuse me, In India - president is not elected. It is
377	1055245	MY	G	chedet.cc	A B C be our next colonial masters. Best Regards, Ataturk # Dear Tun Ha, ha ! This is priceless. One self-proclaimed' benevolent dictator' indulging in name calling
378	1089176	MY	G	wiseoldgoat.com	A B C the whole bank just by plotting it.' Ho, ho, ho! Ha ! Even me, no. And I was -- get -- I got,
379	1836359	MY	G	thewe.name	A B C that conspiracy theory. # ' Cheney! Bush! Rudy Giuliani! HA! HA ! # ' Tower 7 that never had a plane hit? just came tumbling
380	3823689	MY	B	paultan.org	A B C 160km/h that what u call play?.... Honda fan will laugh at u ha ha ha...... # I'm not quite getting it. Wasn't this already being
381	3823689	MY	B	paultan.org	A B C and 160km/h that what u call play?.... Honda fan will laugh at u ha ha ha...... # I'm not quite getting it. Wasn't this already
382	3542280	MY	B	guanyincitta.com	A B C your parents, and I can also see that you have full lips. Ha ha
383	1072697	MY	G	fao.org	A B C irrigated areas for rice cultivation have progressively increased. By 1960, about 200 000 ha had been developed, the emphasis then being on supplementing rainfall for single crop cultivation
384	1059159	MY	G	klse.i3investor.com	A B C no wonder you have to create nicks to follow the discussions you create! ha ha ha # hahaha... as said, EPF is an enigma, please read back
385	3554258	MY	B	timothy.my	A B C thing really does bother me. Is there anything such as Jin Inggerris? Ha Ha Ha. Hmm i think i should get it so i can write and talk
386	1072698	MY	G	fao.org	A B C large irrigated areas, designated as granary areas of the country and totalling 210 500 ha . They are the irrigated areas of Kada, Seberang Muda Perai, Trans Perak
387	3823667	MY	B	pagalavan.com	A B C really matter, they just want to have more time to sleep. # Ha ha . Yup I am well aware of all the benefits in Australia as citizen and
388	3553724	MY	B	stuffatschool.com.my	A B C , then I guess it's a pretty good one. Ha, ha, ha ... But I digress. The Secret is, in essence, the universal
389	3823633	MY	B	nutcow.blogspot.com	A B C Even the guys got to cover with towels or even their girl friends shawl.. ha ! ha! # We arrived at Pulau Payar, at the jetty you can
390	1059574	MY	G	...see-eat.blogspot.com	A B C ' meaty' type. # I don't exactly know what this is, ha ha: (... I know it was some kind of noodle, probably seafood
391	1064246	MY	G	...ethebox.blogspot.com	A B C , which is indicative of their restrictive set of mind. (My comments: ha ha ha ha!!) # ' Hijab' was mentioned in verse (
392	1054250	MY	G	blog.limkitsiang.com	A B C .... that way... gap between rich and poor kept at narrow levels... ha ha ... fat hope..... the real truth is it needs to get back being communist
393	1068894	MY	G	badmintonlife.com	A B C 13th. Ahsan and Natsir, Laybourn and Rytter Juhl as well as Lee and Ha will have to fight for two places, with the Indian pair of V and
394	3549193	MY	B	...cycle-adventures.com	A B C bicycle for a day in the hotel. # This page offers you Hanoi, Ha Long Bay and the rest of the north including Sapa, the south west of
395	3825505	MY	B	mynicegarden.com	A B C I like this scent more than the scent of my ever-blooming dwarf Ylang-ylang. Ha Ha , now I have " Chanel No. 5 " and I also have " Joy
396	1087102	MY	G	tripadvisor.com.my	A B C Hang Than, Ba Dinh, Ha Noi. Hang Than, a part of Ha Noi's 36 ancient wards, is the main trading street for traditional Com cake
397	1053348	MY	G	asianuniverse.net	A B C in new series THC2 and the crew is collaborating with the HK Hospital Authority ( HA ), so it is very likely Candy will be taken out of the case
398	1068897	MY	G	badmintonlink.com	A B C ##1068898 # The top seeded female Korean duo Ha Jung Eun-Kim Min Jung had a qualifying round bye in the German Open but they
399	3552962	MY	B	pistwist.com	A B C I had visited that place, they practically dare not touch my hand, ha ha . I bet you had a few smiles seeing these people. But good for
400	1058804	MY	G	jyj3.net	A B C , so do nt worry hehe # 9mmleftshinki # October 4, 2011 # Ngoc Ha They will do the smoke signals while doing the sexy rolling down window dance #
401	1079540	MY	G	mir.com.my	A B C . # R egrets? " R egrets I have a few, ha... ha ... " he sings. " No, not actually but I wish I have
402	1053908	MY	G	biz.thestar.com.my	A B C plantations in the state. # " Of the total, 83 % or 58,545 ha are fully planted, an increase of about six % compared to last year.
403	1072697	MY	G	fao.org	A B C inundation and control drainage schemes. The total irrigation area was an estimated 362 687 ha in 1994. # In the major irrigation schemes, flooding or basin irrigation is
404	3549307	MY	B	borneotravelblog.com	A B C London. The 188 natural sites include the Galapagos Islands, Yellowstone National Park and Ha long Bay in Vietnam. Only 29 areas are both cultural and natural such as
405	1064006	MY	G	...tuapui.wordpress.com	A B C !!!! No wonder lah, Suituapui pergi balik..... ha ha ha ha !!!! # Oh? Is that so? Then I must start
406	1068949	MY	G	badzine.net	A B C 's Zheng Bo and Ma Jin to beat the mighty Koreans Ko Sung Hyun and Ha Jung Eun, cruising for tomorrow's final at the 2010 Yonex BWF World Badminton
407	3547889	MY	B	tripker.blogmas.com	A B C guffaw, starting at top of the cliff, said! and! quotHa ha ha ... well... pink uggs Baixiong heavy murderous ah! Rivers and lakes on the
408	1053134	MY	G	...reemalaysiatoday.com	A B C his predecessors, although he used to accuse them of favouritism. # Kong Cho Ha stands out like a sore thumb. Defeated by Liow Tiong Lai for the deputy
409	3539834	MY	B	bendan.me	A B C of excited about the event thou because we did had super fun for the last HA here. Everyone were talking about it, preparing ourselves for some awesome party,
410	3546331	MY	B	...ubberjournalasia.com	A B C be benefiting from a higher income. The income of smallholders, which occupy 2.3 ha of plantations in the country, is currently RM4,000 a month. # Meanwhile,
411	1068427	MY	G	ayeenkadir.com	A B C acid? # A: Yes, at the back of the box, the HA Power represent the hyaluronic acid powder. Some of the consumers may doubt it,
412	1071584	MY	G	dkpopnews.net	A B C , by saying, " What he only cares about is Soo Yeon (Kim Ha Neul). He does not think in many ways, instead, he keeps
413	1072950	MY	G	fpmt-ldc.org	A B C fire element has dissolved into the wind element. # The main part of the HA (which looks like the figure 5) dissolves into the head of the HA
414	1835564	MY	G	...xttrade.blogspot.com	A B C I do for me to mitigate my loss on the HA share assuming that the HA share price won't rise to RM0.065 (my purchase price that time) or
415	1838027	MY	G	infinitydownline.com	A B C . Get 20 more during the third month. That's $500 right. Ah Ha ! I can't trick you. Now you are getting it. It's
416	1053908	MY	G	biz.thestar.com.my	A B C compared to last year. # " Sixty-four % of the planted area or 37,419 ha have matured. # " Our fresh fruit bunches' production has increased by 68
417	1072876	MY	G	foongpc.com	A B C important " house chore " i.e blogging!!!!! (ha! ha !) # hey FoongPc, did u vacuum up my comment?:)
418	3544634	MY	B	...ohdzawi.blogspot.com	A B C which she replied " To help and' basuh' kutuk2 as well.. ha ha . " She seemed to be in a happy mood even though she wasn't
419	1069419	MY	G	blogskins.com	A B C but for some reason, the system either became corrupted or something like that.. ha ha ha.. No Offence but nowadays SOTD are not relli up to standard!
420	1063372	MY	G	sharingyoochun.net	A B C wit SM.and if SM want to put them on hiatus after all this chaos, ha .. I think SM will had to prepare for the bad consequences of it.Cassies will
421	1085331	MY	G	theborneopost.com	A B C under review, the group had a total planted area of about 25,100 hectares ( ha ) of which about 93 per cent was in the maturity stage. # From
422	1052802	MY	G	...kwrites.blogspot.com	A B C the worst thing that can happen to us? # TO DIE? # Ha ha ha.. Nope. Provided that death came to you very swiftly (which would
423	3547543	MY	B	thefabulousmom.com	A B C it adds interest. We think it'll keep our kids brains guessing too -- ha ! We opted not to do the drawer storage, but there are also similar
424	1083003	MY	G	photodharma.net	A B C of clouds ". (Jm. XXII). The Sanskrit and Pali word ha ? sa is often incorrectly translated as' swan' but swans are not native
425	3554981	MY	B	...eeingng.blogspot.com	A B C very very very packed venue of party-goers! I was really looking forward for this HA cause I did not attend any of the other HA this year. Well I
426	3554258	MY	B	timothy.my	A B C one thing really does bother me. Is there anything such as Jin Inggerris? Ha Ha Ha. Hmm i think i should get it so i can write and
427	3546286	MY	B	...lhashim.blogspot.com	A B C to tell him that he is not disciplined, arrogant without a cause.. ha ha ha maafkan saya Bro. WSalam. kaki sukan # In badminton LCW and the technical
428	3545560	MY	B	paultan.org	A B C with better safety features are far more important than being a Japanese bontot worshipper. Ha Ha Japanese even conning people lah, Camry pun tak ada VSC. # Orang
429	3824801	MY	B	dkpopnews.net	A B C ##3824801 # It has been revealed that an incredible number of celebrities selected actress Ha Ji Won as their ideal type. # On the October 3rd broadcast of SBS
430	1068891	MY	G	badmintonlife.com	A B C groans as well as general annoyance at the passage of play. # 15-11 Kim Ha Na flicks her service out. # 12-15 Yu Yang serves into the net.
431	1839402	MY	G	purplewabbit.com	A B C I don't really have a choice anymore because tomorrow is my surgery. ( ha !) # On the day of the surgery, I couldn't eat but
432	1055250	MY	G	chefstales.com	A B C countries than i care to remember keep the flag flying best regards bill # Ha ha ! I have a friend who owns a steamboat restaurant with a buffet concept.
433	1089712	MY	G	www3.pmo.gov.my	A B C . " Here, one should also keep in view vv. 37-42 of Surah Ta Ha , where Allah, while sending the Prophet Moses to confront a tyrant like Pharaoh
434	1840280	MY	G	virtualtourist.com	A B C keep off the flies (this tip is advocated and patented by me-ha. ha. ha .). # The mosquitoes come out during sunrise and sunset time. So
435	1071014	MY	G	dailychilli.com	A B C the paper to help him buy over the share in the company (Ha! Ha ! too late), when he heard that it was up for sale,
436	1058830	MY	G	jyj3.net	A B C a lot of sweat, tears, snot and saliva were all mixed together. Ha , there were many reasons, at the time I didn't sleep for a
437	3539099	MY	B	ahtongtailor.com	A B C . So excited to see how this will come together, you guys! # Ha -- I love your optimism Sharon! We are a year in -- and it
438	1060817	MY	G	mir.com.my	A B C you should know if there is any scratches that run across the film later, ha !). When the leader becomes detached from the take-up spool, it can
439	1834621	MY	G	dongbangdata.net	A B C well, as it is Lee Gak himself who wants to get closer to Park Ha . # The person who Park Ha meets has been the source of much discussion
440	1077496	MY	G	koreandrama.org	A B C Do Chi San (Choi Woo Shik). # Seoul 2012 # When Park Ha (Han Ji Min) was young, her father remarried and Park Ha gained
441	1054478	MY	G	blogger-news.net	A B C if you are squeamish that you refrain from reading this one while eating. You ha ... # ... of the things I enjoyed most. I really liked her writing
442	1071078	MY	G	dailymuscle.com	A B C pain so much that there are times I swear it's almost orgasmic. Ha ha . # do approach ur instructor, s/he shud b obliged to answer all ur
443	1088071	MY	G	verbots.com	A B C files, whilst it is laughing at me I may say " very funny, ha ha. ", but a response from the bot would not be appropriate -
444	3549193	MY	B	...cycle-adventures.com	A B C places to visit. # For example, think of a loop: Hanoi - Ha Giang - Meo Vac - Dong Van - Lung Cu - Tam Son (Yen
445	3552179	MY	B	miszlullaby.com	A B C was born. # Then she started to put that baby beside wardina.. " Ha adik.. belasah dia.. belasah dia.. " # After that, one by
446	1837368	MY	G	dramacrazy.net	A B C Hwa Ahn Dang (and Chan Min), and Lee Joon Yong, Soo Ha 's brother and Chan Min's friend who can't forget a girl from Hwa
447	1059159	MY	G	klse.i3investor.com	A B C wonder you have to create nicks to follow the discussions you create! ha ha ha # hahaha... as said, EPF is an enigma, please read back,
448	3822561	MY	B	...erican.wordpress.com	A B C of Mitt Romney behind every great man is a woman with a vibrator. # Ha ! The freest country in the world goes to the ballot. And yet,
449	1072107	MY	G	dramacrazy.net	A B C ##1072108 # Description: Oh Ha Na is a lowly policewoman who lacks a sense of duty and believes that it
450	3542639	MY	B	...darren.wordpress.com	A B C did nothing to reduce it, calculate and see, could the government do so ha ? To me Pak Lah is a good man, if Mahathir could survive through
451	1084024	MY	G	sarawakreport.org	A B C personally the group had 1,000,000 ha of land in Sarawak. instead of giving 1,000,000 ha to a family but give 50 ha to each family with titles you can make
452	1060634	MY	G	...plugged.blogspot.com	A B C GST is yet to be implemented next year, but we the rakyat alreay ho ha ho ha here &; there. Anyway, our tone is same, goods &;
453	1083524	MY	G	reach.org.my	A B C . # Ramakrishnan said the current silting rate in Cameron Highlands was 200 tonnes per ha per year, according to a study conducted by the Malaysian Agricultural Research and Development
454	1837343	MY	G	dkpopnews.net	A B C drink alcohol, a lot of fans give it to us as gifts. ( ha ha) Now have to collect quicker than the drinking amount/rate. (Laughs)
455	1077502	MY	G	koreandrama.org	A B C She is doing great. But am i greedy if i wish the actress was Ha Ji Won or Kim Sun ah? Someone as high level as KMM? #
456	1837367	MY	G	dramacrazy.net	A B C ##1837368 # Description: Lee Soo Ha , 38th granddaughter of the Jae Ahn Lee clan and owner of the clan manor
457	1083369	MY	G	pvcdrain.com	A B C statement is very special and meaningful: " Peter you like to eat? " Ha ! I am on the phone guffaw! " Do you like what he ate
458	3539208	MY	B	allkoreandrama.com	A B C recommended Kwang Hyun to be student in the royal doctor's group # Lee Sung Ha Lee Myung Hwan's son. He passed entrance exam for government office in young
459	1081284	MY	G	mysinchew.com	A B C a signboard to warn motorists about the cameras. Transport Minister Datuk Seri Kong Cho Ha later said that the 831 locations were only a proposal that could still be reviewed
460	3547074	MY	B	...ikandeh.blogspot.com	A B C ) used to say at the conclusion of solat: " L? il? ha illall? hu wahdahu l? shar? ka lahu, lahul-mulku, wa lahul-hamdu
461	1089092	MY	G	...at-buddha-taught.net	A B C they're grey too. You know what tea they drink? Earl Grey! Ha ! Ha! It's all grey. It's very grey and miserable and
462	3823944	MY	B	...owisme.wordpress.com	A B C # Remember that song, midgets? No? You must be damn old ( ha !) then if you dontch remember the song. Wot? You remember it
463	1834352	MY	G	biz.thestar.com.my	A B C 's executive chairman Tan Sri G Gnanalingam said that the expansion plan included a 160 ha (400 acres) land reclamation project and the construction of four container terminals slated
464	3551119	MY	B	jaynestars.com	A B C contract for an award, " I didn't sign a contract. Ha ha ha . If so, let me know early, so I can pick a good
465	3545560	MY	B	paultan.org	A B C small mind that he can convince people that Korean cars have bad resale value. Ha ha, my friend just sold his Hyundai Tucson High Spec for RM129,000 after using
466	1058568	MY	G	...ustdie.wordpress.com	A B C to ensure a peaceful rally "? You wan na the military to come out ha ? Do you know that in Fiji the military came out when the pendatangs --
467	1834613	MY	G	...erican.wordpress.com	A B C Commander-In-Chief with the arrival of SANDY. Obama Will Triumph -- So Will America # Ha ... Ha.... i can see how Karma works here: its so illuminating by
468	1061963	MY	G	paultan.org	A B C did with it thereafter, it's not up to my control anymore # Ha Ha my friend who works in Jaguar told me customer who bought recon Jaguar S Type
469	1076241	MY	G	ipohworld.org	A B C that fit me.... hmmm... I should have a photo taken wearing it... Ha ! ha! But, I've put on some weight now.. so,
470	1068893	MY	G	badmintonlife.com	A B C of the day sees the top seeded Wang and Yu take on the 3rd seeded Ha and Kim, with the top seeds losing their final group game to ensure they
471	1834106	MY	G	...kwrites.blogspot.com	A B C of us Muslims could offer the alternative? It's all about saving face.. ha ha ha.. # The truth is, no one could be sure why Mecca
472	1064006	MY	G	...tuapui.wordpress.com	A B C back!!!!! No wonder lah, Suituapui pergi balik..... ha ha ha ha!!!! # Oh? Is that so? Then I
473	3823633	MY	B	nutcow.blogspot.com	A B C guys got to cover with towels or even their girl friends shawl.. ha! ha ! # We arrived at Pulau Payar, at the jetty you can see school
474	1053829	MY	G	biz.thestar.com.my	A B C the property development market, " said Chen. It has a total of 15,000 ha planted as at June 2012. Harvesting area as at June this year was about
475	1834381	MY	G	blog.limkitsiang.com	A B C His reply: "... to let people learn English "! # Ha ha ha ! That got me rolling on the floor -- because " cut off my ears
476	1084334	MY	G	siamadenium.com	A B C with this proverb because she can not listen to you when you coach her... ha ha ha... The concept of making Adenium to become Bonsai Seedlings is root making
477	1052918	MY	G	alizul2.blogspot.com	A B C ever heard of it at all, making it a well-kept secret. # The Ha ? ik? Stairs is a steep hiking trail on the island of O?
478	1840280	MY	G	virtualtourist.com	A B C will surely keep off the flies (this tip is advocated and patented by me-ha. ha . ha.). # The mosquitoes come out during sunrise and sunset time
479	1058863	MY	G	jyj3.net	A B C the courts ruled in January... I guess they were shaking in their boots ( ha ha)! # OH MY GODDDD!!! FINALLY!!!!
480	1066554	MY	G	...zemoola.blogspot.com	A B C plantation counter with a market capitalisation of only about RM69.32 million -- has some 11,522 ha of oil palm and rubber plantation, and is controlled by the Agricultural Development Board
481	3552123	MY	B	miricommunity.net	A B C injection is not necessary. Thus no need to worry about the side effect of HA injections. # Lamor2 is best replace the trend of single ingredient product like collagen
482	1837498	MY	G	fao.org	A B C irrigated areas for rice cultivation have progressively increased. By 1960, about 200 000 ha had been developed, the emphasis then being on supplementing rainfall for single crop cultivation
483	3546896	MY	B	sloone.wordpress.com	A B C talk cock like anwar, they just go ahead and do it. ha ha ha # All is not lost yet as Perak only has a hung assembly which means
484	3543345	MY	B	kclau.com	A B C planted area, all within Malaysia. For comparison, Genting Plant has about 96,000 ha planted area which are widely spread over Malaysia and Indonesia. Genting's market capitalization
485	1052802	MY	G	...kwrites.blogspot.com	A B C worst thing that can happen to us? # TO DIE? # Ha ha ha .. Nope. Provided that death came to you very swiftly (which would explain
486	3539757	MY	B	...akingit.blogspot.com	A B C problem any constipation, did baby rejecting the taste etc. I put her on HA formula as both me n hubs have very bad allergies hx He is keen to
487	1837498	MY	G	fao.org	A B C In 1994, the total drained area was 940 600 ha. About 600 000 ha were drained for oil palm cultivation, using public funding for smallholders. Most of
488	1054629	MY	G	...mplates.blogspot.com	A B C lo traduce al autor, mis felicitaciones, estoy buscando un template y esto me ha gustado mucho Hi Aman, Your templates are really incredibles! I like them so
489	3550315	MY	B	gameslut.net	A B C put your shades on before the first mission. Do not remove them until you ha ... # Soldiers' Defense You and your fellow Soldiers have to survive many waves
490	1053870	MY	G	biz.thestar.com.my	A B C smallholders. # The MPOA members' hectarage represented about 70% of the three million ha under the estate group nationwide
491	1054306	MY	G	blog.mtvasia.com	A B C totally blowing her cover and confirming my suspicions. I thought to myself, " Ha ! They came to see something but will get nothing, " and I widened
492	1059968	MY	G	...ia.answers.yahoo.com	A B C Just connect the dots and then you have a reasonable timeline of events. # Ha ha, you are so hilarious. I knew what you meant right from the
493	1840498	MY	G	yourwebapps.com	A B C prepared for school. # Or # 5 # Ein Ganim # Israel # Rosh Ha shana # Sept 7-8th # I like the holiday at the beginning of the year
494	1084334	MY	G	siamadenium.com	A B C this proverb because she can not listen to you when you coach her... ha ha ha... The concept of making Adenium to become Bonsai Seedlings is root making.
495	1072697	MY	G	fao.org	A B C drainage development # Evolution of irrigation development # The irrigation potential is about 413 700 ha . Irrigation development dates back to the end of the eighteenth century. The Kerian
496	3554380	MY	B	travelblog.org	A B C the quality of the food but we will find out today if ok, ha ha . We are off to little India today and the Batu Caves. Did you
497	3543406	MY	B	kenasaman.com	A B C the people's mindset. " # Concurring, Transport Minister Datuk Seri Kong Cho Ha says Road Safety Department research experts he met in France told him that before the
498	1086702	MY	G	thetrendsetter.org	A B C Romantic Suspense line is not far behind. What does this mean to me? Ha . It means I have to compete with many talented writers! # 3.
499	1072697	MY	G	fao.org	A B C area (5.8 million ha), while the remaining 24 percent (1.8 million ha ) was under annual crops, mainly rice. # Climate # Malaysia lies entirely
500	3554785	MY	B	wishfortherain.com	A B C be there to know how funny it was. It was so freaking funny. Ha . Ha. # Okay. This is the part when I should clear my
501	1834340	MY	G	biz.thestar.com.my	A B C She said " the company is working towards replenishing its current landbank " of 202 ha with interest in other cities, besides Johor Baru, where it had two on-going
502	1060938	MY	G	motorsuper.com	A B C Honda Vietnam Build New Factory, Capable of 2.5 Million Units Products, located in Ha Nam province, 40 kilometers from Hanoi. This new factory is targeted to be
503	1837144	MY	G	chinese-embassy.info	A B C I have agricultural land in VTE capital and in Nakai-Khammuane province altogether more then 100 ha ; I think, I wish to demonstrate the integrated agriculture and forestry model in
504	1053749	MY	G	...ambleon.blogspot.com	A B C . In the end, they will still go and have their hu ha hu ha in downtown KL so that they can have that dramatic effect. Police going to
505	1072477	MY	G	enveeus.com	A B C not due until end of the month kut, so drinking lotsa water tonight ha ha , hugs!: $: * My recent post Short Getaway & Shorter Hair
506	1072698	MY	G	fao.org	A B C schemes are scattered all over the country and their size varies between 50 and 200 ha . In addition, there are 21 967 ha which are inundation and control drainage
507	3542830	MY	B	india.blog.my	A B C them, and they were judged individually according to their deeds. And death and Ha ? des were hurled into the lake of fire. This means the second death
508	1071806	MY	G	dkpopnews.net	A B C Tae Kyung, Kim Kyung-Ho, and Lena Park, among others. # Christine Ha , a reporter for Los Angeles' The Korea Times, presenters of the annual
509	1059194	MY	G	...amaidol.blogspot.com	A B C one of my favorites in the entire drama! # 2. Hyun Bin and Ha Ji Won on Secret Garden # No other couple could have pulled off the whole
510	1834621	MY	G	dongbangdata.net	A B C he shed were not purely due to feelings of love. This confession to Park Ha bears the meaning of giving up on Joseon, giving up on the duty of
511	1058856	MY	G	jyj3.net	A B C investors are really cruel, esp on their group) # Vampire and wolf, ha .. ha... agree, the youth generation are very much attracted to these element
512	1059159	MY	G	klse.i3investor.com	A B C ? no wonder you have to create nicks to follow the discussions you create! ha ha ha # hahaha... as said, EPF is an enigma, please read
513	1059411	MY	G	...laysian.blogspot.com	A B C year! # Perhaps, the Chinese should come seek help from Umno. Ha ha . # And that predicted 10% economic growth for next year is more than double
514	1059480	MY	G	limguaneng.com	A B C the moderation of PAS in upholding freedom of religion. # Datuk Seri Kong Cho Ha should do his duties as Transport Minister and visit the twin distressed projects of RM
515	1089801	MY	G	...pvoices.blogspot.com	A B C Badawi, was a prominent religious figure and UMNO member. His maternal grandfather, Ha Su-chiang (also known as Hassan), was a Utsul Muslim who came from
516	1071806	MY	G	dkpopnews.net	A B C diversity at the Hollywood Bowl shows about two or three years ago, " says Ha . " It includes the Hispanic community, the Chinese community and other Americans...
517	1052799	MY	G	...kwrites.blogspot.com	A B C is the worst thing that can happen to us? # TO DIE? # Ha ha ha.. Nope. Provided that death came to you very swiftly (which
518	3539757	MY	B	...akingit.blogspot.com	A B C you when exactly u switch to regular nan. I am stil supplementing with Nan HA but I am planning to wean soon - as supply is dropping: ((
519	1052799	MY	G	...kwrites.blogspot.com	A B C worst thing that can happen to us? # TO DIE? # Ha ha ha .. Nope. Provided that death came to you very swiftly (which would explain
520	1068206	MY	G	askkpop.com	A B C episode of'Running Man'saw a fierce battle between the' tiger'Kim Jong Kookand the senior comedianIm Ha Ryong.With the cast and guests divided into three teams, the opposing forces were slowly
521	3546382	MY	B	...mongkol.blogspot.com	A B C be installed despite opposition ". # This die-hard bulldozing kamikaze effort from Kong Cho Ha is giving rise to more and more suspicion. # Why? Just why is
522	1071747	MY	G	dkpopnews.net	A B C hi touch session' in Japan, while we did high fives we added' Ha ya'. I think they'll never forget once they touched our hands.
523	1068894	MY	G	badmintonlife.com	A B C of the day sees the top seeded Wang and Yu take on the 3rd seeded Ha and Kim, with the top seeds losing their final group game to ensure they
524	3547889	MY	B	tripker.blogmas.com	A B C as guffaw, starting at top of the cliff, said! and! quotHa ha ha... well... pink uggs Baixiong heavy murderous ah! Rivers and lakes on
525	1064006	MY	G	...tuapui.wordpress.com	A B C come back!!!!! No wonder lah, Suituapui pergi balik..... ha ha ha ha!!!! # Oh? Is that so? Then
526	1059159	MY	G	klse.i3investor.com	A B C postings), it is not beyond you then to create your own followers! ha ha ha... # no no, you taught me that technique before. you
527	3554258	MY	B	timothy.my	A B C of funny. They rather pay RM350.00 to get excellent result for English test. Ha ha ha. For RM350.00, i can spend the money for three weeks and
528	1056794	MY	G	...pendent.blogspot.com	A B C be we can even use that $10k to go for holiday, ha ha ha ha ha, if he is smart enough to do his undergrad online and get scholarship
529	3539757	MY	B	...akingit.blogspot.com	A B C Price wise with Nan pro - is it cheaper? # I went from Nan HA 1 to Nan HA 2 when Ryan was about 7-8 months.. Then tried Nan
530	1059159	MY	G	klse.i3investor.com	A B C , it is not beyond you then to create your own followers! ha ha ha ... # ----------------- # that's why i say you are a cheat, if
531	1068942	MY	G	badzine.net	A B C , thus their match was not played. Wang and Yu thus will take on Ha Jung Eun and Kim Min Jung (pictured above), winners of one of
532	1083495	MY	G	rambleandwander.com	A B C definitely. I've had enough of theme parks already this year... ha.. ha ..! My kids will surely love this place! I'm a fan of
533	1837498	MY	G	fao.org	A B C area (5.8 million ha), while the remaining 24 percent (1.8 million ha ) was under annual crops, mainly rice. # Climate # Malaysia lies entirely
534	1084306	MY	G	shermankuek.net	A B C The Splendour of Truth 2. I am enriched... (bro of ArchB J Ha )
535	1063890	MY	G	stopthelies.my	A B C That's why he went to Rainbow. # Foul ha? Below the belt ha ? Too personal ha? Not fair ah? # In politics where got personal
536	1068891	MY	G	badmintonlife.com	A B C celebrate a winning point for the first time in the match. # 6-2 Kim Ha Na is called for a service fault and offers a half-hearted motion of her service
537	1064480	MY	G	...itedmom.blogspot.com	A B C printed out yet! It's all in the computer or on facebook. Ha ha ha. We might have it printed out one by one, or, we
538	1834106	MY	G	...kwrites.blogspot.com	A B C us Muslims could offer the alternative? It's all about saving face.. ha ha ha.. # The truth is, no one could be sure why Mecca,
539	1078500	MY	G	malaysia-today.net	A B C . Someone saves a cat, his picture is published. # Why all hoo ha over acts that are fundamentally required from all of us. If the above incidents
540	1072698	MY	G	fao.org	A B C 8 granary schemes (210 500 ha), 74 mini-granary schemes (29 500 ha ) and 850 non-granary schemes (100 633 ha) (Figure 5).
541	1059411	MY	G	...laysian.blogspot.com	A B C ago or the insignificant Suzuki Cup the last time around two years back. Ha ha ! # And how can we expect Malaysian football to go far when players nowadays
542	1076008	MY	G	ipadmalaysialabs.com	A B C ... thats a relief about the battery... you sure answered all our worries.. ha ha... one can be too cautious sometimes!! but,.. it was
543	1083681	MY	G	riverbasin.org	A B C (1988) gave the total are of tropical and sub-tropical peatland of 35.8 Million ha of which 57% of it is located in the region of Southeast Asia. #
544	3823895	MY	B	...apirjack.blogmas.com	A B C I will not bar you care more than two decades of Baby Guaipao of, ha ha!! and! quot # Fan-chen as both moved and amused to come
545	1075830	MY	G	...gingmywanderlust.com	A B C . I mean, a couple that works out together, stays together right? Ha ! # Anyway, I did have a feeling the rest of the night was
546	3541778	MY	B	...sclinic.blogspot.com	A B C in melasma - I think this was after 6 sessions # This one used non-cross-link HA mixed with peptides after 8 sessions # Rejuvenation of hands - 1 session with non-cross
547	3554311	MY	B	topgear.com	A B C top speed -- 410kmph with the targa panel in place, an electronically limited ( ha !) 233 with it open. Everywhere you look the numbers are fantastical outliers
548	1077496	MY	G	koreandrama.org	A B C Park Ha has no memory of how she was separated from her family. Park Ha settles down in Seoul. One night, when she comes back to her rooftop
549	1837498	MY	G	fao.org	A B C or 43 percent of the total land area. In 2009, about 7.6 million ha of the cultivable area, or 53 percent was cultivated. Permanent crops represented 76
550	1835782	MY	G	qahina.wordpress.com	A B C so happy with it she shoots off to see her friends right away! ha ha ... But later I'll update with my own work ya? Why don't
551	3538923	MY	B	2pm.musicasia.net	A B C . " # 2PM' s Chansung, who will be playing' Gong Do Ha ', a special agent, earned a round of applause from the cast after
552	1054629	MY	G	...mplates.blogspot.com	A B C I have the code to this as well? It's really cute, ah ha ha. E-mail is -> **30;10305;TOOLONG If you could send me the code
553	3552123	MY	B	miricommunity.net	A B C secret of skin care beauty by most of the celebrities. There are varieties of HA products. The most commonly being used are in the form of injection and oral
554	1078297	MY	G	magickriver.net	A B C the Circumpolar Rainbow Bridge: restored flux tubes and chakra circuits. " # Ah ha ! Now we are back to our theme, the broken flux tube system,
555	3544614	MY	B	...arawak.wordpress.com	A B C is just average! The pros i fucked is looking better thsn her! Ha ha # Comments are closed. # Search for: Anti-Taib song to rally protesters
556	3547681	MY	B	...otimers.blogspot.com	A B C enjoy ed e very second of the concert <3 # After the concert the band ha d an autograph session which was like about 3 feet away from the crowd so
557	1057671	MY	G	guanyincitta.com	A B C he really enjoyed drinking! # Caller: Yeah, yeah, yeah. Ha ha ... # Master Lu: I can tell you that, even if you are
558	1087406	MY	G	tripadvisor.com.my	A B C and he was very welcoming &; friendly. We arrived at about 7:30pm. We ha requested a king bed, we were informed that there was a mistake and we
559	1086766	MY	G	timothy.my	A B C cause right now the only sexy about me is my beer belly. ha ha ha . After reading a lot from the internet, asking friends and etc, i
560	3550941	MY	B	irwan.my	A B C the calculation for same question, i doubt everybody got the right answer. ha ha . # " We're talking about comparison loan vs monthly saving, so please
561	3554380	MY	B	travelblog.org	A B C sure the quality of the food but we will find out today if ok, ha ha. We are off to little India today and the Batu Caves. Did
562	1079748	MY	G	mir.com.my	A B C , it can't be " lived telecast " in the late' 60, ha !...). # For the rest of the few decades. I saw
563	3551119	MY	B	jaynestars.com	A B C traded a contract for an award, " I didn't sign a contract. Ha ha ha. If so, let me know early, so I can pick
564	3553462	MY	B	sarawakreport.org	A B C ". As of February 2012, less than ten per cent of the 135,000 ha of this proposed national park remained unlogged and satellite measurements indicate that during 2005-2010,
565	1834944	MY	G	...iontoo.wordpress.com	A B C it!!! lol... I love being a GIRL!!! ha ha
566	3547074	MY	B	...ikandeh.blogspot.com	A B C (all praise is due to All? h), L? il? ha illall? h (there is no true god except All? h) and
567	1054198	MY	G	blog.limkitsiang.com	A B C presidential campaign which promised inclusive representative. How could a loser deputy contender Kong Cho Ha appointed sec-gen and promoted into' gold mine' transport ministry portfolio? Inclusiveness?
568	1078499	MY	G	malaysia-today.net	A B C . # -3 # ... written by wayward-son, November 21, 2012 11:35:55 # Ha ha, the distortions &; spin our historians have visited upon us Let's look
569	3551412	MY	B	klubbkidd.com	A B C the party she gon na go Can somebody take me home Ha ha he ha ha ho # Love me hate me Say what you want about me But all of
570	1068891	MY	G	badmintonlife.com	A B C were tarnished and shamed with the performance of Wang Xiaoli, Yu Yang, Kim Ha Na and Jung Kyung Eun. With top spot on offer in Group A,
571	3554981	MY	B	...eeingng.blogspot.com	A B C really looking forward for this HA cause I did not attend any of the other HA this year. Well I assume the last one of the year will always be
572	1054795	MY	G	camtrip.biz	A B C 1: 1 mole ratio. They are genera l ly produ c ts that ha v e an alkano l amide con t ent in ex c ess of 90%
573	1087102	MY	G	tripadvisor.com.my	A B C Hanoi with best services and ideal location in 15 Hang Than, Ba Dinh, Ha Noi. Hang Than, a part of Ha Noi's 36 ancient wards,
574	1072904	MY	G	forest.sabah.gov.my	A B C the communities in Kg. Opah and 92% in Kg. Tawaiyari own between 0.1-15 ha of land while 75% of Kg. Era Baru and almost all in Kg.
575	1061666	MY	G	...n-temuk.blogspot.com	A B C saying it, disturb the equilibrium of my garden! What a selfish man, ha ? # In preparing for the big day, sadly, some treasured plants had
576	3542734	MY	B	...nation.wordpress.com	A B C I had to wear a " ka kiak " to go to the toilet. Ha ha
577	3549193	MY	B	...cycle-adventures.com	A B C of Hanoi to Ninh Binh and Ha Long Bay. Ha Long Bay # Ha Long Bay deserves at least a couple of days. That is exactly what the
578	1064114	MY	G	sup3rjunior.com	A B C who is often labeled as the' visual member' within the group. # ha ha i knew evn b4 reading this tat eunhyuk must have chosen siwon funny boy
579	1837498	MY	G	fao.org	A B C was cultivated. Permanent crops represented 76 percent of this cultivated area (5.8 million ha ), while the remaining 24 percent (1.8 million ha) was under annual
580	3543696	MY	B	...eacockli.blogmas.com	A B C yourself.! and! quot Sibolanda Whisper the words.! and! quotI invite Ha Moni because it is Christmas, Jon. I want her to see this particular
581	1078499	MY	G	malaysia-today.net	A B C +0 # ... written by Wira Jaya, November 20, 2012 23:05:15 # Ha ha ha. RPK at works. Mari kita lihat siapa yang kena! # +1
582	1055245	MY	G	chedet.cc	A B C through No Press Freedom, that's democracy and liberalism in Singapore, ha... ha .... Mereka buat boleh, kita buat tak boleh!!!! Malaysia tidak
583	1834106	MY	G	...kwrites.blogspot.com	A B C us Muslims could offer the alternative? It's all about saving face.. ha ha ha.. # The truth is, no one could be sure why Mecca,
584	1835564	MY	G	...xttrade.blogspot.com	A B C coming soon but I don't hold any of the parent(Axiata)share now, today the HA dropped to RM0.025 only. So, can I know how should I do for
585	1077496	MY	G	koreandrama.org	A B C Park Ha (Han Ji Min) was young, her father remarried and Park Ha gained older step-sister Se Na (Jung Yoo Mi). When their parents left
586	1068182	MY	G	askkpop.com	A B C I have to ask, is " EatYourSushi " still on the table? # Ha ! If you'd have asked this half a year ago, we'd say
587	3541160	MY	B	diningout.blog.my	A B C condiment GET REAL! they are multi-billion dollar companies because they are cheap.. ha ha # yeah that annoys me too! ketchup should automatically come with your meal!
588	1058568	MY	G	...ustdie.wordpress.com	A B C # No understando wat u talk lorr. U talk Amerika, Antarctica or where ha ? Where got public hearings American style in Malaysia, mah? U know the
589	1066167	MY	G	...eallan.wordpress.com	A B C use darling here although he is -- his age too sensitive to accept that, ha ha ha) is Malaysian but has lived in Singapore all his life, so
590	1063401	MY	G	sharingyoochun.net	A B C talked about this character. " Every other character has their own thinking. Prince Ha Eung is very ambitious, father Kim Byung Hee has a very huge wild scheme
591	1065158	MY	G	thestar.com.my	A B C authorities are handing out grants to smallholders to replant 40,000 ha annually and plant 18,000 ha of new rubber areas over the next five years, Pemandu said. # "
592	1837498	MY	G	fao.org	A B C drainage development # Evolution of irrigation development # The irrigation potential is about 413 700 ha . Irrigation development dates back to the end of the eighteenth century. The Kerian
593	1079974	MY	G	mmail.com.my	A B C and PLB Terang Sdn Bhd. # He urged Transport Minister Datuk Seri Kong Cho Ha to admit that he had " done wrong and stop the implementation ". #
594	3547252	MY	B	...365days.blogspot.com	A B C matter, your website got here up, it appe? rs good. I ha ? e boo? marked it? n my g? ogle bookmarks. #
595	3823970	MY	B	sharingyoochun.net	A B C SBS's " Rooftop Prince " aired on May 18th, 2012 shows that Park Ha pushes away Lee Gak (Park Yuchun) who is about to be hit by
596	3553188	MY	B	rambleandwander.com	A B C early afternoon before driving off to Jaipur. # Envy u... Envy u.... ha .. ha.. very impressive RAW... All yr photos like postcard photos... beautiful
597	3822639	MY	B	...ataufik.blogspot.com	A B C nt hear much at first (maybe coz their butts were too small? ha ha ) but when Taufik gave Ilham the carboot tray to try to slide down the
598	3545626	MY	B	...guin-r2.blogspot.com	A B C said my kidney is not working well (different organ this time)... ha ha . He asked me to open my palm... the same process was repeated and
599	1059411	MY	G	...laysian.blogspot.com	A B C year ago or the insignificant Suzuki Cup the last time around two years back. Ha ha! # And how can we expect Malaysian football to go far when players
600	3539986	MY	B	...perfect.blogspot.com	A B C cooking for the family. # I needed time to get my perspective right ha ha ... # Below is one example of the dance routine that we do at the
601	1089166	MY	G	wiseoldgoat.com	A B C 're going to say wait a minute, all scientists believe in evolution. Wa ha , That's simply not true, ok? The vast majority of scientists they
602	3548986	MY	B	badmintonlife.com	A B C . Under the radar however, is the Korean pair of Lee Yong Dae and Ha Jung Eun who are ranked 7th in the world. Lee Yong Dae is the
603	1055250	MY	G	chefstales.com	A B C more countries than i care to remember keep the flag flying best regards bill # Ha ha! I have a friend who owns a steamboat restaurant with a buffet concept
604	1084038	MY	G	sarcs.org	A B C highly profitable. By the 1990s in Thailand, there were already more than 65,000 ha of shrimp farms with the most recent expansions occurring in the mangrove areas in the
605	3554249	MY	B	tikkoss.com	A B C don't have pretty girls' photos! So what I should do? Ah ha .. I just got an enlightenment to increase the traffic. DESSERT! Oh yea
606	1072698	MY	G	fao.org	A B C drainage schemes (1994 estimates). Total irrigated areas were estimated at 362 600 ha in 1994. Information regarding the distribution of irrigated areas as established for the Map
607	3541532	MY	B	...mbunism.blogspot.com	A B C With the little energy left, I keep reciting the du'a.. " Laa ila ha illa anta subhanaka inni kuntu minaz dzalimin " and tell myself to be strong for
608	1064243	MY	G	...ethebox.blogspot.com	A B C is democratic and who is not? Munafiks please answer honestly. # Ha ha ha . Good one Tan Sri. Ask Gobala to head an independent panel of observers
609	1083495	MY	G	rambleandwander.com	A B C this year definitely. I've had enough of theme parks already this year... ha .. ha..! My kids will surely love this place! I'm a
610	1071078	MY	G	dailymuscle.com	A B C the pain so much that there are times I swear it's almost orgasmic. Ha ha. # do approach ur instructor, s/he shud b obliged to answer all
611	1836936	MY	G	...cycle-adventures.com	A B C One is going east, to Dinh Lap and from there further to Haiphong and Ha Long Bay. Another road leads to Thai Nguyen, around 150km west and southwards
612	1059480	MY	G	limguaneng.com	A B C 2015. # It has been reported today that Transport Minister Datuk Seri Kong Cho Ha stated that he has no obligation, responsibility or interest in knowing the identity and
613	3823970	MY	B	sharingyoochun.net	A B C Moo who found Lee Gak rushes over to him. The last scene is Park Ha , who knew the trick slightly later and come to the reservoir, stands in
614	3542280	MY	B	guanyincitta.com	A B C to your parents, and I can also see that you have full lips. Ha ha
615	1072875	MY	G	foongpc.com	A B C go back for a visit in July. I'll eat some for you. ha ha # babette, I can understand. Sometimes we need a break. Btw
616	1081202	MY	G	mykmu.net	A B C US and Singapore's embassy in the pretext of enforcing road traffic laws there ha ha ha.. # And for the government, I think it's time to let
617	3823805	MY	B	...incess.blogdrive.com	A B C smiling, she texted him. She said " Gago!! Wala palang load ha ! " He replied to her message saying: " Gago ka rin pala nagpaload
618	1058804	MY	G	jyj3.net	A B C am intresting way to put it.... and honestly JJ is a really complex man ha , more reason for me to like him! I think of myself as someone
619	1055818	MY	G	dongbangdata.net	A B C I arrived at the airport in the US, I got a call from Yong Ha . He asked me where I was; I told him I was in the
620	3823667	MY	B	pagalavan.com	A B C not really matter, they just want to have more time to sleep. # Ha ha. Yup I am well aware of all the benefits in Australia as citizen
621	1073179	MY	G	...reemalaysiakini2.com	A B C said the government had fumbled over the the AES, particularly Transport Minister Kong Cho Ha . # " Yesterday the transport minister told the people to remain calm, that
622	1072838	MY	G	floescapade.com	A B C (... that's Mitchell Freeway. I'm speaking Perth now yo! Ha ha ) among sleepy Aussie drivers. # Upon returning from Europe, I was back
623	1054629	MY	G	...mplates.blogspot.com	A B C have the code to this as well? It's really cute, ah ha ha . E-mail is -> **30;10305;TOOLONG If you could send me the code that
624	3545700	MY	B	pets.kru.my	A B C speak so she's not putting it on for a bit of sympathy ha ha ha , keep her toilet walks to an absolute minimum or allow her to have a
625	3542452	MY	B	...enwings.blogspot.com	A B C something because once you stop, it can get quite confusing continuing the steps. Ha ! # I'm using Peter Reinhart's recipe here to make my challah,
626	1059598	MY	G	...vethis.wordpress.com	A B C ! WTH... That wasn't much of a promotion! What a big hoo ha just to launch a product. Chey! # If you are looking at this
627	1083672	MY	G	rimba.com	A B C ##1083672 # salep - nyalep ha' -- X nyalep ha ' Y / senalep =' X imitates the sound of Y in order to
628	1059968	MY	G	...ia.answers.yahoo.com	A B C connect the dots and then you have a reasonable timeline of events. # Ha ha , you are so hilarious. I knew what you meant right from the start
629	3551412	MY	B	klubbkidd.com	A B C go to the party she's gon na go Can somebody take me home Ha ha he ha ha ho # Love me hate me Say what you want about me
630	1072172	MY	G	dramacrazy.net	A B C more thing in common: the suspects have the same defense attorney, Oh Seung Ha . Seung Ha's defense for his clients severely shaken Oh Soo? s conviction
631	1840188	MY	G	turnuoff.com	A B C Very nice, and the kind of smile can light up ten X'mas trees, ha ha. You love X'mas, you should be here.... Practically every home by
632	1834621	MY	G	dongbangdata.net	A B C Yong and after removing them he is Lee Gak. But in front of Park Ha whom he loves dearly, Yong Tae Yong does not wear glasses as well,
633	3541436	MY	B	eekaa.wordpress.com	A B C will share everything. # Now let me ask you, those who " ho ha " about seeing the possibility of a Malay being removed as number one in the
634	1076263	MY	G	ipsofactoj.com	A B C identifies certain factors which are relevant to the need for a Hazard Assessment (" HA ") and provides that the Director shall consider the need for a HA and
635	1059159	MY	G	klse.i3investor.com	A B C , it is not beyond you then to create your own followers! ha ha ha ... # no no, you taught me that technique before. you forgot?
636	1084038	MY	G	sarcs.org	A B C terms of human-waste equivalents, Briggs &; Funge-Smith (1994) estimated that the 40000 ha of intensive shrimp ponds in Thailand in 1992 produced N-waste equivalent to 3.1-3.6 million people
637	3823206	MY	B	...witropicalisland.com	A B C myself fainting alone on the bridge, I walked back to Zaly. Ha... ha .. ha! # We climbed the steep stairs back to the top station.
638	1058804	MY	G	jyj3.net	A B C painful truth.. dealing with sadness is not everyone's cup of tea # Ngoc Ha # October 4, 2011 # agree with jenknight18. From what i see,
639	1083461	MY	G	quran4theworld.com	A B C ?????????, another prominent S a ha bi (Companion of Mu h ammad S) pondered upon the situation. He
640	1083708	MY	G	rockybru.com.my	A B C prevent the realisation of " 1 Malaysia ". Appropriating " Chingkie wealth ". Ha , that's what you and your parasitic UMNO scum have been doing (or
641	3548571	MY	B	ahbing.com	A B C front -- then he invited 2 more people to replace his 1 seat # o.O ha ? # WHAT THE FUCK? # Can't you see there's a huge
642	3541019	MY	B	...clothing.blogmas.com	A B C retrieve me to be subjected to the wholeness of his chronicle and cd gleaning. Ha , who is the wanker in this day then laughing chum?! " Fucking
643	1065708	MY	G	...veller.wordpress.com	A B C ? Isn't it true that 48.8% of Sabah's total land area (7,362,000 ha ) is classified as Forest Reserve? That is true but of that total,
644	3823206	MY	B	...witropicalisland.com	A B C alone on the bridge, I walked back to Zaly. Ha... ha.. ha ! # We climbed the steep stairs back to the top station. And,
645	1084039	MY	G	sarcs.org	A B C assessment estimated that the total area of Imperata grasslands in Asia was about 35 million ha or about 4% of the total land area. Estimates of the proportion of land
646	3823206	MY	B	...witropicalisland.com	A B C to risk myself fainting alone on the bridge, I walked back to Zaly. Ha ... ha.. ha! # We climbed the steep stairs back to the top
647	1056639	MY	G	...sclinic.blogspot.com	A B C in melasma - I think this was after 6 sessions # This one used non-cross-link HA mixed with peptides after 8 sessions # Rejuvenation of hands - 1 session with non-cross
648	1052799	MY	G	...kwrites.blogspot.com	A B C the worst thing that can happen to us? # TO DIE? # Ha ha ha.. Nope. Provided that death came to you very swiftly (which would
649	1057883	MY	G	...eashed.wordpress.com	A B C 's celebrate New Year in any way we care to! Happy New Year! Ha ! # 1. The rogue nations US UK launched an uncalled for invasion of
650	1085089	MY	G	tekkaus.com	A B C about fighting and combating. Must be the action movies that I watched recently. Ha =) # I don't want to have this nightmare! # ===== End
651	1055261	MY	G	chenchensim.com	A B C am at risk of making them too often and eating too much of it. Ha Ha. # filling it up with strawberries. # I am being very generous
652	1055399	MY	G	cnbluestorm.com	A B C is reported to have filmed at an Italian restaurant with Jang Dong Gun and Kim Ha Neul as Kim Ha Neul's former student. # The script writer, Kim
653	1077496	MY	G	koreandrama.org	A B C that her father has just passed away. At her father's funeral, Park Ha meets her step-mother and older step-sister Se Na. Park Ha has no memory of
654	1060125	MY	G	...ia.answers.yahoo.com	A B C it will, unless men try to grab hold of it again. # Ha ha your comment. I grew up in a feminist household and pretty much have a
655	3541267	MY	B	drkamalamzan.com	A B C gained sympathy from Malaysians from all walks of life. # Her employer Yim Pek Ha was initially sentenced to 18 years in prison before the Court of Appeal reduced it
656	3544113	MY	B	malaysia-today.net	A B C will be used as fuels in hell to burn wrong and evil doers. Ha ha ha! Serve you god damn people right! # When will we see the
657	1089396	MY	G	yangsquare.com	A B C never have thought concrete can be so much beautiful until I saw this. # ha ! now you know how massive the building is, it was a really huge
658	3548991	MY	B	badmintonlife.com	A B C of the day sees the top seeded Wang and Yu take on the 3rd seeded Ha and Kim, with the top seeds losing their final group game to ensure they
659	1068178	MY	G	askkpop.com	A B C status as single, he is actually very much engaged in a relationship and even ha ..... by asian Comments # We welcome
660	3543600	MY	B	kpopnew.com	A B C . With the growing list of A-list celebrities such as Jang Dong Gun and Kim Ha Neul in SM's new entertainment venture C &C,; expectations are on the rise for
661	1063890	MY	G	stopthelies.my	A B C went to Rainbow. # Foul ha? Below the belt ha? Too personal ha ? Not fair ah? # In politics where got personal kind. In politics
662	3552022	MY	B	mca.org.my	A B C very realistic budget, " he said. # Lumut MP Datuk Seri Kong Cho Ha , who is also Transport Minister, said the budget was a caring one and
663	3551412	MY	B	klubbkidd.com	A B C to go to the party she's gon na go Can somebody take me home Ha ha he ha ha ho # Love me hate me Say what you want about
664	1072698	MY	G	fao.org	A B C cultivation is mostly carried out by individual farmers working on small plots of about 1-1.5 ha . Irrigation facilities for double cropping are mainly focused on the eight main granary schemes
665	1060078	MY	G	...ia.answers.yahoo.com	A B C She decided to text him and told him what I said. He said " ha I never said I didn't want to be friends " I decided not to
666	1064243	MY	G	...ethebox.blogspot.com	A B C in the party. One leads. The other can replace him (ha ha ha ). # I recall just before the 2008 elections, we were all plotting
667	3823190	MY	B	ktemoc.blogspot.com	A B C glow of all the praises from his supporters and tamed press as a public figure ha should put up with all the brickbats in stride and not use state apparatus to
668	3539365	MY	B	annhui.com	A B C T.T # Is this how a model pose for their shoot? Is qualified not ha ? Haha # owh I like this one.. NICE # Acting as neko (
669	3547716	MY	B	...veller.wordpress.com	A B C is classed as Protection Area in which logging is not permitted. A further 90,386 ha (1.22%) is considered as Virgin Jungle Forest where logging is strictly prohibited but
670	1836359	MY	G	thewe.name	A B C n't believe that conspiracy theory. # ' Cheney! Bush! Rudy Giuliani! HA ! HA! # ' Tower 7 that never had a plane hit? just
671	3823970	MY	B	sharingyoochun.net	A B C water and drowned is not Crown Princess but Bu Yong (previous life of Park Ha ). # The speculation is that at that time, Bu Yong passed away
672	1083672	MY	G	rimba.com	A B C Y' Juhit kiong jam nyalep ha' kelunan. = Juhit kiong jam nyalep nyavu ha ' kelunan.' The minah bird is good at imitating human words.'
673	1068682	MY	G	badmintoncentral.com	A B C till before making a call? What happens if the shuttle decides to drop? ha ..... how? # Wah, your fren hantam head (hunter) one is
674	1077213	MY	G	khazanah.com.my	A B C IM. IM Facts &; Figures # IM covers a land size of 221,634.1 ha . # IM is estimated to contain 1.35 million people or 43% of Johor's
675	1079540	MY	G	mir.com.my	A B C car races. # R egrets? " R egrets I have a few, ha ... ha... " he sings. " No, not actually but I wish
676	1058246	MY	G	...eisnull.blogspot.com	A B C a long hiatus), I think I'll let it pass. The himalayas ha d cast a spell...
677	1058793	MY	G	jyj3.net	A B C ? This part! and I scream YES! Jaejoong! YES!) ha ha >< I cant choose! # Sorry, but Ayy girl is a good song
678	3539307	MY	B	...aksim0n.blogspot.com	A B C , the first thing he asked was: when was your last period? # HA ! I knew it! Knew that he would suspect I'm pregnant. People
679	3823849	MY	B	...passion.blogspot.com	A B C received goodies order, especially if it's for a cake order! Ha! Ha ! I know it sounds weird but it is true! *scout's honor* I
680	3822639	MY	B	...ataufik.blogspot.com	A B C did nt hear much at first (maybe coz their butts were too small? ha ha) but when Taufik gave Ilham the carboot tray to try to slide down
681	1061963	MY	G	paultan.org	A B C they did with it thereafter, it's not up to my control anymore # Ha Ha my friend who works in Jaguar told me customer who bought recon Jaguar S
682	3549007	MY	B	badzine.net	A B C China, Greysia Polii and Meiliana Jauhari of Indonesia and Jung Kyung Eun, Kim Ha Na, Ha Jung Eun, and Kim Min Jung, all of Korea,
683	3550815	MY	B	illustrasiaku.com	A B C . I suggest you go to a Synagogue and kiss the Torah now " # Ha ! I know you are going to say that. The Jew propaganda will always
684	1077496	MY	G	koreandrama.org	A B C Yong Tae Yong (Micky Yoochun) sees her and feels a connection with Park Ha . Yong Tae Moo (Lee Tae Sung) appears in front of Yong Tae
685	1086072	MY	G	...malaysianinsider.com	A B C in a statement released today. # Lim urged Transport Minister Datuk Seri Kong Cho Ha to visit the expansion project to see for himself that it was not in any
686	3547074	MY	B	...ikandeh.blogspot.com	A B C ) said: " He who utters ten times:' L? il? ha illall? hu, wahdahu la sharika lahu, lahulmulku wa lahul hamdu, wa
687	3554258	MY	B	timothy.my	A B C funny. They rather pay RM350.00 to get excellent result for English test. Ha ha ha. For RM350.00, i can spend the money for three weeks and this
688	1068182	MY	G	askkpop.com	A B C video on how we became Full-Time YouTubers. People felt guilty for using Adblock ( ha !) but lots of people were asking us how they could support us more
689	1053870	MY	G	biz.thestar.com.my	A B C palm in Malaysia, three million ha belong to the estate group and two million ha to smallholders. # The MPOA members' hectarage represented about 70% of the three
690	1054198	MY	G	blog.limkitsiang.com	A B C his predecessors, although he used to accuse them of favouritism. # Kong Cho Ha stands out like a sore thumb. Defeated by Liow Tiong Lai for the deputy
691	1081234	MY	G	mynicegarden.com	A B C the butterfly: (Did you name it???? # Ha, ha ... I learn early on not to peep into the nest but like you I
692	1072875	MY	G	foongpc.com	A B C fruit stall owner, and he can send to you when it is available.... ha ha ha! But then, the smell might make the parcel very suspicious!
693	3546286	MY	B	...lhashim.blogspot.com	A B C tell him that he is not disciplined, arrogant without a cause.. ha ha ha maafkan saya Bro. WSalam. kaki sukan # In badminton LCW and the technical staff/coaches
694	1076241	MY	G	ipohworld.org	A B C me.... hmmm... I should have a photo taken wearing it... Ha! ha ! But, I've put on some weight now.. so, not sure
695	3544426	MY	B	mayzhee.blogspot.com	A B C lot. I look at my old posts, and I want to laugh. Ha . Haha. Ha. Of course I still have those doubtful moments, but
696	1059159	MY	G	klse.i3investor.com	A B C ), it is not beyond you then to create your own followers! ha ha ha... # no no, you taught me that technique before. you forgot
697	1068898	MY	G	badmintonlink.com	A B C Koreans could not control pace of the rallies. # The top seeded Korean pair Ha Jung Eun-Kim Min Jung unleashed their prime badminton skills in final set to avoid the
698	1053121	MY	G	apregnantpause.net	A B C Supergran to pick up the other kid. # The girl's on that Enfalac HA now, which costs RM80+ per 900 kg! I'm expressing every drop I
699	1077496	MY	G	koreandrama.org	A B C weird.. was it Tae Yong who got well and how did he meet Park Ha in the end? can someone explain? aish. wish they did not end it
700	3547074	MY	B	...ikandeh.blogspot.com	A B C ma Anta a'lamu bihi minni. Antal-Muqqadimu, wa Antal-Mu'akh-khiru. L? il? ha illa Anta (O All? h! Forgive my former and latter sins,
701	1078600	MY	G	malaysiakini.com	A B C Basin, Imbak Canyon to Danum/Ulu Segama and the re-classification of Ulu Segama (130,000 ha ) to total protected status. It must be put on record that the leadership
702	3549883	MY	B	duniafashyon.com	A B C supposedly trustee Dr Marten's and all (we were imagining ourselves at Glastonbury, ha ) but unfortunately (and funnily, I might add) Arman's left Doc
703	1834621	MY	G	dongbangdata.net	A B C but subtly expresses hints of Lee Gak in his acting as he gazes at Park Ha . # In the kiss scene with Park Ha just before the teary confession,
704	1054268	MY	G	blog.limkitsiang.com	A B C says Perkasa "). This support really " helps " MCA's cause! Ha Ha Ha. # Do you all remember... Nazri... Hishamuddin... and few
705	3543888	MY	B	...ujiaming.blogmas.com	A B C stupid reason, you are only willing to be deceived?! and! quot Ha Hui ZHANG Rong said! and! quotExcuse me sir, this is not stupid
706	3553188	MY	B	rambleandwander.com	A B C mysterious gitu... The only thing i like about Paris is Disneyland.. ha.. ha ...! # Hi, Farikica! Thanks for the compliment. Mano Maniam?
707	1835166	MY	G	...lysbest.blogspot.com	A B C Lb or KG?? It shouldn't be only 3 1/2 gm!! Ha !! Thanks. Pau flour also call Hong Kong flour? # tangzhong is
708	3824801	MY	B	dkpopnews.net	A B C " # The reporter then revealed a collage of 48 male celebrities who've selected Ha Ji Won as their ideal type since her debut in 1999. Ha Ji Won
709	1058147	MY	G	...haveyou.blogspot.com	A B C the above. Yes, my job now is to cling 24/7 to TheBf. Ha has not renounce nor surrender to my crazy obsession of being an overzealous good girlfriend
710	1089708	MY	G	www3.pmo.gov.my	A B C ##1089708 # Name This Surah takes its name from its " first word " Ta Ha ". This name, like the names of many other Surahs, is merely
711	1072698	MY	G	fao.org	A B C size varies between 50 and 200 ha. In addition, there are 21 967 ha which are inundation and control drainage schemes (1994 estimates). Total irrigated areas
712	1072698	MY	G	fao.org	A B C covering an area of 340 633 ha, comprising 8 granary schemes (210 500 ha ), 74 mini-granary schemes (29 500 ha) and 850 non-granary schemes (
713	1059431	MY	G	...ragreat.blogspot.com	A B C uncle! Carrying around this old model hand phone even make me feel older.Ha.. ha .. ha... # Good points of the run: # 1) Nice bright
714	1058814	MY	G	jyj3.net	A B C the drama is basically contemporary which is so not TMTETS. # I agree with Ha Jiwon part though. She's a tough cookie especialy after Secret Garden success.
715	1076263	MY	G	ipsofactoj.com	A B C " HA ") and provides that the Director shall consider the need for a HA and its technical requirements. (The Director's duty is " subject to the
716	3825090	MY	B	itfnet.org	A B C an estimated production of 0.5 million mtons in 2010 across an estimated area of 75,000 ha . The main mango growing provinces are found in the South Vietnam Mekong Delta area
717	1840188	MY	G	turnuoff.com	A B C nice, and the kind of smile can light up ten X'mas trees, ha ha . You love X'mas, you should be here.... Practically every home by Dec
718	1055743	MY	G	...erican.wordpress.com	A B C Mongkut, pacal yang hina menjunjung sembah perkenan YAM Mongkut mencela duli ke blog pacal. ha ha Mongkut needs an introduction. Seems like anybody and everybody likes to treat the
719	3551412	MY	B	klubbkidd.com	A B C party she's gon na go Can somebody take me home Ha ha he ha ha ho # Love me hate me Say what you want about me But all of
720	1059040	MY	G	...hamran.wordpress.com	A B C to memorize them. Risky. But I laugh in the face of danger. Ha . Hahahaha. It'll be fun to watch me fumble. You'll see
721	3544113	MY	B	malaysia-today.net	A B C be used as fuels in hell to burn wrong and evil doers. Ha ha ha ! Serve you god damn people right! # When will we see the end
722	1068891	MY	G	badmintonlife.com	A B C the net. The Korean coach stands up and looks unimpressed. # 18-13 Kim Ha Na serves off the carpet. The biggest boos of the match so far are
723	3543371	MY	B	...huachee.blogspot.com	A B C fun to read. Here's a fantasy about cheering on the Baltimore Colt ( ha !) football player Johnny Unitas from the stands. # Naughty Bit: #
724	1055818	MY	G	dongbangdata.net	A B C why I felt more affectionate towards him. " # -Your friendship with Park Yong Ha was quite special. # " My heart still feels a pang of pain when
725	1059159	MY	G	klse.i3investor.com	A B C no wonder you have to create nicks to follow the discussions you create! ha ha ha # ---> u said me create nicks to follow my own discussion? u
726	3823970	MY	B	sharingyoochun.net	A B C clothes of Park Ha. Especially the anxious face shown by Se Na when Park Ha jumps onto the car, or through Se Na's lines which suggest that she
727	3542422	MY	B	...artboxx.blogspot.com	A B C 2-4 hours and you will get to eat your " work of art ". Ha . Me and Mike choose different menu to cook so in total we have 6
728	3554380	MY	B	travelblog.org	A B C think we are trying to go up all the towers in the world, ha ha # to do a handbrake turn to miss going through the glass wall. #
729	1055245	MY	G	chedet.cc	A B C soon Singapore will be our next colonial masters. Ha... ha.. ha... ha ..... I must say that I really have not been impressed with Najib so far
730	3822451	MY	B	...fusion.wordpress.com	A B C purchase, the usual feelings you got after a long and tiring shopping thingy. Ha ha! I even bought a few fireworks for my dear nephews Okay, for
731	1077496	MY	G	koreandrama.org	A B C it so fast but explain how Tae Yong got better and met up with Park Ha again. # Korean dramas are the most complete story (romantic, sad,
732	3823970	MY	B	sharingyoochun.net	A B C think it's a good plot That she comes out winner!! If Pak Ha dies, Most likely Lee Gak and his servants will be Sent to Joseon immediately
733	1839690	MY	G	...erengganutourism.com	A B C Bukit Losong is about 6 km from Kuala Terengganu. The museum sprawls over 27 ha and is said to be the largest in Southeast Asia. This huge museum is
734	3545700	MY	B	pets.kru.my	A B C so to speak so she's not putting it on for a bit of sympathy ha ha ha, keep her toilet walks to an absolute minimum or allow her to
735	1082709	MY	G	ourworldtravels.com	A B C we just enjoyed the sun and the water. Finally we could say that we ha a perfect day in Laketown Resort. We ended the day with the dinner in
736	3540423	MY	B	borneoproject.org	A B C their support for the move by the Sabah Forest Department to re-gazette 183,000 hectares ( ha ) of heavily logged Class 2 Commercial Forest into Class 1 Protection Forest, which
737	3553580	MY	B	sjb-myphotopage.com	A B C You just hate people because you're a jerk, Bach. " # " Ha . " Bach laughed. " A jerk? " # " You're a
738	1066554	MY	G	...zemoola.blogspot.com	A B C prices, " the source says. # Fountain View has about 11, 570 ha of plantation land, of which almost 70 per cent is cultivated with oil palm
739	1089875	MY	G	...nmasked.blogspot.com	A B C that we go to Emergency to have my cartether bag replaced. A young Malay HA told Karen that they do not provide such services. However, as I approached
740	3551412	MY	B	klubbkidd.com	A B C want to go to the party she gon na go Can somebody take me home Ha ha he ha ha ho # Love me hate me Say what you want about
741	1068891	MY	G	badmintonlife.com	A B C n't meet until the final. # A second match was surrounded in controversy between Ha and Kim who took on Jauhari and Polii, with the winning pair set to
742	1060509	MY	G	...hetruth.blogspot.com	A B C AES staff did not impersonate RTD, says Kong # Transport Minister Kong Cho Ha today explained that the contractors for the Automatic Enforcement System (AES) are required
743	3546926	MY	B	...etyandculture.kru.my	A B C 's treatment of the US Constitution especially the Bill of Rights. Ha ha ha ! says: # " God said homosexuality is a sin and any man or
744	3546896	MY	B	sloone.wordpress.com	A B C do nt talk cock like anwar, they just go ahead and do it. ha ha ha # All is not lost yet as Perak only has a hung assembly
745	3554533	MY	B	tvsmith.net.my	A B C it cost and should I bring cash? No need. It's FREE! Ha !!!??? Really one ah? Yes, I was assured
746	3542280	MY	B	guanyincitta.com	A B C : Ha ha. That's so true, Master! # Master Lu: Ha ha. But you are very good to your parents, and I can also
747	3825651	MY	B	...raitmy.carrotkia.com	A B C carry trades unwinding on Dubai news, EuroJpy below 130.00 n (Daily A! HA ) I EXPERIENCE WITHOUT JUDGEMENT Take off the goggles and love what you see!
748	1072477	MY	G	enveeus.com	A B C is not due until end of the month kut, so drinking lotsa water tonight ha ha, hugs!: $: * My recent post Short Getaway & Shorter
749	3546686	MY	B	sharingyoochun.net	A B C , I was able to act out naturally and thus shared my view on Park Ha 's character. Under such situation, it was able to lead Lee Gak.
750	1063891	MY	G	stopthelies.my	A B C get hehehehe # I maintain that they don't dare, mon amie (correct ha the French word for friend?) # How to dare when each one of
751	1072672	MY	G	faizkhaleed.com	A B C hot girls " part... It's not that easy you know, ha ha ha . Mike, not matter how " sad " your joke sounded, I would
752	1053749	MY	G	...ambleon.blogspot.com	A B C etc etc. In the end, they will still go and have their hu ha hu ha in downtown KL so that they can have that dramatic effect. Police
753	1071121	MY	G	darksmurfsub.com	A B C out to be a senior's pants. Shoot, a fight breaks out. Ha Seung Ri (Seo Jun Yeong) also a senior comes to Jae Hui's
754	1058814	MY	G	jyj3.net	A B C 2 Hearts, " which, because of the lineup of " invincible " actress Ha Ji Won, will be slightly tough for " Rooftop Prince " (to receive
755	1056649	MY	G	famecherry.com	A B C look is for those who in their daily lives have always looked naturally freaky. Ha Ha Ha. Just kidding. All you need is a dress that is cutesy
756	3545387	MY	B	...fishiee.blogspot.com	A B C see the prices for a cup in Starbucks, I change my mind.... ha ha . Yes, X'mas very close, our temp already now around 2'c or -1'c
757	3823633	MY	B	nutcow.blogspot.com	A B C The management is trying to adopt " no-frills concept " similar to Air Asia. Ha ! Ha! I thought I was staying at Tune Hotel. # We drove
758	1086766	MY	G	timothy.my	A B C body cause right now the only sexy about me is my beer belly. ha ha ha. After reading a lot from the internet, asking friends and etc,
759	3539087	MY	B	...ikarim.wordpress.com	A B C his question, Peter laughed loudly and hugging Paul, Peter said, " Ha ha ha! My old friends. It is really good to see all of you
760	1055396	MY	G	cnbluestorm.com	A B C advantages when they compete. For example in Korea, that kind of athlete was Ha Hyungju who got gold medal in Los Angeles for 95kg class. Mr. Ha was
761	1082608	MY	G	oocities.org	A B C FAO estimated the country's need for new forest areas to be equivalent to 200,000 ha . At the current rate, it is possible that the 20% could be reached
762	1834381	MY	G	blog.limkitsiang.com	A B C ? His reply: "... to let people learn English "! # Ha ha ha! That got me rolling on the floor -- because " cut off my
763	3825556	MY	B	niamah.com	A B C or transexual in Malaysia, a land of racial, cultural and religious tolerance. Ha ! I always said that " tolerance " will eventually end and become intolerance.
764	1056649	MY	G	famecherry.com	A B C is for those who in their daily lives have always looked naturally freaky. Ha Ha Ha. Just kidding. All you need is a dress that is cutesy,
765	3541211	MY	B	...entist.wordpress.com	A B C Sok'mo' # Are you satisfied with what you have done and achieved? # Ha Ha Ha! What have I achieved? There are still Nazi punks and rich-kids
766	1072672	MY	G	faizkhaleed.com	A B C the " hot girls " part... It's not that easy you know, ha ha ha. Mike, not matter how " sad " your joke sounded,
767	3541181	MY	B	...erican.wordpress.com	A B C Din Merican # Mr Tan, you want to change the govertment in Singapore.Ha ha ha not another 100 years.PAP will do everything within their means to protect their power.Many singaporeans
768	1056794	MY	G	...pendent.blogspot.com	A B C , might be we can even use that $10k to go for holiday, ha ha ha ha ha, if he is smart enough to do his undergrad online and
769	3547148	MY	B	stopthelies.my	A B C to check in. then people will ask " are we in Kansas? " ha ha ha! " no ", comes the reply. " we are in a
770	1071967	MY	G	dkpopnews.net	A B C Oanh told us: " I have translated for many Korean artists before like Kim Ha Neul, Song Seun Hung, Vietnam-Korea Film Festival... but translating for a famous
771	1063657	MY	G	sophiagoh.com	A B C I'm barely domesticated as it is, but gardening is brand new terrain ( ha ). It's something I've never even dreamed of aspiring to, and
772	1085320	MY	G	theborneopost.com	A B C Sk Sri Manjung # SRI MANJUNG: Transport Minister Datuk Seri Kong Cho Ha says a RM1.69 million pedestrian bridge will be build in front of SK Sri Manjung
773	1083613	MY	G	reocities.com	A B C something really hot and very salty. I remeber the after taste as it was ha ! rd to swallow and left this weird feeling in the back of my throat
774	1055245	MY	G	chedet.cc	A B C you think we will wait and rely MCA politicians to help us, ha... ha .... they are kiasu like Singaporeans. //As for the raw water deal, every leader
775	1059159	MY	G	klse.i3investor.com	A B C postings), it is not beyond you then to create your own followers! ha ha ha... # ----------------- # that's why i say you are a cheat
776	3544558	MY	B	mikeyip.com	A B C the one who greeted me was none other than the ONE FC Ring Girls Kim Ha Yul and Ji Eun Han! Totally thought I went to Kimchi Heaven at that
777	1055777	MY	G	...erican.wordpress.com	A B C written your comment. # " There can be no God without man.... " ha .. haa... good for you vinnan! i presume you are a " hindu
778	3546472	MY	B	...oplynas.blogspot.com	A B C T-shirt, drive people angry, stock price fall and buy hua ha hha ha ha ha. # Definition is: A system of Government where the least capable to
779	1081165	MY	G	...ykitchensnippets.com	A B C I have to try out tomato sauce the next time. # Lesley, ha ha I guess this vegetable have a lot of' angin' there is two type
780	3548738	MY	B	...ntigravitydivers.com	A B C the incredible underwater creatures that we are so lucky to get to see at Koh Ha or Koh Bida. You will experience what diving is all about... the freedom
781	1072697	MY	G	fao.org	A B C was cultivated. Permanent crops represented 76 percent of this cultivated area (5.8 million ha ), while the remaining 24 percent (1.8 million ha) was under annual
782	3547359	MY	B	...ethebox.blogspot.com	A B C do nt want the word' unisex' appearing on the shop fronts. Ha ha ha. This is the real issue. Folks, the problem is solved.
783	1839764	MY	G	theborneopost.com	A B C Eye responded, " Yeeeesssss? " # Miss X: " I ask you ha ... the order the other day... " # The Eye waited. Again,
784	1834592	MY	G	digital.nstp.com.my	A B C MV for the title track, which includes a five-second kissing scene with actress Song Ha Yoon, at www.youtube.com/user/ beastofficial. The book geek Up-and-coming J-actress ayame Gouriki will headline
785	1083460	MY	G	quran4theworld.com	A B C ) in Makkah that houses the Ka'bah, while he was leading his S a ha bah (Companions) in a S al a h (Prayers). #
786	1053767	MY	G	...dotcom.wordpress.com	A B C # You du n no Mitt Romney says all sorts of personal things against Obama ha ? His campaign people even said Obama not born in USA, not eligible to
787	1084024	MY	G	sarawakreport.org	A B C survey it already approved.The boss of Shin Yang told me personally the group had 1,000,000 ha of land in Sarawak. instead of giving 1,000,000 ha to a family but give
788	1066167	MY	G	...eallan.wordpress.com	A B C here although he is -- his age too sensitive to accept that, ha ha ha ) is Malaysian but has lived in Singapore all his life, so will probably
789	3546686	MY	B	sharingyoochun.net	A B C Tae Yong too much, it would be too desolate for the rest of Park Ha 's life. Therefore, I hope to leave a bit of reincarnation feel.
790	1083671	MY	G	rimba.com	A B C irah Kayan jam nyalep nyavu ha' kelavet doko ke' ayau rh tai mu'a ha ' inah. Tovo ayau av, boh Kayan mematai rh.' In the
791	1058834	MY	G	jyj3.net	A B C likes of C-JeS and JYJ (not disparaging them in anyway of course)? Ha ! I laugh in your face. Think with your brain not your hormones.
792	3545626	MY	B	...guin-r2.blogspot.com	A B C he said my kidney is not working well (different organ this time)... ha ha. He asked me to open my palm... the same process was repeated
793	1089245	MY	G	worldheritage.com.my	A B C the Hang Tuah Jaya Municipal Council. Zoo Melaka is a 54-acre (approximately 21.22 ha ) zoological park located beside Lebuh Ayer Keroh in Malacca. # The zoo has
794	1055248	MY	G	chedet.cc	A B C of a task. They interpreted this as obstinacy and fortunately, not lunacy! Ha ! Ha! # From your new beginning in politics and your vision which I
795	1839512	MY	G	sarawakreport.org	A B C # Bleeding Sarawakian # Taib, quickly transfer the money to Kawanku -- MBB............. Ha ha. # http: //none Watch Dog # So you think it is that
796	1068891	MY	G	badmintonlife.com	A B C 15 seconds speaking to both players before returning to their chairs. # 11-6 Kim Ha Na serves into the net. # 7-11 Yu serves to Kim, who plays
797	1062115	MY	G	pets.blog.my	A B C are going to die being in a new tank with so many inhabitants. You ha e to slowly add fish so your filter didn't basically go into shock
798	3547074	MY	B	...ikandeh.blogspot.com	A B C celebrate the remembrance of All? h is to say: L? il? ha illall? h (there is no true god except All? h).
799	1055250	MY	G	chefstales.com	A B C of your existence bcs of the AFC Search for the next Celebrity Chef shows. Ha ha what you wrote here is so true. I can't understand why people
800	1834621	MY	G	dongbangdata.net	A B C acting as he gazes at Park Ha. # In the kiss scene with Park Ha just before the teary confession, the tears he shed were not purely due to
801	1077496	MY	G	koreandrama.org	A B C 's funeral, Park Ha meets her step-mother and older step-sister Se Na. Park Ha has no memory of how she was separated from her family. Park Ha settles
802	1068894	MY	G	badmintonlife.com	A B C Septano. # The women's doubles groups have varying degrees of difficulty, with Ha and Kim as well as Jauhari and Polii receiving a fortunate group featuring the African
803	3546085	MY	B	ragedindian.com	A B C a comedy piece... And the guy said... " Sorry Anne... " ha ha ha I like this Durai, I do nt know abt others bt as far
804	1055245	MY	G	chedet.cc	A B C little Emperor through No Press Freedom, that's democracy and liberalism in Singapore, ha ... ha.... Mereka buat boleh, kita buat tak boleh!!!!
805	1835963	MY	G	...s.wildlifedirect.org	A B C , in a team established by the Governor of Aceh. Aceh with 3 million ha of contiguous forest has probably the most viable habitat and populations of sun bears and
806	1085746	MY	G	theedgemalaysia.com	A B C of next year. The project, which will be built on an approximately 30 ha site, will have a gross development value of about RM6 billion to RM9 billion
807	1072698	MY	G	fao.org	A B C irrigated areas for paddy cultivation have progressively increased. By 1960, about 200 000 ha had been developed, the emphasis then being on supplementing rainfall for single crop cultivation
808	1072698	MY	G	fao.org	A B C 74 mini-granary schemes (29 500 ha) and 850 non-granary schemes (100 633 ha ) (Figure 5). The non-granary schemes are scattered all over the country
809	1058804	MY	G	jyj3.net	A B C or to contact JYJ in any way. End of the story. # Ngoc Ha # October 4, 2011 # your comment makes me laugh =)) imagine
810	1064245	MY	G	...ethebox.blogspot.com	A B C based on the hadith. Here is a link for some further assessment. # Ha ha- well said, Syed (ref- Norman Fernandez).... Some people can not
811	3544205	MY	B	...nhockey.blogspot.com	A B C . A day long workshop was held last year in July and attended by State HA Secretaries/Competition Chairman from States as well as representatives from the MHL teams. Discussions,
812	3822458	MY	B	...ntarina.blogspot.com	A B C nya nak makan masuk mulut terus melt, tak payah kunyah boleh terus telan " ha ha. I have found that it is yummy after sitting in the refrigerater overnight
813	1068891	MY	G	badmintonlife.com	A B C Both pairs were black carded and were disqualified before being recinded and the 3rd seeded Ha and Kim won the match. # Tonight's farce will almost ensure the end
814	3546027	MY	B	rafiziramli.com	A B C said " take it from me, it can get boring after some years " ha ha. # We met the next day. # He must have been amused
815	3545387	MY	B	...fishiee.blogspot.com	A B C I see the prices for a cup in Starbucks, I change my mind.... ha ha. Yes, X'mas very close, our temp already now around 2'c or
816	1085919	MY	G	thelabratz.com	A B C happily reached for the bread and headed for the dip until I noticed.... # Ha ! I'm not going to be guilty of making a scene and yeah,
817	1064480	MY	G	...itedmom.blogspot.com	A B C him printed out yet! It's all in the computer or on facebook. Ha ha ha. We might have it printed out one by one, or,
818	3542280	MY	B	guanyincitta.com	A B C ! I can see that you have put on weight. # Caller: Ha ha . That's so true, Master! # Master Lu: Ha ha.
819	1077472	MY	G	koolred.com	A B C dint to the major ailment originates from then on.The mother as soon as attended Mo Ha Wei's sweet and also watched this kid acquiring MV to the picture.This flick facilities
820	1063656	MY	G	sophiagoh.com	A B C I'm barely domesticated as it is, but gardening is brand new terrain ( ha ). It's something I've never even dreamed of aspiring to, and
821	3547352	MY	B	...ethebox.blogspot.com	A B C you just wasting their time. you are not important to them # Ha.. Ha .. Malaysia is going to become Banana Republic. This is because Mr Syed and
822	1063657	MY	G	sophiagoh.com	A B C late than never... There's a first for everything... How on earth ( ha ) have you never done any gardening in 30 years?! # When I
823	3823970	MY	B	sharingyoochun.net	A B C Se Na would suffered from the fate of death when wearing the clothes of Park Ha . Especially the anxious face shown by Se Na when Park Ha jumps onto the
824	3541160	MY	B	diningout.blog.my	A B C per condiment GET REAL! they are multi-billion dollar companies because they are cheap.. ha ha # yeah that annoys me too! ketchup should automatically come with your meal
825	3548571	MY	B	ahbing.com	A B C few people came up the bus. Squeeze seats with existing customers. # " Ha , luckily no more space behind here, no one will take my seat!
826	1053829	MY	G	biz.thestar.com.my	A B C our plantation will attainfull maturity with expected yields of between 28 and 30 tonnes per ha per year, " he pointed out. # MKH, which used to derive
827	1083671	MY	G	rimba.com	A B C Y' Juhit kiong jam nyalep ha' kelunan. = Juhit kiong jam nyalep nyavu ha ' kelunan.' The minah bird is good at imitating human words.'
828	1084026	MY	G	sarawakreport.org	A B C Karim? Scared that you do not get your PERKS? > Ha ha ha ha .. All shits and craps from your dirty mouth # ex-PGA # What Abdul Karim
829	1077496	MY	G	koreandrama.org	A B C around and pretends that it isn't happening. Time passes, younger sister Park Ha is now living in America. While, Park Ha sells fruits as a sidewalk
830	3550690	MY	B	homestaypenang.net	A B C the Hang Tuah Jaya Municipal Council. Zoo Melaka is a 54-acre (approximately 21.22 ha ) zoological park located beside Lebuh Ayer Keroh in Malacca. # The zoo has
831	1083025	MY	G	photopixel.co	A B C sun's shadow during the eclipse (if the clouds would clear up. ha ha ha) # That evening we went to a very fancy restaurant to meet Jia
832	3822502	MY	B	...ydigest.blogspot.com	A B C Don't try this again! We loved the houses around G lebe, it ha d a very Bohemian fee l. We found a good bicyle shop and many
833	3546686	MY	B	sharingyoochun.net	A B C wearing of spectacles became the way to differentiate the two. Meeting up with Park Ha was also the way to relate the two. Wearing the spectacles will be Yong
834	1060821	MY	G	mir.com.my	A B C remember whenever the shutter trips, the numerals behind LCD panel blinks as per-exposure, ha ! # When mounted with a databack on the camera, it looks very rigid
835	1068198	MY	G	askkpop.com	A B C picture and they are showing off flawless skin with big..... by hansukj # ContestantSong Ha Yaemade a miraculous revival on the latest episode of' K-Pop Star 2'.
836	1072698	MY	G	fao.org	A B C increase crop production. # In 1994, the total drained areas was 940 633 ha . About 600 000 ha were drained for oil palm cultivation, using public funding
837	1060750	MY	G	mforum.cari.com.my	A B C in this drama. Hong Su Ah will play the character role: Yoon Eun Ha . A girl with a cheerful personality with perfect skin, no wrinkles. She
838	3547074	MY	B	...ikandeh.blogspot.com	A B C narration: morning and in the evening these words:' L? il? ha illall? hu wahdahu la sharika lah, lahul-mulku wa lahul-hamd, wa Huwa'
839	1057852	MY	G	hkadb.net	A B C yes but jang-geum states she hasn't decided.For that answer, she receives a' ha ' point (negative point) and for that she thinks she won't pass
840	3538974	MY	B	564564.blogdrive.com	A B C ##3538975 # Ha . I need to get out of this cubicle. I saw the sigma sign
841	3553753	MY	B	suiyingk.com	A B C if I ever post it up online.: P # This Pinnacle of all HA parties is definitely is at the top of my list for favorite parties 2012!
842	3823849	MY	B	...passion.blogspot.com	A B C have to be washed twice or more until I'm fully satisfied! Ha! Ha ! Now you know why my honey bunny says I'm beyond OCD! *blush*
843	3547074	MY	B	...ikandeh.blogspot.com	A B C Subh? n-All? h, Al-hamdu lill? h, L? il? ha illall? h and All? hu Akbar (All? h is free from
844	1055399	MY	G	cnbluestorm.com	A B C filmed at an Italian restaurant with Jang Dong Gun and Kim Ha Neul as Kim Ha Neul's former student. # The script writer, Kim Eun Sook, is
845	1066088	MY	G	...kuaisha.blogspot.com	A B C hotel here in KL but Singapore... as spiderman says your friendly neighbour... ha ha ha... and what happened? Only seven people attended... all the seven were
846	1064394	MY	G	thanhsiang.org	A B C Oikawa translated into Japanese the Paramatthajotik?, the commentary to the Khuddakap?? ha and Suttanip? ta in four volumes (1985-89). Naniwa translated into Japanese
847	3545560	MY	B	paultan.org	A B C better safety features are far more important than being a Japanese bontot worshipper. Ha Ha Japanese even conning people lah, Camry pun tak ada VSC. # Orang bodoh
848	1068709	MY	G	badmintoncentral.com	A B C , Lee Kyung Won, BSH for this year Uber Cup. # Meanwhile, Ha Jung Eun and Kim Min Jung who won 2 other points took almost 1.5 years
849	1089161	MY	G	wiseoldgoat.com	A B C destroyed in the latter days. For years people have laughed at the Bible, ha , ha, saying Babylon has already been destroyed. Well guess what, Saddam
850	1071014	MY	G	dailychilli.com	A B C Investors in the paper to help him buy over the share in the company ( Ha ! Ha! too late), when he heard that it was up for
851	1054689	MY	G	borneoproject.org	A B C have been lost. Malaysia's original peat land forests totaled some 2.5 million ha . Conversion and drainage of these natural carbon stores has causes rapid decomposition and subsidence
852	1057908	MY	G	...eashed.wordpress.com	A B C public. # Who's responsible? # Poor Minster of Transport, Kong Cho Ha must be having sleepless nights trying to defend the indefensible. And he must be
853	3551412	MY	B	klubbkidd.com	A B C the party she's gon na go Can somebody take me home Ha ha he ha ha ho # Love me hate me Say what you want about me But all
854	1078499	MY	G	malaysia-today.net	A B C # ... written by Wira Jaya, November 20, 2012 23:05:15 # Ha ha ha . RPK at works. Mari kita lihat siapa yang kena! # +1 #
855	1837498	MY	G	fao.org	A B C Kerian-Sungai Manik, Besut and Kemasin-Semarak. # In addition, there are 21 970 ha , which are inundation and control drainage schemes. The total irrigation area was an
856	3546027	MY	B	rafiziramli.com	A B C " take it from me, it can get boring after some years " ha ha . # We met the next day. # He must have been amused looking
857	1068891	MY	G	badmintonlife.com	A B C the ground to suggest she thought it might have been short. # 2-0 Kim Ha Na serves into the net. # 1-2 Yu Yang's serve is taken at
858	3540575	MY	B	carolyn-odonnell.com	A B C of Chandigarh: Le Corbusier's Open Hand sculpture near the High Court # ha ha ! no donkeys here, only cows! If u want i can arrange a
859	3541914	MY	B	figur8.net	A B C the time she's right, don't need a test to prove anything, ha ! # Thanks to the Internet, it's easier to connect to families with
860	1067725	MY	G	apfmj.com	A B C influenza virus are classified into subtypes by their protein coat antigens, namely haemagglutin ( HA ) and neuramidase (NA). Of the 15 HA subtypes known, H1
861	3546830	MY	B	...ulhaimi.blogspot.com	A B C , I'll just think " Boys have no reason to like YOU. " Ha , works every time.:) # " It's not like you're
862	1072838	MY	G	floescapade.com	A B C Mitch (... that's Mitchell Freeway. I'm speaking Perth now yo! Ha ha) among sleepy Aussie drivers. # Upon returning from Europe, I was
863	1064243	MY	G	...ethebox.blogspot.com	A B C nt want the word' unisex' appearing on the shop fronts. Ha ha ha . This is the real issue. Folks, the problem is solved. Its
864	3546472	MY	B	...oplynas.blogspot.com	A B C , drive people angry, stock price fall and buy hua ha hha ha ha ha . # Definition is: A system of Government where the least capable to lead
865	3823206	MY	B	...witropicalisland.com	A B C get into the queue before that flock of tourists forced us to wait. # Ha .. ha.. ha! Kiasu, remember? # The cable cars at Langkawi
866	3545700	MY	B	pets.kru.my	A B C to speak so she's not putting it on for a bit of sympathy ha ha ha, keep her toilet walks to an absolute minimum or allow her to have
867	3542325	MY	B	halalfocus.net	A B C 1.6 billion Muslims in the world, the potential market is huge, " added Ha . # The company has launched a new website **28;454;TOOLONG and will launch a Vietnam
868	1056794	MY	G	...pendent.blogspot.com	A B C So, might be we can even use that $10k to go for holiday, ha ha ha ha ha, if he is smart enough to do his undergrad online
869	1084026	MY	G	sarawakreport.org	A B C Abdul Karim? Scared that you do not get your PERKS? > Ha ha ha ha.. All shits and craps from your dirty mouth # ex-PGA # What Abdul
870	1083461	MY	G	quran4theworld.com	A B C ???????, a prominent S a ha bi (Companion of Mu?
871	1072817	MY	G	fivefeetflat.net	A B C plug point, located under the table between the two bottom berths. # Ga Ha Noi, or Hanoi Train Station (' ga' as in the French'
872	1072113	MY	G	dramacrazy.net	A B C two guys who are confronted with their happy, and traumatizing pasts. choi ja ha , who is the childhood friend of real injoo meets fake in joo years later
873	1068725	MY	G	badmintoncentral.com	A B C the indonesian pairing maintain the attack and played one of the best tactical game. Ha &; Kim was known for heavy smashes but lost with 0-15 in the first set
874	3541181	MY	B	...erican.wordpress.com	A B C -- Din Merican # Mr Tan, you want to change the govertment in Singapore.Ha ha ha not another 100 years.PAP will do everything within their means to protect their power.Many
875	3542830	MY	B	india.blog.my	A B C says " And the sea gave up those dead in it, and death and Ha ? des gave up those dead in them, and they were judged individually according
876	1089719	MY	G	www3.pmo.gov.my	A B C '. (Ruh-ul-Ma'ani, Vol. xx, p. 64). About Surah Ta Ha it is well known that it had been revealed before Hadrat Umar embraced Islam.
877	1057671	MY	G	guanyincitta.com	A B C , he really enjoyed drinking! # Caller: Yeah, yeah, yeah. Ha ha... # Master Lu: I can tell you that, even if you
878	1837498	MY	G	fao.org	A B C forming the border with Indonesia. # Total cultivable area is an estimated 14.2 million ha , or 43 percent of the total land area. In 2009, about 7.6
879	1052799	MY	G	...kwrites.blogspot.com	A B C and Singapore's embassy in the pretext of enforcing road traffic laws there ha ha ha .. # And for the government, I think it's time to let the
880	3546686	MY	B	sharingyoochun.net	A B C bit of reincarnation feel. It's the same when Yong Tae Yong and Park Ha met at the cafe, the script described it as " totally unrecognizable ".
881	3539087	MY	B	...ikarim.wordpress.com	A B C question, Peter laughed loudly and hugging Paul, Peter said, " Ha ha ha ! My old friends. It is really good to see all of you again
882	3544426	MY	B	mayzhee.blogspot.com	A B C at my old posts, and I want to laugh. Ha. Haha. Ha . Of course I still have those doubtful moments, but they come far and
883	3541211	MY	B	...entist.wordpress.com	A B C ' # Are you satisfied with what you have done and achieved? # Ha Ha Ha! What have I achieved? There are still Nazi punks and rich-kids fashion
884	3547716	MY	B	...veller.wordpress.com	A B C ? Isn't it true that 48.8% of Sabah's total land area (7,362,000 ha ) is classified as Forest Reserve? That is true but of that total,
885	3823178	MY	B	kpopnew.com	A B C name of Yoon Hyun Sang blew the judges away with his cover of Yoo Jae Ha ' s " You In My Arms ". # But after the episode aired
886	3546926	MY	B	...etyandculture.kru.my	A B C BHO's treatment of the US Constitution especially the Bill of Rights. Ha ha ha! says: # " God said homosexuality is a sin and any man
887	1071776	MY	G	dkpopnews.net	A B C 2 Hearts, " which, because of the lineup of " invincible " actress Ha Ji Won, will be slightly tough for " Rooftop Prince " (to receive
888	1061953	MY	G	paultan.org	A B C the US is about $18,000 but here, it shoots up to RM145,000. # Ha Ha Ha. Typical Malaysians. All so concerned about correcting another person's geography
889	1062709	MY	G	...laysia.editboard.com	A B C you feel socially out of place when you eat with your group friends? Ha ha . I know I do. But my close friends are used to it now
890	1053725	MY	G	...eta.asiasentinel.com	A B C thailand pls Call them SEAM you all know what seam mean to them (choul ha rooy) # down # vote up # Votes: +2
891	1834164	MY	G	...hives.thestar.com.my	A B C authorities are handing out grants to smallholders to replant 40,000 ha annually and plant 18,000 ha of new rubber areas over the next five years, Pemandu said. # "
892	1064246	MY	G	...ethebox.blogspot.com	A B C which is indicative of their restrictive set of mind. (My comments: ha ha ha ha!!) # ' Hijab' was mentioned in verse (ayah
893	1063656	MY	G	sophiagoh.com	A B C late than never... There's a first for everything... How on earth ( ha ) have you never done any gardening in 30 years?! # When I
894	3824574	MY	B	badzine.net	A B C to all the badminton fans. " # " The two Korean doubles pair of Ha Jung-eun and Kim Min-jung and Jung Kyung-eun and Kim Ha-na have not shown up in
895	1064480	MY	G	...itedmom.blogspot.com	A B C out yet! It's all in the computer or on facebook. Ha ha ha . We might have it printed out one by one, or, we might
896	1054418	MY	G	blog.tsemtulku.com	A B C i guess its really because i myself give them many of the above mentioned excuses ha ha. So i think what goes around really does come back around. #
897	3549193	MY	B	...cycle-adventures.com	A B C Sapa to Dien Bien Phu, from the vicinity of Hanoi to Ninh Binh and Ha Long Bay. Ha Long Bay # Ha Long Bay deserves at least a
898	1058814	MY	G	jyj3.net	A B C smile, that naughty eyes shining so brightly.... # no offense to seunggi and ha jiwon but the drama looks too serious and suspenseful; korean public still are nt
899	3543696	MY	B	...eacockli.blogmas.com	A B C Jon. I want her to see this particular scene because, like me, Ha Moni had absolutely no # This entry was posted on Monday, September 28th,
900	1052799	MY	G	...kwrites.blogspot.com	A B C US and Singapore's embassy in the pretext of enforcing road traffic laws there ha ha ha.. # And for the government, I think it's time to let
901	1065708	MY	G	...veller.wordpress.com	A B C is classed as Protection Area in which logging is not permitted. A further 90,386 ha (1.22%) is considered as Virgin Jungle Forest where logging is strictly prohibited but
902	3546686	MY	B	sharingyoochun.net	A B C from experiences) easily. The scene at the pond where I was carrying Park Ha and shouting, I actually experienced that before, thus I was able to display
903	3547074	MY	B	...ikandeh.blogspot.com	A B C ' alaihi wa sallam) said, " Say: " L? il? ha illall? hu wahdahu l? sharika lahu; All? hu Akbar kabira,
904	1062232	MY	G	...ndgovernment.blog.my	A B C wrote to him... But it was because he gave them the wrong address! Ha ! So after he got letters he was a lot happier and said it gave
905	1052956	MY	G	allkoreandrama.com	A B C other so called " good-looking " guys are doing their military service (ha, ha !!). LSG, you are best! # beside the storyline and
906	1072950	MY	G	fpmt-ldc.org	A B C vision that appears is the sputtering butterlamp. # As the horizontal line of the HA dissolves into the crescent moon above, one should think that one is experiencing the
907	1058863	MY	G	jyj3.net	A B C courts ruled in January... I guess they were shaking in their boots (ha ha )! # OH MY GODDDD!!! FINALLY!!!! I
908	1086766	MY	G	timothy.my	A B C sexy body cause right now the only sexy about me is my beer belly. ha ha ha. After reading a lot from the internet, asking friends and etc
909	1054629	MY	G	...mplates.blogspot.com	A B C lo traduce al autor, mis felicitaciones, estoy buscando un template y esto me ha gustado mucho Azure said " I do nt speak english, but if anyone
910	1060125	MY	G	...ia.answers.yahoo.com	A B C but it will, unless men try to grab hold of it again. # Ha ha your comment. I grew up in a feminist household and pretty much have
911	3823364	MY	B	...hetruth.blogspot.com	A B C , when Pakatan Rakyat fails to march into Putrajaya, I will write another " Ha , ha, ha... I told you so " article. Trust me to
912	1836517	MY	G	...ndyinkk.blogspot.com	A B C skill of wrapping in this manner. My jiaozi always go out of shape, ha ha.. Thanks for the pics, will definitely help me the next time round
913	1058568	MY	G	...ustdie.wordpress.com	A B C were around, you'll probably have your eyes at the back of your head ha ? Very susah lah to talk to people like you. But I'll layan
914	1086897	MY	G	totalsportsasia.com	A B C of the best as well. " Nobody is unbeatable - apart from Petrosyan. Ha ! No, everyone can be beaten. I take every fight as it comes
915	1089092	MY	G	...at-buddha-taught.net	A B C grey too. You know what tea they drink? Earl Grey! Ha! Ha ! It's all grey. It's very grey and miserable and depressing.
916	1058855	MY	G	jyj3.net	A B C ji won as the guest on RM? that's in the same time while ha ji won promoting her new drama on MBC, and everybody protest why RM does
917	1836875	MY	G	badzine.net	A B C pairs from China and Korea. 2008 champion Lee Yong Dae (pictured right with Ha Jung Eun) is back to defend his title but he and his new partner
918	3547148	MY	B	stopthelies.my	A B C a place that can be found only in a fictional tale ". ha ha ha ! # Right on Funniman. Any laws that is for Muslim will affect the
919	1058793	MY	G	jyj3.net	A B C saranghagetni? This part! and I scream YES! Jaejoong! YES!) ha ha >< I cant choose! # Sorry, but Ayy girl is a good
920	1056794	MY	G	...pendent.blogspot.com	A B C we can even use that $10k to go for holiday, ha ha ha ha ha , if he is smart enough to do his undergrad online and get scholarship on
921	3824572	MY	B	badmintonlife.com	A B C their place in the mixed doubles quarterfinals with a two game victory over Lee and Ha of Korea, who will need to win their next two matches to have any
922	1089719	MY	G	www3.pmo.gov.my	A B C was revealed during the middle Makkan period. According to Ibn Abbas, Surah Ta Ha was revealed first, then Surah Al Waqiah, and then Surah Asy-Syu'araa'.
923	1063372	MY	G	sharingyoochun.net	A B C their single is still scheduled for release on January 27th of next year. # ha .. i know this long time ago.dbsk will not disband.for sure.! even if SM
924	1066167	MY	G	...eallan.wordpress.com	A B C darling here although he is -- his age too sensitive to accept that, ha ha ha) is Malaysian but has lived in Singapore all his life, so will
925	1055245	MY	G	chedet.cc	A B C the bite of Singapore like you, Tun. If something happens, make sure ha pays for it. As Shafinaz says, we must be VERY, VERY careful
926	3546286	MY	B	...lhashim.blogspot.com	A B C dares to tell him that he is not disciplined, arrogant without a cause.. ha ha ha maafkan saya Bro. WSalam. kaki sukan # In badminton LCW and the
927	1072875	MY	G	foongpc.com	A B C back for a visit in July. I'll eat some for you. ha ha # babette, I can understand. Sometimes we need a break. Btw,
928	1072698	MY	G	fao.org	A B C border with Indonesia. # In 1996, the total cultivable area was 14.17 million ha , or 43 percent of the total land area. About 5 095 818 ha
929	1054268	MY	G	blog.limkitsiang.com	A B C Perkasa "). This support really " helps " MCA's cause! Ha Ha Ha. # Do you all remember... Nazri... Hishamuddin... and few others
930	1072104	MY	G	dramacrazy.net	A B C and in this drama his effort really shows. Oh, and the newbie Sung Ha , I just could not take my eyes off him and his smile. Scenes
931	1082032	MY	G	nst.com.my	A B C popular tourist destinations such as the Perfume Pagoda, Hoa Binh, and the scenic Ha Long Bay. # As a hotel manager, he says that sometimes he has
932	1059411	MY	G	...laysian.blogspot.com	A B C next year! # Perhaps, the Chinese should come seek help from Umno. Ha ha. # And that predicted 10% economic growth for next year is more than
933	1072698	MY	G	fao.org	A B C In 1994, the total drained areas was 940 633 ha. About 600 000 ha were drained for oil palm cultivation, using public funding for smallholders. Institutional
934	1063892	MY	G	stopthelies.my	A B C not use the same method to wipe out our nations RM417 billion debt. ha ha . This is lagi stupid. Only know how to waste money to increase our
935	3547352	MY	B	...ethebox.blogspot.com	A B C Mr Syed and co, still believes that Hisham Pondan can do the job.Ha.. Ha , why blame PR, cause BN is the Gomen of the day. To
936	1055245	MY	G	chedet.cc	A B C are going, very soon Singapore will be our next colonial masters. Ha... ha .. ha... ha..... I must say that I really have not been impressed
937	1063868	MY	G	steventsh.com	A B C And this is BEFORE Negaraku even existed. Talk about changing and ripping-off. Ha ha ... Namewee Cons -- Small and slight insult to Islam by calling the morning prayers
938	1058833	MY	G	jyj3.net	A B C the current CEO of SM actually went into this meeting.. with JYJ not present HA . # Also, I'm glad/relieved JYJ have been so good at keeping this
939	1061906	MY	G	paultan.org	A B C Chipped my car and got me 240BHP with Golf GTI kind of 0-100 km/h wa ha ha. # Its not the goverment, its the businessmen, if you can
940	1060559	MY	G	malaysiatoday.com	A B C there will be no demonstrations because that is part of his preparations. # Ha ha is it the BN will go to the street or otherwise. Let the people
941	1837498	MY	G	fao.org	A B C , using public funding for smallholders. Most of the irrigation schemes (340 600 ha ) are provided with separate drainage facilities. Water management, policies and legislation
942	3553753	MY	B	suiyingk.com	A B C say, it was a great change to the atmosphere as compared to the previous HA party when the stage was placed at the front. The artists were literally,
943	3554981	MY	B	...eeingng.blogspot.com	A B C missed. Haha! All of all, I'm still looking forward for the HA parties next year! # Thankyou for the pictures from all my friends!!
944	1088071	MY	G	verbots.com	A B C , whilst it is laughing at me I may say " very funny, ha ha . ", but a response from the bot would not be appropriate - it
945	1077496	MY	G	koreandrama.org	A B C execute his wife who betrayed him.. all alone yet pining for the future Park Ha .. poor King.. I hope he did not die alone. # the ending
946	1055248	MY	G	chedet.cc	A B C task. They interpreted this as obstinacy and fortunately, not lunacy! Ha! Ha ! # From your new beginning in politics and your vision which I am sure
947	1085278	MY	G	thebackpacker.net	A B C tooth and guess what the tooth fairy toke it as a souvenir... ha.. ha .. nope it's a joke but true she really did lost her tooth but
948	1068709	MY	G	badmintoncentral.com	A B C , Lee Kyung Won, BSH for this year Uber Cup. # Meanwhile, Ha Jung Eun and Kim Min Jung who won 2 other points took almost 1.5 years
949	3823633	MY	B	nutcow.blogspot.com	A B C is trying to adopt " no-frills concept " similar to Air Asia. Ha! Ha ! I thought I was staying at Tune Hotel. # We drove to Kuah
950	1054689	MY	G	borneoproject.org	A B C year, the report says. " Using this very conservative estimation, the 510,000 ha of peat lands in Malaysia drained for palm oil production thus cause the release of
951	3549193	MY	B	...cycle-adventures.com	A B C , from the vicinity of Hanoi to Ninh Binh and Ha Long Bay. Ha Long Bay # Ha Long Bay deserves at least a couple of days. That
952	3553462	MY	B	sarawakreport.org	A B C value by departments of both the Sarawak and Federal Malaysian Government, and approximately 1,400 ha of the estate overlapped with the proposed Mud Volcano National Park, which was hometo
953	1059542	MY	G	...owingup.blogspot.com	A B C was wrap up books (instead of the chocolate calendar which Mummy ate! ha ha !) and Nikki was SO excited by the basket of' presents' and
954	1058145	MY	G	...amereen.blogspot.com	A B C I have failed to really be grateful to HIM sometimes... # " La ila ha ila anta, subhanaka inni kuntu minazolimin " # I sometimes felt that arwah also
955	3824153	MY	B	t-ara.musicasia.net	A B C SNSD in Hai Phong prepare pink conical hats to welcome their idols to perform in Ha Noi tonight. # Thirteen bands including SNSD, Dong Bang Shin Ki, Beast
956	1085278	MY	G	thebackpacker.net	A B C reflexology no need to pay a 50 dollar for such a massage... ha... ha .. anyway we met people on the trek and we asked them how far and
957	1072697	MY	G	fao.org	A B C forming the border with Indonesia. # Total cultivable area is an estimated 14.2 million ha , or 43 percent of the total land area. In 2009, about 7.6
958	1835438	MY	G	mccc.org.my	A B C " That was how George described the early part of his life. # George Ha is a businessman from Sibu. Born in Bintangor, he grew up in a
959	1078499	MY	G	malaysia-today.net	A B C # +0 # ... written by Wira Jaya, November 20, 2012 23:05:15 # Ha ha ha. RPK at works. Mari kita lihat siapa yang kena! #
960	3549193	MY	B	...cycle-adventures.com	A B C are few more beautiful experiences to get in Vietnam than being on a boat in Ha Long Bay. # However, if you have no time, do it in
961	3547252	MY	B	...365days.blogspot.com	A B C . Feel free to surf my web site; Deal Dash # W? th ha ? in so mu? h written content d? you e? er run
962	3552638	MY	B	niamah.com	A B C Arts Ministry can not be used for the latter. # HUH??? HA ??? APA??? # Performance arts are okay but cultural shows
963	1062744	MY	G	...pocooks.blogspot.com	A B C will be going through our 2nd cycle of 7 years itch this year, wa ha ha! Still fighting, but still the same us! # Marriage is made
964	3554380	MY	B	travelblog.org	A B C - think we are trying to go up all the towers in the world, ha ha # to do a handbrake turn to miss going through the glass wall.
965	1081202	MY	G	mykmu.net	A B C of US and Singapore's embassy in the pretext of enforcing road traffic laws there ha ha ha.. # And for the government, I think it's time to
966	3551412	MY	B	klubbkidd.com	A B C to go to the party she gon na go Can somebody take me home Ha ha he ha ha ho # Love me hate me Say what you want about me
967	1073448	MY	G	...reemalaysiatoday.com	A B C harvester, cutting trees. They told me,' everybody has to log three ha trees, every day', that's only two men out of the hundreds
968	1063059	MY	G	...ting.nuffnang.com.my	A B C team said she would fly to the Statue of Liberty and paint her face. HA ! # 2. Include the details of the Journey To The West Acrobatic Drama
969	1838727	MY	G	momsicleonline.com	A B C ask me that requirements? please help.. thank you # Hi Jenskie! Sorry ha I canot answer your question. But to give you an idea, nung first
970	1065789	MY	G	tqpr.com	A B C to think beyond the function room at a hotel when we plan for events. Ha once turned the city upside down trying to find a Yahoo! room before choosing
971	1072698	MY	G	fao.org	A B C Kemasin-Semarak. # Malaysia has over 932 irrigation schemes covering an area of 340 633 ha , comprising 8 granary schemes (210 500 ha), 74 mini-granary schemes (
972	1068893	MY	G	badmintonlife.com	A B C Septano. # The women's doubles groups have varying degrees of difficulty, with Ha and Kim as well as Jauhari and Polii receiving a fortunate group featuring the African
973	3543888	MY	B	...ujiaming.blogmas.com	A B C quotYour method of this attitude of life is very special!! and! quot Ha Hui smiles! and! quotWe! and! 39re home There is a saying
974	3547278	MY	B	sup3rjunior.com	A B C in private.what happen between heechul and hangeng, let them be.. maybe yes, ha has changed into a totally different man, but let him be.. please,
975	1055250	MY	G	chefstales.com	A B C your existence bcs of the AFC Search for the next Celebrity Chef shows. Ha ha what you wrote here is so true. I can't understand why people see
976	3548739	MY	B	...ntigravitydivers.com	A B C on Facebook Follow by Email Translate This Site... Diving Koh Ha Lanta Pocket Guide # If you would like to get the most updated news
977	3552123	MY	B	miricommunity.net	A B C injection is not necessary. Thus no need to worry about the side effect of HA injections. # Lamor2 is best replace the trend of single ingredient product like collagen
978	1054795	MY	G	camtrip.biz	A B C wer is the heart of the proc e ss. Most splitting t o wers ha v e the same configuration and basically operate the same wa y. Depend i
979	1059858	MY	G	...ia.answers.yahoo.com	A B C . When it's all done, you'll say, that's it? Ha ! That wasn't bad. My son went through this and he did great
980	1834621	MY	G	dongbangdata.net	A B C In the original script, he shows signs of not being able to recognise Park Ha , but he feels that instead of trying to convey two separate roles, he
981	3552123	MY	B	miricommunity.net	A B C the most healthy and popular ingredient for Skin. # The most powerful function of HA is to against wrinkles. It had been treated as the secret of skin care
982	1056649	MY	G	famecherry.com	A B C for those who in their daily lives have always looked naturally freaky. Ha Ha Ha . Just kidding. All you need is a dress that is cutesy, with
983	1053870	MY	G	biz.thestar.com.my	A B C trade and pricing besides focusing on oil palm. # Of the total five million ha planted with oil palm in Malaysia, three million ha belong to the estate group
984	3546565	MY	B	selfshotfactory.com	A B C Poor sex kittens don't get what they really want from their loser boyfriends. Ha ! Anyway, they've watched this video coz I've told them to visit
985	1836506	MY	G	...ebmastermalaysia.com	A B C then saw $5 at HouDaddy just-click-here, and immediately forgot the jalur gemilang. # Ha ! Just had a thought - maybe it's a domainhack issue: com.my might
986	3542697	MY	B	...amereen.blogspot.com	A B C I have failed to really be grateful to HIM sometimes... # " La ila ha ila anta, subhanaka inni kuntu minazolimin " # I sometimes felt that arwah also
987	1087102	MY	G	tripadvisor.com.my	A B C relaxing experience ever, a home away from home.Located in the 36 ancient wards of Ha Noi, The Time hotel is very close to many famous tourist destinations such as
988	1055245	MY	G	chedet.cc	A B C us and you think we will wait and rely MCA politicians to help us, ha ... ha.... they are kiasu like Singaporeans. //As for the raw water deal,
989	3824576	MY	B	badzine.net	A B C . After failing to finish last year's final against Jung Kyung Eun / Kim Ha Na, Eom and Jang, who just made their entry into the world's
990	1064243	MY	G	...ethebox.blogspot.com	A B C Malaysia'. And here is something interesting about the DAP and PAS. Ha ha ha. Read and laugh. # Folks did you know this? I did
991	1089185	MY	G	wishfortherain.com	A B C tell you to come in or roam around. Your mind, your fault. Ha . # On a serious note, I felt guilty and touched. But,
992	3547148	MY	B	stopthelies.my	A B C in a place that can be found only in a fictional tale ". ha ha ha! # Right on Funniman. Any laws that is for Muslim will affect
993	3543888	MY	B	...ujiaming.blogmas.com	A B C blowing burning, flutter chirp to draw up, no longer speak with them. Ha Hui is also very naive, and took his rehabilitation leave, went out.
994	3546926	MY	B	...etyandculture.kru.my	A B C also BHO's treatment of the US Constitution especially the Bill of Rights. Ha ha ha! says: # " God said homosexuality is a sin and any
995	3825847	MY	B	tekkaus.com	A B C her new chic dress that her grandpa had bought for her like months ago. Ha : D After she was ready, off we headed to the restaurant that our
996	1076263	MY	G	ipsofactoj.com	A B C be assessed. # In the SB, the Director directed the making of a HA , specifying the requirements in cl.3.3.10.1. That contains the principal requirement which, SWS
997	1053121	MY	G	apregnantpause.net	A B C ... # Chew Lee -- Thanks for pointing that out! That's what the HA is for " hypo-allergenic " My sleep-deprived eyes can't catch all the details as
998	3823895	MY	B	...apirjack.blogmas.com	A B C will not bar you care more than two decades of Baby Guaipao of, ha ha !! and! quot # Fan-chen as both moved and amused to come back
999	1839798	MY	G	theborneopost.com	A B C # My haircut is usually a quick crop at the all-male Indian barber shop. Ha , with a receding hairline, there's nothing much left on my head anyway
1000	1065158	MY	G	thestar.com.my	A B C material to grow, the authorities are handing out grants to smallholders to replant 40,000 ha annually and plant 18,000 ha of new rubber areas over the next five years,
