1	742266	CA	G	courseweb.uottawa.ca	A B C substance is shown on page 108, Fig. 5.11). # Hyaluronic acid ( HA ) is itself a GAG, but it differs in several respects from typical GAGs
2	26704	CA	G	hc-sc.gc.ca	A B C (Nigg et al. 2008, 2010; Wang et al. 2008; Ha et al. 2009). However, the hypothesis that lead contributes to ADHD
3	68195	CA	G	library.utoronto.ca	A B C , each one with an average value of 836 yuan/mu. After converting mu into ha we arrive at a unit-loss value of 37,620 yuan/ha per year. Since we already
4	208506	CA	G	bedbugregistry.com	A B C (I wasn't familiar with the website prior to my last trip). Ha # ving found numerous reports of bed bug bites on this website, I called
5	3379044	CA	B	ridingfeelsgood.com	A B C , jungle, big mountain or small hills with cheap thrills and have fun! ha ha I really didn't expect to have so much of a good time riding
6	663731	CA	G	backtotheworld.net	A B C John Waters' Simpsons cameo, this was the second thing: " Friends? Ha ! These are my only friends: Grown-up nerds like Gore Vidal. And even
7	3744718	CA	B	...tionalgeographic.com	A B C ? Sincerely. # July 17, 2010 11:07 PM # Katsi26 said: # Ha i from canada to in Quebec near the border. # August 2, 2010
8	3380857	CA	B	...ollerparkingonly.com	A B C because you're pissing me off ". He might have a point. # Ha ! I loved this! if only life could be that easy! I for
9	3346536	CA	B	hollymatrimony.ca	A B C it! Even if nothing happens and your insurance policy seems' wasted' ( ha !) under a Special Occasions Permit you can return any unopened bottles of liquor
10	211931	CA	G	...pectacularoptical.ca	A B C first. So, after that, the movie was pretty much locked in, ha . But nothing specific had ever been planned for TV, it was more that
11	3377713	CA	B	pinkbike.com	A B C got about.25 " bb drop on a nomad with probably less than.5 degree HA change
12	3751309	CA	B	hellbeasts.com	A B C bastards, because i would lure them in by using my honey trap ha ha ha ha (Cackles Like a witch) Luckily altringer, did share his address,
13	519887	CA	G	250news.com	A B C Posted by: Loki on November 15 2012 3:20 PM # bah ha ha ha ha ha. # Newspaper getting into radio. # That is so far from progressive
14	3351382	CA	B	...toronto.blogspot.com	A B C one of them, the best one above, wasn't even my doing. HA ! * # I'm Sarah, and I dedicate this to YOU! #
15	605088	CA	G	blogs.thescore.com	A B C there right now, I'd punch you right in the mouth. Ha, ha . How's that sound? Sound like I checked out? What an embarrassing
16	3351421	CA	B	...y-alternate-life.com	A B C Christmas. But your post has definitely got me thinking about it. Ha. Ha . # http: //my-alternate-life.com/ Jordann # Some families are definitely more gift oriented than
17	149656	CA	G	oilersnation.com	A B C is privilaged now.You are nt in the loop.loopy. # I cant help this ha ha ha---I think you sound like an ex-underachieving hockey player who is old and bitter because
18	449312	CA	G	shutupandeat.ca	A B C -ed, who would have thought this description would have included cheese as well. HA HA HA. The unctuousness of the fatty pork, paired with the bounciness of
19	3374349	CA	B	madonnahouse.org	A B C you are so attracted to this frumpy, portly lady from England. Ha, Ha , Ha. " # To which Helen responded, " It takes one to
20	3345881	CA	B	...iecanuk.blogspot.com	A B C know how copper wire was invented? Two Jews were fighting over a penny. Ha ha, I bet that went over big in Germany seventy or eighty years ago
21	5956	CA	G	finearts.uvic.ca	A B C , and places names. HA 295 A01 -- Introduction to Film Studies HA 295 A01-A06 # Introduction to Film Studies Mitch Parry # Abstract # STUDY FILM OR
22	149656	CA	G	oilersnation.com	A B C a perfect pass onto the skate to the other side of the cage, ha ha ha, did nt look like a very hard shot either, there must be
23	470859	CA	G	meetmyuglybaby.com	A B C " You could have paid someone to do that. But you didn't! Ha ! " # Yes, there's the time vs money equation, but in
24	3380272	CA	B	snowandmud.com	A B C a lot less bouncing there than at the back on the tunnel and if ( ha ha... when) my sleds rolls, the camera has some protection from the
25	269154	CA	G	acdi-cida.gc.ca	A B C works with partners to set up business development offices in rural Vietnam. Vu Thi Ha owns a factory that makes terracotta pots and employs 10 people. She attended a
26	795663	CA	G	heretohelp.bc.ca	A B C I have actually heard somebody if they had told me I wasn't work-ready? Ha ! A number of people tried. And I would nod and agree and go
27	653124	CA	G	...rustedwithknives.com	A B C to them once they sold them off, they bought the bunker back from the HA and proceeded to fill them all up with concrete! # The next time you
28	3744560	CA	B	jephmaystruck.com	A B C changed my opinion of them, and I did it before the Yolo Tweet. HA ! # Full disclosure: I am currently working with the Regina Police Service,
29	594630	CA	G	yelp.com	A B C United, although on this particular occasion that was not necessary a good thing, Ha ! # However they have a good beer selection. Entering such a place I
30	402859	CA	G	science.uwaterloo.ca	A B C H + K b = ---------- ---- A - H + # Rearrangement gives # HA K b = ---------- OH - H + A - H + # HA =
31	3376184	CA	B	nickkellet.com	A B C what's left. " # Okay Gentlemen, step away from Evernote... ha ha . Yes I do love me some Evernote, and use it for many things
32	8634	CA	G	gaslight.mtroyal.ca	A B C young man. Like an ostrich, as you say. Ho, ho! ha ! ha! like an ostrich! It is, indeed; too much.
33	666240	CA	G	...gcatfur.blogspot.com	A B C to a high volume of incoming calls, they just can't keep up. Ha , ha! Don't wait forever! I think it's kind of like
34	3748846	CA	B	abeldanger.net	A B C and here we are present day, " the hardest working MP in Canada " ha ! Listen Buba maybe you don't know the way the system works. The
35	737892	CA	G	ca.news.yahoo.com	A B C however accept any of them for promotional purposes! (any company interested, Ha Ha )
36	293032	CA	G	cwila.com	A B C by his art teacher: " This is not how you draw fire. " Ha ! Hell, it is. # Lista is welcome to write all the negative
37	3364391	CA	B	...issbeyondnaptime.com	A B C space now. I wasn't a couple of weeks ago truth (ha, ha ) be told, but I'm more like tree now -- stronger, taller
38	92142	CA	G	...ncyland.blogspot.com	A B C , cooking classes, and eventually I'll add a cartoon -- The Adventures of Ha Gow, my little Chinese dim sum shrimp-filled dumpling dude. Foodies of the city
39	656949	CA	G	...tanicalgarden.ubc.ca	A B C just on the top of the soil and they establish fairly quickly. # AH HA ! thought so, I'm just getting into orchids too. I have several
40	40980	CA	G	courtneysummers.ca	A B C a zombie book? " And I had to be like, " ZOMBIES HA HA WHO ME WAT MAYBE SOME OTHER TIME. " Sorry for lying to your faces
41	3355443	CA	B	ryersonfolio.com	A B C I hadn't actually written anything in four or five years, ha ha ha ha . At least I was so GENUINE. # Antidepressants shouldn't cause a loss
42	3367524	CA	B	dearestsomeday.com	A B C sure didn't take me long to decide to go ahead and do it. ha ha! # But, I am sure a few of you probably guessed that
43	30086	CA	G	library.utoronto.ca	A B C ha of farmland. If we assume that average crop yields are 5.25 tons per ha , the annual loss of potential food output resulting from lost farmland is approximately 2.63
44	3383782	CA	B	trulyjess.com	A B C I know you will! remember, you and I have a goal 20 each HA # TrulyJess # I honestly ADORE YOU!!! <3333 We got the 20
45	207343	CA	G	...ds.hockeysfuture.com	A B C you the trouble. " That's IF you guys ever make the playoffs! HA HA HA HA!! " # My criteria for choking is based off of
46	119147	CA	G	...al.library.upenn.edu	A B C bound, plunged into the forest, and was out of sight. # " Ha , ha, ha! " chuckled poor Tom, sinking down exhausted on his
47	3348041	CA	B	john.foliot.ca	A B C n't spend 10 minutes even thinking about accessibility. Images with Alt text # Ha ha ha ha ha ha ha ha ha...... # Uh, none ARIA
48	697451	CA	G	49thshelf.com	A B C to whisper Zzzzzz-Zzzzzz-Zzzzzzz on the first three beats, and the left side to shout Ha ! on the fourth. After I demonstrated this to the audience, Wilfred bounded
49	605088	CA	G	blogs.thescore.com	A B C I were there right now, I'd punch you right in the mouth. Ha , ha. How's that sound? Sound like I checked out? What
50	3744570	CA	B	...shmoroccanarchive.co	A B C of Orientalist Expertise in Israel by Gil Eyal 2005, The Van Leer Jerusalem Institute Ha kibbutz Hameuchad Publishing House # Reviewed by Marc Eliany # Zionist aspirations aimed to transform
51	67795	CA	G	straight.com	A B C bit, hears the mighty engine roar, and laughs like a maniac: " Ha ! Who said that! ". A bit later he jokingly complains: "
52	223512	CA	G	bch.cbd.int	A B C viral and endosomal membranes by an acid-induced conformational change. A domain formed by the HA , chain contains the receptor-binding site and a significant proportion of the antigenic epitopes.
53	288782	CA	G	zero1magazine.com	A B C ? How about a sensitive tough guy? # Like pro wrestling? # ( Ha ha) Well, I haven't seen what they are churning out these days
54	3359301	CA	B	thestar.blogs.com	A B C conducted by the incomparable Von Karajan and featuring some jolly " Ha! Ha! Ha ! Ha! " from the orchestra! How could the Raps not be a
55	230032	CA	G	...owtolivehappily.info	A B C imitating the breathing pattern of a real laugh: # Aaaaa! -- ha -- ha -- ha -- ha -- ha -- ha! # Try this. After some
56	242406	CA	G	someoneinmind.com	A B C is if your not with your mom, sisters or a group of friends, Ha ! Someone wonderful will be my someone in mind when I use this card.
57	704990	CA	G	www2.macleans.ca	A B C . They attack Conservatives all the time. But Liberals attacked here? Ha ha ha ! Next!!! # Tceh # It's part of the CONservative fantasy
58	3350869	CA	B	mobilesyrup.com	A B C that same old song. You Know the one im thinking of: " It ha been delayed, and will be out later " By the way to # "
59	3355342	CA	B	rue-morgue.com	A B C a guy who tests poo to see if it belongs to a' squatches. Ha . # An excerpt: # Monsters represent dark aspects of our subconscious worlds and
60	3356515	CA	B	sitadookeran.com	A B C hoping you would post something soon. Something that would give me a " ah ha " moment. I turned on my computer this morning and had a big smile
61	356276	CA	G	fabianbucheli.com	A B C and posted the best on Facebook -- now all my friends want to go! HA ! # I have traveled the world (92 counties to date), mostly
62	16509	CA	G	smalldeadanimals.com	A B C fuzzy logic was employed to justify the stimulus " # That is pretty funny... ha ha ha... so we borrowed a trillion dollars based on a tissue of lies
63	556750	CA	G	hockeyalberta.ca	A B C wish to register in is a higher provincially categorized Association than their resident LMHA, HA regulation 3.6. Player must first obtain a " Permission to Try Out " form
64	3348239	CA	B	...wiarton.blogspot.com	A B C go.... where will I end up? hopefully not in a padded room. Ha ! # I did take a bit of " time out " to check what
65	563554	CA	G	...coveringelegance.com	A B C how to have fun!: p maybe my 21st will be like that! ha great post, really made me think about mine coming up. I want a
66	556750	CA	G	hockeyalberta.ca	A B C player does not make the specified team he must return to his resident LMHA. HA regulations 3.7, 7.3 and 7.4. # c) There are Special Exceptions,
67	647688	CA	G	...dianencyclopedia.com	A B C most important for the Mtis, stating that 1 400 000 acres (566 580 ha ) would be allotted for " the children of the halfbreeds. " # The
68	569327	CA	G	allnurses.com	A B C forum posts state. Hopefully they're right because I am getting antsy! Ha ha ! # Ok. Thats right. Although, I believe that everyone who applied
69	3354541	CA	B	raptorsrepublic.com	A B C team is winning or the racism against his bad play would be huge. # Ha . Lesson to all. Read a post twice before you reply. Obvious on
70	3348109	CA	B	joshcassidy.com	A B C , I'm good with this stuff. My usual procrastination training pays off.. ha . Thank god I got there in time... but only 15mins warm up will
71	288849	CA	G	veliborbozovic.com	A B C 2008 National Book Critics Circle Award. # I could laugh at myself (ha ha ha ha ha ha!) for being stupid enough to have ever embarked upon
72	3369389	CA	B	fiveforhowling.com	A B C no, that's what those magazines under pops' bed are for kiddo, ha ha ha. No, we need to talk about puting effort into everything you
73	3368987	CA	B	expatriababy.com	A B C it. There were actually lots of fun times, rage poops notwithstanding. # Ha ! Claudia! Mercury is such an asshole. I've been feeling the effects
74	3339373	CA	B	blogs.thescore.com	A B C Eberle for Roberto Luongo? Nail Yakupov for PK Subban? Get real. # Ha , funny, Ryan Lambert wrote about a potential Oilers trade for Backhand Shelf today
75	3359301	CA	B	thestar.blogs.com	A B C the incomparable Von Karajan and featuring some jolly " Ha! Ha! Ha! Ha ! " from the orchestra! How could the Raps not be a happy and
76	292990	CA	G	courtneysummers.ca	A B C into knots, foolishly believing these characters were just suffering for a happy ending. Ha ha ha! After I saw it, I was so depressed, I swore
77	3358855	CA	B	thenhlarena.com	A B C you deserved an appology for why I stole a fan from you: D # Ha ! That's funny. I got ya beat for now. My wife became
78	672342	CA	G	amazon.ca	A B C filtered through the knowledge of the' 80s (actor Ronald Reagan is president, ha !), the film comes off as a Twilight Zone episode written by Preston
79	688955	CA	G	amazon.ca	A B C # While reading " The Other Side of Sadness " I had many' a ha ' moments were the author's explanation helped congeal my incomplete ideas. My Father
80	577695	CA	G	...tandtea.blogspot.com	A B C if any one would notice if I took another one or two. Ha, ha true confessions. Now, cheese doesn't even remotely interest me!! Weird
81	3351706	CA	B	...ncyland.blogspot.com	A B C , cooking classes, and eventually I'll add a cartoon -- The Adventures of Ha Gow, my little Chinese dim sum shrimp-filled dumpling dude. Foodies of the city
82	56761	CA	G	ca.sports.yahoo.com	A B C ? Why? Everybody knows SEC fans just use book pages for outhouse emergencies! Ha ha ha!) An excerpt: # " The baddest men on the planet
83	30086	CA	G	library.utoronto.ca	A B C cost of this salinization can be estimated as 3,000 (kg/ha) x 10,000 ( ha ) x 1 (yuan/kg) = 30 (million yuan). 32 #
84	3742873	CA	B	...onfire.wordpress.com	A B C I love you at this one -- this was one funny post as in funny ha ha. And I am trying to get in good and get some' stache
85	3754116	CA	B	strocel.com	A B C professional writer, I signed up for PostADay on WordPress (ha ha ha ha ha ) and I'm driving across the country with my two older children to see
86	634806	CA	G	...m.skyscraperpage.com	A B C into details cause on SSP i'll get nailed cause i'm outnumberd ha ha ha . unwise decision... but i know you are an original albertan, and its
87	3357327	CA	B	strong-athlete.com	A B C ever rolled with a guy with a big bushy beard? It's disgusting, HA ! And, when it comes to striking the beard can be hold a ton
88	188190	CA	G	...ds.hockeysfuture.com	A B C . " That's IF you guys ever make the playoffs! HA HA HA HA !! " # My criteria for choking is based off of seasons they were
89	37136	CA	G	...faithbeyondbelief.ca	A B C barrels on to its final destination, the man hears the devil say: " Ha ha... we are nearing home. " This illustrates a common misunderstanding about the
90	737892	CA	G	ca.news.yahoo.com	A B C , however accept any of them for promotional purposes! (any company interested, Ha Ha)
91	269154	CA	G	acdi-cida.gc.ca	A B C project throughout the country. Vietnam Small businesses think big # Vu Thi Ha is the proud owner of a small factory that makes terracotta pots in northern Vietnam
92	3352735	CA	B	ocbook.ca	A B C (though I dare not use it myself, thru fear of UNhelpful votes.ha, ha ). It's just that; Compassionate people are so determined not to feed
93	556750	CA	G	hockeyalberta.ca	A B C " Form. Regulations pertaining to Elite Stream of Hockey can be found in the HA Regulations, Appendix D. # b) The new association they wish to register in
94	161113	CA	G	arvp.org	A B C then last year, if not at least the robot looks good. Ha ha ha , no really it looks good. Over and out. # Charles # Day
95	3367524	CA	B	dearestsomeday.com	A B C didn't take me long to decide to go ahead and do it. ha ha ! # But, I am sure a few of you probably guessed that...
96	195301	CA	G	greaterfool.ca	A B C exporters, and... 3) Neither thinks their housing markets will go down. Ha ! If I had a nickel for every time I heard someone say their housing
97	326462	CA	G	ats-sea.agr.gc.ca	A B C improved by 6.5 percent per year from 15.8 tons/ ha in 2006 to 20.3 tons/ ha in 2010. Yield was highest for Cavendish at about 58 tons/ ha in 2010
98	408213	CA	G	scq.ubc.ca	A B C in the dermal layer (Miyazaki et al. 2002). In fact, HA powder has been shown to facilitate the turnover and regeneration of hair follicle keratinocytes (
99	556750	CA	G	hockeyalberta.ca	A B C division, in his resident Association by October 15 th of the current season -- HA reg 3.6, exception #1 # 2) There is no place for him to
100	3382215	CA	B	themainmtl.com	A B C n't started and don't want to start.) Take some time off ( ha ha) and do something you like. Or clean your house, or do
101	3348929	CA	B	lailayuile.com	A B C believe your headline, I admit I thought you meant the other word!! HA ha! Good one.I like the video too, nice to see.I don't understand
102	88289	CA	G	baconismagic.ca	A B C , cookie cutter chain store that is set to take over the world. # Ha Ha! Perfectly normal to have a travel is hard rant, because it is
103	119147	CA	G	...al.library.upenn.edu	A B C , was afraid that I should knock him on the head and kill him. Ha ! ha! I shall never forget the work that F -- and I had
104	69777	CA	G	www2.cs.uregina.ca	A B C into a bar. You'd think the second one would have ducked. ( Ha , that quack's me up!) # What do you call a young
105	3342258	CA	B	...smexico.blogspot.com	A B C at the rain when I noticed the rain gutter outside the window was overflowing! Ha ! A project. # Around noon the rain stopped so I unwound the hose
106	645199	CA	G	plant.uoguelph.ca	A B C estimated that the true cost of UK agriculture - 2.3 billion per year or 208 ha -1 - was roughly equal to the value of the food actually produced by UK
107	3371787	CA	B	huntingbc.ca	A B C nose with our fingers and the Regs are used for Toilet Paper! Friends, Ha , isn't that a TV show for Girlie Men??? Re
108	625794	CA	G	...astes-good-to-me.com	A B C Stop that. " Woops, sorry doc. Then the laughter. HA HA HA I AM A CRAZY PERSON! It was the first time I felt sympathy for
109	3364556	CA	B	bluelikeyou.com	A B C a good journalist Joanne. Asking questions we already know the answer for. # Ha ! Well it was meant to be a rhetorical question. # I wasn't
110	3753671	CA	B	road2london2012.com	A B C crowd. Those 5 minutes seemed like the longest 5 minutes of my life, ha . # The first set was filled with nerves and jitters for both teams.
111	666240	CA	G	...gcatfur.blogspot.com	A B C high volume of incoming calls, they just can't keep up. Ha, ha ! Don't wait forever! I think it's kind of like a girl
112	255841	CA	G	...tictory.blogspot.com	A B C Thursday, May 5, 2011 Now That We Have A Majority... # Ha Ha Ha, we fooled Canadians and have squeezed out a majority government! Now
113	287027	CA	G	ccbarlow.com	A B C Not sure I want to get up and get dressed. " # " Ha ha ! I can picture you. " # " I think I'll stay put
114	75678	CA	G	baconismagic.ca	A B C Central American country is probably to avoid the capitals for the most part. # Ha ! I flew into Belize City as a solo female traveler and stayed at the
115	3384413	CA	B	victoriamusgrave.com	A B C as dysfunctional as they come, yet I have met very few functional ones, ha ha. I even learned how to forgive my dad for molesting me in therapy
116	463065	CA	G	mike-hopkins.com	A B C go shred hot laps in the bike park with journalists... work is tough sometimes ha . So pumped! Raodtrip on, and I'm out. # Alright I
117	466949	CA	G	walkerexhaust.com	A B C If you hear rattling noises or banging around, it possibly means that the substrate ha broken-up. The unit will have to be removed and visually inspected to confirm this
118	558188	CA	G	....canadiancontent.net	A B C # Feb 21st, 2012 # 4 yes, 4 no, 4 unsure. Ha , I could have been the tie-breaker! # darkbeaver # #16
119	94245	CA	G	smalldeadanimals.com	A B C noting a few similarities is a subjective judgement. # The great flood! HA HA HA. You guys care to explain how the ark could carry THOUSANDS of species
120	644549	CA	G	...ethvictoriaclark.com	A B C amused been actually snowed in since Tuesday I feel so cut off from the world ha ha xoxooxx # Your outfit is the perfect fashionable thing for cold weather!!
121	708732	CA	G	monctonfreepress.ca	A B C Perry showed p with her pink hair and geis Miu Miu crystal-embellished leather black pumps ha look, accessorizing with a matching pale blue parasol and candy pink sandals. Husband
122	283591	CA	G	ca.news.yahoo.com	A B C and running. They should study to see if money cures the problem. # Ha ha ha. I know marketing folks who work for both nuclear and oil companies
123	497497	CA	G	yarnharlot.ca	A B C does concede that the only itchy thing I have ever given her was acrylic. Ha .) # As a seamstress, I have a certain amount of experience with
124	275260	CA	G	...ythatwearsmakeup.com	A B C and unsupportive. # OK! enough serious talk. TIME FOR MY HAUL! HA . I went to Sephora this morning and brought back some goods. # Holla
125	3380855	CA	B	...ollerparkingonly.com	A B C get spent the right way because I'm terrible with cold hard cash. Ha ha . # I love the idea of an online program where you can add digital
126	161747	CA	G	...troyhorsemanship.com	A B C and put him on the battlefield. Never know he might be a confederate....... ha ha ha. Loved the story and thank you for putting it out for all
127	670823	CA	G	math.ubc.ca	A B C Museum was extremely generous in letting me make and publish the photographs. # The Ha , system administrator in the Department of Mathematics at the University of British Columbia,
128	3351591	CA	B	...ysexyliciouslife.com	A B C became overwhelmed with a lot of big feelings. I was brushing my teeth ( ha ) and a thought came to me... " who cares what I write,
129	3361118	CA	B	vickyloves.com	A B C the equivalent as being dumb. As badass as I think I personally am ( ha !), I wouldn't hesitate for a moment to show my soft side
130	333362	CA	G	ca.sports.yahoo.com	A B C can not play winning football but hey they can dance, ha, ha, ha ! They stink and don't care. This is not an isolated incident -
131	51241	CA	G	yelp.ca	A B C a nice exercise and goal that I want to be aware of in October. Ha , only 21 days/reviews left. # I am trying my best to do this
132	230032	CA	G	...owtolivehappily.info	A B C of a real laugh: # Aaaaa! -- ha -- ha -- ha -- ha -- ha -- ha! # Try this. After some practice it can trick
133	708732	CA	G	monctonfreepress.ca	A B C neckline, long sleeves and ruffle at the hips, Catherine accessorized with a black ha Jimmy Choo Cosmic Suede Pumps Green Online t and black pumps.View slideshow:Queen Elizabeth and Kate
134	17795	CA	G	arrowriver.ca	A B C his imaginary opponent he would slam his fist on the desk and laugh aloud " Ha ! Ha! You fool! " # Many years passed and Danny began to
135	3365592	CA	B	...dicedoestheworld.com	A B C You bring beer. Lots. # OutsideTheGuidebook # Four corners of the world? Ha ha ha ha, what next! Got to be done just for the sake
136	3364404	CA	B	blog.govegan.net	A B C we went for dinner with our friends Adam &; Sarah (back to Gracias Madre ha ha). I didn't take any photos for some reason. I must
137	408490	CA	G	...oactiveinvestors.com	A B C Chuck &; Frank used to do presentations together, then we divided and conquered... HA ! But I would tell people that we had worked together so long that when
138	3354129	CA	B	push.ca	A B C lifts but has not yet set a date for the season kickoff. # Ha ha ha ha talk about cost cutting measure. This a gone too far. It
139	764989	CA	G	...sewives.blogspot.com	A B C Have a chalkboard in the kitchen. Since our " design aesthetic " (ha ha ) is " shabby-eclectic-sorta country-laid **40;1235;TOOLONG... it ought to fit right in. Handy
140	523956	CA	G	...sburger.blogspot.com	A B C to come up with an original thought of my own once in a while, ha ha. Thank you so much for sharing your thoughts and experiences-good &; bad-with us
141	189726	CA	G	birdingandmore.com	A B C Red-tailed Hawk sitting in a tree on the west side of the road. Ha ha . Well of course I stopped and got a couple of shots before he took
142	149656	CA	G	oilersnation.com	A B C so tight.HA HA HA.You are definatell playing in a Queer league!! ha ha ha ha. # NasyNate, look up here for a second, take a break
143	3383175	CA	B	timingthemarket.ca	A B C My Notebook is way over the hill -- oops, getting there myself... ha ha . I have been stalling because I think the PC as we have come to
144	342965	CA	G	...ums.redflagdeals.com	A B C " method. Always have to revert to the lowest common denominator unfortunately. # Ha - the nice thing is that I'm totally a fan of forcing people to
145	3385543	CA	B	youreatopia.com	A B C ! I LOVED the entire blog post, but I had a particular' Ah Ha ' moment when I read: # " We can not eat logically. Our
146	3362002	CA	B	womenonthefence.com	A B C compared it to mine. Oh what can I say, I still did! Ha ! But this time, I realized that you have been going at it for
147	3368086	CA	B	dootalk.com	A B C , more floatation, more " traction "? but i'd never water skip ha ha! some keep their engines pinned and i sure would not trust pinning my
148	203238	CA	G	booooooom.com	A B C " in action "... that would mean some sort of an accident involved. ha # http: //www.booooooom.com/ Jeff Hamada # haha true # Chris # Don't worry
149	474107	CA	G	blogs.canoe.ca	A B C did mention how tiny she was, but was a very good talker ha ha ha ,, anyway Christine, good luck with whatever it is that you do next
150	178996	CA	G	euri.ca	A B C ha ha sure. of course an american would say that. # Darkhawk # Ha ! There isn't a respectable British news source left in the world. Even
151	790844	CA	G	...ogs.vancouversun.com	A B C for the HA first. # That is right, like it or not the HA survived the busts and the clubhouse in Nanaimo taken away. Misinformed people thought the
152	692614	CA	G	...teractiveworkout.com	A B C a while -- it'll be a miracle if it's up this fall, ha ! But it's coming! # And secondly: mental focus. Ever seen
153	480017	CA	G	dearestsomeday.com	A B C early evening.. and they only had to brave -14 or so.. only. ha ha! So cold.. so so so cold, and so much snow!
154	475852	CA	G	...ndations.arts.ubc.ca	A B C although at present there are only eight. The largest is Paddle Prairie at 169,909 ha 4 with a 2008 population of approximately 700 people. 5 There has been a
155	3366970	CA	B	countrycitymouse.com	A B C , Silk Canada will donate $1.00 to Tree Canada - up to $25000. # Ha ! Had no idea! I've been drinking Silk Soy Milk for years (
156	556750	CA	G	hockeyalberta.ca	A B C in whatever Category and series which it may deem is in the best interest of HA . After midnight on January 31, no Team will be reclassified nor will any
157	312155	CA	G	highschool-game.net	A B C dated a bully (i hate bullies). How do i get to ask ha out and eventually make her my girl. Please hala back Sketch # Your
158	326462	CA	G	ats-sea.agr.gc.ca	A B C high. If the yield of Cavendish farms in Mindanao at 35 to 70 tons/ ha are considered, the country will be among the best, not just in the
159	3339761	CA	B	board.iamlights.com	A B C i hope your not making fun of me. This is just something ive noticed ha . She could be wearing bin bags and id still love her its all about
160	3382215	CA	B	themainmtl.com	A B C started and don't want to start.) Take some time off (ha ha ) and do something you like. Or clean your house, or do laundry
161	3376847	CA	B	opushotel.com	A B C and would love to meet halfway in Vancouver and see our faves! # Ha ha , I can't lie, because I would also take my nephew, because
162	3373982	CA	B	lifeonmanitoulin.com	A B C superstitious I am, but I thought that it was kind of funny (not ha ha funny). # Another scary but true story: When I was teaching
163	241773	CA	G	forums.beyond.ca	A B C happening EVER, even with a broken elbow last year they couldn't catch me ha ha!
164	200983	CA	G	...ums.redflagdeals.com	A B C bought my house for 160k 11 years ago. With interest I paid 192k. Ha ! Interest rates were much lower during my years of paying the mortgage. I
165	640445	CA	G	healthhabits.ca	A B C is the sidebar thing (yeah, I'm good with web design too, ha ) that shows the most recent comments. I enjoy reading other people's replies
166	156998	CA	G	...hatter.wordpress.com	A B C " is AKA " going nowhere at your own speed. " # Ha, ha ! You compare - a very good Chinese student who can read and write Chinese
167	628226	CA	G	holleygill.com	A B C Paris in your pics -- the magic is all in the details. # Ha ha this is so funny, I was just biking around Old Montreal this morning and
168	3745412	CA	B	mobilesyrup.com	A B C Do you really think you have a chance to win? ha, ha, ha , ha, haaaaaa " Do you know what i'am saying; I mean really
169	3347364	CA	B	...manyung.blogspot.com	A B C muttered something about' those damn foreigners causing hazards on the dance floor'. Ha , I really showed him - I told him that he was completely wrong about
170	3346958	CA	B	idreamofchairs.com	A B C this is supposed to help? That plant on the right looks drunk already. Ha ! I really liked the look of them in a shallower dish, so I
171	474107	CA	G	blogs.canoe.ca	A B C , she did mention how tiny she was, but was a very good talker ha ha ha,, anyway Christine, good luck with whatever it is that you
172	402859	CA	G	science.uwaterloo.ca	A B C A - # Multiplying the numerator and denominator with H + leads to, # HA OH - H + K b = ---------- ---- A - H + # Rearrangement
173	149656	CA	G	oilersnation.com	A B C to the size of marbles from skating so much with your arse clenched so tight.HA HA HA.You are definatell playing in a Queer league!! ha ha ha ha.
174	3743298	CA	B	drdaniellend.ca	A B C small subset of the population who swear they don't poop or pass gas -- ha ! And we all believe them. Because we are all fools. Right.
175	325390	CA	G	sync-blog.com	A B C death types of behaviour. That's reserved for human beings intelligence... ha ha ha .. # Note the sarcasm, Tinkerbell, and your exmple of humans being the
176	71711	CA	G	...alaffairs.alberta.ca	A B C 5 million acres (2,024,292 ha) is comprised of 2 million acres (809,717 ha ) of privately held land, 1.5 million acres (607,287 ha) of crown
177	204364	CA	G	twistimage.com	A B C occurrence, he thought having regular mneetings was a mark of a good mnager - ha !) I calculated what it was costing the company in salaries and overheads to
178	3359123	CA	B	thescope.ca	A B C A GREAT DAY!!! (do you hate that one too?) ha ha ha ha just kidding. # Having a friendly cashier that makes small talk
179	3337936	CA	B	blog.fieldguided.com	A B C be forever treasured. Thank you, Bre. # We didn't pose ( ha , POSE) with them, but our friend Thomas took some photos with our
180	3381534	CA	B	theastrogeeks.com	A B C below is a bi-color version of this target. # Bubble Nebula bi-color. 5 hours ha , 3 hours OIII # Here is a short time-lapse video of my 2 days
181	3753426	CA	B	psdblogs.ca	A B C said they were in the room with the fire place and i was like ha ha we were up stairs there and when were down there we were getting to hot
182	3752141	CA	B	lilwayne.ca	A B C ... Doing a buck in the latest drop I got stopped by a lady cop Ha Ha... she got me thinking I can date a cop Ha Ha... cause
183	3361520	CA	B	weightingfor50.com	A B C girls " who hangs with a band and takes one of' em home! HA ! I'm being funny. # Here are just a couple of pics of
184	3383096	CA	B	ticklebear4u.com	A B C be a grandpa, and judging by his photo-nature probably not even a daddy! Ha ! Ha! Just kidding, he may very well be a daddy, like
185	156998	CA	G	...hatter.wordpress.com	A B C own speed " is AKA " going nowhere at your own speed. " # Ha , ha! You compare - a very good Chinese student who can read and
186	3385442	CA	B	yarnharlot.ca	A B C new skill - and yell, well, that's not relaxing AT ALL! ha , ha, ha I've had complete strangers comment after movies in theaters that
187	30086	CA	G	library.utoronto.ca	A B C : 226,700 ha lost in 1991; 229,000 ha lost in 1992; and 322,600 ha lost in 1993. It is also estimated that various forms of land occupancy will
188	738796	CA	G	digitaljournal.com	A B C # What obsession haven't they been able to get rid of? # " Ha ! I'm not going to go into too many details! (laughs)
189	547416	CA	G	ourburlington.org	A B C first read that the precinct will have detached dwellings, 25 units per hectare ( ha ) and a maximum building height of 2-1/2 storeys. Later on we read that
190	732551	CA	G	8footsix.com	A B C Masters this fall. In philosophy! me, a commerce graduate:) ha ha . But it feels good. I know it won't be easy, but
191	3354101	CA	B	pughville.com	A B C you decide to post this today (you know how much he like attention, ha ). I know I will never meet anyone quite like him again. I
192	187160	CA	G	ottawa.ca	A B C There are 16 industrial parks in the rural area with a combined area of 1,756 ha . Of this land, 60% is undeveloped. There are 925 net ha of
193	559586	CA	G	...issbeyondnaptime.com	A B C horseback riding and now, finally, swimming. But we dove (ha, ha ) into these one at a time and allowed space in between them to have
194	36571	CA	G	vancouvercondo.info	A B C dry up. Aug/Sep/Oct/Nov will be 4 months of hell for the market. # Ha ! Looks like Harry Wang took you to school with actual stats from a MSM
195	30086	CA	G	library.utoronto.ca	A B C yuan, # Table 3: Farmland Area in Different Districts of China (1,000 ha ) 24 # Region # Farmland Area 1991 # Farmland Area 1992 # Increase or
196	3746802	CA	B	...askboy.wordpress.com	A B C figures are interpolations, extrapolations and statistical conjecture of behavioral patterns and (repressed ha ha !) memories with little to no proof of accuracy. Like it or not
197	3741388	CA	B	...eetlife.blogspot.com	A B C over my life, and thought YES. THIS IS IT! # HA ha ha ha ha. Somewhere, the sport gods are laughing. Hysterically. # First
198	494686	CA	G	laconicverbosity.com	A B C # You thought the premise of Terminator was scary? Or perhaps The Matrix? Ha ! You have no idea what's really coming. Perhaps you should look instead
199	462475	CA	G	cronechronicles.ca	A B C to school and pre-school and came home for a nice cup of tea. Ha Ha , no water. I had forgotten that the water would be turned off from
200	3373514	CA	B	...assenphotography.com	A B C 've made my choice and have the rug in place!:) # Ha ha , that cat looks like the stray cat that was hanging out on my doorstep
201	148397	CA	G	michaelgeist.ca	A B C digital age firmly on the political agenda. Right now our " representatives " ( ha , ha!) can get away with this because only a small group cares
202	349006	CA	G	johnludi.com	A B C those who? ll never buy his albums the targets of his songs. " Ha ha ha ha ha ha!!! I never really thought about it that
203	605022	CA	G	apihtawikosisan.com	A B C receive on an almost DAILY basis is just so hard on the soul. JOBs ha ha ha ha. we were on welfare after our savings ran out. But
204	119147	CA	G	...al.library.upenn.edu	A B C an ass! I wonder what the great Mr. Braham would say to that. Ha , ha, ha! " # " Your memory must be excellent, Mr.
205	3376525	CA	B	nyescort.biz	A B C I was to take them really, also still deliver oneself picture together unexpectedly, ha ! Nevertheless, this Zhou Guanglin grows so that can do not have these two
206	3365592	CA	B	...dicedoestheworld.com	A B C beer. Lots. # OutsideTheGuidebook # Four corners of the world? Ha ha ha ha, what next! Got to be done just for the sake of it
207	436357	CA	G	chfi.com	A B C the time's right and Jupitar is in proper alignment with Mars -- HA! HA !). I alwyays taking Fiona around Toronto in a romantic horse and buggy
208	3345113	CA	B	...lcomingcommittee.com	A B C know this is unrelated, but i don't care if the high priests ( ha ) delete this. i am posting it because i assume people who take part
209	42157	CA	G	moneysense.ca	A B C services too. I lived in Halifax for 8 years. Warm climate? ( Ha Ha) Too much rain and fog. It's also a port city,
210	3342713	CA	B	davidpball.com	A B C , she went to request funding from the Band Office. # "' Ha ha !' " she recalls a freckled and fair-skinned boy taunting her. "'
211	206298	CA	G	mobilesyrup.com	A B C this time, but we'll let you know more as it comes. # Ha ! this article is simply Amazing! " There is a picture out there that
212	130163	CA	G	...pectacularoptical.ca	A B C is an absolute delight: Choi Min-shik, as usual, is absolutely spellbinding and Ha Jeong-woo, as the hardened mobster (quite the polar opposite from the neurotic writer
213	3382175	CA	B	...ejoshandechoblog.com	A B C a baby about to be born through the windows. " Ha... Ha... Ha .. " I hear Salome coaching her patient to say this. That means the
214	533506	CA	G	beautyeditor.ca	A B C them out though if someone is willing to help put them in my hair ha ha . # I am so trying the cotton t shirt trick! Had heard that
215	605022	CA	G	apihtawikosisan.com	A B C an almost DAILY basis is just so hard on the soul. JOBs ha ha ha ha. we were on welfare after our savings ran out. But us and
216	439912	CA	G	...artnersinrenewal.com	A B C although when I left I really didn? t think that anything had changed. Ha , ha, ha! That? s what I thought but little did I
217	340072	CA	G	cbc.ca	A B C 's obsession with freedom and the self-made survivor. Dealing with a once-in-100-years flood? Ha ! We've got enough crawfish to dance for days. # Though Zeitlin offers
218	308110	CA	G	torontolife.com	A B C desperately missing the shopping. Canada needs American stores because Canada's suck! Ha ha . # May 8, 2011 at 6:09 pm by Vanessa # what abaout magicuts
219	3745939	CA	B	oilersnation.com	A B C my day, the End of Days is to blame for the NHL lockout, HA HA HA!! # The Red Wings maintain system continuity and it pays off
220	510527	CA	G	acageybee.com	A B C turned out fab with my only modifications being adding the rest of my walnuts ( ha ! also counts as packing) &; pouring them into cupcake liners instead of an
221	3379687	CA	B	second-chances.ca	A B C " worked " as she mentioned in her race report that I appeared strong! Ha , looks can be deceiving! I totally fake smiled as I passed the race
222	783916	CA	G	mnr.gov.on.ca	A B C Ontario's forests are on Crown land (public forest lands) (57.5 million ha ) # 9.0% of Ontario's forests are within existing and proposed Parks and Protected
223	97285	CA	G	...ndustry.blogspot.com	A B C memories Wired!!!!! " We're Not 40 " Ha . Ryder! What a great read. W e thank you for
224	480899	CA	G	herwaisechoice.com	A B C but i think the bag you have in the photographs look great though! # Ha , I think a Celine bag in any colour would be the perfect missing piece
225	494536	CA	G	carlaanne.com	A B C to be erased. Any morality that exists, exists because of God. # HA HA HA I " luckily " find this (yay google) I just wanted
226	3337019	CA	B	bcblue.wordpress.com	A B C is looking a little haggard. He will hold the govt to account, ha ha . He has less power now than he did before. What is he going
227	464480	CA	G	...vinginagreenroom.com	A B C ! # Internal monologue: Fuck. # Me (weakly): Ha.... ha .... # I turned to Katie and Brenna and they were both just kind of
228	681014	CA	G	reap-canada.com	A B C N / ha, 55 kg P205 / ha, and 74 kg K20 / ha per year. Additionally, cane production in upland areas causes erosion, resulting in
229	233732	CA	G	yarnharlot.ca	A B C in the arse. And wot about Mr Arthuritis or mr Al Zheimer ha, ha , they are very tricky to get rid of. I just hope you have
230	3345640	CA	B	...rlwiththeredhair.com	A B C on the bigger picture and to doTs before spending time on the smaller details. HA . None of those people knew me very well # For the past 4 years
231	3354129	CA	B	push.ca	A B C has not yet set a date for the season kickoff. # Ha ha ha ha talk about cost cutting measure. This a gone too far. It's going
232	119147	CA	G	...al.library.upenn.edu	A B C our loggers began to come in, and the " gee! " and " ha ! " of the oxen resounded on every side. # There was my brother
233	3377314	CA	B	panicmanual.com	A B C music history note, Isaak dives into the seriousness of alcoholism as a disease ( ha ha), and explains the song was widely banned at the time of its
234	3368523	CA	B	echosoc.org	A B C my car out there to work on it if I ever got another car. Ha . I think that was his joke about me living downtown. # I guess
235	567716	CA	G	howestreet.com	A B C you really want growth? I don't think you can handle growth! " HA ! No, what she has actually done is propose a six-point growth plan for
236	512183	CA	G	pinkbike.com	A B C load to suspension. I want a 29er with 7 inches of travel 65 deg ha and 28 inch standover all under 35 lbs!!! (it's ok
237	744877	CA	G	...olutely-attached.com	A B C consuming and can be disheartening. We should commiserate off line, sometime. ha ha ha. # while i maybe getting ready to test those fishing waters again,
238	3375920	CA	B	nauticalmind.com	A B C I headed north until we saw the midnight sun north of Iceland. # Ha ha ha! I laughed madly to myself. It may only be a bag of
239	3380974	CA	B	surfergeeks.net	A B C . And then I headed in here to post this. One Response # ha ha ha, that is so funny, brings back lots of memories. Try
240	3747804	CA	B	...ineshow.blogspot.com	A B C of th at entry level contract do n' t kick in until the player ha s left the CHL so NHL clubs can keep a signed prospect in junior until
241	3361864	CA	B	winniecooper.net	A B C to 2013. One Response to " Winnie Goes To Rifflandia Festival " # Ha ha rad. Thanks trissy poo. Thanks also for being the first one out
242	497497	CA	G	yarnharlot.ca	A B C sweater is wonderful. Will you give your sister one of your autographed books? HA . # Take care... I know the good, excited kind of insomnia.
243	3383643	CA	B	travelblog.org	A B C am not going to do that. Too boring and theoretical for me! ( Ha ha!) I am just going to leave you with some information and general
244	419623	CA	G	utoronto.ca	A B C humans (See table 1) # Table 1: Influenza Subtypes # Host # HA Subtypes # NA subtypes # Humans # H1, H2, H3 # N1,
245	149656	CA	G	oilersnation.com	A B C clenched so tight.HA HA HA.You are definatell playing in a Queer league!! ha ha ha ha. # NasyNate, look up here for a second, take a
246	604257	CA	G	saltyrunning.com	A B C First Time at a Running Store! High Five!!! " # Ha ha -- I had the complete opposite experience. I was so excited to go check
247	139135	CA	G	yarnharlot.ca	A B C nasty little thing but i feel a little bad for him. # ha ha ha that squirrel had it coming, little wool sponge. I am totally new to
248	306096	CA	G	torontoist.com	A B C more sad that you've forgotten what being a kid is... # Canadianskeezix # Ha ! I agree with torontothegreat. # They used to sell Beatles dolls in the
249	3353634	CA	B	pixiethecat.com	A B C disappeared in the middle of the forest. Soon after, Bonnie said: " Ha ha! This Eyee thinks he is very brave, but he gets scared to
250	3338866	CA	B	blogs.canoe.ca	A B C both evil hypocrites. # Now for deap. Jobs, jobs, jobs! ha ha ha! Famous quote from our own prime hypocrite. After calling the last
251	3338906	CA	B	blogs.canoe.ca	A B C opportunities now. # PaV thanks, every once in a while I'm right ha ha the thing is, if Melynk is selling the team, or even putting
252	17747	CA	G	mobileread.com	A B C he is certainly willing to buy those same sneakers for $20. " Right? Ha ! Not if Freddy is an American teenager! American teenagers would not be caught
253	285151	CA	G	...onwork.wordpress.com	A B C device hovering outside your window! # Oh, yes you can. Curtains! Ha !....... Ha, indeed. Big win. Now you're living in a
254	747085	CA	G	eps.mcgill.ca	A B C the correct pronunciation of this character than any other, which has led to the ha ha only serious suggestion that it be pronounced shibboleth' (see Judges 12.6 in
255	577695	CA	G	...tandtea.blogspot.com	A B C Above a wine bar, a sex shop and across the street from Starbucks. Ha ha. It is full of light with a north and east exposure. I
256	3744990	CA	B	...ivenloudmagazine.com	A B C .... Like Katy Perry will not play in somebody's basement. # Erin: Ha ! I wish... # Alex: You know what I mean? It gives
257	3385279	CA	B	wondercafe.ca	A B C Hi Poguru... yes, monkey mind is a term that comes to mind ( ha ). It makes sense to me, because we can get attached to our
258	3363895	CA	B	battleofthebites.com	A B C that come with my job and want to plan a grand escape for a bit ha ; p but i only have 3 paid vacation days left for the rest of
259	569327	CA	G	allnurses.com	A B C ? # If that's the case, I am worry for no reason ha ha ! I'm not quite sure when we'll find out and I don't
260	3745412	CA	B	mobilesyrup.com	A B C really think you have a chance to win? ha, ha, ha, ha , haaaaaa " Do you know what i'am saying; I mean really, forgive
261	693156	CA	G	theviewfromhere.ca	A B C elsders no matter what stupid crap might come out of their mouths. Ha. Ha . I suppose that's where we learned tolerance and being non-judgemental. Believe me
262	139135	CA	G	yarnharlot.ca	A B C a nasty little thing but i feel a little bad for him. # ha ha ha that squirrel had it coming, little wool sponge. I am totally new
263	3356839	CA	B	soshelli.com	A B C gotten all the bad luck out of the way early, I thought. # Ha ! I followed Garmina's directions and ended up in a vacant lot. Seriously
264	3362209	CA	B	...-di.systembuilder.ca	A B C cried: " Not her, not her, not her! ha ha, ha ha, ha ha! " laughter, two lines of tears from the cheeks
265	149774	CA	G	todaysparent.com	A B C cynical - pity his kid... # 21 July 2012 Anonymous says.... # Ha ! Ha! ha! You are so right I guess I am combination of
266	167669	CA	G	yarnharlot.ca	A B C got home. Then she started with " I wonder if I could... " HA , she is totally hooked - we got another one!! # I'm
267	3342799	CA	B	...gyapong.blogspot.com	A B C those guys know how to work hard and to play hard and that makes me ha ... uh, happy. ROMNEY: China wants a stable world. They do
268	457173	CA	G	baconismagic.ca	A B C I talk too much haha:)) best luck with everything girl. # Ha ! Maybe I need to watch a Golden Girls marathon when I'm feeling rejected
269	328067	CA	G	nrcan.gc.ca	A B C an estimated 386 840 ha were planted with 578 million seedlings, and 15 978 ha were seeded. # Revenues from the sale of timber from provincial and territorial crown
270	46910	CA	G	...oactiveinvestors.com	A B C like, as I've had Jedi mind tricks played on me for years... HA ! Chris Gaffney and yours truly, say that the Big Boss Frank Trotter,
271	630884	CA	G	winnipegreview.com	A B C work yourself, as a reader. # And to answer the actual question, ha ! The slow build means I can JUMP into a big-pay-off scene without too much
272	348567	CA	G	yarnharlot.ca	A B C more pair on the needles that I'm trying to finish by years end! ha , ha. We'll see how that goes. I already have 2011 set
273	604558	CA	G	...dianencyclopedia.com	A B C Ownership and Administration Canada's land area (excluding water) is almost 922 million ha , and of this total about 420 million ha is forest land. Of this
274	519887	CA	G	250news.com	A B C by: Loki on November 15 2012 3:20 PM # bah ha ha ha ha ha . # Newspaper getting into radio. # That is so far from progressive they
275	3373338	CA	B	kereport.com	A B C locations along the Tower Creek structure. # Shovelnose Gold Property Overview # The 16,412 ha Shovelnose gold property is a Au-Ag epithermal-style exploration target that covers prospective stratigraphy in the
276	168123	CA	G	ca.shine.yahoo.com	A B C , a sweating contition. Hope the rest of you have a great summer, ha , ha. I'll stay in and have a drink or two. #
277	3341859	CA	B	cocoandcowe.com	A B C , DO NOT tell anyone. They'll just ruin it for you.' Ha ! # Shakespeare's Juliet famously intoned that it's not what something is called
278	3374748	CA	B	mcsc.ca	A B C to a conference can attest, it can be hard to remember every " a ha " moment you experience. Highlights included the presentation from the US National Autism Association
279	3378926	CA	B	republicofmining.com	A B C 16,185 ha of Duluth mineral interests is considerably more than the joint venture's 10,120 ha . # On September 21, the day I visited the site, Duluth received
280	187160	CA	G	ottawa.ca	A B C There were 192 farm operations 161 ha or larger, including 11 that were 647 ha or larger. # A total of 80,060 ha of farmland (66.5% of the
281	296077	CA	G	herbadmother.com	A B C at the idea of looking after them both! To which I say, " HA ! Try working AND looking after them! " # I'm so glad I
282	475852	CA	G	...ndations.arts.ubc.ca	A B C transition to Mtis self-government within these settlements, starting with Mtis title recognized for 512,000 ha of land in 1989, but the transition has also been met with challenges,
283	630461	CA	G	blog.fieldguided.com	A B C head, you are never sweating! Just adrift in fog, I guess. Ha ! Hope that doesn't make you feel too misunderstood. # I always leave
284	3382175	CA	B	...ejoshandechoblog.com	A B C n't want her to tear with the baby, and I coach her to " Ha ... Ha... " # After the next contraction we check heart tones again,
285	3743241	CA	B	directcontact.ca	A B C is perfect for mobile -- and mobile is simply where the internet is going ( Ha !). Apple's adoption of Twitter makes a difference -- and it will
286	3353620	CA	B	pipersrun.com	A B C enjoy my time before baby #2 arrives -- maybe even scrub the kitchen floor -- HA HA gottcha on that one! # So, When Is The Best Time To
287	408213	CA	G	scq.ubc.ca	A B C , HA binds with water readily, which contributes to its viscous gel property. HA has been found in many movable parts of the body, and acts as a
288	30983	CA	G	prettybyhand.com	A B C secret?? LOL # Gosh! You SEW AND you wear nerdy clothes! Ha Ha! I love this post! I don't have a piece of holiday
289	3376973	CA	B	ottawadivorce.com	A B C my driveway - I can always hide the key but he may kill me ( ha ha). I am working with an online lawyer at the moment. Havent
290	274872	CA	G	aandbstories.com	A B C 's a little startled by kids who run around and yell a lot, ha ha . We're working on that, we go to the library a lot where
291	3354247	CA	B	quanser.blogspot.com	A B C of the day. Even the domestic airport experience became tolerable if not enjoyable. Ha ! I pity you tourists struggling with the 15 extra steps that you need to
292	3378090	CA	B	...oactiveinvestors.com	A B C that are dreaming. Their search for the big car and the nice house. Ha ! Illusions I tell you brought onto their brain less minds by a media machine
293	94245	CA	G	smalldeadanimals.com	A B C a few similarities is a subjective judgement. # The great flood! HA HA HA . You guys care to explain how the ark could carry THOUSANDS of species,
294	3374451	CA	B	marginallyclever.com	A B C in the shower. The relief is palable. (go on, touch it. ha !) The very next thing I do after I hit post is starting making
295	704990	CA	G	www2.macleans.ca	A B C on here. They attack Conservatives all the time. But Liberals attacked here? Ha ha ha! Next!!! # Tceh # It's part of the
296	89128	CA	G	kevinmartineau.ca	A B C a thousand words! Sometimes a quick exit is the very best thing! # Ha ! Great list, it would be hard to pick my favorite, but #10
297	3380236	CA	B	smellydanielly.com	A B C on a 10 minute rant about how much he hated the previous owners wife. HA ! # The rest of the weekend was spent filling, cleaning, and painting
298	709306	CA	G	dearestsomeday.com	A B C were down right insane. After thirty of them.. I was delirious. ha ha ! I made lots extra.. in case any friends and families brought siblings...
299	3371567	CA	B	honeywild.net	A B C day of work in Ketchikan. Sorry for the longest blog comment ever. Ha ha ha!! I MISS YOU AND I CA N'T WAIT FOR VIDEO TIME!
300	3361518	CA	B	weightingfor50.com	A B C .... and I will! (as much as I hate the term " ah ha moment " -- I think I just had one. Fun!) Let's
301	681638	CA	G	sunshineoctopus.ca	A B C write. So back the fuck off and give me a chance! Yeesh. Ha ! That's funny. It actually segues nicely. It drives me nuts when
302	255841	CA	G	...tictory.blogspot.com	A B C May 5, 2011 Now That We Have A Majority... # Ha Ha Ha , we fooled Canadians and have squeezed out a majority government! Now we are
303	3743571	CA	B	fearthefamiliar.com	A B C this week. You're a mom. Don't worry about it. " Ha . I " m sure her husband loved that response. Personally, I do
304	3366410	CA	B	churchoftherock.ca	A B C destroy what ritualistic endeavors of Halloween had, a " you wanted sacrifices, well ha ! I'm dress my boy as a bunny, take that! " approach
305	3377525	CA	B	petehatesmusic.com	A B C I'd LOVE to see you soundtrack one of his movies. # DM: Ha ! Well if you're reading this Q.T....!! The name is kind
306	5956	CA	G	finearts.uvic.ca	A B C into diasporic spaces in the UK, Canada and USA. (Best taken after HA 332 A/former HA 337). # NOTE: This is not the same Bollywood
307	3744990	CA	B	...ivenloudmagazine.com	A B C I could go forever. But that's another story for another time, ha ha . So I guess speaking of great classic music that is awesome, everyone has
308	30866	CA	G	boomerandecho.com	A B C new sites with friends and we are helping each other with the cash. # Ha ! After reading your sentence about being lazy with kijiji and ebay I was just
309	5956	CA	G	finearts.uvic.ca	A B C Bollywood Global. HA 343B A01 -- The 18th Century in Northern Europe HA 343B A01 # A consideration of art and architecture in northern Europe, especially France
310	714108	CA	G	...nvblogs.uwaterloo.ca	A B C the other volunteers tagged along with a student group from some of the universities in Ha Noi. Prior to the trip, there was almost no information given out and
311	3361276	CA	B	vreaa.wordpress.com	A B C buyers. Those suckers will buy anything with an Eight!! Ha Ha Ha Ha . Too damn funny. Glad I am Italian. # The thing is though
312	439912	CA	G	...artnersinrenewal.com	A B C I left I really didn? t think that anything had changed. Ha, ha , ha! That? s what I thought but little did I know things
313	604558	CA	G	...dianencyclopedia.com	A B C Between 1990 and 1994, an average of 9025 fires burned just over 2 million ha of forest annually, more than twice the area harvested each year; losses of
314	692884	CA	G	mobileread.com	A B C on my Kindle, I just choose Menu -> Go To -> Cover. # HA ! This is great! TY for this, I had no idea! #
315	3355866	CA	B	...ytheyak.blogspot.com	A B C ! Also RP &; Belew play all instruments, another overlooked great track... # Ha ! I goofed, I meant t put Style Kills there, not Si Chat
316	3743321	CA	B	...ubemoir.blogspot.com	A B C November 4, 2012 Barb MacDonald don't want to miss a thing* # Ha . # Look here - Scott and Tessa are doing the between-the-legs grab that has
317	55396	CA	G	pinkbike.com	A B C of course it's your last run when you can't ride anymore... ha ha . But there's a huge increase in crashes at the end of the day
318	3377588	CA	B	phac-aspc.gc.ca	A B C ) and one of the two influenza B lineages (Yamagata or Victoria). HA -based serum antibody produced to one influenza A subtype is anticipated to provide little or
319	660445	CA	G	nslegislature.ca	A B C indicated for pedestrian crossing by lines or other markings on the surface; # ( ha ) " cyclist " means a person operating a bicycle; # (i)
320	65687	CA	G	menwithpens.ca	A B C No! I want your crappiest work! " Heheh... # John -- Ha , exactly. A day or three of rest can often be exactly what helps
321	230032	CA	G	...owtolivehappily.info	A B C breathing pattern of a real laugh: # Aaaaa! -- ha -- ha -- ha -- ha -- ha -- ha! # Try this. After some practice it
322	97192	CA	G	thetyee.ca	A B C to work with the poor, his last job was being a pastor HA HA HA ... WOW.
323	326462	CA	G	ats-sea.agr.gc.ca	A B C 20.3 tons/ ha in 2010. Yield was highest for Cavendish at about 58 tons/ ha in 2010. In fact, some of the commercial Cavendish farms in Mindanao can
324	427281	CA	G	web.uvic.ca	A B C . Department of History in Art # What courses can I take? # HA 120, H A 121 and F A 101 are mandatory for all History in
325	3364404	CA	B	blog.govegan.net	A B C rode from LA to San Jose and Princess Sarah hopped a plane and flew.. ha ha. # I arrived at San Jose airport and the hotel we were staying
326	329791	CA	G	....theglobeandmail.com	A B C I thought, this is a guy who lives on Red Bull and cigarettes. Ha ! # You once said that to be an actor today, you had to
327	227111	CA	G	...vsports.blogspot.com	A B C last set, trying to get it unbroken, and set a competitive time ( ha !). I let my back round out a bit (OK, a
328	564131	CA	G	blogto.com	A B C the sheet. And you both wept afterwards. Like healthy normal adults. # Ha ! We actually took our little girls to see it. They found it hilarious
329	3339761	CA	B	board.iamlights.com	A B C coz when i see it im like " Hello whats your name? ". ha but i think its important to keep it really simple as well. Ha i
330	588251	CA	G	huffingtonpost.ca	A B C rates to kick the world economy into high gear: it's not going to ha ... # Jeff Rubin has a message for all the economists and central bankers out
331	288849	CA	G	veliborbozovic.com	A B C the 2008 National Book Critics Circle Award. # I could laugh at myself ( ha ha ha ha ha ha!) for being stupid enough to have ever embarked
332	3753671	CA	B	road2london2012.com	A B C ceremonies (other than seeing the Spice Girls live... just joking, kinda, ha !) was that I heard I was shown on TV for a good amount
333	715378	CA	G	instructables.com	A B C train, have a hinged training seat on every potty in the house. ( Ha , I just said potty. Warning: you will find your self saying potty
334	3337938	CA	B	blog.fieldguided.com	A B C DIY for the wedding, spending a lot of time putting ribbons on things, ha . # Your honesty is so encouraging. I had moments in the midst of
335	352268	CA	G	moviesonline.ca	A B C like you heard of the death metal band called " Dawn Of Demise " ha ha . -- Saw earned it's title, but there is also another movie made
336	551758	CA	G	aras.ab.ca	A B C treat them with lethal medications which impair the immune system, and then say ha ha you have an immune damaging disease called AIDS...? # Virusmyth webboard # ?
337	3383643	CA	B	travelblog.org	A B C not going to do that. Too boring and theoretical for me! (Ha ha !) I am just going to leave you with some information and general impressions
338	139403	CA	G	wastedtalent.ca	A B C and catching it on fire. # Thomas L. - IT Architecture - France # Ha Brittany - you're touching quite the sensitive issue here. # All in all
339	3752141	CA	B	lilwayne.ca	A B C , Wee Ooh Wee Ooh Wee... (Yea), # Lil Wayne: Ha Ha... And after we got done I said lady what's ya number she
340	632272	CA	G	tripadvisor.ca	A B C burrito and the mushroom ravioli, the plates were " licked " clean. Ha ha . A must see when in Banff!
341	3376174	CA	B	nickelbynickel.com	A B C three years ago, and yes... yes I am excited about a toilet. Ha ! # For a change I'm keeping track of all expenses associated with the
342	3748167	CA	B	...ansitioncrossfit.com	A B C Festival 2002 in the TV series as the protagonist in 2002 won the tenth session Ha six cup national youth singer TV competition professional group of popular singing award of excellence
343	577695	CA	G	...tandtea.blogspot.com	A B C and wondering if any one would notice if I took another one or two. Ha , ha true confessions. Now, cheese doesn't even remotely interest me!
344	3370521	CA	B	gottsu-iiyan.ca	A B C to work here. " I couldn't believe it! # Inoue: Ha ha ha! I wonder who it was you talked to? " # Oda:
345	3380855	CA	B	...ollerparkingonly.com	A B C n't get spent the right way because I'm terrible with cold hard cash. Ha ha. # I love the idea of an online program where you can add
346	68195	CA	G	library.utoronto.ca	A B C million tonnes were discharged. 74 The remaining 336 million tonnes accumulated on approximately 3,100 ha of land. 75 # The majority of solid waste accumulates around cities on land
347	187856	CA	G	darrenbarefoot.com	A B C failures? How do you make this case for Vietnam, for example? # Ha ! But Vietnam wasn't a country that the US helped, thus, it
348	640863	CA	G	...dianencyclopedia.com	A B C Qubec's portion of Canadian agricultural production was around 13%. Qubec has 6.8 million ha of arable land. After a period of intense speculation and urban growth between 1972
349	3743325	CA	B	...sewives.blogspot.com	A B C someone fill me in? Or do I have to Google it myself? # Ha , ha, just doing my Professional Journalist impression. You can be a reporter
350	571436	CA	G	phac-aspc.gc.ca	A B C eggs) is created by reverse genetics. In this process, the haemagglutinin ( HA ) and neuraminidase (NA) genes of the new strain are reassorted with an
351	349006	CA	G	johnludi.com	A B C ? ll never buy his albums the targets of his songs. " Ha ha ha ha ha ha!!! I never really thought about it that way,
352	630461	CA	G	blog.fieldguided.com	A B C I don't think they need water anymore. They were pretty far gone, ha
353	562112	CA	G	yarnharlot.ca	A B C too, would rather be spinning, I truly love handling the fiber. # Ha ! Like lice.... we're all ashamed of getting them but many of us
354	507798	CA	G	mobileread.com	A B C buy this, then realized I was wasting time worrying about spending a quarter. Ha , I even do that for freebies. I couldn't pass it up for
355	3749247	CA	B	...ellasbookshelves.com	A B C you feel yourself wavering, think of the successful people you admire most -- ha ha , lately I've been using Angus McLintock, but I used to use Winston
356	3364405	CA	B	blog.govegan.net	A B C his Harley all they way down the coast to LA. I flew. Ha ha . I'm a fairweather rider and it has to be perfect conditions for me
357	3373301	CA	B	kereport.com	A B C donor away from becoming respected and legitimized as the world's reserve currency again. Ha !. (Not as good as yours above, but at least, I
358	653774	CA	G	myorganizedchaos.net	A B C went to Disney World for my first time at age 26 (last year, ha !) It was such a treat! I didn't even bring my camera
359	51455	CA	G	seeyousoon.ca	A B C with the ping pong ball and the very sad fish!? # Anonymous # Ha ha ha, all amazing sights! Makes you wonder if out over-the-top Western safety
360	3746886	CA	B	seerahschool.com	A B C you this Arabic Writ. " Ar-Ra'd (13: 37) # " Ha '. Mim. By the Clear Book; verily We have made it an
361	3359305	CA	B	thestar.blogs.com	A B C this team is made of tonight, lets hope they bounce back!. # HA ! GM I saw it the same way. It looked like Thabeet was pissed
362	670962	CA	G	therecord.com	A B C shall vote for them again -- oh wait, no I won't!! HA - KVoice2 # The other article on this site (that we can not comment
363	588251	CA	G	huffingtonpost.ca	A B C rates to kick the world economy into high gear: it's not going to ha ... # As French and Greek voters make their feeling about spending cuts loud and
364	524903	CA	G	...reampuffsinvenice.ca	A B C post you thought I was going to say I didn't need more doughnuts... ha ... fooled ya!). # 1. Cookbooks. It was pretty hard
365	296040	CA	G	reddeergrowboys.com	A B C book immediately after; he used words that I needed to look up! Ha ha ... # Were you that student? Were you in that class? Do you
366	3374069	CA	B	listerfamily.ca	A B C ! # Sounds like Papa's little Bell has lots of nic names already. Ha Ha Good choice Tanya See you guys soon. When I finish work toninght I
367	3377405	CA	B	paulinebrock.com	A B C the lives of most citizens. # Politics in the rest of the world? Ha . This is an American publication. I suppose the election of a woman Chancellor
368	503932	CA	G	mazdas247.com	A B C . # I'm sorry For the most part i was being funny HA! HA !! but I'm also sorry because no matter how easy you are on
369	40980	CA	G	courtneysummers.ca	A B C then, what I was writing! And I had to say, " ZOMBIES HA HA WHO ME WAT. " And then I did some school visits earlier this
370	512394	CA	G	...canada.wordpress.com	A B C response. Pinging is currently not allowed. # Ha ! Only you could entice me to pick up this book, and that you
371	747085	CA	G	eps.mcgill.ca	A B C h infix. # from SF fandom, orig. as mutation of HHOK, Ha Ha Only Kidding' A phrase (often seen abbreviated as HHOS) that aptly captures
372	3369913	CA	B	gaycalgary.com	A B C Pedophile Pride Day????? Bestiality Pride Day??? " Ha ha. Get it? Because a sexual relationship between consenting adults is totally the
373	3382919	CA	B	...hewandereronline.com	A B C liberal bias and if they read our post, they'd probably say, " HA ! See? Liberal bias, making fun of Republicans! " But when Republicans
374	131555	CA	G	yarnharlot.ca	A B C read this comment and know how you touched my heart. # bwa ha ha ha ha!!! ahhhh... welcome to my' Cardigan for Arwen' which
375	293032	CA	G	cwila.com	A B C " The point of art, Miss Subramanium, is in *not* meeting expectations. Ha ! Yes, that is the point! I surprise even myself with this revelation
376	305532	CA	G	thecombineforum.com	A B C ground that we seeded tillage radish on this summer. Bought vertical tillage unit, HA Joker, did fantastic job on the pea stubble. Seed canola with planter again
377	3364535	CA	B	bluejayhunter.com	A B C with that tidbit of information and not have it blow up in his face. Ha ! Boy was he wrong! # The problem is that when you say "
378	6637	CA	G	adath-shalom.ca	A B C At the beginning of the conquest proper, Joshua was confronted by the? ar ha ? -? a b a' yahwe, " the general of the (
379	100488	CA	G	bisonbasics.com	A B C Bison leather is also used for the manufacture of hats, coats, vests, ha ndbags, shoes and boots. You can even purchase a Tanned Hide Teepee in
380	3362209	CA	B	...-di.systembuilder.ca	A B C suddenly laughed, cried: " Not her, not her, not her! ha ha, ha ha, ha ha! " laughter, two lines of tears
381	3741711	CA	B	...g.country.inmusic.ca	A B C ... you could've heard a pin drop in the theatre... Kinda awesome. HA !... He can get away with that because he's an elder statesman,
382	547416	CA	G	ourburlington.org	A B C that, notwithstanding what we just read, a density greater than 50 units per ha and a maximum building height of 5 storeys may be considered in a certain part
383	51455	CA	G	seeyousoon.ca	A B C ping pong ball and the very sad fish!? # Anonymous # Ha ha ha , all amazing sights! Makes you wonder if out over-the-top Western safety paranoia is
384	85967	CA	G	indeed.com	A B C deal of this day of testing, telling me I will never make it and ha ha welcome to factory life, etc trying to discourage me. I is not
385	3370903	CA	B	...andlingwithgrace.com	A B C funny about this is that the gomi chicks must have really boring lives. Ha ha I'm actually really glad that you told me aboutthis, because I wa thinking
386	3376246	CA	B	noliesplace.com	A B C I told him about it. Nolie recently posted.. Happy Birthday Little Brother # Ha ! I lost my voice on Friday and barely had it back on Saturday.
387	3337019	CA	B	bcblue.wordpress.com	A B C he is looking a little haggard. He will hold the govt to account, ha ha. He has less power now than he did before. What is he
388	3363018	CA	B	alotofloves.com	A B C allison's last type.. He Who Rejects Change is the Architect of Decay # Ha ! When is the weekend is what I'm usually asking! 35 and 40
389	3369389	CA	B	fiveforhowling.com	A B C , that's what those magazines under pops' bed are for kiddo, ha ha ha. No, we need to talk about puting effort into everything you do
390	8634	CA	G	gaslight.mtroyal.ca	A B C never been tempted by the handling of other people's money. " # " Ha ! You have got no wife? " # " No, Sir; I
391	3755259	CA	B	wheatsheafsk.com	A B C a huge difference between a bad investment and theft of tax payers money. # HA ! My communist buddies? I am no fan of the NDP anonymous. I
392	30086	CA	G	library.utoronto.ca	A B C of lost highly fertile farmland as follows: 0.32 (yuan/kg) x 500,000 ( ha ) x 0.25 x 5250 (kg/ha) = 210 (million yuan).
393	408490	CA	G	...oactiveinvestors.com	A B C now I'm getting it back on the rebound! UGH! Darn kids! HA ! Hey! Today is National Hug Your Kid Day! Not that you should
394	3744922	CA	B	lets-get-lost.com	A B C Gift Guide for your favourite traveller # 1. I can't stop looking ( ha !) at this amazing cotton sweatshirt. It completes a comfy plane outfit and
395	632578	CA	G	speedskatingmom.com	A B C we women really need to make time for ourselves and to be healthy. # Ha . This is awesome, and I know you'll rock it. Can't
396	3338866	CA	B	blogs.canoe.ca	A B C hypocrites. # Now for deap. Jobs, jobs, jobs! ha ha ha ! Famous quote from our own prime hypocrite. After calling the last budget the
397	178996	CA	G	euri.ca	A B C http: //twitter.com/ndgold Dylan Goldblatt # FT is top. Seriously. # Gabe # ha ha sure. of course an american would say that. # Darkhawk # Ha
398	3750495	CA	B	durhamradionews.com	A B C ? Sounds like a scam to me. The rising cost of hay and goverment HA ! what a scam!! # I believe it's $7000 for all 13
399	14728	CA	G	...iondollarjourney.com	A B C year; have a pizza party for my class but only serve meatless pizza ( ha ha!). Maybe, if the kids are good, also provide chips
400	749627	CA	G	...ipes-by-italians.com	A B C purpose flour: # The following are the ingredients you'll be kneading. ( HA HA!) I made a Pasta Funny. # Semolina flour is more course
401	328680	CA	G	...hatter.wordpress.com	A B C the public education system who does not like to change their ways. # Ha ha Doug -- School boards won't be that foolish. The school board will find
402	3382175	CA	B	...ejoshandechoblog.com	A B C her to tear with the baby, and I coach her to " Ha... Ha ... " # After the next contraction we check heart tones again, 80,
403	3751308	CA	B	hellbeasts.com	A B C and then the prisoners will really know what he's in for ha ha ha ha . Oh i laughed that much i nearly pissed myself. Peter cawser, will
404	83533	CA	G	thescreeningroom.ca	A B C cosmos!!! # Maybe if you had actually paid attention in school, ha may consider it? " Wright it off? " Is that something to do
405	708732	CA	G	monctonfreepress.ca	A B C Perry showed p with her pink hair and geis Miu Miu crystal-embellished leather black pumps ha look, accessorizing with a matching pale blue parasol and candy pink sandals. Husband
406	539460	CA	G	...dianencyclopedia.com	A B C amount of land under field crop on the Prairies jumped from 1.5 to 16.4 million ha . # The collapse of wheat prices after WWI had serious consequences for Prairie farmers
407	219591	CA	G	yarnharlot.ca	A B C much cursing, and possibly my sanity. Then I would throw the sock ( ha ! leaf) in the UFO pile. # O.K. I'm in the city
408	132546	CA	G	thecakeisnotalie.com	A B C There isn't enough Neurotoxin to kill you, so I guess you win. Ha ! I'm making more. That's going to take a few minutes though
409	208300	CA	G	...ineering.ualberta.ca	A B C ##208302 I Do Lyrics Blaque # Ha ha (woo ahh) Can't nobody tell me what I can' cause
410	547416	CA	G	ourburlington.org	A B C after reading that we discover that one building on Maple Av has 321 units per ha and 21 storeys. Another at the corner of Elgin and Brock will have 353
411	3348041	CA	B	john.foliot.ca	A B C spend 10 minutes even thinking about accessibility. Images with Alt text # Ha ha ha ha ha ha ha ha ha...... # Uh, none ARIA support
412	534850	CA	G	...y.cribchronicles.com	A B C 's a picture of me heli-skiing in BC while you lame-asses were working, ha ha ") is the same as your O Look At Me status. # My
413	3359718	CA	B	...ismama.wordpress.com	A B C It might even save me from some more flops later this week! # Ha ha . I am in the same spot with not buying art supplies. We have
414	3745944	CA	B	oilersnation.com	A B C have a healthy and strong immune system, you will be assimilated, ha ha ha . # Credit for the Viral Cueing tactic goes to the Two Girls teams I
415	500761	CA	G	blondeonabudget.ca	A B C a better investment than a latte.... also I make lattes at home now. Ha ! jkjk Can't wait to hear more about this as your journey progresses #
416	729244	CA	G	thegoalieguild.com	A B C levels of fierceness, puck-moving skills and bold, aggressive positioning. # Gold # Ha # Hasek # An enigmatic and exquisite element that embraces and captures the essence of
417	30086	CA	G	library.utoronto.ca	A B C of farmland was lost to housing projects, while in 1986 the figure was 85,000 ha . 20 Furthermore, the impact is not limited only to rural areas, construction
418	134767	CA	G	carolbrowne.com	A B C watch and see what happens to your creations, like an arsonist does? # HA ! Great question! Awesome way to phrase it. But, I was surprised
419	666542	CA	G	ca.answers.yahoo.com	A B C canadian allways polite never brash<unlike your neighbours>and its the 2nd largest country in the world ha s the best side of niagara falls and also lets you gamble
420	3374349	CA	B	madonnahouse.org	A B C so attracted to this frumpy, portly lady from England. Ha, Ha, Ha . " # To which Helen responded, " It takes one to know one
421	37136	CA	G	...faithbeyondbelief.ca	A B C on to its final destination, the man hears the devil say: " Ha ha ... we are nearing home. " This illustrates a common misunderstanding about the nature
422	309900	CA	G	museinthevalley.com	A B C after.. like I can fly (but I wont cause I can break something ha !) The energy surge I get after a random act of kindness beats my
423	3383021	CA	B	thisdustyhouse.com	A B C it a go... and it's not as terrible as I expected! # Ha ! You would think the Tim Hortons in the States would at least have adopted
424	59018	CA	G	....theglobeandmail.com	A B C -- at himself as much as anyone -- with a single, punctuated, " ha ! " # We in the press gallery felt at ease with him. There
425	625514	CA	G	founderfuel.com	A B C are. Everything happens for a reason. After that we had an " ah ha " moment and that was it. # Stephanie: To be honest, it
426	326462	CA	G	ats-sea.agr.gc.ca	A B C ha. The yield averaged only about 14.2 tons/ ha for saba and 16.3 tons/ ha for lacatan. # Source of basic data: BAS Key production areas #
427	3347659	CA	B	jaimeward.com	A B C time again. " Get ready, Jaime, cause here we come! " Ha , ha! Well okay than! But personally I prefer to BE ready first
428	3745939	CA	B	oilersnation.com	A B C , the End of Days is to blame for the NHL lockout, HA HA HA !! # The Red Wings maintain system continuity and it pays off, they
429	3752614	CA	B	museinthevalley.com	A B C asking you for help! What book are you reading now? # Ha ha too many. I am actually reading about 7 books right now. This is
430	209193	CA	G	...dianencyclopedia.com	A B C The size of the average farm has increased from 44 ha in 1951 to 119 ha in 1996, but owing to heavy investment in equipment needed on larger farms the
431	506485	CA	G	...innipegfreepress.com	A B C having baseballs come in contact with my brain whenever possible. # " Ha ha ha ! " Candace replied. " Don't worry. One of our staff members
432	488168	CA	G	yarnharlot.ca	A B C I wish you the best in completing your games. Knit on!! # Ha ! Finished! Oh, sorry, ummmmm.... I know you can do it
433	3345806	CA	B	goldzmine.com	A B C her terribly, but she just knows im way jealous that i cant tag along ha . lucky me, she brought me back a little paris to rejoice over here
434	4001	CA	G	huffingtonpost.ca	A B C call on the officers part. Loading comments... Loading comments... # Ha , gangland killings take less of my time than dealing with well-to-do idiots in their
435	519495	CA	G	ca.news.yahoo.com	A B C the Holocaust in Europe. The obscene Gazans specifically held their obscene seminar on Yom Ha Shoa, the one day when Israelis pause to recall the Holocaust in Europe.
436	187160	CA	G	ottawa.ca	A B C Of 1,318 total farm operations in 2001, 769 were between 28 ha and 161 ha . The second-largest group, with 357 farms, were operations smaller than 28 ha
437	3350913	CA	B	modalmom.com	A B C beckoning. # Uplands and Hunt Club # The posted speed goes from 50km/h ( HA !) to 80km/h. Posted schmosted. Home stretch. I can do this
438	325390	CA	G	sync-blog.com	A B C own death types of behaviour. That's reserved for human beings intelligence... ha ha ha.. # Note the sarcasm, Tinkerbell, and your exmple of humans being
439	732491	CA	G	yarnharlot.ca	A B C are reading these comments you will not find out what you are getting here! HA !) - plus.... she probably won't be getting it.... Anyhoo -
440	40980	CA	G	courtneysummers.ca	A B C , what I was writing! And I had to say, " ZOMBIES HA HA WHO ME WAT. " And then I did some school visits earlier this year
441	3383175	CA	B	timingthemarket.ca	A B C the only person that has to deal with the consequences of your actions " -- ha ! Well said. In hindsight I should have stayed away from the markets alltogether
442	3354129	CA	B	push.ca	A B C full lifts but has not yet set a date for the season kickoff. # Ha ha ha ha talk about cost cutting measure. This a gone too far.
443	125628	CA	G	...esthockeylegends.com	A B C old L.A. Sports Arena and watch Alton White and the other Los Angeles Sharks. Ha ha... talk about " Old Time Hockey ". I believe Alton was the
444	557512	CA	G	kainagata.com	A B C up fellow. So come share with me. Enlighten me, even. Ha ha if you can. # Freda Guttman said: July 8, 2011 19:21 #
445	3368757	CA	B	emmabrooks.ca	A B C in achieving my initial goal. I think I was just going for the " ha ! ha! look at how bright-eyed and starry eyed she used to be.
446	94245	CA	G	smalldeadanimals.com	A B C through noting a few similarities is a subjective judgement. # The great flood! HA HA HA. You guys care to explain how the ark could carry THOUSANDS of
447	5956	CA	G	finearts.uvic.ca	A B C in society. # Note: Preference given to third- and fourth-year students. HA 369 A01 -- History of Photography HA 369 A01 # " Photographers are driven
448	3359398	CA	B	thetfs.ca	A B C put my name down? Ha ha ha, they thought I was you? Ha ha ha, that's so crazy. HEY ZOIE! Did you see what
449	139135	CA	G	yarnharlot.ca	A B C 's a nasty little thing but i feel a little bad for him. # ha ha ha that squirrel had it coming, little wool sponge. I am totally
450	3367739	CA	B	dianemaerobinson.com	A B C rude! Here I thought you were a genteel writer (look it up - ha ). Babblin does not visit anymore. I do not like characters, real
451	796598	CA	G	stopconcussions.com	A B C can make football safer (Matt Chaney just slammed his fist on the table, ha )
452	3343869	CA	B	...society.blogspot.com	A B C shoes made a world of difference... Frank thought it was more his instruction.... Ha , Ha! # Have a good week! See you soon.... # Carole
453	731195	CA	G	knitnut.net	A B C left the room to give him the chance to make his stealthy move. # Ha ha. Bazel always sits on stuff I put down, too. Lay a
454	326462	CA	G	ats-sea.agr.gc.ca	A B C Banana: Area Harvested, 2006-2010 # Description # Area harvested covered 449,000 hectares ( ha ) in 2010, up by 1.2 percent per annum from about 429,000 hectares in
455	525610	CA	G	huntingbc.ca	A B C Re: Ladies and Gentlemen I would like to introduce the undisputed... # Ha ha , this is a funny thread. Tree stands are fun, but a ground
456	3378285	CA	B	psquebec.com	A B C north Hong door! " Fascinating story expect chapter 176, please Chapter 176 " Ha ha! " Thank a text east c
457	778669	CA	G	springpad.com	A B C ought to try springpad to take advantage of a visual using the board... ha ha ha if i could only get the goshd*** clipper to actually clip something instead of
458	3364405	CA	B	blog.govegan.net	A B C you go ahead with that. I'll fly down and meet you. Ha ha . # So Gerry left about 6 days before me and rode his Harley all
459	3744426	CA	B	itsdilovely.com	A B C all very different, but wouldn't you know it -- they all hurt. Ha ha. # They were also all inductions, with care transferred to our local
460	3341716	CA	B	...lassicalpursuits.com	A B C are not much interested in becoming members of the one party. Our guide, Ha , spoke freely. He seems loyal to the system. His father, who
461	605088	CA	G	blogs.thescore.com	A B C been on point for quotes all season). It's the " ha, ha " that really sells it for me. Just great stuff. # " Our
462	161747	CA	G	...troyhorsemanship.com	A B C him on the battlefield. Never know he might be a confederate....... ha ha ha . Loved the story and thank you for putting it out for all to read
463	325390	CA	G	sync-blog.com	A B C Yes, well said... as stevie nods his head in total oblivious agreement... ha ha ha.. the turd is dropped in, as he baaahs and he swallows
464	3353827	CA	B	powdercanada.com	A B C their participating towns: Seattle, Government Camp, Odgen, Marquette, Bellingham. Ha !! # As a Canadian I do not associate these towns with skiing.
465	3747202	CA	B	spacklemadison.com	A B C . When did you start this direction, was there some kind of " ah ha " moment or was it more of a slow buildup to what you are doing
466	419329	CA	G	env.gov.bc.ca	A B C Top of the World Park is a non-motorized park. # Park Size: 8,790 ha # Special Notes: # Weather conditions are typical of the southern Rocky Mountains.
467	188190	CA	G	...ds.hockeysfuture.com	A B C you the trouble. " That's IF you guys ever make the playoffs! HA HA HA HA!! " # My criteria for choking is based off of
468	161113	CA	G	arvp.org	A B C better then last year, if not at least the robot looks good. Ha ha ha, no really it looks good. Over and out. # Charles #
469	3374985	CA	B	milehighhockey.com	A B C It was a shit show. Hearing those stories, Cummer was like, uh ha ha scared laugh. I was like, " it's okay Cummer. I
470	274872	CA	G	aandbstories.com	A B C he's a little startled by kids who run around and yell a lot, ha ha. We're working on that, we go to the library a lot
471	68195	CA	G	library.utoronto.ca	A B C In the mid-1980s the Agricultural Environmental Protection Institute conducted a study of 380,000 hectares ( ha ) of farmland in 37 regions that depended on sewage water for irrigation. According
472	697976	CA	G	forums.beyond.ca	A B C . # That is about 35 grand all in. A bit over his budget ha ha. Is that what your cobra has though? # Nah.... maybe when
473	3377588	CA	B	phac-aspc.gc.ca	A B C Intanzar (Sanofi Pasteur) for intradermal injection has two authorized formulations # 9 g HA (for each of the three strains) per 0.1 mL for persons 18-59 years
474	3751022	CA	B	glitterforall.com	A B C brownish schmear remains. What am I supposed to do, wipe it up? Ha ! Some things never change. # HAPPY FRIDAY! I was happy to work
475	3754008	CA	B	sortiedechien.com	A B C : " The night has been deep, while I also trap. " " Ha ha... did the princess just just come to, how of have been already
476	3353634	CA	B	pixiethecat.com	A B C in the middle of the forest. Soon after, Bonnie said: " Ha ha ! This Eyee thinks he is very brave, but he gets scared to death
477	8428	CA	G	thestar.blogs.com	A B C lot of money with one of the products of Colin Chapman's fertile mind. Ha ! Craig told me that the car scared him. They were testing at Harewood
478	325390	CA	G	sync-blog.com	A B C dead president's and apollo producer's and director's of yesteryear... ha ha ha # K.C. Bailey has it absolutely right... totally nailed it!!! Unfortunately
479	408213	CA	G	scq.ubc.ca	A B C the soy extract, the isoflavone genistein can stimulate the production of hyaluronic acid ( HA ) in the epidermis and dermis (Miyazaki 2003). HA is a carbohydrate
480	408213	CA	G	scq.ubc.ca	A B C the human body (Hyalogic 2001). When not binding with other molecules, HA binds with water readily, which contributes to its viscous gel property. HA has
481	709306	CA	G	dearestsomeday.com	A B C Street characters.. it is all I can see when I look at them. ha ha! Oh well, the kids loved them.. and that is all that
482	3355524	CA	B	...almonfarmscience.com	A B C the day. # Onions and garlic will not kill me, fools! Mua ha ha! # There was a lot of trial and error going on in the
483	690663	CA	G	cribchronicles.com	A B C " good practice " for social media reads like a positive kindergarten report card: ha . # My voice in this remains personal. If I share any information about
484	793786	CA	G	truedino.com	A B C this road has less dust to eat. It levels off at the gap between Ha Ling Peak and the East End of Rundle then goes down a short hill then
485	8634	CA	G	gaslight.mtroyal.ca	A B C larks, toothsome cockyolly larks. He eats them up, bones and all. Ha ! ha! Pause, my dear sir, and drink something. Here are
486	3350613	CA	B	midlandfilmclub.com	A B C ? And what am I going to do next to exercise those muscles? Ah ha ! An idea pops in my head. A scene in a movie, a
487	331724	CA	G	gailvazoxlade.com	A B C Oh, I'd change a few little things (like being financially savvy -- ha ) and one big thing -- my health. But, I am grateful for
488	539069	CA	G	...dicedoestheworld.com	A B C text message with a stranger. # http: //twitter.com/nearafar Natalie T. # OMG! HA HA I love that at the end he just becomes incoherent. Was he a
489	3377700	CA	B	pinkbike.com	A B C 29ers steer properly, and now we got things like this giant with a 69 HA and it steers great. Frame geometries evolve. # Easton and others that do
490	680122	CA	G	niagaraostomy.com	A B C joy compared to what we endured as a result of our disease. Limits? HA ! My ostomy opened that bathroom door and set me free to do anything I
491	337205	CA	G	...dianencyclopedia.com	A B C company, including $25 million in cash, 25 million acres (about 10 million ha ) of land in a belt along the railway, the cost of surveys totalling
492	596780	CA	G	yarnharlot.ca	A B C with the right one that was there in front of you, all along. ha , ha) # **However, I also wet block the swatch, too,
493	3342665	CA	B	...sburger.blogspot.com	A B C can happen. (Not that I'm calling anyone a tool: -) ha ha # Reminds me of how I felt trying to help a woman whose controller
494	3335078	CA	B	72.167.54.199	A B C successful pull would like to send the next little experience, hope you can enjoy Ha Not because of my height 168cm weight about 49. 5 kg, but these two
495	3743453	CA	B	...nvblogs.uwaterloo.ca	A B C etc. It was pretty impressive to see. # On Sunday morning, as Ha Noi prepared for 50-60mm of water which was grossly over-exaggerated), my neighbourhood had
496	65936	CA	G	...riofood.blogspot.com	A B C . Because we are keeping up so well with the ones we already have, ha ha. # More planted potatoes, along with garlic, and in the next
497	8634	CA	G	gaslight.mtroyal.ca	A B C black habiliments, a turned up nose, and a self-satisfied manner. # " Ha ! " he said, " I thought you would soon come round to us
498	30086	CA	G	library.utoronto.ca	A B C # Estimates of countrywide farmland loss in the early 1990s are as follows: 226,700 ha lost in 1991; 229,000 ha lost in 1992; and 322,600 ha lost in
499	217633	CA	G	...ngsandwanderings.com	A B C saying, with a smile on our face, oh you little bitch -- ha ha ). # Sadie and I woke through the night as we often do,
500	530142	CA	G	lawrencelewis.com	A B C had to come straight home and test this theory for myself... who knew, ha ! # Photo by Lawrence Lewis (2012) # ********************* Lawrence Lewi s #
501	3356949	CA	B	spinzcycle.com	A B C skibbadee, if its more rolling it will be a Dynamite or GQ style! ha ! # LIV: You have been DJ'ing a ton, with your own shows
502	3352823	CA	B	oilersnation.com	A B C little dings and nicks its part of hockey no ones really ever at 100% " ha ha ha ha. # I am not even sure our support staff are on
503	456042	CA	G	www2.macleans.ca	A B C write the recipes at the end because you have splenda in a recipe. # HA ! And they keep blaming other things for the rise in diabetes. Our wheat
504	272982	CA	G	toinspirewithin.com	A B C , really doesn't matter. What is most important in life is luck! Ha , if only I was so lucky! # Since I do a lot of
505	351161	CA	G	kamloopsnews.ca	A B C sold between Monday and Dec. 14. # As she put it: " Ahhhhh Ha !! So happy to be on board again. " # As you might
506	3358855	CA	B	thenhlarena.com	A B C an autographed Turco jersey? It comes with an autographed 8x10.: grin: # Ha ! That's funny. I got ya beat for now. My wife became
507	16509	CA	G	smalldeadanimals.com	A B C logic was employed to justify the stimulus " # That is pretty funny... ha ha ha... so we borrowed a trillion dollars based on a tissue of lies?
508	5956	CA	G	finearts.uvic.ca	A B C a number of unfamiliar technical terms, dynastic titles, and places names. HA 295 A01 -- Introduction to Film Studies HA 295 A01-A06 # Introduction to Film
509	709306	CA	G	dearestsomeday.com	A B C characters.. it is all I can see when I look at them. ha ha ! Oh well, the kids loved them.. and that is all that matters
510	506485	CA	G	...innipegfreepress.com	A B C take turns firing baseballs in the general direction of my head. # " Ha ha ha! " is what Candace told me in a soothing voice. " Better
511	3347495	CA	B	...ustapie.blogspot.com	A B C ##3347495 # Is that what you did last night? Ha . Try PMS in full swing, sinus headache, dripping nose, two 3yo
512	401822	CA	G	childrenstories.ca	A B C , and the lad who did it ta'en, And on his soul may God ha ' merc-y! " # The stranger in the chimney-corner, waving cup with the
513	3752141	CA	B	lilwayne.ca	A B C Doing a buck in the latest drop I got stopped by a lady cop Ha Ha ... she got me thinking I can date a cop Ha Ha... cause her
514	428433	CA	G	swrb.com	A B C . 21 With mouths set wide, they' gainst me said, Ha, ha ! our eye doth see. 22 Lord, thou hast seen, hold not
515	604558	CA	G	...dianencyclopedia.com	A B C . The 1994 wood harvest was 176 million m 3 taken from approximately 1 million ha constituting only about 1/4 of one percent of the total forest land in Canada.
516	578259	CA	G	howestreet.com	A B C I guess as long as you agree with me, it would be good! HA ! # OK, sorry about that -- a thought slipped into my head,
517	612849	CA	G	glorialemay.com	A B C that's a universal " decent time " to start calling, eh? Ha ha ! 18 hours later I was about out of gas and wishing for that sleep
518	5956	CA	G	finearts.uvic.ca	A B C HA 362B A01 -- Art in Europe and North America: 1945 - Today HA 362B A01 # An examination of directions taken in postwar art. Emphasis will be
519	3352823	CA	B	oilersnation.com	A B C and nicks its part of hockey no ones really ever at 100% " ha ha ha ha. # I am not even sure our support staff are on par now
520	3364404	CA	B	blog.govegan.net	A B C from LA to San Jose and Princess Sarah hopped a plane and flew.. ha ha . # I arrived at San Jose airport and the hotel we were staying at
521	561178	CA	G	yarnharlot.ca	A B C some friends of mine will be there! Indiana isn't all THAT bad.... HA ! # I don't know if Kathy and Steve (of WEBS) were
522	3342127	CA	B	countylive.ca	A B C my columns, and so far 100% of my readers totally agree with me. Ha ! Just kidding. You can't get 100% of the people to agree on
523	3347917	CA	B	jephmaystruck.com	A B C us. They called me vending machine because I always had candy on me. Ha ! # Greg Johnson -- ? canadogreg -- is an actual real life storm
524	203400	CA	G	blog.madeinblog.ca	A B C without being glued to your phone, share your comments afterwards. # 6. Ha ! and you are forbidden to take pictures with an iPad, unless you want
525	3385442	CA	B	yarnharlot.ca	A B C - and yell, well, that's not relaxing AT ALL! ha, ha , ha I've had complete strangers comment after movies in theaters that it looks
526	3380272	CA	B	snowandmud.com	A B C lot less bouncing there than at the back on the tunnel and if (ha ha ... when) my sleds rolls, the camera has some protection from the bars
527	3382215	CA	B	themainmtl.com	A B C you too boys). # Later when things start to actually matter, ( ha ha) you can really only get away with partying occasionally, so heres my
528	528122	CA	G	...palooza.blogspot.com	A B C On no, her pants fell down because she's gotten so little! " Ha ha I got a couple of laughs for sure especially the part about not returning
529	14390	CA	G	abbotsford.ca	A B C location within the ALR and existing levels of farm use. # Regarding the 72 ha deferred area, the Commission found this area to have good agricultural capability and that
530	436357	CA	G	chfi.com	A B C groaaan! 9. Did they look both ways before crossing into the middle? HA ! I have been working on my RainbowRay Pliksh Plaksh) father's term of
531	72015	CA	G	mitchelladvocate.com	A B C do to create a more sustainable food chain. # " We had an Ah Ha moment when we held interactive conversations and organized meetings. We talked about the trends
532	3358583	CA	B	...mestead.blogspot.com	A B C many children-so that the oldest one can watch the small ones in the early morning ha ha.An exciting year ahead and its not even summer vacation.I'm really looking forward too
533	688314	CA	G	yarnharlot.ca	A B C a jayne hat? # for funsies, when you have a spare moment ( ha ), on the 4th firefly disk, select Special Features. Then select More
534	653693	CA	G	mind.ofdan.ca	A B C mol mol -- 1 CO2 treatment, grain yield decreased from 10.4 to 1.0 Mg ha -- 1 with increasing temperature from 28/21/25C to the 37/30/34C temperature treatment. Across this
535	458841	CA	G	shelovesmagazine.com	A B C reflection... from one globalgirl to another. xoxo # http: //www.fakeleft.com Stephanie # Ha ! The nails make me laugh. James was so intentional in getting them in
536	465630	CA	G	infomine.com	A B C area that is endowed with several world class uranium deposits. more # The 28,200 ha Invicta gold-silver property is located in the Western Pre-Cordillera of the Peruvian Andes in the
537	3754753	CA	B	ticklebear4u.com	A B C 's a ghost locked in the last photo... trying to escape! Ha! Ha ! How ever you did it- AWESOME! I don't know why but I
538	587606	CA	G	yarnharlot.ca	A B C her to just chalk it all up to' inexplicable'? # Ha ha ha ! I did this to my husband when we were dating! He's a
539	200117	CA	G	canadavisa.com	A B C decided to apply for LMO in my restaurant too. " just in case " ha said. # My question is..., Can two employers apply for LMOs at
540	634806	CA	G	...m.skyscraperpage.com	A B C into details cause on SSP i'll get nailed cause i'm outnumberd ha ha ha . unwise decision... but i know you are an original albertan, and its
541	428433	CA	G	swrb.com	A B C quiet are. 21 With mouths set wide, they' gainst me said, Ha , ha! our eye doth see. 22 Lord, thou hast seen,
542	292990	CA	G	courtneysummers.ca	A B C knots, foolishly believing these characters were just suffering for a happy ending. Ha ha ha! After I saw it, I was so depressed, I swore off
543	547416	CA	G	ourburlington.org	A B C Density precincts we read that there will be between 25 to 185 dwelling units per ha . These are the areas to the East of Maple Av and East of Martha
544	3745944	CA	B	oilersnation.com	A B C anywhere near this volume of text unless one of themtricky ones asked me to. Ha ha ha ha, and if I just said teach them to stretch it out
545	329804	CA	G	ottawa.ca	A B C Vacant land represents less than five percent of total land inside the Greenbelt (864 ha ), and is concentrated in a few areas, including CFB Rockcliffe, Moffat
546	3337111	CA	B	beautyeditor.ca	A B C However: that will quite possibly that will change as the years go on. Ha !) # I figure supermodels are super-human when it comes to their good looks
547	3358775	CA	B	...emellybooproject.com	A B C posted.. Should You Choose a Hostel or a Hotel When Budget Travelling? # Ha sounds like my sister and I! I've always been good at saving money
548	414080	CA	G	gailvazoxlade.com	A B C a suggestion that someone pay more than the minimum is met with a laugh... ha ha.. it must be a joke. Who'd be silly enough to do
549	3376969	CA	B	ottawadivorce.com	A B C # He can not just decide that an agreement in now null and void ( ha ! Can you imagine if people were actually allowed to do that). #
550	3351732	CA	B	nataliedoes42k.com	A B C I feel even more passionate about now. # I'm going into semi-retirement ( ha !) for two or three weeks while my body recovers, and I await
551	92122	CA	G	torontolife.com	A B C until I read between the lines. # ' Cleaning lady: $160.' Ha ha ha! # ' Gifts: $200. (" You have kids,
552	193454	CA	G	yarnharlot.ca	A B C keep them live. Then they'll be sitting right there for me. HA HA ! I am so much smarter than the designer. " Yeah. Did you
553	120407	CA	G	jenniferhillier.ca	A B C young and strong enough to rule the prisons we'll inevitably be sent to. Ha . # I'm late to the party, but OMG!!! CONGRATULATIONS
554	14390	CA	G	abbotsford.ca	A B C accommodating any perceived shortfall in long term industrial land inventory. # Regarding the 121.5 ha area refused exclusion, the Commission found that these lands were suited to agricultural use
555	492835	CA	G	yarnharlot.ca	A B C , thinking it wasn't really that bad and that it would wash out. Ha ! It made me physically ill while I was working with it, the smell
556	3752199	CA	B	longboardcalgary.com	A B C body will also become a sign-can discover, this was your to control breath, ha ha, if conveniently buried my bone as for words that is free, certainly
557	3741388	CA	B	...eetlife.blogspot.com	A B C life, and thought YES. THIS IS IT! # HA ha ha ha ha . Somewhere, the sport gods are laughing. Hysterically. # First I tried
558	3359629	CA	B	thewarylemming.com	A B C , in effect, looking for things I could point to and say " Ah Ha ! ". I was trying to be fair to the GOP and assumed perhaps
559	506961	CA	G	...wiarton.blogspot.com	A B C time spent together, thanks Lotte so much for coming out today! # " Ha ! Speaking of VON, I had to make a stop at the office in
560	5956	CA	G	finearts.uvic.ca	A B C information and past publications. HA 223 A01 -- Introduction to Western Architecture HA 223 A01 # Architecture is an exciting area of study and also, for some
561	3373982	CA	B	lifeonmanitoulin.com	A B C I am, but I thought that it was kind of funny (not ha ha funny). # Another scary but true story: When I was teaching in
562	207343	CA	G	...ds.hockeysfuture.com	A B C . " That's IF you guys ever make the playoffs! HA HA HA HA !! " # My criteria for choking is based off of seasons they were
563	3745431	CA	B	momvstheboys.com	A B C Mamacita recently posted.. Week Forty Two of Project Happy: A New Name # Ha ! Some people read to far into things. Too funny! That being said
564	3367519	CA	B	dearestsomeday.com	A B C to a colour!.. yes, it took me this past entire month. ha ha!?? # What!? Wait.. these aren't pretty after
565	584926	CA	G	mitchelladvocate.com	A B C Milwaukee television station TMJ- 4 before the suspect was found dead. The el der Ha ughton ex pressed his f amily's a pologizes for whatever " misdeeds " his
566	187160	CA	G	ottawa.ca	A B C land, 66% is undeveloped. East of the Rideau River, there are 623 ha of designated industrial land, most of which is close to either Greely or Vars
567	3365592	CA	B	...dicedoestheworld.com	A B C . Lots. # OutsideTheGuidebook # Four corners of the world? Ha ha ha ha , what next! Got to be done just for the sake of it though
568	3741388	CA	B	...eetlife.blogspot.com	A B C my life, and thought YES. THIS IS IT! # HA ha ha ha ha. Somewhere, the sport gods are laughing. Hysterically. # First I
569	3376184	CA	B	nickkellet.com	A B C of what's left. " # Okay Gentlemen, step away from Evernote... ha ha. Yes I do love me some Evernote, and use it for many
570	3751638	CA	B	intelligencer.ca	A B C a simple task, " she said. " I call it my' ah ha moment' because I think if it's that hard for me what can it
571	3368383	CA	B	dutchblitz.net	A B C arms around a deer to catch them? And then release them?) ( HA !) (Why, yes. I DO need to get out more)
572	227111	CA	G	...vsports.blogspot.com	A B C pullups are more manly, no more swinging around the bar like a d-bag, ha ha! # 4. I see a lot of videos of people doing CF
573	480017	CA	G	dearestsomeday.com	A B C .. # .. he had already ditched his light saber by this point.. ha ha !.. and his candy bag too by the looks of it... # Actually
574	420755	CA	G	...ychclassics.yorku.ca	A B C p.276) the' object' of thought may be comparatively simple, like " Ha ! what a pain, " or " It-thunders "; or it may becomplex
575	3341156	CA	B	...chatter.blogspot.com	A B C !! Oh well at least I've never lost my kids!! ha ha About Me # Single
576	47801	CA	G	cultmontreal.com	A B C ! Any you'll never do, like Jersey Shore, maybe? DP: Ha , well, we did Jersey Shore. It was actually really fun, but
577	326462	CA	G	ats-sea.agr.gc.ca	A B C generate as high as 70 tons/ ha. The yield averaged only about 14.2 tons/ ha for saba and 16.3 tons/ ha for lacatan. # Source of basic data:
578	557512	CA	G	kainagata.com	A B C lead.... my point is a " higer calling " as you put it ( HA ! BTW how pretentious) is something you can't walk away from. What
579	731534	CA	G	momoneymohouses.com	A B C # Now, this may shock you, but I love talking about money ( ha !). I could honestly bring up the subject of money in any conversation
580	288849	CA	G	veliborbozovic.com	A B C National Book Critics Circle Award. # I could laugh at myself (ha ha ha ha ha ha!) for being stupid enough to have ever embarked upon a
581	3752141	CA	B	lilwayne.ca	A B C Wee Ooh Wee Ooh Wee... (Yea), # Lil Wayne: Ha Ha ... And after we got done I said lady what's ya number she said
582	183549	CA	G	robertmunsch.com	A B C by NICELY PARK on NICELY STREET where the NICE kids go ". # " HA ! " said the other Dad. " I bet you even live on NICELY
583	777387	CA	G	bible.ca	A B C The Mother of the Book " is in the presence of Allah. # " Ha Mim. By the Book that makes things clear- We have made it a Qur'an
584	3359991	CA	B	toronto.ewb.ca	A B C anticipate what your time will look like while you are in Ghana? Mark: Ha ha, I wish! Actually, a book that's been recommended to me
585	432649	CA	G	urbanmoms.ca	A B C she entered the order) was sister paula ann. It's so me! Ha ! Hi sara! # Sara is writing about her twist in the' boy
586	243817	CA	G	...nvokedcogitation.com	A B C is summer and the San Jose State semester has not started yet. # Ha ha , so this is not exactly " combat cameraman " footage, but it is
587	3361505	CA	B	...ding.linda-hoang.com	A B C Do-it-Yourself style. (That will also provide fodder for future wedding blog posts! Ha ). # So what do you think of all this wood? Twigs?
588	3357956	CA	B	theadbuzz.com	A B C Apple is the biggest company in the world and people think marketing is dead; HA , they sell phones and computers not oil or highways. # 5. Traditional
589	3382175	CA	B	...ejoshandechoblog.com	A B C go over some breathing with her, and cover the " Ha... Ha... Ha " that I will ask her to do during crowning. # " I think
590	556750	CA	G	hockeyalberta.ca	A B C may be considered upon application to the HA Female Minor Representative in consultation with the HA Zone Director. # Providing affiliation has been properly filed, prior to January 10th
591	795075	CA	G	johnstackhouse.com	A B C this? Would you be willing in all your free time!!! ( ha ) to read and expound on this article? The link is here, in
592	401822	CA	G	childrenstories.ca	A B C in his bass voice as before: # " And on his soul may God ha ' mercy! " # All this time the third stranger had been standing in
593	326462	CA	G	ats-sea.agr.gc.ca	A B C some of the commercial Cavendish farms in Mindanao can generate as high as 70 tons/ ha . The yield averaged only about 14.2 tons/ ha for saba and 16.3 tons/ ha
594	61453	CA	G	tripadvisor.ca	A B C one that appeals to you the most. (the one with no bugs! Ha !) # I'll play the devil's advocate and tell you I would
595	3359301	CA	B	thestar.blogs.com	A B C with a little Strauss conducted by the incomparable Von Karajan and featuring some jolly " Ha ! Ha! Ha! Ha! " from the orchestra! How could the
596	68195	CA	G	library.utoronto.ca	A B C land. 73 This is equivalent to 100 million tonnes of waste for every 920 ha of occupied land. Statistics also confirm that in 1992 there were 618 million tonnes
597	3352823	CA	B	oilersnation.com	A B C Kavis needs to call moma2 and ask about the NewAge Football System?? Ha ha ha. # Both of these teams need intuative dynamic managment consulting done immediatly and
598	747085	CA	G	eps.mcgill.ca	A B C When in doubt, use brute force ". He probably intended this as a ha ha only serious, but the original Unix kernel's preference for simple, robust
599	754791	CA	G	abu.nb.ca	A B C LXX translates mal'ak and other Hebrew terms for these heavenly beings as aggelos see bene ha ' elohm in Gen 6:2; Deut 32:8; Job 1:6; 2:1; 38:7
600	119147	CA	G	...al.library.upenn.edu	A B C , dinna credit his lees. He is ane o' those wicked Papists wha ha ' just stepped in to rob and murder us. " # " Nonsense!
601	3377814	CA	B	pjreece.ca	A B C ; the search for self-knowledge, and I intend to continue boldly doing so Ha ha ! # As to that ambiguous' secret center', my thought is if
602	646247	CA	G	spacesfornature.org	A B C . It was a magnificent accomplishment that eventually resulted in the retention of 110 million ha (270 million acres) of wilderness. # Given such success, in the
603	229303	CA	G	ca.answers.yahoo.com	A B C there and find him. # Dude I think you should commit suicide... ha ha ha Look at first i am gon na tell you that only by describing yourself
604	62634	CA	G	securebuzz.ca	A B C or protects virtual environments in case of disaster -- including file, High Availability ( HA ) solutions, tape, and other backup that works on premise and in the
605	3362932	CA	B	alimartell.com	A B C na punch that Paulie Bleaker in the weiner next time I see him " HA HA HA!!! Threw my votes in for you as well. Good luck
606	3381013	CA	B	svzoe.com	A B C for our marina stay in San Diego where we'll prepare for the Baja Ha Ha . All for just $25 per night, which included water, electricity, laundry
607	187160	CA	G	ottawa.ca	A B C 1,756 ha. Of this land, 60% is undeveloped. There are 925 net ha of vacant industrial land available in the rural area. The area west of the
608	3339902	CA	B	bowen-island-bc.com	A B C ... ", as I smiled in embarrassment at those who passed by. # Ha ha. This thread brings to mind a gentleman I encountered whilst at university.
609	153665	CA	G	...ugaledmontonmama.com	A B C a stroller that was a bit larger and more accommodating for the kiddo. # Ha , big mistake. When it comes to strollers, you get what you pay
610	5956	CA	G	finearts.uvic.ca	A B C to third- and fourth-year students. HA 369 A01 -- History of Photography HA 369 A01 # " Photographers are driven by curiosity and a desire to document and
611	3741914	CA	B	...dianencyclopedia.com	A B C without it, thank you very much. The football, that is. # Ha ! Great explanation, Ms. B. As someone who watched football only in college,
612	3369626	CA	B	frankejames.com	A B C in subsidies. Our taxes are used to violate Kyoto and damage the environment. HA ! for apathetic Canadians! # What we need is PROGRESSIVE GAS TAX like we
613	3746975	CA	B	...phemera.blogspot.com	A B C guess I'm making up for it in the novel I've just written... HA ! Take care and I'm looking forward to more posts
614	754791	CA	G	abu.nb.ca	A B C as angels. These heavenly beings are called " sons of God " (ben ha elohm) (Gen 6:2, 4; Job 1:6; 2:1) or sons
615	546946	CA	G	analystforum.com	A B C tell me if you won't even make a fake effort?? # ha ha ! # Hope. It is the quintessential human delusion, simultaneously the source of
616	229303	CA	G	ca.answers.yahoo.com	A B C out there and find him. # Dude I think you should commit suicide... ha ha ha Look at first i am gon na tell you that only by describing
617	68195	CA	G	library.utoronto.ca	A B C the 1993 Bulletin of China's Environmental Status, waste water irrigation polluted 3.3 million ha (Mha) of farmland 13 and affected a population of 40 million. 14
618	779970	CA	G	www1.agric.gov.ab.ca	A B C . # Example: A field of 65 acres is 65 x 0.4 = 26 ha # An example of how conveniently sections of land may be sub divided, using
619	747085	CA	G	eps.mcgill.ca	A B C two decades old and demonstrably still live in popular culture and slang, to a ha ha only serious analogy with esoteric Tibetan Buddhism. Today's hackers would find it
620	3381447	CA	B	the-real-meal.com	A B C ... mainly because he teaches 5 minutes away and is coming home for lunch, ha ha.:) # A small plate? Noooo! That looks like the
621	551758	CA	G	aras.ab.ca	A B C you treat them with lethal medications which impair the immune system, and then say ha ha you have an immune damaging disease called AIDS...? # Virusmyth webboard #
622	187160	CA	G	ottawa.ca	A B C ha. The second-largest group, with 357 farms, were operations smaller than 28 ha . There were 192 farm operations 161 ha or larger, including 11 that were
623	497497	CA	G	yarnharlot.ca	A B C learning makes it a LOT easier to pull out the penitentiary article to finish. HA ! Cross me will ya?! # As for the lack of sleep,
624	3752909	CA	B	offthepost.org	A B C that he knows; I neither know nor think that I know. " # Ha ! DNS servers are basically just a library of internet names that resolve to ip
625	3746802	CA	B	...askboy.wordpress.com	A B C The figures are interpolations, extrapolations and statistical conjecture of behavioral patterns and (repressed ha ha!) memories with little to no proof of accuracy. Like it or
626	225017	CA	G	tagtele.com	A B C small to hide the sun... But mother I play so beautifully, listen. ha ha) Fie fye foe fum, I smell the blood of the asylum,
627	104569	CA	G	huffingtonpost.ca	A B C it. But I do want to be clear: I liked what Justin Trudeau ha ... # I've been told my columns make me a shill for Liberal politicians
628	3354129	CA	B	push.ca	A B C but has not yet set a date for the season kickoff. # Ha ha ha ha talk about cost cutting measure. This a gone too far. It's
629	3382175	CA	B	...ejoshandechoblog.com	A B C with understanding, I go over some breathing with her, and cover the " Ha ... Ha... Ha " that I will ask her to do during crowning.
630	3745944	CA	B	oilersnation.com	A B C volume of text unless one of themtricky ones asked me to. Ha ha ha ha , and if I just said teach them to stretch it out I really do
631	56761	CA	G	ca.sports.yahoo.com	A B C Why? Everybody knows SEC fans just use book pages for outhouse emergencies! Ha ha ha!) An excerpt: # " The baddest men on the planet,
632	3368411	CA	B	eaglecentral.ca	A B C as an option already somewhere. # Il 17/11/2012 23:42, Vidar (Z) ha scritto: > Hi > > Normally I have used only the textbased net labels
633	3745633	CA	B	...ncyland.blogspot.com	A B C , cooking classes, and eventually I'll add a cartoon -- The Adventures of Ha Gow, my little Chinese dim sum shrimp-filled dumpling dude. Foodies of the city
634	3751314	CA	B	herdofcats.ca	A B C on 23 November 2012 # This will be my last Black Ops 2 post... ha ! # Supreme disappointment. That's how I feel about the entire Black Ops
635	411939	CA	G	gasamlingblog.com	A B C is looking they all get let go with promises to return for further investigating. HA they never do and never seen again so sick of this!! If I
636	30086	CA	G	library.utoronto.ca	A B C a decline in total farmland from 531,000 ha in the early 1950s, to 419,000 ha by the late 1980s. With no end of the construction boom in sight,
637	530534	CA	G	...andlingwithgrace.com	A B C I can sure see when something is broken! 20 comments: # Ha ha I think that would be hilarious to see in person! Almost a year ago
638	672369	CA	G	nsmb.com	A B C and waded through the icy water with them safely tucked in my pack. " Ha , wassup now dawg? " I thought smugly, suddenly getting all gangsta about
639	239077	CA	G	borealforest.org	A B C included in category three, industrially exploitable forests, where clear-cutting (maximum size 50 ha ) is the main forestry practice. # Environmental regulations Efforts # Russia has made
640	104569	CA	G	huffingtonpost.ca	A B C it. But I do want to be clear: I liked what Justin Trudeau ha ...
641	3370521	CA	B	gottsu-iiyan.ca	A B C used to work here. " I couldn't believe it! # Inoue: Ha ha ha! I wonder who it was you talked to? " # Oda
642	106136	CA	G	miss.latejuly.ca	A B C 'll need someone special... at least that's what they all tell me. Ha . # Someone with a good grip, who can catch a girl when she
643	3362209	CA	B	...-di.systembuilder.ca	A B C : " Not her, not her, not her! ha ha, ha ha , ha ha! " laughter, two lines of tears from the cheeks of
644	3381572	CA	B	thebarefootnomad.com	A B C . There you can find cenotes Azul, Jardin, Eden, Cristalino, Chikin Ha and Kantun Chi all almost within walking distance. Gran Cenote, Cenote Azul and
645	3745944	CA	B	oilersnation.com	A B C evenif you have a healthy and strong immune system, you will be assimilated, ha ha ha. # Credit for the Viral Cueing tactic goes to the Two Girls
646	182109	CA	G	kuklaskorner.com	A B C off the table...... The media can't take it anymore! # sarcasm Ha ha ha. /sarcasm There are a couple dozen free agents and a couple dozen teams
647	3368757	CA	B	emmabrooks.ca	A B C my initial goal. I think I was just going for the " ha! ha ! look at how bright-eyed and starry eyed she used to be. Here,
648	634806	CA	G	...m.skyscraperpage.com	A B C go into details cause on SSP i'll get nailed cause i'm outnumberd ha ha ha. unwise decision... but i know you are an original albertan, and
649	180595	CA	G	boomerandecho.com	A B C the baby boomers age, there are less young men and therefore less crime. Ha . # There's no easy answer, a lot depends on each individual in
650	508466	CA	G	cjay92.com	A B C second thoughts. But I'm manning up and getting ready to take the leap ha ha see what I did there? Anyway, it's for a great cause
651	3355524	CA	B	...almonfarmscience.com	A B C day. # Onions and garlic will not kill me, fools! Mua ha ha ! # There was a lot of trial and error going on in the early
652	641915	CA	G	digitaljournal.com	A B C . Since then the farmer planted tens of thousands of trees over nearly 20 thousand ha of land. # In Inner Mongolia, locals have joined hands with the forestry
653	131577	CA	G	...7.flyingomelette.com	A B C declares that he has foreseen the outcome of this fight and uses the Ganzan Ryouzan Ha , but Toki blocks it. The power of the attack causes the land around
654	3747791	CA	B	...y.cribchronicles.com	A B C reader, student and teacher. Thank you for sharing what you know. # Ha . Boldness. It *was* tough stuff and to be honest, I struggled more
655	5956	CA	G	finearts.uvic.ca	A B C 2013. Please visit our journal website for further information and past publications. HA 223 A01 -- Introduction to Western Architecture HA 223 A01 # Architecture is an
656	3742873	CA	B	...onfire.wordpress.com	A B C love you at this one -- this was one funny post as in funny ha ha . And I am trying to get in good and get some' stache glasses
657	500763	CA	G	...einpleasantville.com	A B C children up the stairs from the basement, even though I'm tempted to # Ha ! Do you have any idea how I've restrained myself from sending you one
658	538961	CA	G	...oactiveinvestors.com	A B C ! At least from my 1-minute introduction to him, I could tell that! HA ! # To recap... the currency and metals rally was wiped out in a
659	73285	CA	G	yarnharlot.ca	A B C # Why there? Why not in my neck of the woods? Thinking Xeres ha the spot organised.... I'll join with that crew. I love the idea
660	465630	CA	G	infomine.com	A B C northern Saskatchewan. The property consists of two mineral leases covering an area of 980 ha and nine mineral claims covering an area of 3,148 ha. McClean Lake has the
661	3353664	CA	B	playbackonline.ca	A B C # The DIY aesthetic was a surprise hit with Toronto audiences. Films like Frances Ha and Much Ado About Nothing revealed to audiences a more personal viewpoint from both Noah
662	118871	CA	G	accordingtokate.net	A B C and who I was sitting next to at dinner, laughed and said, " ha , the clap. " I thought, aw, if only you'd heard
663	3752141	CA	B	lilwayne.ca	A B C beat it like a cop Rodney King baby yeah I beat it like a cop Ha Haaa... beat it like a cop Rodney King baby said beat it like a
664	507798	CA	G	mobileread.com	A B C showing publishers/authors that discounting sells books. # tecweston # 03-09-2012, 08:03 PM # Ha , I even do that for freebies. # I do too sometimes. I
665	3376847	CA	B	opushotel.com	A B C years and would love to meet halfway in Vancouver and see our faves! # Ha ha, I can't lie, because I would also take my nephew,
666	3382635	CA	B	thescreeningroom.ca	A B C that I experienced the cinematic breath of fresh air that is Noah Baumbach's Frances Ha . Having heard wonderful things of its world premiere at the Telluride Film Festival,
667	3355443	CA	B	ryersonfolio.com	A B C ! Too bad I hadn't actually written anything in four or five years, ha ha ha ha. At least I was so GENUINE. # Antidepressants shouldn't
668	193454	CA	G	yarnharlot.ca	A B C keep them live. Then they'll be sitting right there for me. HA HA ! I am so much smarter than the designer. " Yeah. Did you
669	3341323	CA	B	...rincess.blogspot.com	A B C THIS??? # *the children, cp. think of the children. * # Ha . You chicken shits. No one did the prank call game.' Cept
670	3377483	CA	B	peregrinatrix.com	A B C in their homes and she said they used to throw garbage in the river ha ha ha, this means that people burn their houses because they are throwing garbage in
671	214523	CA	G	ca.answers.yahoo.com	A B C for the first time...? # I was messing around wit ha guy and i realized I had a few stray hairs near my nipples and I
672	3372184	CA	B	indulgedtraveler.com	A B C shopping, schmoozing at a cafe, taking in the local atmosphere, then Kikar Ha Medina, a circle in the middle of a district with high end condos and
673	709306	CA	G	dearestsomeday.com	A B C we were down right insane. After thirty of them.. I was delirious. ha ha! I made lots extra.. in case any friends and families brought siblings
674	326462	CA	G	ats-sea.agr.gc.ca	A B C some of the commercial Cavendish farms in Mindanao can generate as high as 70 tons/ ha . The yield averaged only about 14.2 tons/ ha for saba and 16.3 tons/ ha
675	412610	CA	G	science.uwaterloo.ca	A B C -> H 2 O # 1923 Bronsted- Lowry # Proton donor # Proton acceptor # HA + B -> A + HB # 1923 Lewis # Electrophil # Nucleophil # E
676	617070	CA	G	...rollercontroller.com	A B C photo above! I'm sure you can imagine HER working a day job. ha ha But thank you so much for your kind words. You're a friend
677	3378285	CA	B	psquebec.com	A B C elders affirmation will choose him Mulberry HandBags to do eldest brother. " " Ha ha ! " Thank a text the east lightly smile two, topic a turn a
678	630884	CA	G	winnipegreview.com	A B C for instance, I can read between the lines (since I wrote them, ha ) and see my own fear of isolation and failure and making those super-hard choices
679	465630	CA	G	infomine.com	A B C carried out via traditional blasting, truck and shovel methods. more # The 6,900 ha Hollister gold property is located in Elko County, Nevada, USA. The property
680	747085	CA	G	eps.mcgill.ca	A B C correct pronunciation of this character than any other, which has led to the ha ha only serious suggestion that it be pronounced shibboleth' (see Judges 12.6 in an
681	557512	CA	G	kainagata.com	A B C problem only in my mind. Good for the humility.... Ha! Ha! Ha ! # I guess I was in that loop... # PAM said: July
682	249886	CA	G	yarnharlot.ca	A B C is to try not to put anything on it that I can't lose ( ha ha!!) Isn't Denial a great place to live? Well,
683	644549	CA	G	...ethvictoriaclark.com	A B C been actually snowed in since Tuesday I feel so cut off from the world ha ha xoxooxx # Your outfit is the perfect fashionable thing for cold weather!! I
684	3753940	CA	B	smalldeadanimals.com	A B C family doctor decided to order an MRI so we wouldn't have to wait? Ha . Surgeon appointment on Dec 6, MRI appointment on Dec 24. On the
685	3745944	CA	B	oilersnation.com	A B C is best for teaching--just keep banging it in and they will eventually get it, ha ha ha.Its best for the horsetrader but not the Stagecoach company.If you refer back to
686	208300	CA	G	...ineering.ualberta.ca	A B C ##208302 I Do Lyrics Blaque # Ha ha (woo ahh) Can't nobody tell me what I can' cause I
687	3347265	CA	B	...deedgehockeynews.com	A B C wanted to write a small blog, (guess that's the thing to do ha ha), explaining how I see what's going on right now with the
688	330162	CA	G	gayleenfroese.com	A B C were speaking, but I don't actually know. # In other words ( ha !), would the vestibule or gazebo joke work in any language, if
689	697976	CA	G	forums.beyond.ca	A B C # That is about 35 grand all in. A bit over his budget ha ha . Is that what your cobra has though? # Nah.... maybe when I
690	3358747	CA	B	...emarinedetective.com	A B C of ocean energy device(s). Investigative licences will be issued for areas not exceeding 50 ha for straits or narrows less than 5 km in width and up to a maximum
691	3359991	CA	B	toronto.ewb.ca	A B C what your time will look like while you are in Ghana? Mark: Ha ha , I wish! Actually, a book that's been recommended to me is
692	3385441	CA	B	yarnharlot.ca	A B C I better wait til January, when the temperature goes all the way down ( ha !) to 50 degrees Farenheit (10 C). # Sometimes when I
693	704071	CA	G	urbanmoms.ca	A B C to " take a break " on said bench, but of course (ha ha ) it was never him. # Shawn, new Dad to daughter " Pea
694	598267	CA	G	kereport.com	A B C ssi..... all my friends will have to go on welfare.... (ha, ha ) # On August 5, 2012 at 7:44 am, Dennis M. O'Neil says
695	3748712	CA	B	...omeninbiznetwork.com	A B C of view about the issue or situation. This step often results in an a ha or light bulb moment and shifts thinking. # As quickly as possible make your
696	3364405	CA	B	blog.govegan.net	A B C it was AWESOME. So awesome that I forgot to take any photos. ha ha . They had little to no soy on the menu (hooray) and I
697	3752166	CA	B	littleredhearts.ca	A B C that is content to sit with me for a crazy amount of time?.... HA ! # Even if she shreds the inflight magazine to bits, we'll make
698	3342876	CA	B	dennis-kane.com	A B C poster child' for the suppression of minorities category in this era's poundings. Ha ! What hypocrites we are blathering on about muliticulturalism, tolerance, human rights et
699	106313	CA	G	tera.ca	A B C " My personal newsfeed right now consists almost entirely of things relating to breastfeeding. Ha ! " # Photos at the right from Amanda Spears # Both banned December 28
700	325390	CA	G	sync-blog.com	A B C well said... as stevie nods his head in total oblivious agreement... ha ha ha .. the turd is dropped in, as he baaahs and he swallows... then
701	3345000	CA	B	...friestoflaxseeds.com	A B C managed to throw together some good eats (really, when don't I? HA !) # When in a hurry, cereal is probably the fastest breakfast I
702	3755501	CA	B	www2.macleans.ca	A B C . In that sense, Casey was aware that there was a a bru ha ha , but he was obviously not aware that someone was willing to take the non-issue
703	328067	CA	G	nrcan.gc.ca	A B C has the largest area of certified forest in the world -- more than 149.8 million ha . Approximately 42 percent of the world's certified forest area is in Canada.
704	3344834	CA	B	forums.gtrcanada.com	A B C car in another 20 years and its still clean an not in a ditch ha ha . I will leave that to my mr2. # Again sorry for the common
705	635938	CA	G	thewayofwords.com	A B C normal close-range activities. But resolution of the problem seems to be in sight -- ha ! ha! # New tricks also help. Yesterday a friend and I sat
706	88289	CA	G	baconismagic.ca	A B C cookie cutter chain store that is set to take over the world. # Ha Ha ! Perfectly normal to have a travel is hard rant, because it is!
707	68195	CA	G	library.utoronto.ca	A B C of 37,620 yuan/ha per year. Since we already know that solid waste occupies 3,091 ha of land, we can deduce that annual losses resulting from solid waste equal 120
708	328067	CA	G	nrcan.gc.ca	A B C Annually, less that 1 percent of Canada's forests are harvested; 0.6 million ha were harvested in 2009. The area of forest harvested is slightly larger than Prince
709	3377588	CA	B	phac-aspc.gc.ca	A B C as important in protecting against severe outcomes of influenza, particularly those associated with subtype HA variations (shift and drift). Footnote 40 40 # Because influenza viruses change
710	3753896	CA	B	simplyroseblog.com	A B C guy! roast pigs! fancy drinks!) and also the evening show, Ha -- The Breath of Life, which by far stole the whole day away.
711	3366535	CA	B	cknw.com	A B C New Years, and just can't hold it that long. # WilliamS3961 Ha Ha ! They will get that hot potato tossed back by the professional potato handlers in
712	3361808	CA	B	wildsau.ca	A B C track a lot. Which I'm sure a lot of SLS owners do. Ha ha. # The visibility out of the car is fantastic for the front view
713	457173	CA	G	baconismagic.ca	A B C to do when I was there (whilst you were all over the place, ha !). Tash recently posted.. View From Top Of The Rock # Honestly
714	14390	CA	G	abbotsford.ca	A B C 72 ha area in the vicinity of Abbotsford International Airport. # Regarding the 178.5 ha approved for exclusion, the Commission recognized the City's expressed need referred to in
715	3355443	CA	B	ryersonfolio.com	A B C bad I hadn't actually written anything in four or five years, ha ha ha ha. At least I was so GENUINE. # Antidepressants shouldn't cause a
716	30086	CA	G	library.utoronto.ca	A B C the decline of farmland in villages and towns throughout China. In 1985 approximately 100,000 ha of farmland was lost to housing projects, while in 1986 the figure was 85,000
717	3359607	CA	B	theviewfromhere.ca	A B C what does it take then? # Simply put simplicity takes intelligence to actualize ( ha , ha, very funny). You have to agree that it is not
718	697743	CA	G	....theglobeandmail.com	A B C wrote to Santa asking to become a handsome rock star when he grew up. Ha bloody ha. There is a lengthy bit wherein the 22 Minutes crew re-enact the
719	569327	CA	G	allnurses.com	A B C 'm still nervous but I've managed to keep myself calm and worryfree.. Ha ha ! I really hope we all get accepted. It would be great to graduate
720	209193	CA	G	...dianencyclopedia.com	A B C mixture of spruce, balsam fir and red maple, which cover over 290 000 ha of the province. # Souris (PEI) Souris is one of PEI's
721	62084	CA	G	menwithpens.ca	A B C n't relate to realistic characters, you have no story. # Writer Dad -- Ha , that's a great way to put it! It's weird because usually
722	469716	CA	G	balancejunkie.com	A B C place to effect the merger of United Machine Tool with Amalgamated Machine Tool... # Ha ! I suppose a lovely capital structure might be a work of art to some
723	30086	CA	G	library.utoronto.ca	A B C : Soil Erosion in China (1992) 7 # Region # Area (thousand ha ) # Percent # North China # 35,786 # 22 # Northeast China # 14,221
724	5956	CA	G	finearts.uvic.ca	A B C experimental tradition. # Note: Preference given to third- and fourth-year students. HA 367 A01 -- History in Cinema HA 367 A01 # Cinema as a product
725	675047	CA	G	amusicblogyea.com	A B C ! I feel as though it was meant to be received in another decade. HA ! I love how lush and rich it all sounds. It certainly has a
726	3381013	CA	B	svzoe.com	A B C the ocean. From the hilltops surrounding the turquoise waters of the cove, Baja Ha Ha colors flew from a number of cruising boats that we would no doubt be
727	623729	CA	G	ainfos.ca	A B C couldn't be given, that one would have to wait for the IFE ( ha !) to give the results. Crafty. The mainstream media had done as
728	3385438	CA	B	yarnharlot.ca	A B C can walk through rooms on any given day (my idea of a clean house HA ) 2) You know what's for dinner 3) The laundry is done
729	735782	CA	G	...wiarton.blogspot.com	A B C recipes I keep managing to accumulate. Would this surprise anyone who knows me? Ha ! I think not. # Recipe please, Knorr? Just *click* HERE.
730	223244	CA	G	yelp.com	A B C out. 256 square feet of solid glass doesn't seem small to me.. HA ! Review from Darren L. # I am still terrified of the glass floor
731	3751308	CA	B	hellbeasts.com	A B C name to him and then the prisoners will really know what he's in for ha ha ha ha. Oh i laughed that much i nearly pissed myself. Peter
732	571772	CA	G	brokencitylab.org	A B C for perusal by the curious. via the heretofore useless-to-me car blog, Jalopnik # HA ! Thanks for posting this Steven, and thanks for the link to the video
733	714108	CA	G	...nvblogs.uwaterloo.ca	A B C the winter: scholarships, warm clothes and school supplies. # Getting back to Ha Noi proved to be the trying part.. As the bus was still waiting for
734	778669	CA	G	springpad.com	A B C to try springpad to take advantage of a visual using the board... ha ha ha if i could only get the goshd*** clipper to actually clip something instead of just
735	3381013	CA	B	svzoe.com	A B C Advice of Entry Crew List # Here in San Diego, boats for the Baja Ha Ha continue to gather as we prepare for our October 29th departure for Mexico,
736	3382635	CA	B	thescreeningroom.ca	A B C see so far this year, I likely would have responded with an appropriate " Ha ! " # I'll admit that on the surface the whole notion of shooting
737	193454	CA	G	yarnharlot.ca	A B C and keep them live. Then they'll be sitting right there for me. HA HA! I am so much smarter than the designer. " Yeah. Did
738	3378106	CA	B	...oactiveinvestors.com	A B C that I presented in the Sunday Pfennig &; Pfriends a couple of weeks ago! HA ! Yeah, right. my ideas make logical sense, I don't think
739	628122	CA	G	globalresearch.ca	A B C Two missiles have left two deep holes in the ground. uno dei quali ne ha forato anche una parete. " Inside the house, two missiles punctured the ceiling
740	3752614	CA	B	museinthevalley.com	A B C " Just do it. Stop whining and just write. " Ouch! Ha ha ! I say that with a big smile. It works when someone kicks you
741	14390	CA	G	abbotsford.ca	A B C its review of the City of Abbotsford's application which requested the exclusion of 372 ha (920 acres) from the Agricultural Land Reserve (ALR). # The
742	5956	CA	G	finearts.uvic.ca	A B C the role of British officials in shaping visual culture in the 19th century. HA 359 A01 -- Islamic Arts from the Mongol Conquests to the Dawn of the Modern
743	3359398	CA	B	thetfs.ca	A B C name down? Ha ha ha, they thought I was you? Ha ha ha , that's so crazy. HEY ZOIE! Did you see what they did
744	3380974	CA	B	surfergeeks.net	A B C And then I headed in here to post this. One Response # ha ha ha, that is so funny, brings back lots of memories. Try wadding
745	474107	CA	G	blogs.canoe.ca	A B C she did mention how tiny she was, but was a very good talker ha ha ha,, anyway Christine, good luck with whatever it is that you do
746	557512	CA	G	kainagata.com	A B C stolen/ owed money. (In the words of Nelson from some cartoon, " HA ! HA. ") California at the time didn't recognise the patent,
747	612849	CA	G	glorialemay.com	A B C guess that's a universal " decent time " to start calling, eh? Ha ha! 18 hours later I was about out of gas and wishing for that
748	14728	CA	G	...iondollarjourney.com	A B C . 11.5. Sweetly invite most-hated coworker to come visit, then say, " Ha ha! Just kidding! " Roll around on the floor laughing for ten minutes
749	155220	CA	G	remonline.com	A B C just wait until you pay pay pay for every little thing the FLAT FEE ( ha ha) brokers are doing OR not doing... pay up front and then what
750	3366225	CA	B	charpo-canada.com	A B C ear of a major decision-maker, this could be where the buzz starts! ( Ha , that is what LA is made of. A city of dreams built on
751	5956	CA	G	finearts.uvic.ca	A B C and the first required reading. It answers most questions about the course. HA 234 A01 -- Encountering Renaissance Art HA 234 A01 # The course focuses on
752	557512	CA	G	kainagata.com	A B C is no problem only in my mind. Good for the humility.... Ha! Ha ! Ha! # I guess I was in that loop... # PAM said
753	285151	CA	G	...onwork.wordpress.com	A B C your window! # Oh, yes you can. Curtains! Ha!....... Ha , indeed. Big win. Now you're living in a cave of self-induced
754	519887	CA	G	250news.com	A B C # Posted by: Loki on November 15 2012 3:20 PM # bah ha ha ha ha ha. # Newspaper getting into radio. # That is so far from
755	149656	CA	G	oilersnation.com	A B C perfect pass onto the skate to the other side of the cage, ha ha ha , did nt look like a very hard shot either, there must be a
756	503932	CA	G	mazdas247.com	A B C one second. # I'm sorry For the most part i was being funny HA ! HA!! but I'm also sorry because no matter how easy you
757	3342665	CA	B	...sburger.blogspot.com	A B C happen. (Not that I'm calling anyone a tool: -) ha ha # Reminds me of how I felt trying to help a woman whose controller had
758	556750	CA	G	hockeyalberta.ca	A B C in your league or not, you are required to obtain a travel permit. HA reg 11.5 and 12.1.1. You must request the travel permit through your Association Permit
759	3382135	CA	B	...esteadingrealtor.com	A B C . Hubby says nope, we should be good, but thanks anyway. # HA ... we get to the end of their driveway and turn left onto the road
760	329791	CA	G	....theglobeandmail.com	A B C other. It just doesn't interest me that much. And, slowly, Ha !... I realized that if I really wanted to stick with that, I
761	209193	CA	G	...dianencyclopedia.com	A B C It is estimated, for example, that up to 5 t of soil per ha can be eroded from an unprotected plowed field in one year. This soil erosion
762	97192	CA	G	thetyee.ca	A B C guy paid to work with the poor, his last job was being a pastor HA HA HA... WOW.
763	416162	CA	G	ca.finance.yahoo.com	A B C (Yes, both Heath Ledger AND Jake Gyllenhall are twos!) # Ah ha ! Krysten Ritter - a relative newcomer to acting, who played Jesse Pinkman's
764	3382175	CA	B	...ejoshandechoblog.com	A B C , I go over some breathing with her, and cover the " Ha... Ha ... Ha " that I will ask her to do during crowning. # "
765	3380378	CA	B	...omethingshedated.com	A B C benched or ends up on the injured player's list. 1 Comment # Ha ! Awesome blog post, SSDated. And relevant, too -- " how to
766	596859	CA	G	nowtoronto.com	A B C with how his music gets described: " Like, yeah, I sampled The Ha Dance " -- a ballroom classic by Masters at Work -- " but I also
767	3336933	CA	B	batshite.com	A B C recommending only that I have a backup plan (advice I've roundly rejected -- HA !). The worst anyone's ever said to me is that perhaps writing
768	170060	CA	G	yarnharlot.ca	A B C you in all your Canadian-esque-ness. And they though " fibre " was bad! HA ! # Just one comment about the scale. I am a nurse, and
769	171863	CA	G	weworkforcheese.com	A B C guiding me to get a cat? # http: //www.shoot-me-now.com Katherine Murray # Ha ha you better watch out, you might end up with a wolf spider in your
770	327255	CA	G	mommyinthecloset.com	A B C me to go back to the store and get him some ACTUAL nair. # HA ! # In any case, my husband now looks like he has undergone chemo
771	3375266	CA	B	mommyinthecloset.com	A B C kids clothes that Brian never lets me look at when he goes with me. Ha ! Heaven.) # It wasn't long, however, until I checked
772	328067	CA	G	nrcan.gc.ca	A B C Nunavut are not inventoried. The total land and water areas amount to 242.5 million ha and 18.7 million ha respectively. For more information, see Canada's National Forest
773	53873	CA	G	...tsnotthatserious.net	A B C is responsible for other employee's pay and ultimately their livelihood. Sick days... ha ... he doesn't get any. Oh, and he had to lay out
774	30086	CA	G	library.utoronto.ca	A B C # To date, the yearly increment of farmland affected by salinization is about 180,000 ha . In general, slight salinization results in a 25 percent drop in productivity,
775	414720	CA	G	...andnow.wordpress.com	A B C that i think was called Bookers, Sorry the years have taken their toll Ha Ha ! # Hello! Must say the names posted here are not ringing any bells
776	464480	CA	G	...vinginagreenroom.com	A B C recalls that she snorted at this point, which I can not dispute. # Ha , no help here. I forgot this happened in town; for some reason
777	3382215	CA	B	themainmtl.com	A B C These drugs are prescribed to young kids who can't pay attention in school ( ha ha), people with narcolepsy, and given to pilots in the military.
778	747085	CA	G	eps.mcgill.ca	A B C decades old and demonstrably still live in popular culture and slang, to a ha ha only serious analogy with esoteric Tibetan Buddhism. Today's hackers would find it difficulty
779	697743	CA	G	....theglobeandmail.com	A B C Santa asking to become a handsome rock star when he grew up. Ha bloody ha . There is a lengthy bit wherein the 22 Minutes crew re-enact the 1985 Tears
780	402883	CA	G	oilersnation.com	A B C played so many years in the most competitive league. # Screw you Struds... ha .. You know I hate it when people call it the Mem Cup. It
781	328067	CA	G	nrcan.gc.ca	A B C . The total land and water areas amount to 242.5 million ha and 18.7 million ha respectively. For more information, see Canada's National Forest Inventory 2006 (http
782	3344316	CA	B	...ministfiguregirl.com	A B C always tell Insect Queen to head on over to the squat rack. Wa ha ha . # Fitbabe: Hi, ok, so it's bad trainers who raise
783	3353276	CA	B	pamheggie.com	A B C have really been magic. Lol. Aren't Van's curtains sweet? Ha ha . My mom had this bolt of fabric for oh about 40 years. Yards
784	3360755	CA	B	...rbancountrystyle.com	A B C while a few years ago -- worked at Marks and Spencers on Princes Street -- ha ! # Hi Fiona! I'm back in London now, after spending a
785	288782	CA	G	zero1magazine.com	A B C skating however... # Berlin was not so good for the skate, no, ha ha. I think for me, being in Berlin, and surrounded by so
786	108616	CA	G	weightymatters.ca	A B C issues helped me be able to stick with my new way of living.... # Ha ha! I agree with Harry. With food prices going up and up,
787	3339783	CA	B	...garini.wordpress.com	A B C of hip, highnote hearsay heard at this most harrowing hour in human history. Ha ! # 1982: Even then already widely regarded as The Man Who Just Would
788	790844	CA	G	...ogs.vancouversun.com	A B C the system. # the HA are laughing their asses off at these chumps. HA get these guys to do their dirty work for them, and their reword is
789	3359261	CA	B	thestar.blogs.com	A B C lot of money with one of the products of Colin Chapman's fertile mind. Ha ! Craig told me that the car scared him. They were testing at Harewood
790	243817	CA	G	...nvokedcogitation.com	A B C It is summer and the San Jose State semester has not started yet. # Ha ha, so this is not exactly " combat cameraman " footage, but it
791	519887	CA	G	250news.com	A B C ads. # Posted by: Loki on November 15 2012 3:20 PM # bah ha ha ha ha ha. # Newspaper getting into radio. # That is so
792	576053	CA	G	yelp.com	A B C do understand why the drop zone would be extra pay... or do I? Ha . I just want everything to be free, considering I am already paying the
793	140923	CA	G	avataq.qc.ca	A B C expensive. Real juice is out of the question for most people. Fruit? Ha !... The things people buy to put food in their stomachs include crap like
794	514064	CA	G	yarnharlot.ca	A B C 's not. And maybe, you just don't understand the kleenex art ( HA ! was that deliberate on the trademark name thing - should be tissue, right
795	350708	CA	G	excal.on.ca	A B C 's retarded! # Piratbox # March 31, 2011 at 5:08 PM # Ha ha , made you read. That's time you could have spent playing Call of
796	3342985	CA	B	digest.dx3canada.com	A B C to make people's lives better. Does that message fly with investors? # Ha . Not really. But smart investors have realized for a long time that happy
797	5956	CA	G	finearts.uvic.ca	A B C and Spring term sections: HA 323 A01 -- Byzantine History in Art HA 323 A01 # The course examines the formation and development of Byzantine art and architecture
798	3743533	CA	B	ezymagazines.com	A B C to a flu strain when our immune system learns to recognise key proteins, called HA and NA, on the surface of the flu virus. This can happen either
799	308545	CA	G	vickyloves.com	A B C 2012 year is shot so maybe i can promise to be good for 2013.. ha , who am i kidding!
800	780150	CA	G	...7.flyingomelette.com	A B C him with an arrow. Kenshiro arrives and kills the punk with the Ganzan Ryouzan Ha technique, but he is too late to save Taki, who dies in his
801	323980	CA	G	sync-blog.com	A B C one of the ET ships and to trips with it and others there instead. Ha ha ha if true. # I am old enough to appreciate the advances I
802	3749347	CA	B	blognostifier.com	A B C thanking me for allowing them to remove money from my credit card. " Ha ha , " I thought " I shall think no more of this while I continue
803	196309	CA	G	myedit.blogspot.com	A B C giggle like a school girl and see someone mix plaid into any conceivable outfit... ha . My' off' days consist of my pj's which I haven't
804	215776	CA	G	smalldeadanimals.com	A B C it being hard to disguise the cloven goat-hooves of Ba'al, you understand, ah ha ha). # Metaphorically, unfortunately, it's more true than funny.
805	190767	CA	G	...dianencyclopedia.com	A B C mining. Of a total area of 1.01 billion ha, fewer than 0.4 million ha (less than half the size of PEI), are used for mining.
806	288849	CA	G	veliborbozovic.com	A B C Book Critics Circle Award. # I could laugh at myself (ha ha ha ha ha ha!) for being stupid enough to have ever embarked upon a journey
807	776193	CA	G	tribemagazine.com	A B C understand when or why or how everyone became so obsessed with panty lines.! # ha # I wear my regular la senza/victoria secret type undies under my yoga-style wear.
808	3379166	CA	B	rodpedersen.com	A B C n't understand how 5 players can't block 3 players, again PATHETIC. # HA HA HA!!! The idiot patrol is out in full force again with
809	604257	CA	G	saltyrunning.com	A B C the First Time at a Running Store! High Five!!! " # Ha ha -- I had the complete opposite experience. I was so excited to go
810	3360747	CA	B	...iuminvestingnews.com	A B C geochemical surveys in British Columbia. Lying in the Monashee Mountain Range and totalling 2173 ha , the Donna Gold Property lies centrally within one of the largest clusters of anomalous
811	3371192	CA	B	hellbeasts.com	A B C 's tunnel of love and your raping rod will be ripped to ribbons ha ha ha . And i would install this device in my dungeon, but mine you would
812	3368757	CA	B	emmabrooks.ca	A B C in achieving my initial goal. I think I was just going for the " ha ! ha! look at how bright-eyed and starry eyed she used to be.
813	3352442	CA	B	...nsights.blogspot.com	A B C move money to political friends. # Where is the mainstream media? Ha ha ha , they are busy glad handing these projects in hope that some of the taxpayer
814	634806	CA	G	...m.skyscraperpage.com	A B C to go into details cause on SSP i'll get nailed cause i'm outnumberd ha ha ha. unwise decision... but i know you are an original albertan,
815	3361276	CA	B	vreaa.wordpress.com	A B C Chinese buyers. Those suckers will buy anything with an Eight!! Ha Ha Ha Ha. Too damn funny. Glad I am Italian. # The thing is
816	85967	CA	G	indeed.com	A B C of this day of testing, telling me I will never make it and ha ha welcome to factory life, etc trying to discourage me. I is not working
817	3346153	CA	B	hap.ubc.ca	A B C , in 1960 The Irvine Company sold the University of California 1,000 acres (400 ha ) of land for one dollar to establish a new campus. The University purchased
818	719111	CA	G	fitinheels.com	A B C try to focus in on other areas of my life or hobbies (usually food ha ). Email me anytime if you are feeling down!!!! #
819	173111	CA	G	...thedark.blogspot.com	A B C ignoring Sun Media. # THAT'S IT! You're a closet Conservative! HA ! The current CPC is an insult to conservatives. It is overrun by Reform
820	3346465	CA	B	...madness.blogspot.com	A B C timeline. Still though.... I was hoping DN was right. # Temujin: Ha ! It is supposed to translate into the Russian Continental Hockey League! Damned Google
821	5956	CA	G	finearts.uvic.ca	A B C develop subject matter and styles that influence their contemporaries in Turkey and India. HA 358 A01 -- Islam and Asia HA 358 A01 # This course will examine
822	305532	CA	G	thecombineforum.com	A B C ground that we seeded tillage radish on this summer. Bought vertical tillage unit, HA Joker, did fantastic job on the pea stubble. Seed canola with planter again
823	42372	CA	G	omafra.gov.on.ca	A B C there are many possible options. # Table 3. Suggested Bird Control for 4 ha Vineyard # Bird Pressure # Equipment Suggested # Low # 2 propane-fired cannons + tanks
824	3359398	CA	B	thetfs.ca	A B C was all, " Oh weird. What? They put my name down? Ha ha ha, they thought I was you? Ha ha ha, that's
825	3363825	CA	B	...arbaramuirpaints.com	A B C logical thing to do would be to move it into the kitchen or LR...... ha ha. But instead, I have one of those oil heaters plugged in.
826	3348041	CA	B	john.foliot.ca	A B C . Images with Alt text # Ha ha ha ha ha ha ha ha ha ...... # Uh, none ARIA support # See comments re: Images with
827	515689	CA	G	yelp.ca	A B C bus and vicinity with their body odour!! Deodorant, people!! # Ha , on the flipside I can't stand people who over-scent and then get on
828	474620	CA	G	moviesonline.ca	A B C continue to describe it! # EvilCure # Jodiesohl , are u serious?.. ha , its plz like u &; other so called Critics, need 2sit down in
829	3348240	CA	B	...wiarton.blogspot.com	A B C exciting he is going forward, and hasn't even seen it himself yet... ha ! (I did tell him about it though *blush*) # I am tired
830	627928	CA	G	...yisthenewhealthy.com	A B C working away on that laundry) I went for a run. I hummed and ha d about if my hip could take it but remembered I could always walk home
831	195939	CA	G	craigmorrison.com	A B C ) (?) Free yourself when it hits you Got karate and jujitsu, ha ho! # 3) Feel my knees are getting' weak now Getting'
832	3377215	CA	B	...verheardatmcgill.com	A B C . The only girl waits for a break in the conversation Math Girl: " Ha , yeah. Yeah well that's just like something my friend told me once
833	333362	CA	G	ca.sports.yahoo.com	A B C # The KC Chiefs can not play winning football but hey they can dance, ha , ha, ha! They stink and don't care. This is not
834	287027	CA	G	ccbarlow.com	A B C . Not sure I want to get up and get dressed. " # " Ha ha! I can picture you. " # " I think I'll stay
835	605022	CA	G	apihtawikosisan.com	A B C almost DAILY basis is just so hard on the soul. JOBs ha ha ha ha . we were on welfare after our savings ran out. But us and welfare
836	3382317	CA	B	themomoirproject.com	A B C for excersise. It just took me a few years to figure it out! Ha
837	3359307	CA	B	thestar.blogs.com	A B C the team long term. Hopefully he changes his attitude and work ethic. # Ha ! Gread ad, Doug; nice find by Perk! (And isn't
838	3753372	CA	B	...oactiveinvestors.com	A B C say, " He's had a Twinkie or two in his life! " HA ! So, add the changing customer tastes, higher commodity prices (like sugar
839	3379166	CA	B	rodpedersen.com	A B C how 5 players can't block 3 players, again PATHETIC. # HA HA HA !!! The idiot patrol is out in full force again with threats of
840	778290	CA	G	go-nyquest.com	A B C this is not the case. At the ripe old age of 25, ( ha !) I feel that I have so many other places to go and experiences
841	3337795	CA	B	...g.country.inmusic.ca	A B C popped up on my Facebook feed from Keech Rainwater of Lonestar with you. ( HA !) # Keech posted the photo, of the band aboard their morning flight
842	741009	CA	G	attictales.com	A B C plastic bag. The contaminated clothes would be thrown in said plastic bag and HA HA HA to the fleas because they wouldn't suspect a thing. # Vengeance was
843	3375396	CA	B	montrealvip.com	A B C whipped that he already refused strippers before The Bride even put in her 2 ( ha !) cents. If he needs advice on how to deal with the bride
844	5956	CA	G	finearts.uvic.ca	A B C one of 343B, 343. HA 351B A01 -- Painting in Iran HA 351B A01 # Painting in Iran celebrates one of the world's great literary traditions
845	230032	CA	G	...owtolivehappily.info	A B C and then imitating the breathing pattern of a real laugh: # Aaaaa! -- ha -- ha -- ha -- ha -- ha -- ha! # Try this.
846	3376658	CA	B	onabrighternote.ca	A B C packaging has the calorie count printed less than what they actually are, ha, ha )! I wrap everything in them and because of their super low carb content
847	604558	CA	G	...dianencyclopedia.com	A B C . During the 1994 fire season a total of 9763 fires burned almost 6 million ha and in 1995 7.25 million ha were burned. Fire-fighting costs reached $270 million in
848	3360182	CA	B	...spirit.wordpress.com	A B C it, these backward folk could hardly be expected to recognize quality entertainment. # Ha ! That may have been the misguided opinion of some in the " civilized "
849	215232	CA	G	fantasiafestival.com	A B C from the casting of a dream duo that results in a most captivating duel. Ha Jung-woo (THE CHASER) calmly inspires fear as he exudes the presence of a
850	3359398	CA	B	thetfs.ca	A B C all, " Oh weird. What? They put my name down? Ha ha ha, they thought I was you? Ha ha ha, that's so
851	3744426	CA	B	itsdilovely.com	A B C very different, but wouldn't you know it -- they all hurt. Ha ha . # They were also all inductions, with care transferred to our local hospital
852	3367519	CA	B	dearestsomeday.com	A B C a colour!.. yes, it took me this past entire month. ha ha !?? # What!? Wait.. these aren't pretty after pictures
853	3346443	CA	B	hippowise.com	A B C two of them. What the hell do you need two for? # David Ha # I know, I'm sorry. I bought an extra one for my
854	3345881	CA	B	...iecanuk.blogspot.com	A B C how copper wire was invented? Two Jews were fighting over a penny. Ha ha , I bet that went over big in Germany seventy or eighty years ago.
855	744877	CA	G	...olutely-attached.com	A B C time consuming and can be disheartening. We should commiserate off line, sometime. ha ha ha. # while i maybe getting ready to test those fishing waters again
856	3753671	CA	B	road2london2012.com	A B C Ok, so much for my second blog post happening after my first match, ha . I did write down thoughts each day, but didn't put them together
857	617359	CA	G	...ychclassics.yorku.ca	A B C taste. But if a doctor hears you describe it, and says: " Ha ! Now you know what heartburn is, " then it becomes a quality already
858	100706	CA	G	aheadoftheherd.com	A B C that are dreaming. Their search for the big car and the nice house. Ha ! Illusions I tell you brought onto their brain less minds by a media machine
859	770061	CA	G	torontogirlwest.com	A B C time to get honest about the last time you really went to the gym! HA !!! # I'm sure it's not really the truth but it
860	350708	CA	G	excal.on.ca	A B C it's retarded! # Piratbox # March 31, 2011 at 5:08 PM # Ha ha, made you read. That's time you could have spent playing Call
861	30086	CA	G	library.utoronto.ca	A B C Inner Mongolia, where land affected by salinization along the Yellow River increased by 10,000 ha per year between the 1960s and 1980s. The annual monetary cost of this salinization
862	229303	CA	G	ca.answers.yahoo.com	A B C and find him. # Dude I think you should commit suicide... ha ha ha Look at first i am gon na tell you that only by describing yourself you
863	3367523	CA	B	dearestsomeday.com	A B C get stuck in my driveway.. if I do, we are staying home! ha ha! # Jenny Morgan - Thanks very much for putting lots of thought into
864	3380856	CA	B	...ollerparkingonly.com	A B C . Which is mainly while we are cooking and everything is just fine. # Ha ! Our house alarm battery was almost dead about a week ago and since my
865	3338906	CA	B	blogs.canoe.ca	A B C now. # PaV thanks, every once in a while I'm right ha ha the thing is, if Melynk is selling the team, or even putting out
866	3376658	CA	B	onabrighternote.ca	A B C all their packaging has the calorie count printed less than what they actually are, ha , ha)! I wrap everything in them and because of their super low
867	3346499	CA	B	...oncepts.blogspot.com	A B C the " Big D "... because you know... Dallas... Big D... Ha ... 8/10 # Cleveland Browns Hockey Jersey (Brian B.) # This is quite
868	3370903	CA	B	...andlingwithgrace.com	A B C find funny about this is that the gomi chicks must have really boring lives. Ha ha I'm actually really glad that you told me aboutthis, because I wa
869	296757	CA	G	urbanspoon.com	A B C no problem! **29;6951;TOOLONG Sorry, we actually do nt have any actual gravy. Ha ! My entre, the seafood medley- composed of prawns, scallops, salmon/halibut chunks
870	783342	CA	G	...olitico.blogspot.com	A B C from holidays mid April. And boy, do I need to get away! HA ! Cam Guthrie # I have been asking Cam Guthrie since Jan 4th for some
871	3752141	CA	B	lilwayne.ca	A B C lady cop Ha Ha... she got me thinking I can date a cop Ha Ha ... cause her uniform pants are so tight She read me my rights She put
872	3373514	CA	B	...assenphotography.com	A B C I've made my choice and have the rug in place!:) # Ha ha, that cat looks like the stray cat that was hanging out on my
873	3747930	CA	B	...zmurlos.blogspot.com	A B C you go through it then have to do it again three hours later. " HA ! As much as it sucked to put it out there like that, it
874	455237	CA	G	ismaili.net	A B C and hermetics were practitioners of ascending through the seven spheres of the planets. Ah ha - another connection to the seven planets which are connected to the squares. You
875	402859	CA	G	science.uwaterloo.ca	A B C the equilibrium constant for the reaction: # A - + H 2 O = HA + OH - # can be written as # HA OH - K b =
876	3359398	CA	B	thetfs.ca	A B C , " Oh weird. What? They put my name down? Ha ha ha , they thought I was you? Ha ha ha, that's so crazy
877	539069	CA	G	...dicedoestheworld.com	A B C message with a stranger. # http: //twitter.com/nearafar Natalie T. # OMG! HA HA I love that at the end he just becomes incoherent. Was he a Newfie
878	604558	CA	G	...dianencyclopedia.com	A B C water) is almost 922 million ha, and of this total about 420 million ha is forest land. Of this, 235 million ha, or slightly more than
879	57476	CA	G	feathertale.com	A B C I'd rather drink my own urine, but thank you. # FT: Ha ! On that note, do you think humour is underdeveloped in poetry? #
880	3377588	CA	B	phac-aspc.gc.ca	A B C split virus and subunit vaccines, which are standardized to contain the same haemagglutinin ( HA ) content. The amount of neuraminidase in the vaccines is not standardized. There
881	3382639	CA	B	thescreeningroom.ca	A B C find yourself asking the question, " What the hell am I watching? " Ha , well, you haven't met Fang yet. Forget for a moment that
882	3752199	CA	B	longboardcalgary.com	A B C will also become a sign-can discover, this was your to control breath, ha ha , if conveniently buried my bone as for words that is free, certainly,
883	177191	CA	G	...usic.ghettosocks.com	A B C ) I'm laughing' cause they spelled that shit right on the cheque, ha . # I don't just shine, I eminate bright beams over girls you
884	3751341	CA	B	hiromigoto.com	A B C a womb of one's own, would it not? Hahahahahahahahaaaa! # ( Ha ! Agent Sally Harding just happened to send me a photo from the display case
885	149656	CA	G	oilersnation.com	A B C was a perfect pass onto the skate to the other side of the cage, ha ha ha, did nt look like a very hard shot either, there must
886	3744507	CA	B	jamessmith.ca	A B C attention and rightfully so, it is well priced compared to the neighbors. A Ha ! Be aware and do not get caught up in emotion. There is a
887	3346153	CA	B	hap.ubc.ca	A B C to establish a new campus. The University purchased an additional 510 acres (210 ha ) in 1964 for housing and commercial developments. Much of the land that was
888	158004	CA	G	growinghomeblog.com	A B C day! " So, what am I doing at the computer right now? ha ha Just needed a little break... and I was encouraged at least!?
889	580170	CA	G	blogs.thescore.com	A B C give the Jays the option to do some different things with their bench. # Ha !. Have an uncle visiting from Scotland so I took him to see James
890	3374788	CA	B	melanygallant.com	A B C his lessons and why they matter. Tweepwife recently posted.. More Than Enough # Ha ! The' he and I' and when to use' me' rule
891	3348041	CA	B	john.foliot.ca	A B C minutes even thinking about accessibility. Images with Alt text # Ha ha ha ha ha ha ha ha ha...... # Uh, none ARIA support # See
892	638277	CA	G	yarnharlot.ca	A B C I am definitely going to have to make it one of these days. # Ha ! I've got to get started! For winter fest. Everyone loves the
893	18753	CA	G	jtbourne.com	A B C is holding your man card and wont let you sign for it the weekend. HA HA! As far as Nabby and Howard are concerned, who do you think
894	778386	CA	G	yarnharlot.ca	A B C . But one lives in hope; there might be the odd convert. # Ha ! That is so awesome. I love the Graham Norton show, it always
895	189726	CA	G	birdingandmore.com	A B C big Red-tailed Hawk sitting in a tree on the west side of the road. Ha ha. Well of course I stopped and got a couple of shots before he
896	3358277	CA	B	thecurlingnews.com	A B C here; and Canwest author Al Cameron blogs his thoughts here (internet mouth-breathers: HA !). # Meanwhile, the Winnipeg Sun was the first out of the
897	350708	CA	G	excal.on.ca	A B C street. Lastly, since you think the middle east doesn't face rape ( ha ), I would like to cite a stat. (By the way,
898	187160	CA	G	ottawa.ca	A B C by 19%. Of 1,318 total farm operations in 2001, 769 were between 28 ha and 161 ha. The second-largest group, with 357 farms, were operations smaller
899	3381013	CA	B	svzoe.com	A B C ocean. From the hilltops surrounding the turquoise waters of the cove, Baja Ha Ha colors flew from a number of cruising boats that we would no doubt be getting
900	11788	CA	G	eatcleandiet.com	A B C Don't you think that will make a great Halloween costume this year?! Ha Ha:) # " So I am having a hard time balancing my schedule
901	58426	CA	G	corexsystem.com	A B C mmmmm... 10 years ago. Don't want to show my age, ha ha !) Actually though I feel better and look as good as I did 10
902	701566	CA	G	ceci.ca	A B C a result, the arable land area devoted to this crop is down by 50,000 ha , including 10,000 ha in Sugd province alone. # CECI is facing the following
903	547219	CA	G	yarnharlot.ca	A B C often but my brain likes it that I include it in the process. # Ha .... Welcome to my world! I'm a big fan of, " it
904	737657	CA	G	...imeshare-rentals.com	A B C Mountain and they announced, " You may get wet on this ride. " Ha ! YOU WILL GET SOAKED ON THIS RIDE!!! " - Thomas S
905	3348240	CA	B	...wiarton.blogspot.com	A B C my friend, Sheree, in Southampton. " Tag " you are IT! Ha ! # I got back home to do up a couple of things, take
906	699036	CA	G	edmontonsun.com	A B C , taking it one day at a time. # " She says' ha ha , I'm still here,' " said Heise, who was at the
907	92122	CA	G	torontolife.com	A B C they all save: # Lewis-Koonings: RRSPs and investments: $0. (" Ha ! We live month to month. When we have money left over, we
908	3382298	CA	B	themarknews.com	A B C real change there), your local police crew's knowledge of neighbourhood guns ( ha ! As if that registry is effective), the treatment you get while traveling
909	3368644	CA	B	ehmac.ca	A B C formatting will remain, but will still work - for most install stuff. # Ha ! I know, It's way more than I need. I'm thinking
910	3355192	CA	B	...rlizard.blogspot.com	A B C the interpreter. # " Becky Pang. What a name. " # " Ha , there you go, " said the interpreter. # " There you go
911	190284	CA	G	...dianencyclopedia.com	A B C 182 ha in mountainous regions of BC, 174 ha in Alberta, and 130 ha in plains areas of Saskatchewan. Using technology now available, coal can be mined
912	641783	CA	G	besthealthmag.ca	A B C featured on a Humour page rather than " Best Health "... Hydrogyn peroxide.... HA , still laughing about that one # Submitted by Kendini on Fri, 2011-11-11 4:03pm
913	217633	CA	G	...ngsandwanderings.com	A B C you saying, with a smile on our face, oh you little bitch -- ha ha). # Sadie and I woke through the night as we often do
914	589637	CA	G	...rontogp.blogspot.com	A B C the same shape you were before you stepped in the middle of the bridge - ha , that should have been put on the bridge. Thanks to the artist Eldon
915	3344834	CA	B	forums.gtrcanada.com	A B C the car in another 20 years and its still clean an not in a ditch ha ha. I will leave that to my mr2. # Again sorry for the
916	3371194	CA	B	hellbeasts.com	A B C know i need help, sitting and thinking the best way to inflict pain ha ha ha. # The manufacturers of methadone should in future put a warning on the
917	3377525	CA	B	petehatesmusic.com	A B C how did you know the gap was right for the band? # DM: Ha . No one really. It wasn't a deliberate thing at all. It
918	506485	CA	G	...innipegfreepress.com	A B C avoid having baseballs come in contact with my brain whenever possible. # " Ha ha ha! " Candace replied. " Don't worry. One of our staff
919	534764	CA	G	vancouvertrails.com	A B C night... long gone are the days where back-to-back events were " nothing ". HA ! # The folks on the trail were great. All were courteous when passing
920	3352395	CA	B	...ophones.blogspot.com	A B C you think Pauline and her PQ are really thinking about the little Qubcois first? Ha ... # So, putting all that aside, since they're all out to
921	3754116	CA	B	strocel.com	A B C as a professional writer, I signed up for PostADay on WordPress (ha ha ha ha ha) and I'm driving across the country with my two older children
922	3752614	CA	B	museinthevalley.com	A B C are asking you for help! What book are you reading now? # Ha ha too many. I am actually reading about 7 books right now. This
923	209193	CA	G	...dianencyclopedia.com	A B C pasture has remained stable. The size of the average farm has increased from 44 ha in 1951 to 119 ha in 1996, but owing to heavy investment in equipment
924	3359608	CA	B	theviewfromhere.ca	A B C never get what you want. There. I said it AGAIN. # Ah ha ! But what about the old adage it's better to ask for forgiveness than
925	3363825	CA	B	...arbaramuirpaints.com	A B C thing to do would be to move it into the kitchen or LR...... ha ha . But instead, I have one of those oil heaters plugged in. It
926	742266	CA	G	courseweb.uottawa.ca	A B C core protein to become part of a proteoglycan. Instead, proteoglycans indirectly bind to HA via special linker proteins, to form giant macromolecules. These hydrophilic macromolecules are particularly
927	140381	CA	G	twinbridgesphoto.com	A B C new photos for the Club's website. # Over the' course' ( ha , ha) of a few days, I gathered together photos of the greens
928	401822	CA	G	childrenstories.ca	A B C Sundays or to relieve the needy any day of the week. " # " Ha , ha, ha! " said the man in the chimney-corner, who,
929	3744003	CA	B	...envehicleexchange.ca	A B C You THINK he really W A N T S to get Osama? References: Ha .
930	51455	CA	G	seeyousoon.ca	A B C the ping pong ball and the very sad fish!? # Anonymous # Ha ha ha, all amazing sights! Makes you wonder if out over-the-top Western safety paranoia
931	3376288	CA	B	northernembassy.com	A B C they were dope. When are you going have some signature Superstar swag? # Ha , thanks for the support! Nothing too crazy in the works just yet,
932	723375	CA	G	...athfromabove1979.com	A B C island for about 12 people and played our last in the calgary saddledome for 12,000. ha ! what more could i have ever asked for? ive been in lots of
933	270532	CA	G	....theglobeandmail.com	A B C ##270532 Lessons for the first-time MPs # TU THANH HA # The Globe and Mail # Last updated Friday, Aug. 24 2012, 4:04
934	747085	CA	G	eps.mcgill.ca	A B C the Illuminati. See Religion in Appendix B, Church of the SubGenius, and ha ha only serious. # A program with the same approximate purpose as a kaleidoscope
935	68195	CA	G	library.utoronto.ca	A B C tonnes of industrial waste have accumulated over the past few years, occupying 54.5 thousand ha of land. 73 This is equivalent to 100 million tonnes of waste for every
936	495564	CA	G	daycarebear.ca	A B C , what is she going to take you to court over? Spoiled milk? Ha Ha! It's a shame that HER child has to suffer because of her
937	3743488	CA	B	etherwork.net	A B C that I really like this idea.) Cover the trays with a clean ( ha ! not for long) tea towel, followed by a large plastic grocery bag
938	246897	CA	G	...gislove.blogspot.com	A B C like B to email Justin what he makes and MAYBE he will make dinner! ha # My brag today is that even though I worked 14 hours on Tuesday and
939	296040	CA	G	reddeergrowboys.com	A B C 500-page book immediately after; he used words that I needed to look up! Ha ha... # Were you that student? Were you in that class? Do
940	230032	CA	G	...owtolivehappily.info	A B C : # Aaaaa! -- ha -- ha -- ha -- ha -- ha -- ha ! # Try this. After some practice it can trick your body into laughing
941	3362734	CA	B	agroforestry.info	A B C , Charlie manages over 3 million trees on six production areas spanning more than 450 ha in the East Kootenay, including areas under power line transmission right of ways and
942	3353276	CA	B	pamheggie.com	A B C must have really been magic. Lol. Aren't Van's curtains sweet? Ha ha. My mom had this bolt of fabric for oh about 40 years.
943	575348	CA	G	...hechronicleherald.ca	A B C the NDP would rather just throw money to Cooke because...??? 3 ha of land isn; t the point - they're doing this to give to
944	3349756	CA	B	...inthehealthylife.com	A B C and vodka to go please... And oh make that a skinny # Ha ha ha ! I'll take one of those drinks to go too please! Sounds like
945	3753415	CA	B	prowomanprolife.ca	A B C bodily organ) -- you are FOR ABORTION, not " choice ". # Ha ! Thats rich, pro-aborts. I was praying outside of a clinic during 40
946	3369406	CA	B	...nutesforfighting.com	A B C was a wonder this team wasn't relegated to the AHL. # JFJ: Ha ! The AHL, that's a good one, Burkie. Says the guy
947	3377365	CA	B	...assionfoundation.org	A B C and Jade stated she thought I played too much... too many strategic moves... ha !) We talked about what has been going on since the last time I
948	3366293	CA	B	chickadvisor.com	A B C I figure anything sounds good coming from him. # Message #9: Ha ha ha ? At first, I thought this was funny. Then I visited his page
949	778898	CA	G	courtneysummers.ca	A B C for whatever people had to say about Parker Fadley and her bitchy disposition. # Ha ha ha! # I don't think you can ever truly be prepared to
950	3743325	CA	B	...sewives.blogspot.com	A B C me in? Or do I have to Google it myself? # Ha, ha , just doing my Professional Journalist impression. You can be a reporter, too
951	3366535	CA	B	cknw.com	A B C and New Years, and just can't hold it that long. # WilliamS3961 Ha Ha! They will get that hot potato tossed back by the professional potato handlers
952	3743018	CA	B	crossfitwhistler.ca	A B C moving. I also have at my disposal some power drills and stud finders ( ha ) if need be CB # In regards to the CF Kids, CF Squamish
953	326462	CA	G	ats-sea.agr.gc.ca	A B C improved by 6.5 percent per year from 15.8 tons/ ha in 2006 to 20.3 tons/ ha in 2010. Yield was highest for Cavendish at about 58 tons/ ha in 2010
954	121416	CA	G	canadavisa.com	A B C either this week or next and let you know how it goes this time ( ha ) will check everything before I pack it this time!! And I will
955	5956	CA	G	finearts.uvic.ca	A B C HA332A (a version of former HA337) and HA332B, Bollywood Global. HA 343B A01 -- The 18th Century in Northern Europe HA 343B A01 # A
956	8634	CA	G	gaslight.mtroyal.ca	A B C . Like an ostrich, as you say. Ho, ho! ha! ha ! like an ostrich! It is, indeed; too much. Tell me
957	3352356	CA	B	...inecountrynetwork.ca	A B C .. they think it's gross.. their opinions change every decade they age.. ha my son is nearly 30 and a boy at a store called him sir the
958	158004	CA	G	growinghomeblog.com	A B C ! " So, what am I doing at the computer right now? ha ha Just needed a little break... and I was encouraged at least!? God
959	230032	CA	G	...owtolivehappily.info	A B C real laugh: # Aaaaa! -- ha -- ha -- ha -- ha -- ha -- ha! # Try this. After some practice it can trick your body
960	3338866	CA	B	blogs.canoe.ca	A B C evil hypocrites. # Now for deap. Jobs, jobs, jobs! ha ha ha! Famous quote from our own prime hypocrite. After calling the last budget
961	3381870	CA	B	thecord.ca	A B C to. # Stephanie Truong, Graphics Editor # And weighing in at... ( ha , like I'd tell you) pounds, the heavyweight champion, STEPHANIE TRUONG
962	494536	CA	G	carlaanne.com	A B C erased. Any morality that exists, exists because of God. # HA HA HA I " luckily " find this (yay google) I just wanted to say
963	3753336	CA	B	...opcultureinsider.com	A B C to make it our official Thanksgiving wish. Now you HAVE to tell us. HA !
964	749291	CA	G	dwayneali.com	A B C remembered as the site of the worst nuclear disaster in history. " # .... Ha . Me thinks they have little appreciation for just how much humans like to break
965	55396	CA	G	pinkbike.com	A B C , of course it's your last run when you can't ride anymore... ha ha. But there's a huge increase in crashes at the end of the
966	3359123	CA	B	thescope.ca	A B C !!! (do you hate that one too?) ha ha ha ha just kidding. # Having a friendly cashier that makes small talk is one thing
967	3744056	CA	B	...yisthenewhealthy.com	A B C 'll get back down. " (or something roughly along those lines) # Ha . # There was a time in my life where I spun every day.
968	3752834	CA	B	...ancouverpolitics.com	A B C slate' even though they argue till blue in the face there isn't. HA !... and like the arrogant Libs don't give away your tax dollars to
969	734740	CA	G	gaslight.mtroyal.ca	A B C : " St. George! St. George! " # " Ha! messire; ha ! sweet Saint, grant us good deliverance! " # " St. George for
970	42372	CA	G	omafra.gov.on.ca	A B C and sunset when birds feed. # Operate no more than one unit per 2 ha (5 acres), unless it is absolutely necessary. # Avoid operating near
971	614341	CA	G	ngb.chebucto.org	A B C injured in their possessions they could obtain immediate aid by crying Ha! Ro, Ha ! Ro, a l'aide, mon prince, on me fait tort. This
972	30086	CA	G	library.utoronto.ca	A B C Beijing. Construction in the Beijing area caused a decline in total farmland from 531,000 ha in the early 1950s, to 419,000 ha by the late 1980s. With no
973	27479	CA	G	sweetsalty.com	A B C away, if you're patient enough and willing to wait out the ocean. Ha . # I am beginning to accept and almost revel in the sweep of ebb
974	525463	CA	G	polarbearalley.com	A B C must have been wrong about that -- I have some discrepancies on here occasionally... ha . # But at the same time people enjoyed this day with a little vivacious
975	605233	CA	G	tripadvisor.ca	A B C and beluga whale show but apart from that felt there was nothing else. They ha a few penguins but after penguins at the Calgary zoo this was not impressive!
976	3749502	CA	B	bulletnewsniagara.ca	A B C the 16 th ranked offence... anything can happen when you BILL-IEVE!!! HA ! In all seriousness though, Bills QB and Harvard graduate Ryan Fitzpatrick just has
977	148397	CA	G	michaelgeist.ca	A B C firmly on the political agenda. Right now our " representatives " (ha, ha !) can get away with this because only a small group cares. #
978	3364405	CA	B	blog.govegan.net	A B C ... you go ahead with that. I'll fly down and meet you. Ha ha. # So Gerry left about 6 days before me and rode his Harley
979	674962	CA	G	wienerdogs.org	A B C you want to have a peek at the full image, here ya go. Ha Ha, a Dachsdund made out of squash! # I've often wondered if
980	71711	CA	G	...alaffairs.alberta.ca	A B C acres (143,532 ha), have a total area of 1,622,630 acres (656,669 ha ). All but two of the smallest reserves are occupied.
981	328067	CA	G	nrcan.gc.ca	A B C due to forest fires in 2010. # In 2009, an estimated 386 840 ha were planted with 578 million seedlings, and 15 978 ha were seeded. #
982	708548	CA	G	laurenoutloud.com	A B C wasn't me, unless that gif included a hilarious spill at the end. HA ! Lauren takes a tumble... now I kind of wish it did. #
983	3345162	CA	B	gailvazoxlade.com	A B C at vending machine buy the ones for.50 with older dates on them. Ha Ha # I agree with you Gail on this! I hate bank fees. This
984	3342114	CA	B	cottagelife.com	A B C and usage.... # Michelle Kelly # Jul. 26, 2012 # 3:19 pm # ha ! # cookes123 # Jul. 26, 2012 # 8:42 am # Not many stores
985	3362932	CA	B	alimartell.com	A B C gon na punch that Paulie Bleaker in the weiner next time I see him " HA HA HA!!! Threw my votes in for you as well. Good
986	255841	CA	G	...tictory.blogspot.com	A B C , May 5, 2011 Now That We Have A Majority... # Ha Ha Ha, we fooled Canadians and have squeezed out a majority government! Now we
987	3365752	CA	B	...arameleggpudding.com	A B C short ribs were melt-in-your-mouth tend er. On a side note, w e did ha ve to pack most of the shortrib to go in order t o save room
988	628226	CA	G	holleygill.com	A B C and Paris in your pics -- the magic is all in the details. # Ha ha this is so funny, I was just biking around Old Montreal this morning
989	3743615	CA	B	fisherpricemoms.ca	A B C see in the photo below, these mats captured 100% of my kids attention! Ha ! # Can you believe I only touched on the services and programs offered?
990	3377713	CA	B	pinkbike.com	A B C others nothing. # With the offset hardware, the amount of BB drop and HA change depends on your leverage ratio and also on the diameter of the bolt that
991	131555	CA	G	yarnharlot.ca	A B C hope you read this comment and know how you touched my heart. # bwa ha ha ha ha!!! ahhhh... welcome to my' Cardigan for Arwen
992	158004	CA	G	growinghomeblog.com	A B C ! " So, what am I doing at the computer right now? ha ha Just needed a little break... and I was encouraged at least!? God
993	408213	CA	G	scq.ubc.ca	A B C ), and to enhance hair colour restoration (HairSite 2002). Furthermore, HA forms a gel-like shield directly on the hair follicles (HairSite 2002 which can protect
994	155220	CA	G	remonline.com	A B C wait until you pay pay pay for every little thing the FLAT FEE (ha ha ) brokers are doing OR not doing... pay up front and then what?
995	106032	CA	G	thetyee.ca	A B C Viagra? All that hard, rigid metal ejaculating hot lead. Colin # Ha ! Sleepswithangels you are a one trick pony. Thank you for proving my previous
996	3364405	CA	B	blog.govegan.net	A B C but then the Key Lime Pie arrived and I managed to push through. Ha ha . # By day 3 I was so grumpy and I was whining about the
997	71711	CA	G	...alaffairs.alberta.ca	A B C acres (809,717 ha) of privately held land, 1.5 million acres (607,287 ha ) of crown land and 1.5 million acres (607,287 ha) of tax recovery
998	773279	CA	G	...dianencyclopedia.com	A B C called for a government subsidy of $25 million and 25 million acres (10 million ha ) of land, and on 2 occasions, in 1884 and 1885, he
999	3362932	CA	B	alimartell.com	A B C punch that Paulie Bleaker in the weiner next time I see him " HA HA HA !!! Threw my votes in for you as well. Good luck!
1000	3382215	CA	B	themainmtl.com	A B C fuck together. Trust me, you'll either not want to drink (ha ha ), or drink in moderation for the rest of the week. Ahhhh,
