1	28408	GB	G	sunnipath.com	A B C # I am with you two Musa and Harun, hearing and seeing (Ta Ha 20: 46). Surely you are before Our eyes (al-Tur 52:
2	416596	GB	G	thequietus.com	A B C did you even play it to anyone? # WB: No! Ha ha ha ! Well, we had it playing all the time where we lived but no
3	1462806	GB	G	limecanvas.com	A B C thing to hang over the bed!!! What do you think?.... HA !! # http: **32;1585;TOOLONG Meg O'Sullivan # Just looked down the short list
4	621191	GB	G	denofgeek.com	A B C earth. And how do we know it is out to destroy us? # ha ... i had most of these questions... particularly why david did it and why
5	3032346	GB	B	laptopmillionaire.tv	A B C # ========== Re: Ten Tips To Boost Happiness # " Muchas gracias Mark Me ha encantado el boletin. Un fuerte abrazo. " # -- Ana Mara Saez #
6	3902	GB	G	holymoly.com	A B C The Wanted has already started mouthing off about how they're the credible ones. Ha ha ha ha ha ha. # In case you can't tell them apart
7	3699179	GB	B	le-grove.co.uk	A B C " " Going out of Europe " We know what you are " Ha ha ha ha ha ha. Isn't it funny that no matter for all the trophies
8	726246	GB	G	uk.answers.yahoo.com	A B C Other Answers (2) # Oats are good for getting you moving ha ha or cenacot are good the next mooring you will be all good keep drinking water
9	528388	GB	G	thesixthaxis.com	A B C drivers for that matter! i will try to slow down for the corners WHA HA HA.; D # Not at all mate, more the merrier, it
10	3123226	GB	B	...lattestrikesback.com	A B C the future but I think I need to recover from this one first, ha ha ! # Aaaagghhh I read that with SO much painful familiarity!! I remember
11	3074329	GB	B	countingcats.com	A B C That's down to shooting birds as kids. You learn deflectiion shooting. # Ha ! NickM, I remember that short story about the rugby player whose intuition meant
12	3059250	GB	B	7amkickoff.com	A B C HA HA! LIVERPOOL " which I won't be covering because, seriously, HA HA LIVERPOOL! # The Telegraph's data shows that Arsenal spent 131.2m on player
13	96982	GB	G	bbc.co.uk	A B C today but Lawell squirming. " We don't need Rangers' ", ha ha ha. We die - you die, Scottish football as no rank. the
14	3130243	GB	B	...afteryesterday.co.uk	A B C with you on Sainsburys.... http: **35;4232;TOOLONG... We can compare notes. # Ha ha! I know, it all got a bit sweary! They drove me
15	1454246	GB	G	guardian.co.uk	A B C of the benefits pie. Long live the Tory party ha ha ha ha ha ha ha ha ha ha haaaaagghhhhhhh. # Mr Brown possibly still thinks that he is
16	3026063	GB	B	...angout.altsounds.com	A B C know the answer! # A slower approach now with' Come Home', ha , actually perhaps this was the answer to' An Ultimatum'? Either way
17	787060	GB	G	guardian.co.uk	A B C lots of other people pointing at them, saying, " Ha! Numbers! Ha ha ha ha ha! Well we got numbers too! 99%! 53%!
18	785225	GB	G	nufcblog.com	A B C get off lightly. The Liverpool section is worth reading though -- very true, ha ha. # Wow this seems like the first blog in ages Ed has written
19	397335	GB	G	vice.com	A B C , you didn't think to take a picture of your own jacket? Ha ha , no. And I'm not actually a club photographer. The fanzine I
20	455963	GB	G	mumsnet.com	A B C I went to great lengths to deceive him, or if it was genuine ( ha !) so I'd caution you that once you make a big issue of
21	3065265	GB	B	bbc.co.uk	A B C us can face without illegal chemicals in our systems... # **35;510;TOOLONG # Ha, ha - you are a WUM. By the way, not all recreational drug users
22	172093	GB	G	telegraph.co.uk	A B C heaving laugh.' The old refrain was, is it something I said? Ha , ha, ha! Well, maybe it was.' # Scorsese was
23	635807	GB	G	mumsnet.com	A B C an idiot. tell her to fuck off. # Anyone can live in a HA house if they are entitled to one. As long as its clean and tidy
24	3072336	GB	B	clarehanbury.com	A B C managing' children and child development, I thought it would be a breeze. Ha ! No one parent's journey is the same as another but (if they
25	3029153	GB	B	...rationalguidance.com	A B C herself walking onto the ship's deck. The weather was perfect, hot wit ha hint of breeze. She stood on deck as the ship left the dock and
26	666805	GB	G	dailymail.co.uk	A B C ? t get any treatment as they say there is NOTHING WRONG you are 100% ha ha??. Next injury? you suffer the same ping-pong--- then they say
27	3024475	GB	B	...ootballnewsdaily.com	A B C so i cant have a say on that but obviously if your being stupid messi ha ha # GFN: Who is better, you or Elliott? # Mate do
28	3043891	GB	B	...ghindia.blogspot.com	A B C and hope that tan's developing nicely- going to have to change your poem slightly ha ! Anyway take lots of photos and enjoy yourself! # Was so nice to
29	547931	GB	G	terrahawks.org	A B C chance at least some of them will have great misfortunes in their lives, ha ha ! I bet all the morons are just jealous because they will never be as
30	3065276	GB	B	bbc.co.uk	A B C foolishly confident that senior British bankers would run to support such a measure. ( Ha ha!) Mr Brown probably now regrets being so soft and malleable with bankers
31	635015	GB	G	bbc.co.uk	A B C ppl on their gramma should know its not the're its " they're " ha they shouldnt try and correct ppl if they themselves have no idea what theyre talking
32	55745	GB	G	dailymail.co.uk	A B C He was gorgeous and sexy. You say he has sold more albums- almost ha ha ha, WRONG, Michael has sold 800 million to 1 billion approx, Justin
33	447283	GB	G	...lackett.blogspot.com	A B C would make him laugh, and his reply was " Wuthering Heights? " - ha ! To be fair that is usually it! # I'm going to sign
34	281905	GB	G	casebook.org	A B C all the time. I watch them looking for me an it gives me fits ha ha I love my work an I shant stop until I get buckled and even
35	177392	GB	G	wikifestivals.com	A B C and guys!) and add to this VERY IMPORTANT discussion (no seriously, ha ha I really do think this is a major issue for us women, I
36	3033488	GB	B	live4liverpool.com	A B C for them put your money where your mouth is. # ha ha ha ha ha !! You have one maybe two players who could possibly get into the Utd
37	3109083	GB	B	newsnetscotland.com	A B C of the Union is inevitable.' English will bomb our airports'. Ha Ha Ha, desperate stuff. These are our neighbours??? # This the
38	3118597	GB	B	recoveryourlife.com	A B C got so many holes in it *flutters eyelashes* SILENTLY???!!! ha ... I'LL POSITION THE COVERS SO HE GETS FULL BLAST OF GOODNESS lol....
39	65650	GB	G	...iberalconspiracy.org	A B C as good a way as any to make an arse of yourself.' # Ha ! # I love telling people a television should be called a telescope, but
40	603088	GB	G	hat4uk.wordpress.com	A B C solf' french fries' in Germany they call them Pomme fritts or something. Ha hahahaha McDonald's own London. The finale will show the queen eating a big
41	3019324	GB	B	en.mercopress.com	A B C . # As for some sort of vote... ha, ha, ha, ha ..... no one cares less man other than you RG's. # 58 Still
42	44767	GB	G	jamieoliver.com	A B C little disappointed with the results if I am totally honest.... " # ---------------- # Ha ! Funniest post ever. You've got some gall complaining about the results of
43	276708	GB	G	...omepage.ntlworld.com	A B C tastes like let alone how to spell it I T ha ha ha I T ha what use are you? I T ha ha ha your life descends on it
44	573132	GB	G	thequietus.com	A B C running slightly out of sync after getting bitten by a rattlesnake. # PG: Ha ha ha. Yeah. # So we've only been talking for a short
45	201963	GB	G	thisisplymouth.co.uk	A B C gives us stick for saying how we feel about argiggle as you call them ha ha , thats true at mo! we are not all blind or stupid enough to
46	1460662	GB	G	islamicawakening.com	A B C on him) said: # Some of the scholars said that tahassus with letter HA ,? snoopingT means listening to other peopleTs conversations, and tajassus with letter JEEM
47	96473	GB	G	huffingtonpost.co.uk	A B C be powered by?... Human methane collected from the seats?........ Ha ha ha . Anyway, who wants to fly in a transparent airliner?..... how would
48	633617	GB	G	...tsyvret.blogspot.com	A B C will be fine and dandy and buried for good. # Graham Power sing... ha ha, watch him act out his final very very highly paid role, then
49	617278	GB	G	...igrantsrights.org.uk	A B C comments above " why do nt you make your own countries like england " ha ha how did england get where it is today? by invading nearly every country on
50	70247	GB	G	thisisbristol.co.uk	A B C are funded entirely by the firms we regulate.'' 6. Ha ha ha ha ha:'' We are an open and transparent organisation and provide full
51	1435762	GB	G	bbc.co.uk	A B C 94. # hahahahahahahahaha, enjoy failure and misery brummies, all your best ( ha ) players are leaving, your manager has been found out to be alex fergusons
52	3075872	GB	B	...ngwithcrocodiles.com	A B C (Just by the by what colour would the knuckles of black people be? ha ha just clenched my fists to see if they change colour and the answer is
53	689479	GB	G	guardian.co.uk	A B C increasing unemployment and stalling growth -- are all riding into town at once. Ah ha , say those who think they are wise to the feints of politicians. Such
54	535167	GB	G	cosmopolitan.co.uk	A B C cum it was all over the bed n down my legs n he said lol ha ha i have got a condom on. i did nt have the feeling of
55	1424500	GB	G	money-watch.co.uk	A B C time I'm gettiing a Simon Says to amuse them with the bleeps # Ha ha just got off phone with not just the agent Tyler; but even the Senior
56	3702385	GB	B	rillyroos.com	A B C ones up!! We all know what fun waking teenagers is.. mwah ha ha ha. 1 even asked if we were really going to the dentist, or
57	371091	GB	G	dailymail.co.uk	A B C news of the Her Majesty and her family. Long may she reign. # Ha ha I see the fawners have complaied about my comment. I don't like
58	386283	GB	G	amazon.co.uk	A B C # While reading " The Other Side of Sadness " I had many' a ha ' moments were the author's explanation helped congeal my incomplete ideas. My Father
59	338267	GB	G	synapses.co.uk	A B C antigenic drifting and shifting, a new type A had evolved with completely different looking HA and NA. It was called H2N2 and it ran its course killing thousands of
60	3695976	GB	B	etf2l.org	A B C ? The maps are Gullywash, Badlands and potentially Granary decider... # K: Ha ! It was your Gullywash! Gullywash: it's the worst map of BFF
61	718585	GB	G	inthepowderroom.com	A B C for. I love brutal honesty in a friend:) # Farrah: HA ! This is the same woman that I called over to examine the back of
62	3140260	GB	B	tottenhamhotspurs.tv	A B C nasty chavs duffed up by the mighty WBA. Chelsea denied an obvious penalty ( ha , ha) I wonder what spurious complaint they will make about the ref this
63	500291	GB	G	...leeast.blogs.cnn.com	A B C Sorry, Just Kidding!!!! # ah ha ha ha ha ha ha !!!!! # linda herzberg # November 11th, 2010 11:54 am
64	1453552	GB	G	...reatdaneowners.co.uk	A B C funny... ok maybe a had to be there moment lol xxx # Ha ha ha ...... that happened to Michael too but not on the beach- he was sat munching
65	3113507	GB	B	...niesandpolaroids.com	A B C their babes and I have barely left a 1 mile radius of my house. ha ha. Good for them. We've got all that good stuff to come
66	3148287	GB	B	...politicalbetting.com	A B C a chance, even if it likely won't work. # AnneJGP # Ha ha ! That Guardian link has a photo of Metropolitan Police officers -- only place not
67	3015366	GB	B	crave.cnet.co.uk	A B C apple " like company and NO one could have built any cars or trucks Ha Ha Crosswhite 27 August, 2012 12:52 # If you watch the keynote of the
68	3031455	GB	B	...gtonpob.blogspot.com	A B C nearly 5,000 per sqm; 81 Black Prince Road would build 101 units on 0.08 ha , a density of about 1260 per ha; and Vauxhall Sky Gardens puts 239
69	37887	GB	G	80sactual.com	A B C 'm close to the edge I'm trying not to lose my head Uh huh ha ha ha It's like a jungle sometimes It makes me wonder how I keep
70	559782	GB	G	friedgold.co.uk	A B C A-cup'! " # Tim has been reading Daisy's diary, " Ha ha ; thrush. " # Twist says that the woman working in her corner shop
71	1416291	GB	G	...logs.spectator.co.uk	A B C public. They will still think they have a " Game Changer " (ha ha ) which will miraculously turn things around and ensure that the comrades are vindicated in
72	3027002	GB	B	heyuguys.co.uk	A B C . # catherinedove # Oh my goodness Heaven's NO -- why would it, Ha ! I've never read Harry Potter or read the books, but I've
73	62241	GB	G	guardian.co.uk	A B C losses " haemorrhoids Hague, The # always cap up the The ha ha # laughter; ha-ha concealed ditch in a garden or park hairbrush,
74	209751	GB	G	dailymail.co.uk	A B C I could afford them syndrome??????? Ha ha ha ha is because I can not stop laughing at your utter nonsense anyway some of us
75	3083389	GB	B	f1fanatic.co.uk	A B C I'm sure someone is likely to respond to this with the usual " ah ha HA! BUT what you're forgetting is that there is a DRIVERS' championship
76	448623	GB	G	...landeastriding.co.uk	A B C you can meet your " young nephews " and buy them drinks and little presents.ha ha ha ha ha ha ha ha ha ha ha My
77	440857	GB	G	...parkin.wordpress.com	A B C I was able to skim read the third due to all the repetition. # Ha ha ha! You have no idea how much this has made me smile --
78	3085303	GB	B	fitbathatba.com	A B C demonic front line. Later that year Rangers were demoted to the Third Division. Ha aha ahaa haha # John Terryble is renowned throughout football ghost land as being'
79	242193	GB	G	stargazerslounge.com	A B C NEQ-6 Pro and consider myself reasonably intelegent but on polar aligning i find that the HA in the reticule does'nt line up correctly. # I've been through all the
80	3028381	GB	B	...arsenal.arseblog.com	A B C back into it on Wednesday against Schalke, who beat Dortmund 2-0 this weekend. Ha ha ha. Then again, looking at the recent form of opponents clearly means
81	395656	GB	G	baggagereclaim.co.uk	A B C 'll soon reap the rewards. # Have we been reading the same books? ha ha. I know so much about sociopaths, narcissists and the likes. I
82	286712	GB	G	...rtilityfriends.co.uk	A B C c rap! # So had my mid cycle scan today n was told i ha quite a few follies but they were around 6-7m in size n I ws at
83	66631	GB	G	hurryupharry.org	A B C 4:07 pm # Jabari was one of the most moderate Al Qassem leaders # Aha ha ha ha ha ha ha ha! # Discredited Andrew # 14 November 2012,
84	448623	GB	G	...landeastriding.co.uk	A B C ha ha ha ha ha ha ha ha ha Never mind auntie Slammmer, it's your big night out tonight at Fuel
85	3699179	GB	B	le-grove.co.uk	A B C aaaarrrrrre " " Going out of Europe " We know what you are " Ha ha ha ha ha ha. Isn't it funny that no matter for all the
86	369243	GB	G	anxietynomore.co.uk	A B C magic pills and I have been also told I will be this way forever! Ha ! Boy were they wrong! Trust me, this is just a small point
87	3121156	GB	B	scouseveg.co.uk	A B C . # SIMON and... *ahem* wow... that is quite hot! # NIKI Ha ! Ha! Ha! # SIMON What is the spice in this? Is
88	1417109	GB	G	capreform.eu	A B C HvR-II, this would put a floor of 75% of the EU average payment per ha for member states. The beneficiaries are the three Baltic states, all of which
89	372003	GB	G	guardian.co.uk	A B C and they have paid a ha'penny to attend a freak-show, saying: " Ha ha ha. Look at the hairy lady -- just like Julia Roberts that time she
90	713204	GB	G	labourlist.org	A B C KonradBaxter # " Nazism? Yes, indeed. " # Ha ha ha ha ha ha. # Or as the kids say ROFL. # AnotherOldBoy # " Team
91	3015338	GB	B	crave.cnet.co.uk	A B C limited to the amount of people it will actually be able to limit. # Ha ! anonymous 9 November, 2012 23:32 # Even if Microsoft were stupid enough
92	3029006	GB	B	inrng.com	A B C the core and which exists today as BMC. Food for thought. # Ha ha ha. BMC.... Jim Ochowhiz and Andy Riis.... of course questions must arise
93	1428669	GB	G	...publikofmancunia.com	A B C to say the FA are bitter, and our neighbors are more bitter still. Ha ha ha ha hh; hhhaaa says I. We have a title to win and
94	3001296	GB	B	...utdoors.blogspot.com	A B C and feel free to direct anyone supplying Rohan Ethers for test in my direction ( ha !). Martin # Thanks Martin, Give me a shout when you feel
95	483625	GB	G	...uroscience.cam.ac.uk	A B C time taken to choose to look at a visual target - the saccadic latency - ha ... # Dr Isabel Clare My background as a clinical and forensic psychologist is reflected
96	721117	GB	G	m.holymoly.com	A B C you just found out your fans are extremely rich obsessive completists? # " Ha ha . You know, I am Madonna! All the other artists around have certainly
97	3049967	GB	B	...thinkingforgirls.com	A B C very well but what about this tiny error you have made in your formatting? Ha . Gotcha! # We did that in 1985 We did time and motions in
98	3059768	GB	B	aclfarsenal.co.uk	A B C a mob mentality which has become quite apparent to me. Arsenal fundamentalists. Ha Ha . # I think I was right about dexter, the gap between his Utopian
99	800841	GB	G	gsma.com	A B C also to capture more opportunities in new sectors through open collaboration with partners. Mr. Ha brings to SK Telecom more than 28 years of management experience at SK Group.
100	3097423	GB	B	jesusandmo.net	A B C god is something each individual has to decide for himself. " # Ha ha ha ... " Please come back " That was deep on many levels -- the imaginary
101	29910	GB	G	...lamourmagazine.co.uk	A B C ,' Have you seen it? We are all dickheads!' Ha ha ha ... " # G: Speaking of TV shows, have you been keeping up
102	1419327	GB	G	en.mercopress.com	A B C Flugga? But aye he has a wee problem. Yon beacon o the seas ha been automatic for many a year but he hasna twigged that yet so his wee
103	3029015	GB	B	inrng.com	A B C to get them to engage and work with those outside of the inner ring ( ha !). # Lastly UCI is not cycling, therefore do not feel too
104	334988	GB	G	chemguide.co.uk	A B C . # The water is a base because it is accepting a proton from the HA . # But there is also a back reaction between the hydroxonium ion and the
105	47420	GB	G	uk.answers.yahoo.com	A B C and bestial. Be imaginative. Include what you suspect the kid is thinking. Ha , ha. When you've got a few dozen juicy pages, ask Mr.
106	3112823	GB	B	paraglidingforum.com	A B C eurosceptics in the UK have all the ammunition they need to point and go ha ha to anything associated to the EU project for a couple of centuries. The alternative
107	3000296	GB	B	30ish.me	A B C my attention span is shorter. Maybe interview SophiaWorld -- hint hint hint -- ha ha ha # http: //www.30ish.me/ Shannon Eastman # Done and done. Shannon30ish.me -- let
108	3095438	GB	B	inprintcomic.com	A B C apart from the first one. # However they struck an instant chord (a ha !) with Jim, it would seem that he and 2nd Fade have pretty
109	162295	GB	G	dailymail.co.uk	A B C giant inflatable swan for him. # ' He kissed me on the lips. Ha Ha!. I can't describe how this night was with harry!!
110	705418	GB	G	guardian.co.uk	A B C The response to this outlandish remuneration has been furious across the political spectrum. # Ha ... they should raise the tax rate higher if they want to play that game
111	3108414	GB	B	neverahero.net	A B C the wrong band for the job, based on our very sexual bondage appearance. Ha . And over hearing from the toilet, the birthday girl was upset some one
112	547931	GB	G	terrahawks.org	A B C to speak through their mouths. Or they might just explode, ha ha ha ha ha! # Name: clive Webpage: http: // Country: uk Added
113	3041562	GB	B	peschronicles.co.uk	A B C your players in bad form gives the game an extra level of difficulty ha ha ha At least the core gameplay is superb in FIFA -- from the posts here re
114	215307	GB	G	baggagereclaim.co.uk	A B C &; had half of the house moved out before he got home!! HA HA !! The look on his face Of course, like you it has left
115	302902	GB	G	dailymail.co.uk	A B C the show you'd see that they can all ride very well. # ha Ha , What a joke, can't even ride his own bike, #stabilisers,
116	257233	GB	G	eurovision.tv	A B C is usually at least " get a picture " of what it says.. Ha ha ! report to the moderator Posted on 18/July 2012 at 10:11 # I hope
117	3029135	GB	B	...gadget.wordpress.com	A B C . # Ha ha ha ha ha! Nina Power an academic and journalist? Ha ha ha ha!! no stop, please!!!! What a
118	3027885	GB	B	...survivethefuture.org	A B C is- ha- the voltmeter battery was too low to give us an accurate reading. Ha . With the washing up, having only 2 plates and 2 sets of cutlery
119	794836	GB	G	badscience.net	A B C principal component analysis has been pretty useful. And re using calculus, yes ha ha , but you can't deny that understanding what's meant by the rate of
120	782869	GB	G	nursingtimes.net	A B C out in their own free time and at their own expense. # Ha! Ha ! Anonymous 12 Jun 8:34pm " recruitment is now often left to' human remains
121	3027002	GB	B	heyuguys.co.uk	A B C , so stop being nasty, petulant, entitled and spoiled! # Leah # Ha ! As if Kristen ever needed Rob. It was hooking up with him that
122	423682	GB	G	gunnerblog.com	A B C in March and RVP gets his inevitable injury who will play upfront. Chamakh? Ha . Park? Ha. Theo or Gerv? Both can't finish. #
123	3032502	GB	B	le-grove.co.uk	A B C fucking pieces and then being told it's our own fault. # Ha, ha that makes me laugh, the stock' the lad is inconsolable' that's
124	278260	GB	G	thesun.co.uk	A B C score four goals against England, said: " Magic, magic... ha, ha . I don't know what went through my head. How can I do
125	3138868	GB	B	...sstaffordshire.co.uk	A B C the' boom years' no more boom and bust we were told!! Ha ha what a joke. # Many of the same Labour incompetents are still on
126	1423728	GB	G	...iberalconspiracy.org	A B C directly to help you improve in those areas, I suggest researching nootropics " # Ha . Perhaps it would be easier if you entered a night school for remedial English
127	73770	GB	G	...ybanter.blogspot.com	A B C has about 3 lol also she said she has hand cuffs and a police uniform ha ha... she said during the romp and in subsequent texts that' You have
128	100990	GB	G	dailymail.co.uk	A B C get back in touch with, who cares about his wife and children eh? Ha , that will show FRS won't it Liz. Strange RS read about his
129	424750	GB	G	thequietus.com	A B C must be pretty sick of the grower question by now... # Aaron Dessner: Ha , yeah. # Matt Berninger: It's true, and it's always
130	443708	GB	G	raynerslanetkd.com	A B C were the pioneers that spread the art around the world! # Even Grandmaster Ki Ha Rhee was referred to as' too karate' as he didn't perform as
131	3004935	GB	B	biased-bbc.com	A B C been raised, arafat widely believed to have been poisoned "... widely believed.... ha ha ha ha where?... at the bbc?... ROFL. # panto
132	3075681	GB	B	dailyecho.co.uk	A B C can be as much as 8 degrees F in December! # As someone that ha n't worn a stitch in bed for best part of 35 years, it is
133	3148581	GB	B	youaremyarsenal.com	A B C gibbs does not perform, a tactician for arsene. cash in on fab, # ha ! talk of formations reminded me of my college coach, who unveiled his "
134	3100291	GB	B	lesbilicious.co.uk	A B C " What, can't you make up your mind? " # HA HA HA BLOODY HA! # Have you ever been in a relationship with a jealous,
135	3013721	GB	B	...berries.blogspot.com	A B C but then again the glasses were quite small, but they did add up! Ha ! # After this is was swiftly back onto the metro, and to bed
136	625924	GB	G	blogs.thestage.co.uk	A B C dentist I hasten to add - I was fed up to the back teeth ( ha ha ha) with the last clinic I was with - each time I visited
137	397335	GB	G	vice.com	A B C people who hang out, get stoned, and go to raves. # Ha ha , cool. What kind of kids get into gabber in Italy? Is it
138	3691356	GB	B	americymru.net	A B C only two adventurers, not three, and therefore it couldn't work! Ha Ha ... he also thought there were lots of other things wrong with it, but
139	1420266	GB	G	...esscrow.blogspot.com	A B C . " " You must have forgotten what trumps were when you discarded that. Ha ! whom have we here? Mr. Tucker, I believe. What changes have
140	621201	GB	G	whatculture.com	A B C sunlight, come out of the sewers with no beards or facial hair, ha ha . # And HELL YES to the insanity of the hilariously-outgunned Gotham PD running directly
141	26414	GB	G	b-eat.co.uk	A B C about, It's out of our reach. If only we won the lottery ha ! That can't be a nice feeling, not knowing where you can go
142	3112148	GB	B	ourdreamwatch.co.uk	A B C , the birth of two great watches genius, an invention of the tourbillon Abra ha m-Louis the Breguet (Breguet), another is Pierre Jaquet-Droz (Pierre Jacques Germany
143	295168	GB	G	justarsenal.com	A B C . We prob should get bolt and put him in there cos he can run ha . Verm who is supposed to be our best defender has been struggling, Kos
144	3701313	GB	B	onthewight.com	A B C end of the period to assess its merit. Vote for someone else...? Ha . what an absolute and utter joke. Whoever gets voted in next year they
145	595951	GB	G	johnmartyn.com	A B C cart along And to pick a match and to sing my song. # Ah ha , hee, hee, hee Knuckledy crunch and slippledee-slee All I like is to
146	3119757	GB	B	rookieoven.com	A B C ' moments from day. Bill had a guarantee of at lest 6' Ah Ha ' moments where the content was immensely important to pitching, of these the biggest
147	3079031	GB	B	ecademy.com	A B C as follows: close to Buzau (4,114 ha), near Timisoara (3,296 ha ), nearby Alexandria, Teleorman county (137 ha) and in Braila.
148	3708329	GB	B	...nwanderers-mad.co.uk	A B C # Sat 25 Jan # Bolton Wdrs. # 2 - 1 # Brighton &; HA # F.A. Cup # 1979/1980 # Sat 12 Jan # Bolton Wdrs. #
149	347470	GB	G	trade2win.com	A B C he ran into a roadblock, was caught and imprisoned at the 16th-century Fort du Ha . La Rochefoucauld's explanation that he had been out after dark on a romantic
150	696988	GB	G	aclfarsenal.co.uk	A B C !! or Unit K (after a local township -- ie ghetto) ha ha (local joke). # Chase " I understand what your saying but
151	3139189	GB	B	thrashhits.com	A B C or Lebanese. I don't know what that says about us though really. Ha ! # So far, what has been the best thing about being in multiple
152	1435755	GB	G	bbc.co.uk	A B C transport is equivalent to the deaths of half the young men in Europe? Ha Ha very funny. # Cutting out fossil fuels is only a minor hardship and will
153	654400	GB	G	ivorysky.com	A B C it's a full list # Get to know your drivers " you say. Ha Ha Ha, many people on this site have told how they have never seen
154	765793	GB	G	slinky1989.com	A B C wearing the correct footwear which therefore made me the better person in the relationship. HA ! # I do actually have a number of lovely photos of the lakes and
155	138917	GB	G	spotlight-forums.com	A B C my first seaon was an amazing experience, the poster is now on my wall ha ha. Heather's night was a real success all throughout the season. #
156	360458	GB	G	morrissey-solo.com	A B C front?? # Jim Rome # October 7, 2007, 07:05 PM # ha , ha, ha!!:) # Bitches?... I don't
157	753806	GB	G	guardian.co.uk	A B C dying ember, a shadow. They called James Purcell " left! ". Ha ! Brilliant. We are all hostages on the Right Wing train to oblivion!
158	36304	GB	G	mumsnet.com	A B C (Aesop) and a face oil (you don't have to use their HA serum) # Just done mandelic acid peel!! Went for this one as
159	285901	GB	G	sidepodcast.com	A B C digital book quickly and easily. Whodathunkit. # Mr C 23/10/2012 at 18:46:54 # Ha . Updating a digital book quickly and easily. Whodathunkit. # hehehehe. bloody ibooks
160	3047857	GB	B	songbytoad.com	A B C 'd prefer that you still played Shadows and Miss Wonderland......... only my opinion mind ha ha. # ...... a song is a song is a song.... sometimes i
161	3028930	GB	B	inquiringminds.cc	A B C book called' Icebreaker'. If Hitler had not attacked first the Soviets would ha eve smashed through and not stopped till they got to the channel. The Germans
162	1803967	GB	G	amsterdamescape.com	A B C drunk and start messing like throwing their friends into the canal. Funny ha, ha . # Do marvel at 95% of Dutch people speak not only their own language
163	1416300	GB	G	...logs.spectator.co.uk	A B C postings that aren't rude, incite to violence, attack the anointed groups, ha ? # Jebediah # For as long as we define poverty as a proportion of
164	3076347	GB	B	dearmrlevy.com	A B C 's one of those trendy cigar lighters. # Gareth: Oh okay, ha ha ha, I'm daft sometimes. # David: I think I can hear
165	3804692	GB	B	...oughts.wordpress.com	A B C 2002) The same corrupt directors and owners who had shares in oldco ha ha ha brilliant comedy gold. # Having read through 300+ posts mainly of utter rubbish,
166	177392	GB	G	wikifestivals.com	A B C me! # Dearest Tom, you seem to be misreading this thread again. Ha ha! This is not about the hair on your head! Believe me,
167	193274	GB	G	newscientist.com	A B C stories about these events. Fireworks causing birds to fly into trees and homes. Ha Ha Ha Ha These people saying these stuff are the real stupid people thinking that
168	150665	GB	G	dailymail.co.uk	A B C Looks like he turning out to be one of the best diver at madrid. Ha classless guy nowhere near barca players. # Which brings me nicely back to the
169	346805	GB	G	ecfr.eu	A B C population as an, not just a danger to stability. 1 comments # Ha , ha you americans, very funny, very naive. Thank you very much
170	495866	GB	G	dailymail.co.uk	A B C to shoot meself in the food and say NO Sorry find someone else! # Ha ha TV appearances I think the first was the last! They have to be
171	3081854	GB	B	errrn.com	A B C doing his thing; rolling that lineup retrstar to the top. Contrion the other ha new gooddions from everyyour body; toting teiham win today. " # Phil Hughes
172	3053871	GB	B	thisisfutbol.com	A B C army is better then arsenal. # We wanted vdv??!!! Ha , yeah about four yrs ago! He was actually waiting for our interest,
173	66647	GB	G	...etrust.wordpress.com	A B C be bothered or touched. Yeah I may be over thinking it ha ha ha ha ! # I used to watch a show called Martha Speaks, it was about
174	734091	GB	G	...roductmagazine.co.uk	A B C imperialism and free market exploitation in the line # " India I'm American Ha ha ha ". # The Furs were our little secret. And in the manner
175	595044	GB	G	hospitaldr.co.uk	A B C cometh? # So HM Revenue and Customs are targeting doctors? Well, ha ha ha ha sodding ha. Hands up all those who were surprised by that revelation
176	359305	GB	G	dailymail.co.uk	A B C . Get a life. Also someone said Rochelle has better vocals than her - ha ha ha nice comment if she wanted a nasally over stretching warble. Vanessa is
177	1435497	GB	G	baggagereclaim.co.uk	A B C request with Customer Service or something when they suck in the sack? " # Ha ! I love this post, being unauthentic and ingenuine is the worst possible traits
178	790349	GB	G	uk.linkedin.com	A B C , gives them a rare breadth of insight so essential in producing innovative work. Ha ! You could say we were born like that! Christian Anstice I'm a
179	3068570	GB	B	bringdigital.co.uk	A B C us SEO's to find something that works, scale it and outsource it. ha # I can't imagine +1 requests catching on, but saying that if they
180	278072	GB	G	...vativehome.blogs.com	A B C about) has been made impossible by his own actions -' pension' ha ha I pay my taxes and then invest my money as I please, no chancellor/city
181	64481	GB	G	dystalk.com	A B C I am a 58 year old lady. # 24/02/2012 21:46:30 Ann kucharski # ah ha !!! lightbulb moment. my daughter, almost ten has almost caused complete
182	3023967	GB	B	furtherbound.com	A B C rickshaw will bring up a whole host of new aches and pains! # Ha ha , I was just thinking about that at breakfast this morning! I'm just
183	293762	GB	G	...isissouthwales.co.uk	A B C celtic. You enjoy playing with legends such as Ledley, ha ha ha ha ha . " # Celtic only get champions league because of your joking league, come
184	415592	GB	G	paw-talk.net	A B C a bit for me to respond (there aren't that many degu owners, ha ). I posted on your other thread but in regards to the new question
185	651917	GB	G	...htbluetouchpaper.org	A B C factum, is. # 15. haha September 13th, 2012 at 17:14 UTC # ha ha you have just discovered this well done. they have known of this since
186	3054012	GB	B	thisisrocksalt.com	A B C 'd made it. # (Note: HAhahahaha... no bread or pasta. Ha .) # I decided to go with layering the sauce up with vegetables and
187	1468042	GB	G	nme.com	A B C mostly watch things like X factor, religiously use iTunes for their music. Ha Ha Ha. Life is so great. # MetalPhace Visitor // December 16 2009 at
188	158641	GB	G	uk.answers.yahoo.com	A B C get you a cup of stale coffee in a cheap restaurant, no problem! Ha ha) # Now, the first Bible-recorded miracle of Jesus Christ here on earth
189	397965	GB	G	nme.com	A B C thing... # TONY MCCARROLL Visitor // August 30 2009 at 08:40 # HA HA HA HA HA HA!!! It took a while but I had a feeling
190	3109902	GB	B	notefromlapland.com	A B C so it's not an issue I have to put up with often. # Ha ha, fair observation. I think that's the problem though isn't it
191	3037219	GB	B	mudcat.org	A B C (Solo) Old Stormy he is dead and gone. (Chorus) Ah ha , come along, get along, storm along John. (Solo) Old
192	3014340	GB	B	...extiles.blogspot.com	A B C to be exact. I can not get enough. So not really healthy, ha ha! # I fell in love with a pie on the front cover of
193	3065119	GB	B	bbc.co.uk	A B C wrong reasons I am now tired for all the right reasons but nevertheless tired. Ha ha. # Made up with an old mate yesterday. Months of angst due
194	331203	GB	G	whoateallthepies.tv	A B C minus the part about him being some sort of misunderstood genius). # ha ha Balotelli, always good for a comment and unbelievably full of his own shit,
195	3076231	GB	B	dayofarchaeology.com	A B C the Irish national peat resource. Bord na Mna owns and manages more than 80,000 ha of land spread across Ireland. Most of this is peatland which has preserved a
196	3036271	GB	B	mindlessones.com	A B C Romeo-uh!). # I think there must've been some sort of hoo ha from the nerds about this now. From pulp adventure to punk rock..... How
197	17160	GB	G	authonomy.com	A B C powerful piece of work. And the lesbian sex scene got me very hot. HA . Your sex scenes are very beautifully and tastefully done though. Doesn't give
198	3716952	GB	B	...ifeonthespectrum.net	A B C a second opinion? Nope. # Oh, you mean Ass Burgers. Ha ha ha! Har har har. # But only boys get Asperger's syndrome...
199	512352	GB	G	guardian.co.uk	A B C , no matter where you dig the hole. What's my PIN number? Ha ! It's 7246. And yes, you can borrow my card. #
200	353583	GB	G	...hemanbookerprize.com	A B C globetrotting in some style from Ireland in Roddy Doyle's lovely Paddy Clarke Ha Ha Ha (winner, 1993), to the Australian bush in Peter Carey's True
201	3726993	GB	B	thisisgrimsby.co.uk	A B C SHAME ON YOU FAKE-FACTOR. # Mind you, after all the fuss and hoo ha about MP's expenses, sex scandal at BBC and the mysterious lines on the
202	3042031	GB	B	...kgreen.typepad.co.uk	A B C It's all true you know, not just in my head, ha ha ha ha ha ha ha. I love singstar, but I get beaten every time
203	3065278	GB	B	bbc.co.uk	A B C next year and 2% in two years' time ".................... ha ha ha ha ha ha. No chance. He's getting desparate now. Comment number 58
204	3006212	GB	B	blog.dip16.net	A B C 1994-2004, the urban change was at high level, urban areas increase from 2723.9 ha (1994) to 4872.3 ha (2004). This period is the start
205	525896	GB	G	koozai.com	A B C awesome and well worth going to. Lots of real industry rock stars! # Ha , glad you enjoyed the references. Carly Simon was one of them, although
206	3713947	GB	B	geeknative.com	A B C was at last night happens to be part of the " Ilya " campaign. Ha . # Now I'm not defending the rights of killers. I don't
207	3699422	GB	B	littleredboat.co.uk	A B C running around as proof that you once had a tiny penis in your tummy ( ha !), you still turn to your babydaddy several times a day and say
208	3050165	GB	B	...dersley.blogspot.com	A B C the night, teaching her to make my heart burst in my chest. Ha ha ha, she seemed to be saying, I shall do this for you,
209	3087584	GB	B	...iedmylittlebrain.com	A B C a group people in a similar mindset? # S: Like a disease? Ha ha. I think the running theme is the' Samurai Sound'. A
210	481580	GB	G	fifa247.net	A B C when trying to play those old games from tape but I remember trying.: ha : # We had (still have actually) a Commodore Vic20 which probably failed
211	127635	GB	G	dailymail.co.uk	A B C :' PBandJenelley1 u called the cops when I took my ring back and already ha my cloths packed'. # A sign of things to come: At the
212	92413	GB	G	spiked-online.com	A B C print for your advice columns, but you DO use electricity... AND, ha ha , we notice that you have a BOOK coming out!! At the end
213	3132193	GB	B	thelondoner.me	A B C things about what you do but I can talk for Scotland and will stop here ha . Keep up the fab work! Karen xxxx # You have a very strange
214	722931	GB	G	guardian.co.uk	A B C much greater " # It might be a reasonable point but it's not terribly ha ha, is it? It's not an insult to people who have just
215	492229	GB	G	...onestonethenhome.com	A B C , one in my bag and one at home. Love it! # Ha ha -- loved that, but before I get to the all important Christmas list,
216	3037003	GB	B	motownjunkies.co.uk	A B C and Mary, depending on who you believe) stopping just short of chanting Ha ha , busted!, you could almost take this as a feminist anthem, a
217	3016574	GB	B	davidoverton.com	A B C up # on Tue, Mar 3 2009 12:27 PM # Sei un Fenomeno, ha funzionato. Grazie # You are a phenomenon, it works. Thanks # Sandra
218	765274	GB	G	getreading.co.uk	A B C Yes officer.. You a head? No, but I'm catching up, ha ha #
219	1426896	GB	G	...bert.thegeakes.co.uk	A B C !! Tue, 20 Sep 05 12:22:03 GMT Motorways # Fucking M25.... Ha , how can they call it a motorway? # I went to London via
220	611895	GB	G	robbiewilliams.com	A B C I did!;) The gig Wembley for the filthy minded. ha ha . Nice to see you back. I thought you were all fabulous. Big
221	3075872	GB	B	...ngwithcrocodiles.com	A B C ' wear your heart on your sleeve and you will bleed to death...' ha ha -- I say' wear it inside and no one will know you are
222	760694	GB	G	totalfilm.com	A B C Nicholson's performance. joker16 retrorevival # Apr 10th 2012, 10:43 # ha ! As anyone actually watched Aliens recently? do you not realise how terrible that
223	229580	GB	G	opendemocracy.net	A B C could not be divided in parts any more for mass killing by family names ha ha # when you arrive in deepth you will also agreed that system is fine,
224	3087365	GB	B	freedom451.com	A B C realized, then you may well hear -- like I did today --' Ha ha , told you so'. # So here it is, a huge and
225	3004935	GB	B	biased-bbc.com	A B C arafat widely believed to have been poisoned "... widely believed.... ha ha ha ha where?... at the bbc?... ROFL. # panto nikki... is
226	25102	GB	G	liverpool-kop.com	A B C past and how hard racism is as an issue in football. # ha ha ha ! not even bothering to read above comments in case i've echoed anyone else
227	552969	GB	G	craigmurray.org.uk	A B C those who know fuck all and don't wish to learn. " # Ha ha ! You could learn a lot from my post. If you wish to teach
228	3699179	GB	B	le-grove.co.uk	A B C " Going out of Europe " We know what you are " Ha ha ha ha ha ha. Isn't it funny that no matter for all the trophies they
229	168645	GB	G	babyexpert.com	A B C with a nice cuppa and watch my sex and the city box set! Ha ha . Honestly hun there isn't much you can really do with such a little
230	3114029	GB	B	petwebsite.com	A B C is nice &; slimline. I wish I could say the same for me ha ha ha! # Smartie and Petal are still with me, Smartie will be 4
231	339390	GB	G	guardian.co.uk	A B C can not and will not speak up. But once their service is over... ha ha! you'll find they have plenty to say. # Iraquis need to
232	636184	GB	G	phrases.org.uk	A B C on the ship -- it's with the ship. # ::: Ha ha Acme, knew we could rely on you. So these girls you're now
233	326771	GB	G	thelondoner.me	A B C had to eat it though as we were starving and the cupboards were bare... ha anyway I was banned from even mentioning it for a while but it might be
234	3134010	GB	B	thestudentroom.co.uk	A B C gym there. posted from The Student Room's iPhone/iPad App # Ha I'm trying to squeeze a lot in before Ramadhan too. I'm doing
235	783113	GB	G	...mputerrepairtips.net	A B C address, it's O/S, etc, etc. They couldn't tell me ha ha! When I told them I work in the IT industry and know my
236	66631	GB	G	hurryupharry.org	A B C Jabari was one of the most moderate Al Qassem leaders # Aha ha ha ha ha ha ha ha! # Discredited Andrew # 14 November 2012, 4:10 pm #
237	3020863	GB	B	fabulousmag.co.uk	A B C females asking for a photograph. # All these women, Harry! # Ha ha ! You watch, people will say I'm going out with them by tomorrow
238	3024162	GB	B	...heedge.wordpress.com	A B C weekend, that will be my dip into it all. Enjoy yours. # Ha no you didn't make it up -- there was indeed a date for autumnal
239	300450	GB	G	morrissey-solo.com	A B C Met Gordon Anderson from The Aliens - he is one funny (in a ha ha way) chap. Really nice - something very innocent about him. # And
240	420963	GB	G	independent.co.uk	A B C might go down with a bad case of swollen head!! Ha Ha Ha Ha Ha. Love ya xxxxx # 12 May 2009 # Hello Mother # Yesterday was
241	705083	GB	G	phillsacre.me.uk	A B C a Nissan Primera, in fact (did you see what I did there? Ha !). It was just over a year ago that we bought the car
242	3027655	GB	B	hootingyard.org	A B C . For the latter, the existing roster of presenters would be ditched (ha ha !) and replaced by some proper peasants. # Other Activities. BBC persons
243	3108972	GB	B	...ewsdzezimbabwe.co.uk	A B C gassed and baked BY THE MILLIONS later; all because they were non-europeans. # Ha ha! " eating someone's money " is a figure of speech. It
244	3015343	GB	B	crave.cnet.co.uk	A B C right scum, Serve's you right now go on SAY SORRY. Ha ha ha ha. This is real UK justice, not some biased country like America who
245	3012170	GB	B	...siness.blogs.cnn.com	A B C need of new blood and new life: human, clone, and alien. Ha ! # October 31, 2012 at 6:57 pm # Usswede # Well 4 billion
246	110909	GB	G	dummymag.com	A B C be important. We were raised in a very boring city, Versailles. # Ha ! No, no Versailles. But for sure, boredom is an important factor
247	3034963	GB	B	...ic-mums.blogspot.com	A B C her hair with the aid of her middle sister, the flap happy (ha ha , had to get that in!) way in which she tackled Tufty's
248	3011927	GB	B	...rockley.blogspot.com	A B C It turns on a lame and tedious gag idea about Ecaudorians eating guinea pig. Ha ha. I spent a month in Ecaudor a while back. Guinea pig is
249	713707	GB	G	musicomh.com	A B C , Cowley's consciously restricted choices yield inspired, spirited and energising results. Mini Ha Ha is slightly bizarre and playful with its sampled laughter - more quirky experimentalism may
250	578242	GB	G	whatculture.com	A B C the head in one single line " either don't make a sequel (ha ha ha), or make something original for once! " As far as I
251	241444	GB	G	theboltonnews.co.uk	A B C own mouth. # Cassie just ignore the idiots, flipping Farnworth mafia? Ha ha ha! Its was KIERANS girlfriends fault he was assaulted in the first place as
252	3004935	GB	B	biased-bbc.com	A B C , arafat widely believed to have been poisoned "... widely believed.... ha ha ha ha where?... at the bbc?... ROFL. # panto nikki...
253	459470	GB	G	tripadvisor.co.uk	A B C who complained about the jacuzzi. She said it took up too much room - ha ! Who cares!!?? The room is HUGE even with the jacuzzi
254	180578	GB	G	...al.library.upenn.edu	A B C left very little to be said. Besides, she meant it. # " Ha ! " said the Colonel. She noted with delight that he really did say
255	147650	GB	G	acnesupport.org	A B C know what you mean with the lip balm, mine doesn't leave my side ha ha. Have brought blistex today and it feels so much nicer than the vaseline
256	216983	GB	G	vickybeeching.com	A B C 'd love to have more of a discussion with you but, man (ha ha !) how do I sum it up and where do I start?...
257	212714	GB	G	ip-hone.com	A B C the apple has closed the confirmation, has nothing to do with the author, ha , therefore everybody wants to degrade, please save time. To present, regarding
258	654213	GB	G	crec.co.uk	A B C learning, diversities' and the CREC Directors Professor Tony Bertram &; Professor Chris Pascal ha .. # Meet Alice Bennett Currently studying Psychology at The University of Lancaster, Alice
259	703775	GB	G	...ckofthebiketours.com	A B C third day i arrived. In October of 2008 we drove all the way to Ha Noi and back by motorbike. This experience has given us a vast knowledge of
260	3706199	GB	B	abctales.com	A B C face lights up.' She has a great vice... I mean voice, ha ha.... I want to do mad things with her. I want to drive
261	1466403	GB	G	mumsnet.com	A B C men have committed suicide as a result of a false allegation and all men accused ha suffer for the rest of their lives. It affects the whole family. #
262	3125767	GB	B	standard.co.uk	A B C Which politician does she find most attractive? " You know this answer. Ha ha ! " Tony Blair? " Yes! I think the first position is Tony
263	270369	GB	G	uk.answers.yahoo.com	A B C nt think older people cant have fun.try chatting with them you may be surprised.x ha ha what about the teenagers walking about in bright sunshine wearing hoodies and trying to sound
264	654400	GB	G	ivorysky.com	A B C I fear the worst. # 14/11/07 18:17 # Comment from me again # ha ha sunderland is n1 always has been, maybe thats why most companies are coming
265	18887	GB	G	victorianlondon.org	A B C , sir.' T is not wi' them' t commences. I ha no favour for' em - I ha no reason to favour' em -
266	3020061	GB	B	epltalk.com	A B C rants, raves, questions or observations in the comments section below. # Ha ha thanks. I just can not stand watching them play against a lower-table club.
267	420963	GB	G	independent.co.uk	A B C bit of hand washing and fitness! God you'd be so proud Ha! Ha ! Ha! We've still had spam, rice, beans and unflavoured noodles
268	328134	GB	G	guardian.co.uk	A B C ) and that is not going to change if artificial wages are paid. # Ha ha is it April already, is this paper now expecting us to believe that
269	107171	GB	G	...ity.babycentre.co.uk	A B C to add.A It helps a little at getting some of that frustration out. # Ha ha. I don't feel down as such but I am exhausted all the
270	3024475	GB	B	...ootballnewsdaily.com	A B C to the team i choose and get my friends to pass me the ball ha ha # So at doncaster.. # GFN: Who has the worst dress sense?
271	629508	GB	G	...gadget.wordpress.com	A B C ? Maybe allowed uncontrolled immigration and created British jobs for British workers (ha bloody ha ). Now I used to be a Tory party member but like thousands of
272	3098334	GB	B	keanemusic.com	A B C n't help laughing out loud, waking my sisters up in the end! XD Ha ha ha!!! What a photoblog, I loved it! My favourite
273	3017138	GB	B	...kethat.wordpress.com	A B C ... why couldn't that have happened way back then? LOL!! # Ha ! I love your angry iron picture! I don't hate ironing as much
274	3039827	GB	B	...hingbutnewcastle.com	A B C # Are you mad! He would leave Scottish football coz it is poor. Ha ha 15mil are you joking he's not worth half that. He is a
275	493995	GB	G	mudcat.org	A B C landed on you so ma told pa pa told ma johney got a wippen so ha ha ha he jumped so high he toughed the sky and did nt come back
276	3720777	GB	B	petlibrary.co.uk	A B C I don't have any problems with my dogs! (of course! ha ha .) # Good answers on this one. All the other posters made good
277	3146242	GB	B	...esterparkblog.org.uk	A B C to get hold of the whole thing if anybody still has it. # Ah- ha , this is very interesting! So there was a High School -- Kingsley High
278	632543	GB	G	...ards.dailymail.co.uk	A B C today and he said " can you go and do it for me! " ha I said I would but he may not have a job left. e is
279	3087365	GB	B	freedom451.com	A B C have realized, then you may well hear -- like I did today --' Ha ha, told you so'. # So here it is, a huge
280	57509	GB	G	liverpool-kop.com	A B C last two finals when there was amillion scouses pissin themsleves the m62 was flooded ha ha , enough said your sister is waitin upstairs for u!!!!!
281	341976	GB	G	...ndyworthington.co.uk	A B C . Sermons of mass destruction will not be delivered in forty five minutes. # Ha ! Yes, thanks, Malcolm. Good to hear from you. The idea
282	482105	GB	G	grandedame.co.uk	A B C have to say Ep 3 was very sad to me. I even cried! Ha Ha! Obvs I'm an emotional basket case. But it was sad.
283	3038483	GB	B	news.arseblog.com	A B C than publishing this crap -- world class he is not, Arsenal's new Bergkamp ha -- what a joke.. # And to think somebody said koscienly should be ahead
284	573132	GB	G	thequietus.com	A B C doesn't do anything.' So then I ate all of it. Ha ha ha. Then I thought,' It's still not doing anything, I
285	329130	GB	G	monologues.co.uk	A B C ha ha ha... Don't tell me, Walt, don't tell me. ha ! ha! ha! you stick it in your ear, right? ha
286	635807	GB	G	mumsnet.com	A B C blubbering wreck who couldn't punch a hole through a wet paper bag. # HA homes should be for all, except very wealthy obviously. rubbish. my great
287	329130	GB	G	monologues.co.uk	A B C ha! ha!... and it makes you sneeze? ha! ha! ha !... Yeh, I imagine it would, Walt! Hey, Goldenrod seems
288	276708	GB	G	...omepage.ntlworld.com	A B C like a big tough man, take it like a man I go ha ha ha # Your life depends on it over and over again Pop goes the cop shows
289	13635	GB	G	guardian.co.uk	A B C and everyone in the American Conservative/Tea party we are all patriot radicals today. # Ha , ha, ha, " the most important conservative of our times. "
290	1428007	GB	G	sunnahonline.com	A B C established. So faith in the Hereafter can not be perfect until the time one ha faith in the things which are issues of the Unseen and about which the Prophet
291	117068	GB	G	thegoonshow.net	A B C . It's a man's life, I tell' e, ha ha ha ha, a man's life, I tell' e, ha ha ha
292	721695	GB	G	coldplay.com	A B C see that happening again. Especially not now that Chris and Bono are enemies. Ha ha! # Ah yes. It sounds like the Coldplay camp have taken Bono
293	312218	GB	G	wikifestivals.com	A B C says the headliner will still be relevant, hell even alive in 2 years ha ha
294	3046035	GB	B	screamingsilence.org	A B C the band will ever have. # What is story behind the name? # Ha ! We were desperate for a name. We came up with a bunch of
295	3145532	GB	B	wifeinthenorth.com	A B C in question i know who i would like to have batting on my rounders team ha ha # themill wrote: I was asked to be in a book group with
296	1455027	GB	G	guardian.co.uk	A B C : I may look fake but I'm real where it counts. Ha ha ha ! " And with that she clutches a bejewelled hand to what is famously the
297	13635	GB	G	guardian.co.uk	A B C American Conservative/Tea party we are all patriot radicals today. # Ha, ha, ha , " the most important conservative of our times. " Very funny. Or
298	262994	GB	G	...logs.spectator.co.uk	A B C of a referendum AFTER the next election, you couldn't make it up, Ha Ha Ha Ha!!!!!!!!! The Spinmiesters will
299	3109902	GB	B	notefromlapland.com	A B C it's not an issue I have to put up with often. # Ha ha , fair observation. I think that's the problem though isn't it?
300	523205	GB	G	baggagereclaim.co.uk	A B C battle for validation, it's safe cos it's not a proper relationship ( ha ha the irony), they get hooked on the attention (aha he must
301	668109	GB	G	sultan.org	A B C if anyone of you (during the act of yawning) should say:' Ha ', Satan will laugh at him. " # On the day (of
302	787060	GB	G	guardian.co.uk	A B C pointing at them, saying, " Ha! Numbers! Ha ha ha ha ha ! Well we got numbers too! 99%! 53%! Eleventy trillion dollars!
303	635807	GB	G	mumsnet.com	A B C HA/council home I would but we're adequately housed. Plus where I live a HA home only works out about 25pw cheaper than private rent. # The woman at
304	434613	GB	G	masud.co.uk	A B C ##434613 Why Does One Have to Follow a Madhhab? # Nuh Ha Mim Keller: I will close this answer by translating a conversation that took place
305	396393	GB	G	fagburn.com	A B C and Kevin Clash the tone is different - somehow these are " funny ". Ha ha ha! I want a free press - the problem is, as the
306	310020	GB	G	robbiewilliams.com	A B C , One love. # Yeah too right Rob...... Rylan all the way ha ha ha, he needs to be in the spot light whilst it lasts, they
307	484097	GB	G	leonneal.com	A B C Captain! Yeah, the AFP team did a sterling job. # Eddie -- Ha ! Cheers! If only I'd been working with some Frenchmen who could loan
308	297257	GB	G	dailymail.co.uk	A B C . - Pete whitley, Ex Pat - USA, 05/7/2011 18:39----Ha! Ha! Ha ! Thank you for making me laugh so much. Tell me are all Americans
309	455963	GB	G	mumsnet.com	A B C Very impatient, I am sure you can distract me in the meantime.... # Ha Angelico or should that be' twinny'! Summer borns are clearly the most
310	525373	GB	G	...tevenaitchison.co.uk	A B C it up and see i also followed up immediately by commenting what i like... ha ha # Hello Steve, I am following you for a while on Twitter and
311	3059768	GB	B	aclfarsenal.co.uk	A B C called a mob mentality which has become quite apparent to me. Arsenal fundamentalists. Ha Ha. # I think I was right about dexter, the gap between his
312	3707506	GB	B	baggagereclaim.co.uk	A B C the relationship and getting himself in it -- 100% Like what I was doing! ha .) # Hey Fearless, Over here, it's the hokey pokey.
313	3059768	GB	B	aclfarsenal.co.uk	A B C of the comments are usually nothing more than personal insults. Look at Bob. Ha Ha. I just had a pop at Dexter for good reasons and he came
314	1467308	GB	G	newmediamedicine.com	A B C down too. However i did not express it as well as you did. Ha Ha cancel out the noise.... good point and i always believed if u can
315	635807	GB	G	mumsnet.com	A B C business. Nosey mare # also why be ashamed of having a council house or HA House. In many areas of the country getting the tenancy to one is the
316	3059768	GB	B	aclfarsenal.co.uk	A B C the comments are usually nothing more than personal insults. Look at Bob. Ha Ha . I just had a pop at Dexter for good reasons and he came rushing
317	3098334	GB	B	keanemusic.com	A B C laughing out loud, waking my sisters up in the end! XD Ha ha ha !!! What a photoblog, I loved it! My favourite pic was
318	797727	GB	G	dailymail.co.uk	A B C nightmare and tried in vain to postpone it. # ' You're scared! Ha ! Why should you be scared? I'm the one who went through hell
319	1454044	GB	G	guardian.co.uk	A B C would otherwise have been. # Ha ha. Ha ha ha ha. Ha ha ha ha ha ha ha ha ha ha ha...... # Really,
320	3089401	GB	B	gettheguy.co.uk	A B C to make it more.... well normal i guess is the word... maria # Ha how appropriate for today have been complementing people like mad today just for the fun
321	3724489	GB	B	...kingrugbyunion.co.uk	A B C requests to enter the Irish Culchie Festival " All Ireland Wellie Throwing " competition, ha ! # Last weekend the boys went down to Bath with an opportunity to qualify
322	580020	GB	G	esctoday.com	A B C 2012-05-27 10:13:50 # ha ha ha theyr Greek immigrants in Russia and Ukraine ha ha ha ha your so funny!!!!!!!
323	165418	GB	G	hurryupharry.org	A B C I'm OK with Dresden being bombed. Payback has its rewards. # Ha ha , you were being Mr. Internet Tough guy because NOTHING keeps the terrorists at bay
324	303833	GB	G	womanandhome.com	A B C where we initially lived. # thank goodness this was not one of my cravings ha ha. # If it does not make you happy, why do it?
325	336937	GB	G	thequietus.com	A B C . I remember saying to someone:' I'll never leave Leytonstone.' Ha ha ha! It's weird but when I moved out of London -- and
326	248679	GB	G	karenmiller.net	A B C their inner thoughts. I am an external narrator to the action. # Ah ha ! you say. But if I also relate what they're thinking, does
327	677686	GB	G	...h.britishcouncil.org	A B C , when I comeback he still recognise me.I love him so much. # Ha ha ha ha! It's the first impression what I have. Most people like
328	3711132	GB	B	donotrefreeze.com	A B C and just in your dreams (my list is like my arm for that one ha ) m, everyday face routine? # I love your NOTDs so i'd
329	148464	GB	G	live4liverpool.com	A B C like you make me laugh. " havnt missed a game in 5 years " ha ha. there is no way anyone with your basic lack of knowledge of the
330	126330	GB	G	close2thebone.co.uk	A B C . We're gon na see if you can or can't be killed. Ha ! The great Smitty! Caught like a stupid cunt sitting at the counter in
331	601796	GB	G	dailymail.co.uk	A B C a look on Wikipedia before making uninformed comments Taylor Rules, OK? Ha ha ha :
332	734091	GB	G	...roductmagazine.co.uk	A B C cultural imperialism and free market exploitation in the line # " India I'm American Ha ha ha ". # The Furs were our little secret. And in the
333	3093150	GB	B	high50.com	A B C of this was' Cougar Man, go back to your wife'. Ha ha ha. I'm trying not to hate him, because he is a good
334	1476349	GB	G	srcf.ucam.org	A B C Wu aka Infinite Entropy, he will not be so lucky on Monday, ha ha ha! (That's an evil, not jovial laugh!) # A
335	761747	GB	G	crave.cnet.co.uk	A B C # out in hertfordshire also. perhaps a refund will be on the cards. ha .. anonymous 11 July, 2012 19:58 anonymous 11 July, 2012 19:59
336	3123228	GB	B	...lattestrikesback.com	A B C your beast of a race last weekend! Bring on the final one! # Ha ha! I was hoping that this would be a good race to get my
337	3692989	GB	B	blog.very.co.uk	A B C years ago and that machine doesn't look like it will spit oil at me ha ha, toasted sandwiches are always great for a quick hot snack but best of
338	296908	GB	G	frieze.com	A B C Jankel,' When Gotham burns, you have my permission to die.' Ha ha ha! I am joking, of course. If anything, you should
339	3097251	GB	B	jancisrobinson.com	A B C valley at VilariAa, now 126 ha of vineyard. They bought a further 261 ha in 1989 when they acquired Quinta dos Canais, the estate that had always made
340	534094	GB	G	...harente.blogspot.com	A B C watercolour of that lovely scene rather than attending to the stall! X # Ha ha Dolly you would have been very busy with your sketch pad. The church was
341	3002318	GB	B	apiln.blogspot.com	A B C tracks were utter low-life, and now we have the photographic evidence to prove it ha ha ha ha haaaaargh. Yes. Subscribe Submit a pic # Photographers
342	635015	GB	G	bbc.co.uk	A B C parents cat hear it!?!!?!?!?!? ha ha ha lol this is sooooooooo cool # nikki i cnt hear anything at all
343	557824	GB	G	dystalk.com	A B C fought with sticks and stones.? - Albert Einstein # 07/03/2012 08:04:12 Berrymall # ah ha !!! lightbulb moment. my daughter, almost ten has almost caused complete
344	253491	GB	G	guardian.co.uk	A B C soon. Never know, you might end up with a boob job. " Ha ha ha. Yet again, many a true word. I have seriously thought
345	448623	GB	G	...landeastriding.co.uk	A B C ha ha ha ha ha ha ha ha ha Never mind auntie Slammmer, it's
346	3075681	GB	B	dailyecho.co.uk	A B C difference can be as much as 8 degrees F in December! /p/quoteAs someone that ha n't worn a stitch in bed for best part of 35 years, it is
347	511087	GB	G	newscientist.com	A B C my way. Ge out of my way you " T "! Ha, ha , ha! I am almost a Dictator. # Just in case anyone questions
348	308052	GB	G	...ms.theregister.co.uk	A B C # HA HA HA HA HA HA HA HA HA HA HA HA HA HA HA HA # These EDL pricks were in Norwich over the weekend. It was very
349	197532	GB	G	huffingtonpost.co.uk	A B C to choose it but not demand it? What does that even mean? Ha ha . # She then says she wants to reduce the term limit to 20 weeks
350	3059775	GB	B	aclfarsenal.co.uk	A B C , one of the great midfielders of the modern era, ha ha ha ha ha ). Newcastle with the hardest run in, Chelsea plus Wigan plus City,
351	167387	GB	G	elgar.org	A B C but aspire To the heaven above With sordid aim, And not from love. Ha ! Ha! # Soul I see not those false spirits; shall I see
352	3007692	GB	B	...ticalethics.ox.ac.uk	A B C Maybe not everyone would, but I think it would be a clear-cut case ( ha ) where parents should be allowed to decide the matter. So, I do
353	177392	GB	G	wikifestivals.com	A B C It makes the hair-situ a whole lot more serious all of a sudden, ha ha . So you have been inclined to go to a salon and get a wax
354	263775	GB	G	...schoolonthecroft.com	A B C your posts. I will be hoping the Builder grows his goatee back soon ( ha ha ha, that cracked me up). I do understand how blogging can
355	3010716	GB	B	blogs.ucl.ac.uk	A B C came flooding back as i didn't know what animal you might be refurrrrring to ha ... now i will have to block it out again... Love visiting the Grant
356	510036	GB	G	thisisanfield.com	A B C and lucasis fit! ai nt to bad # Gerard # Anzhi 4 Liverpool 1 Ha ! Ha! The Russian Fix! # badger # Liverpool should tak half the
357	280574	GB	G	baggagereclaim.co.uk	A B C " shouldn't " so they can be the dumper instead of the dumpee! Ha ha!). # Wow, it was great to ask these questions on
358	27131	GB	G	...kethat.wordpress.com	A B C progress! That's the way to go! Great post. # Ha, ha ! I don't know if they still have them, but at junior school
359	3110635	GB	B	...tationmagazine.co.uk	A B C a surprise early on, did you want to play with expectations? # AH Ha ! I'm a fan of surprises. When I used to buy videogames as
360	1457518	GB	G	horseandhound.co.uk	A B C , hence cancelling our meet this weekend because of the weather. free time, ha ! whats that? bet i work harder than you have ever done it your
361	495415	GB	G	rocknrollbride.com	A B C clients trust in us to guide them from our experience and impart our wisdom ( ha !) which is so vital for us to remember # This post is wonderful
362	486535	GB	G	badscience.net	A B C win on logical grounds, simply reject the whole principle of logic. Ha, ha . Oh yes, Squander Two, logic may not be the pinnacle of human
363	3061852	GB	B	amodelrecommends.com	A B C trying to escape a sinking ship AND boarding a plane at the same time, ha ha! # RuthCrilly # LOL!!!! It'd be a bad
364	119120	GB	G	helenhearts.co.uk	A B C in the same boat though, however frustrating it is- confused graduates unite! Ha ha . xxx # Oh are you doing a masters? That's great! My
365	3004299	GB	B	...causetheyrethere.com	A B C Cooper might have said: " Scotland, England. England, Scotland. A-ha ha . " # This is as far as I get -- two cairns above Auchope
366	3083316	GB	B	ezzzr.com	A B C Sports Games. by bringing you our very own buz monitor throughout the tournament, ha . and it looks like he's going to be welcomed with open arms by
367	485721	GB	G	nsno.co.uk	A B C talk # He hobbled over to you? # You selfish c*%t!!! ha # I hate the fact that loads of people I know and you get to
368	562597	GB	G	...publikofmancunia.com	A B C decimal point in there somewhere laddie? # Spot on about the StealthUnitedTM! ha ha ha ha! Always look to Everton and Sunderland to take points off our rivals
369	3701502	GB	B	...niworld.blogspot.com	A B C -) oh well I least no one can say I don't post regularly ha ha! Had to pick some to delete and will have to cull some more
370	1455108	GB	G	guardian.co.uk	A B C LEA to sponsor them, thereby getting the money and keeping the local government - HA ! There is no idea so restrictively ideological that wiliness, resilience and common sense
371	109783	GB	G	cleavebooks.co.uk	A B C ! It's all right, it's all true, it all happened. Ha ha ha! " # Really, for a man who had been out of
372	295807	GB	G	bmj.com	A B C . Results Overall risk of hypoglycaemia # Frequency counts of incident HMA and HA are shown in table 1?. Of the 10? 209 participants in the
373	29910	GB	G	...lamourmagazine.co.uk	A B C on doing bitchy comments in the papers. That's all he really means, ha ha. " # Max: " I mean, if we're gon na
374	177392	GB	G	wikifestivals.com	A B C off in areas that really didn't need that sort of damage, ha ha ha ! I think I will stick to razors like you. Also, great idea
375	383255	GB	G	threeandin.com	A B C at 10:38 am - # Forever in our shadow you will be..... ha, ha , ha. So, so, funny. # st.macca February 7, 2012
376	298453	GB	G	babyexpert.com	A B C in the morning and last thing at night, I think I preferred the injections ha ha x # He he you sound just like me!!! I'm
377	46322	GB	G	independent.co.uk	A B C you've got five friends you're doing farcking well, darlin'. Haaaaa ha ha herr herr. " # Michael must be doing pretty well, then,
378	217369	GB	G	babycentre.co.uk	A B C (He tends not to like mine so I just go along with him) ha I suppose we fall under the easy life catagory, just the other way around
379	733275	GB	G	guardian.co.uk	A B C the cut from 50% to 45% wasn't going to actually cost any money. Ha ha. Everyone saw through that lie so now they've invented a new one
380	696561	GB	G	money.aol.co.uk	A B C # Is this the reason we have so few criminals in the uk, ha ha . # Are benefit cheats classed as criminals, because every time we read of
381	3138398	GB	B	...isisnottingham.co.uk	A B C at any and every opportunity even if it means making things up? " Ha ha ! this from somebody who takes every opportunity to have a go at ukip,
382	462092	GB	G	eshaykh.com	A B C l. Those who recited dhikr of tahl? l (l? il? ha ill' Ll? h). # Those who reached high level, use
383	3088543	GB	B	ganymede.tv	A B C she has got the whole of Dwarf to now go through, hating everything ha ha . I hope for her sake she mellows. I'm glad i went through
384	3714418	GB	B	grandedame.co.uk	A B C But at least I know all my lines and shadows will be perfect! Ha Ha ! oxo gd
385	505473	GB	G	uk.answers.yahoo.com	A B C Japanese is awful and that children can speak better Japanese than I do. Ha ha ! # " Kekkonyubiwa " means a wedding ring but I do not know what
386	3704512	GB	B	...hereaderonline.co.uk	A B C excitement =a bout the RED one coming on the 25th if I behave!! ha # Have no idea what to do with myself it is 2.00 in the morning
387	3036158	GB	B	...violets.blogspot.com	A B C all year round, so aside from buying yourself something perfect for Halloween you'll ha ve a lovely product to use the rest of the year too. It's
388	3053292	GB	B	thespillblog.co.uk	A B C : " don't push me cos I'm close to the edge HA HA HA HA HA " always stops him in his tracks. (parenting the saneshane way
389	3041635	GB	B	pez-gaming.com	A B C also must have been in a long time, relationresultTen partyTianshui array continues, relationresultHa ha , up to hundreds of thousands of meters of shadow the kylin town people are
390	1429536	GB	G	uk.answers.yahoo.com	A B C in the 70's and 80's - yes! Showing my age now, ha - ha! Our Mother always said you are supposed to say' rabbits and
391	276708	GB	G	...omepage.ntlworld.com	A B C know what it tastes like let alone how to spell it I T ha ha ha your life depends on it # The tables are turned and there's other wheels
392	378693	GB	G	neilinnes.org	A B C day A muscle man kicked some sand in my face (Ha ha ha ha ha ) So I whipped out my comb and scratched my dome And soon put him
393	1431016	GB	G	uk.omg.yahoo.com	A B C the best dancer on the show and I hope she wins.:) # Ha used to love X factor stopped watching it as soon as Tulisa got the job
394	435287	GB	G	goal.com	A B C it shows. # " You make wrong decisions, or decisions you wouldn't ha ve made when you are confident. Certainly you can see the things happening out
395	420963	GB	G	independent.co.uk	A B C go down with a bad case of swollen head!! Ha Ha Ha Ha Ha . Love ya xxxxx # 12 May 2009 # Hello Mother # Yesterday was a
396	3722695	GB	B	sentence-game.com	A B C of the letter R from every keyboard in the world!!! ha ha ha ha ha ha ha haaaaaaa. ahahaha ha i laughed untill my face was red and
397	635807	GB	G	mumsnet.com	A B C think the biggest actual problem you have is your own attitude about living in an HA home. For whatever reason, you do seem to feel a bit ashamed of
398	571971	GB	G	dailymail.co.uk	A B C 12/10/2011 20:38 -- You say " Hair and skin surviving 135 million years? Ha ha this is pure comedy! " -- You are part-way correct. This is an
399	3002744	GB	B	...rsenal.wordpress.com	A B C just expected to see " fantastic optimism " replaced with " fantastic insanity " ha ha . # One more thing which could raise our spirits here concerns the Suger Daddy
400	777386	GB	G	ummah.com	A B C to us hey sweet, arab mwazz # sweetarab # 12-03-07, 11:39 AM # ha duaa did it work??? # sweetarab # 12-03-07, 11:40 AM #
401	3085416	GB	B	fleetstreetfox.com	A B C Freedom of Information Act. # You probably thought this was to give you - ha ha - freedom of information. But no, it was to control the freedom
402	3102557	GB	B	makeupsavvy.co.uk	A B C n't have names just the Ted Baker logo on the m. The crayons all ha ve twist bottoms to reveal more pr oduc t and contain 1.5g of pr oduct
403	406169	GB	G	aclfarsenal.co.uk	A B C I should add. Dexter was right in everything he said about you. # Ha ha. And why not? I loved that team and philosophy of developing players
404	1481363	GB	G	thesixthaxis.com	A B C syle RTS would work. Can't really see the latter happening though. # Ha , alter the screen settings so that it's pretty much a two-inch screen in
405	3053492	GB	B	thetravelhack.com	A B C I agree -- but I certainly hope there is more to come post 35! Ha ! But a good enough excuse to make the declaration that every day will not
406	3033488	GB	B	live4liverpool.com	A B C 'd love to see some of their winning mentalities in our players... # ha ha ha!!!!! I think u have a very short memory,
407	578267	GB	G	amazon.co.uk	A B C jazz, subtler in its dynamics. On a couple of tracks -- Mini Ha Ha , and the title-track -- Cowley utilises jittering samples at the irritatingly primitive end of
408	3019411	GB	B	en.mercopress.com	A B C . # Perhaps AG is going to advise them on developing their bomb programme. Ha , ha, to the power 99! # TMBOA and Dinnerjacket, you could
409	3996	GB	G	nhs.uk	A B C , this is my 1st time on this site so please be patient with me ha ha!! I would just like to say, I was diagnosed with Fibromyalgia
410	180578	GB	G	...al.library.upenn.edu	A B C arranged like an equation: " Violet W.+ Gwenny T. = Lovey-dovey. Ha! ha ! " Clem says he was so relieved to find that somebody liked poor Gwenny
411	3027002	GB	B	heyuguys.co.uk	A B C -- somehow, only Twilight's publishers managed to screw it up this bad, ha ! I DO N'T EVEN BLAME Stephenie Meyer herself for her addictive writing -- but
412	3015338	GB	B	crave.cnet.co.uk	A B C limited to the amount of people it will actually be able to limit. # Ha ! anonymous 9 November, 2012 22:33 # Surely you just unplug the Kinect
413	1486287	GB	G	wahanda.com	A B C (HA) used in premium fillers is made in 4 estabilshments world wide. HA is a naturally occuring product found in jooint spaces and skin layers in your body
414	54213	GB	G	uk.answers.yahoo.com	A B C , some smart ar*e DECEIVED them and told them they can have VOICE MAIL. Ha ha ha ha. # I cant get over that one mateys! Please!
415	3054894	GB	B	travel.aol.co.uk	A B C understand that these days graffiti may well be considered " art " (ha ha ha ) but it really is an utter disgrace to deface such a beautiful place with
416	593802	GB	G	uk.answers.yahoo.com	A B C . That's why French is the first language of the Olympic games. # Ha ha that's what i was thinking, most people are English, lol.
417	534521	GB	G	freethinker.co.uk	A B C Ha ha ha ha ha ha ha ha ha ha ha # Stonyground # Posted December 30, 2011 at 10:51 AM # Thanks Barriejohn.
418	3087584	GB	B	...iedmylittlebrain.com	A B C group people in a similar mindset? # S: Like a disease? Ha ha . I think the running theme is the' Samurai Sound'. A lot
419	1429536	GB	G	uk.answers.yahoo.com	A B C 70's and 80's - yes! Showing my age now, ha - ha ! Our Mother always said you are supposed to say' rabbits and hares'
420	549450	GB	G	risa.co.uk	A B C be there With Marie who's waiting for me there Every lonely city # Ha ha ha ha ha # Where I hang my hat # Ha ha ha ha ha
421	308052	GB	G	...ms.theregister.co.uk	A B C being run on. Shame it's just the website # HA HA HA HA HA HA HA HA HA HA HA HA HA HA HA HA # These EDL
422	354611	GB	G	thequietus.com	A B C see them as an example of being weird for no other reason other than " ha ha look, puking unicorns having sex!! " attention, whereas HTDW is
423	595951	GB	G	johnmartyn.com	A B C was seen Chugging along on his river machine It was a boat. # Ah ha , hee, hee, hee Knuckledy crunch and slippledee-slee All I like is to
424	1454501	GB	G	guardian.co.uk	A B C the world " and I'm like,' Yes he is, ha ha ha !' " # Perhaps he's too nice to cope with Hollywood and all
425	1486674	GB	G	...stcountrylinks.co.uk	A B C a large 3 Bedroomed house in lovely rural location in Leicestershire, This is a HA house. The house was built 2009, Decorated to a high standard, Parking
426	1416819	GB	G	...editor.wordpress.com	A B C is completely independant to myself. I get a day of fancy dress too ha ha # I was approached by a work colleague of my wife to take a look
427	3052956	GB	B	thequietus.com	A B C Halim El Dabh... # DB:... owe so much to Bing Crosby! Ha ha ha! # It's really obvious when you're reading How Music Works
428	240340	GB	G	ecademy.com	A B C all obsessive about Google and including keywords in your headlines and subject lines (ha ha , you werent expecting that one from me) 16. All you do at
429	383571	GB	G	...hordsandthetruth.net	A B C Step out of the driving rain Maybe run from the darkness in the night Singing ha la la la di day - ha la la la di day # Sweet the
430	3693823	GB	B	...siness.blogs.cnn.com	A B C fist there no hope. stupid american. a ha. a haha. a ha . haha. a ha a ha. # April 14, 2011 at 5:20
431	535167	GB	G	cosmopolitan.co.uk	A B C it was all over the bed n down my legs n he said lol ha ha i have got a condom on. i did nt have the feeling of an
432	3091232	GB	B	guardian.co.uk	A B C have a membership and democratic conferences? Of course not. Organise a demonstration? Ha ha. Since Multiplex could build a football stadium faster than the E Team produced
433	794893	GB	G	fodderstompf.com	A B C wish I could die And I wish I And I wish I could die ( ha , ha, ha) I wish I could die # Understand Theme's going
434	654400	GB	G	ivorysky.com	A B C time. (Im patting myself on the back coz no one else will ha ha ) That customer wouldve have been black listed by the post office but not by
435	367070	GB	G	baggagereclaim.co.uk	A B C ) read " me and my no strings attached c**k miss you " Ha. Ha ha ha ha ha ha ha ha ha ha Honestly its only NC that gave
436	3698252	GB	B	...gerzone.blogspot.com	A B C ink resist spray how it bleaches out the colour, I need some of that ha ha!!, it's like' negative stamping', brilliant. I
437	147650	GB	G	acnesupport.org	A B C what you mean with the lip balm, mine doesn't leave my side ha ha . Have brought blistex today and it feels so much nicer than the vaseline so
438	555671	GB	G	badscience.net	A B C necessarily as the courts can still declare it negligent (Bolitho v City &; Hackney HA ; Re Herald of Free Enterprise) Mojo said, # " " Regulation
439	3148557	GB	B	youaremyarsenal.com	A B C can't pay for that kind of insight can you? Why would you? Ha .) Anyway, because of all that is at stake, I expect this
440	1426584	GB	G	radiokate.com	A B C (probably over-) simplified look at how the NHS works at the moment # Ha . I wrote this sub-title then drafted something that I thought made sense. I
441	580020	GB	G	esctoday.com	A B C # 2012-05-27 10:13:50 # ha ha ha theyr Greek immigrants in Russia and Ukraine ha ha ha ha your so funny!!!!!!
442	242193	GB	G	stargazerslounge.com	A B C no longer in DST (in the UK anyway) # Once i set the HA from the handset to RA axis it's always out a bit compared to what
443	775612	GB	G	soccernews.com	A B C that cr7 won la liga so he should get it.. ha ha ha ha ha fuck him....... man city., juventus,, dotmundo also won their title..
444	3083899	GB	B	false10.com	A B C to stay at one or two clubs for the duration of your career? # Ha ! There is a perception that it is completely a player's choice as to
445	184289	GB	G	dailymail.co.uk	A B C howls on here if they had? And you myopic readers lap this up? Ha
446	635015	GB	G	bbc.co.uk	A B C former entertainer. Crank the speakers a bit, and I can hear it. Ha ! You're only as old as you hear you are! # wjm I
447	1455027	GB	G	guardian.co.uk	A B C 's Dolly, Dolly does what Dolly does -- and Dolly does! Ha ha ha ! " # Or, as she puts it to a honky tonk beat in
448	253491	GB	G	guardian.co.uk	A B C Never know, you might end up with a boob job. " Ha ha ha . Yet again, many a true word. I have seriously thought of asking
449	29910	GB	G	...lamourmagazine.co.uk	A B C " It might be like a Spice World thing... " # Jay: " Ha ha ha! I guess, like, they've done it all, you
450	3700001	GB	B	matt.me63.com	A B C worry about the batons and body armour -- standard issue. Anything wrong? Ha ha no no, quite the opposite in fact. But as it happens you may
451	3699400	GB	B	linnbhalton.co.uk	A B C sign yet of my spell coming true... but I live in hope ha! ha ! Failing that, I will be casting a stronger one very soon... Janice
452	3140716	GB	B	travelblog.org	A B C do we get off at?' Jeremy realised we had missed our stop! Ha good start to the day. So back we went. # Anyway the Camden
453	18887	GB	G	victorianlondon.org	A B C . Mischeevous strangers!' said Stephen, with an anxious smile;' when ha we not heern, I am sure, sin ever we can call to mind
454	3691356	GB	B	americymru.net	A B C were only two adventurers, not three, and therefore it couldn't work! Ha Ha... he also thought there were lots of other things wrong with it,
455	3724040	GB	B	stephenfry.com	A B C they're laughing at the recession and giving us the finger by saying " ha ha , you lot might have less money right now, but look what we can
456	3130243	GB	B	...afteryesterday.co.uk	A B C you on Sainsburys.... http: **35;4232;TOOLONG... We can compare notes. # Ha ha ! I know, it all got a bit sweary! They drove me to
457	117068	GB	G	thegoonshow.net	A B C , a man's life, I tell' e, ha ha ha ha ha ha ha... # Eccles: Off course - according to my special calculations we
458	106274	GB	G	astrobuysell.com	A B C company reputable collection agent concerning the collection arrangement of the Takahashi FS60C + 40MM coronado Ha from your location and also to make collection of some other consignment for me in
459	766698	GB	G	...usiness.highbeam.com	A B C . Yet it was the out... shot from there. " The Road Hole ha # ... Anthony Woolford BRADLEY DREDGE surveyed the wreckage of his Road Hole disaster and
460	163764	GB	G	odi.org.uk	A B C industries to capital intensive industries. # Ha-Joon Chang - Reader, Cambridge University # Ha Joon Chang responded to Justin Lin's presentation with a number of key points.
461	1454246	GB	G	guardian.co.uk	A B C larger slice of the benefits pie. Long live the Tory party ha ha ha ha ha ha ha ha ha ha haaaaagghhhhhhh. # Mr Brown possibly still thinks that
462	435287	GB	G	goal.com	A B C of playing every week. Not just the team but the squad. You only ha ve to look around at the squad, it's very good and strong.
463	3702365	GB	B	richmondmummy.com	A B C me feel happy just looking at it let alone drinking my tea from it ha ha #simplepleasures Yes we'll need to start thinking about moving Allegra into her big girl
464	3707812	GB	B	belleaukitchen.com	A B C and came searching to see how I should be picking my recipe! # Ha ha Dom, I like it when you have a rant. I've only ever
465	634919	GB	G	oxfamblogs.org	A B C destruction' involved in industrial upgrading, as firms and jobs rise and fall. Ha Joon also argues that cooperativization is a good way of pursuing upgrading, by adding
466	1441631	GB	G	cleavebooks.co.uk	A B C her more civil than yo' did; yo'd getten a mother who might ha ' kept yo'r tongue in check when yo' were talking o' women being
467	439236	GB	G	totalpolitics.com	A B C . I had to have a radio active bone scan the following Friday 13th ha ha , so they could find a secondary area to to take a biopsy from,
468	3059250	GB	B	7amkickoff.com	A B C City's spending down to a their level. And my final point is " HA HA! LIVERPOOL " which I won't be covering because, seriously, HA
469	1454044	GB	G	guardian.co.uk	A B C # Ha ha. Ha ha ha ha. Ha ha ha ha ha ha ha ha ha ha ha...... # Really, Martin, you've got
470	3726901	GB	B	...loucestershire.co.uk	A B C unless you are trained. Better be cautious than sorry. " # " Ha ha , that's really funny. We all know that many commercial flocks are kept
471	3026158	GB	B	...pymarx.wordpress.com	A B C as becoming a deputy chair of the independent (Ha!! Ha!! Ha !! Ha!!) FSA and a pal of Gordon Brown. #
472	3034936	GB	B	...stersartisticson.com	A B C . # I'll not delete you, simply because Sinatra is the king! ha . If you want to post your edited list here, literally, to avoid
473	3723689	GB	B	spectator.co.uk	A B C . According to the store, he should have said' Ha, ha, ha ' -- but he was a Bad Santa, he forgot -- or was of
474	111152	GB	G	...ckhartflyfishing.com	A B C rumour? # Apparently not. During the summer (er hum... ha, ha !) I stuck my head over the town bridge in Langport one Saturday to
475	731605	GB	G	charliemcdonnell.com	A B C dw that sounds like something i would do:) lol # Maisie # Ha ha lol!! # http: **32;9032;TOOLONG emily fox # SOO FUNNY LOL XD #
476	385098	GB	G	holymoly.com	A B C 've no idea who you're referring to. # Dionne: " Ah ha ha ha! " # HM: When I was thinking of how I might write
477	3098364	GB	B	keanemusic.com	A B C . I like the song too. The EP is my musical companion ha, ha , ha. I haven't forgotten the previous albums of course. It's
478	252937	GB	G	baggagereclaim.co.uk	A B C his heart (yep you guessed it the doctors couldn't find one! Ha ha ) # And I ended up apologizing for causing him any stress by texting!
479	3136996	GB	B	thisisbristol.co.uk	A B C Given that City are expected to announce another substantial five-figure annual deficit " Ha! Ha ! LOL that means that City are set to loose less than 100,000!!
480	3065203	GB	B	bbc.co.uk	A B C THink there's some other tasty non UK matches as well.... **40;3345;TOOLONG... Ha Ha - yes, or a chat about quantum physics! # Right about AVB -
481	635807	GB	G	mumsnet.com	A B C . # OP what you say to her is (assuming she is in a HA or council house) you are harassing me, that breaches your tennancy and I
482	306930	GB	G	...arningfromsophie.com	A B C back from her next week. Because Mondays aren't manic enough already. Ha ha . Post navigation Welcome # Welcome to Learning from Sophie. I'm
483	3092410	GB	B	happylovesrosie.com	A B C at once. My mama has just gotten over 6 weeks in rehab (ha ha ) for a back operation and it's been difficult days as she gets stronger
484	3726672	GB	B	...nkinnovatechange.com	A B C thinking from all this? Lots of things. Too many to list here, ha ! But what I would say is that brainstorming in groups is a must.
485	3701607	GB	B	petergostelow.com	A B C and a bicycle is undoubtedly the way to see it all. # Peter ... ha , well, sort of. I biked for 1 week, rode a boat
486	3701723	GB	B	planetbyde.com	A B C ... too late! As soon as we started going uphill I dropped him -- ha ha! # The weather was gorgeous and sunny. I thanked the marshals,
487	654697	GB	G	guardian.co.uk	A B C not sure I agree. The hand-drawn slogan: " KiLL A COP 4 Fun.co.uk HA , haaa? " - is this actually inciting violence? For me, the
488	601796	GB	G	dailymail.co.uk	A B C you have a look on Wikipedia before making uninformed comments Taylor Rules, OK? Ha ha ha:
489	329130	GB	G	monologues.co.uk	A B C Walt?... That's a drink you make out of beans, huh? ha ! ha! ha!... That's going over very big there, too
490	446012	GB	G	dailymail.co.uk	A B C make her eat plenty of stomach churning jungle food to help her through mwahhhh ha ha ha
491	431722	GB	G	finalstitch.co.uk	A B C all well?! x " (1 month ago) # missengaged accidentallyme Ha ha!! I wonder how they do it too, wish I could be
492	3050631	GB	B	...saashby.blogspot.com	A B C go to Walton on the Naze if we get nice days in the summer ( ha ha!) - as it brings back childhood memories. Both Himself and I
493	3012774	GB	B	carocat.co.uk	A B C I can play it the way I want it to and I will mostly choose ha ! a non-linear game to have the chance to make choices. To be able
494	1427829	GB	G	...leye.freeservers.com	A B C of the band has changed. Is that a deliberate thing? # Well, ha ha ha, here we go. When I came in - they asked me
495	563510	GB	G	...publikofmancunia.com	A B C think not, but you keep buying, the Glazer keep mugging you. # Ha Ha Well done James, can't answer my questions, I think my United
496	3059775	GB	B	aclfarsenal.co.uk	A B C hero Scotty Parker, one of the great midfielders of the modern era, ha ha ha ha ha). Newcastle with the hardest run in, Chelsea plus Wigan
497	3045758	GB	B	...ampblog.blogspot.com	A B C Lions per $ of GDP. Maybe I will do that next week... # Ha . Well, your comment is accurate about Singapore, for sure. But I
498	3106812	GB	B	mtbrider.com	A B C would you like the job? # Yay! I won an award! # Ha ha, yes I see how it looks that way. I have been lurking
499	55057	GB	G	midthirtieslife.com	A B C no, silly me goes through life thinking everything is a joke so ha bloody ha . # The loo is having a great time at my expense. Whenever the
500	640998	GB	G	duas.org	A B C al-Hadid (The Iron) # This is a' madani' surah and it ha 29 ayaat. The Holy Prophet (s.a.w.) said that the reciter of this
501	3052994	GB	B	thequietus.com	A B C Later? # BW: Exactly! So I ended up buying some catapults. Ha ! Luckily I didn't need to use them. But that kind of stuff
502	1428669	GB	G	...publikofmancunia.com	A B C the FA are bitter, and our neighbors are more bitter still. Ha ha ha ha hh; hhhaaa says I. We have a title to win and need to
503	334988	GB	G	chemguide.co.uk	A B C base. # If you are thinking about A - as the base, then HA is its conjugate acid. # The water and the hydroxonium ion are also a
504	179804	GB	G	...og.designcrowd.co.uk	A B C category that get gold, silver and bronze medals! Just like the Olympics, ha ! I really want to win... so I was trying to think up things
505	580020	GB	G	esctoday.com	A B C says # 2012-05-27 10:13:50 # ha ha ha theyr Greek immigrants in Russia and Ukraine ha ha ha ha your so funny!!!!!
506	563694	GB	G	...og.escapethecity.org	A B C kayaking to get into the adventure travel industry so was wanted to see if you ha any advice -- perhaps i could send you an email? Mine is **30;369;TOOLONG Cheers
507	3119593	GB	B	rodcollins.com	A B C , he and his family came up to stay with us for ten days. Ha ! there were ten of us in our house with kids sleeping end to end
508	3138406	GB	B	...isisnottingham.co.uk	A B C donkey miller but grant Holt went Norwich for 250k who's the best player? Ha ha " # " You keep going on about Crewe players but it makes me
509	3005889	GB	B	...g.britishcouncil.org	A B C and fun. # Can't be more exciting! My name's Nguyen Thu Ha . I'm an English teacher at Lien Minh primary school in Vinh Yen town
510	1443912	GB	G	dailymail.co.uk	A B C on the " dole " the English will end up paying, ha ha ha ha ha
511	3147289	GB	B	xperiablog.net	A B C dayli use? # AlexBurnout # I have Cyanogen Mod 10 with Android 4.1.2! HA ! # ismailchenko gasmi # and what's so special about it? # AlexBurnout
512	1474900	GB	G	sfw.org.uk	A B C manhood which he had spent his life in carefully banishing from himself. # " Ha ! Niger, " he said, " how will you fight, and with
513	151180	GB	G	gettheguy.co.uk	A B C going on.. Basically I wanted to jump on him there and then, ha ha ! Awkward, though, cos I'm staff and he's not so although
514	1455320	GB	G	guardian.co.uk	A B C believe that, from 1988 onwards, Italy has been developing an ICBM? # HA ha!!!!! I can't tell if you're being serious
515	405333	GB	G	en.mercopress.com	A B C Is it not, Everything else is merely british excuses. # 68 Ha ha ha ha ha ha ha! You really are a funny one Mr Malvinense, in
516	3053871	GB	B	thisisfutbol.com	A B C n't be serious? You've sold your best players for years #Sol Campbell. Ha ! Until last season, rvp, (great player that he is) started
517	536065	GB	G	refugeeks.com	A B C ? I HATE YOU! (kidding) # http: **29;3116;TOOLONG Pete Mazzaccaro # Ha ! I think it's turning out to be a better deal than I first
518	3054894	GB	B	travel.aol.co.uk	A B C I understand that these days graffiti may well be considered " art " (ha ha ha) but it really is an utter disgrace to deface such a beautiful place
519	218552	GB	G	dailymail.co.uk	A B C old codger keep his personal business out of our faces? - Delightfully Disgusted --- HA ! What a hypocrite you are. You're reading a newspaper that exists solely
520	685228	GB	G	new-paradigm.co.uk	A B C have complex systems as agents and these agents have intentionality, a quality which no-one ha s really been able to model yet. # Nevertheless, I believe that complexity
521	1454385	GB	G	guardian.co.uk	A B C on rainfall. The team has installed a rain gauge in the village of Adi Ha , which they hope to use in future years, but the team had no
522	3045644	GB	B	saveourwoods.co.uk	A B C ) are managed to the UK Forestry Standard it will be necessary to bring 362,000 ha of private woodlands into active management to achieve this target. # These facts suggest
523	444180	GB	G	guardian.co.uk	A B C mode in which you and a friend play through a parallel game together. # Ha , you nearly got me there Charlie!! Friend indeed! # You're
524	302727	GB	G	lifesapitch.co.uk	A B C the English are still feasting on the' Miracle of 66?. Ha Ha Ha ... # DavidK # Hey Mike, being such an' expert' and'
525	3708329	GB	B	...nwanderers-mad.co.uk	A B C &; HA # League Division Two # 1992/1993 # Sat 22 Aug # Brighton &; HA # 2-1 # Bolton Wdrs. # League Division Two # 1991/1992 # Sat 25
526	3032177	GB	B	ladyarse.co.uk	A B C mistake he made in leaving such a fantastic club. # letsalllaughatarsnil # Bless ha ha ha # ANDRECAPERA14 # THis is a pathetic, with people like him I lost
527	1417876	GB	G	community.tes.co.uk	A B C christmas cake away so that I couldn't eat it. MrC was livid. ha ha. # Hi, please can I join this I have lost 3 stone
528	3079317	GB	B	ecademy.com	A B C opportunities and working hard to something completely different, mystical, " quantum " ( ha !) and the assumption that every human being has complete mastery over their own
529	298453	GB	G	babyexpert.com	A B C longer. Hopefully not to log tho!!!! he he # Ha ha yeah I know it sounds really brave, it wasn't planned like this,
530	1486107	GB	G	virtualtripping.com	A B C she pulls on Roy Wood's coat and he tells her off, ha ha ha . This video really does bring Christmas to life and I love it so much
531	1442727	GB	G	...ativeeducation.co.uk	A B C to deal with that than attempting to homogenise them. # 4. Practical -- ha ! I can think of few cases where a school uniform is more practical than
532	3053871	GB	B	thisisfutbol.com	A B C man team last year and now he's gone, lack of ambition apparently, ha ! Suck on that you pigeon licking monkey plucking goat herder. Bet you've
533	3034206	GB	B	loobynet.co.uk	A B C : I think it was more of a floated idea (floated idea, ha ha , that's appropriate for someone who lives on a canal) to see what
534	312218	GB	G	wikifestivals.com	A B C eternally converted to smaller sized festivals and never return to Glastonbury again?! Ha ha , aaaaahhh! I doubt that will happen, though - nothing beats the thrill
535	385706	GB	G	forums.totalwar.com	A B C BACK ME WOMEN!!!! (yells in a scottish accent) ha ha # Ace Blazer # 07-07-2012, 03:10 AM # " BEWARE! BEWARE! The
536	1416291	GB	G	...logs.spectator.co.uk	A B C the public. They will still think they have a " Game Changer " ( ha ha) which will miraculously turn things around and ensure that the comrades are vindicated
537	3059766	GB	B	aclfarsenal.co.uk	A B C . Fuck sake, he thinks the Emirates cup is in Argentina next weekend. ha # 1. Pujol is 38 yards away from the referee at Camp Nou and
538	239397	GB	G	guardian.co.uk	A B C preserve, between' ha ha the silly twat I used to be, ha ha ' and (e.g.)' the serious, deep-thinking political heavyweight I am today
539	3064680	GB	B	baggagereclaim.co.uk	A B C guy for who he really was; which was usually no good for me. Ha ha. # It will come as no surprise that the men are generally in
540	1441751	GB	G	close-upfilm.com	A B C . # Between films and family you make it all look so easy! # Ha ! It's because I'm an actor! No, it's not easy
541	3046955	GB	B	simonjenner.com	A B C York. # What has been your greatest extravagance since becoming Sydney Rye? # Ha , good question. I buy nice clothing and I don't skimp on the
542	3140260	GB	B	tottenhamhotspurs.tv	A B C duffed up by the mighty WBA. Chelsea denied an obvious penalty (ha, ha ) I wonder what spurious complaint they will make about the ref this time?
543	586256	GB	G	guardian.co.uk	A B C of blow-out scores were less than today when we are playing in the summer ( ha !) on firmer pitches which may be encouraging more emphasis on attack than defence
544	3037219	GB	B	mudcat.org	A B C higho! Are out in de West, care killers true, Ya ha! ha ! an higho! # A darkey band and a darkey crew, Tally ya
545	648759	GB	G	....eurosport.yahoo.com	A B C season. However, its too early to write any one- off. # Ha Ha Mancini interview.. controlled the game.. er no- you didnt. time to start whining
546	3725546	GB	B	thelondoner.me	A B C I now love - I wish I could see my old PE teacher's face ha !). I want to treat myself by buying some nice running clothes rather
547	319792	GB	G	...ospectmagazine.co.uk	A B C idea that AIDS isn't caused by a virus, etc. etc. etc. # Ha ! Your bringing up cold fusion exactly proves my point -- take a look at
548	550006	GB	G	ravehistory.net	A B C a-side that enables us to get two records in for the price of one. Ha ! It's All Right may have been roundly arsed up by the Pet Shop
549	1427099	GB	G	scribblehound.com	A B C there any more influences you've discovered since arriving here? # E: Ha ha ... I've definitely joined the cult of Posy -- Posy Simmonds, of course
550	3100291	GB	B	lesbilicious.co.uk	A B C # " What, can't you make up your mind? " # HA HA HA BLOODY HA! # Have you ever been in a relationship with a jealous
551	201102	GB	G	...phenlaw.blogspot.com	A B C I justify and judge these the same way anybody would. # Ha Ha Ha Ha Ha! After all the crap about not being able to know anything and you
552	602292	GB	G	dailymail.co.uk	A B C to enjoy life. - Original Ray, Liverpool, 12/7/2012 18:10 **25;6637;TOOLONG Ha ha ha no you can't. You can't just sign on the dole - you
553	1454627	GB	G	guardian.co.uk	A B C the auto-refresh jiggered, it's started to work, " writes Geoff Ashworth. Ha , that sounds about right. A wee shame I haven't had the same
554	3019406	GB	B	en.mercopress.com	A B C to be some sort of retard not to understand what that mean't right? ha , ha... you would have to be really silly? Oh, hang on
555	3128629	GB	B	ten-tenths.com	A B C Are you going to get Jacques' seat then? " Robert replies " ha ha , I don't know! ", signs Matksi's cap, and retreats
556	3120914	GB	B	schoolgatestyle.com	A B C the show began and it soon became apparent that my state of the art ( ha !) camera could not cope with the lighting and movement. Seeing plenty of
557	3065706	GB	B	belgianwaffling.com	A B C years' coats fit better). One is yoga, one is Spanish dancing HA ! # - My boys are funny, intelligent, cuddly, innocent yet oh
558	169182	GB	G	jonworth.eu	A B C my good friend Kosmopolit , and this from Nosemonkey (tellingly including the words Ha ha ha!) alerted me that somehow I had managed to get to be ranked
559	3707748	GB	B	beautycrush.co.uk	A B C think your eyes look blinking, you just look like you're being demure, ha ! That market is amazing. What I would give to find cake stands for
560	3025788	GB	B	gunnersphere.com	A B C What he loves finishing 8th in the leauge and playing Europa?? Ha ha ha Liverpool are history now, jus a another mid table club. Liverpool fans jus
561	530524	GB	G	rickygervais.com	A B C Comedy, whatever. Enjoy. Or get angry if you recognise yourself. Ha ha . # A cunning plan... # I had a dream about the movie The
562	3066936	GB	B	bit-tech.net	A B C device fails to do anything perfectly there are plenty of people stood waiting to say HA SEE! M$ CANT MAKE ANYTHING AS GOOD AS THE IPAD!!!!
563	1415034	GB	G	audioboo.fm	A B C set me off with uncontrollable fits of laughter. Don't do it - ha ha ha ha ha. # Darklord, I have this vision of you as a
564	3121156	GB	B	scouseveg.co.uk	A B C ... *ahem* wow... that is quite hot! # NIKI Ha! Ha! Ha ! # SIMON What is the spice in this? Is it cayenne or something
565	591388	GB	G	lrb.co.uk	A B C , entitled' A Man Has Died a Natural Death' (' Un hombre ha muerto de muerte natural') and published in the literary supplement to the newspaper
566	203526	GB	G	bbc.co.uk	A B C the dedicated F1 fan, live coverage starts on Radio 5 live " - Ha Ha Ha! LOL! Who are you kidding! I'm afraid that for the
567	1452706	GB	G	genieinthehouse.com	A B C ##1452706 # adil its me i had a message o f camil she says ha ha ur dumped u are a horrible genie but on the bright sie i love ur
568	221996	GB	G	guardian.co.uk	A B C about me and the thing with those Pferfflings, it was a joke message, ha ha ha. Ha ha ha. # The problem is we're as hard
569	397965	GB	G	nme.com	A B C ... # TONY MCCARROLL Visitor // August 30 2009 at 08:40 # HA HA HA HA HA HA!!! It took a while but I had a feeling in
570	549450	GB	G	risa.co.uk	A B C there With Marie who's waiting for me there Every lonely city # Ha ha ha ha ha # Where I hang my hat # Ha ha ha ha ha #
571	3712890	GB	B	filmstalker.co.uk	A B C this: never go in against a Sicilian when death is on the line! Ha ha ha ha ha ha ha! Ha ha ha ha ha ha ha!
572	30883	GB	G	dailymail.co.uk	A B C and Tom Watson (Lab, West Bromwich E) there was no sign. Ha ! Give those two the merest nostril-waft of Fleet Street naughtiness and they leap to
573	3104815	GB	B	...igrantsrights.org.uk	A B C ', discuss. # Lionel Barnes says: # October 9, 2012 # Ha Ha Ha, sorry can not write anything else for splitting my sides with laughter
574	625924	GB	G	blogs.thestage.co.uk	A B C out of the King's chamber. She was pale and her eyes red. Ha ! She'd been given a good rollicking! That's more like it,
575	571563	GB	G	guardian.co.uk	A B C is a land of small farmers. 80 per cent farmers own less than 2 ha of land, cultivated increasingly by women. Many, today however, face the
576	3019091	GB	B	...stories.blogspot.com	A B C beer, now that's what I like!' he said.' Ha ha , that would be great,' I said, taking this to be a
577	3076374	GB	B	dearmrlevy.com	A B C , you offer support based on what you belie ve is best. Unless you ha ve an agenda. Which means you're influenced to react a certain way to
578	587361	GB	G	islam21c.com	A B C fair is how they don't make the men shave their beards! (ha ha :) I am not yet affected by this in America, but I too
579	3064680	GB	B	baggagereclaim.co.uk	A B C for who he really was; which was usually no good for me. Ha ha . # It will come as no surprise that the men are generally in favor
580	3019324	GB	B	en.mercopress.com	A B C ), the government went out of its way to play both sides. They ha the Cold War to deal with and African politics in the Cold War played East
581	172688	GB	G	bryanappleyard.com	A B C right to tell her side of the story, before the media exposed her. Ha ! She exposed herself; no-one else knew. The vile " news program "
582	45577	GB	G	dailymail.co.uk	A B C service personnel, just to keep a few Falklanders in their windswept island? # HA ! Why on earth did they want to dock there anyway. Go to Brazil
583	3056010	GB	B	...lateatnightagain.com	A B C as you seem as energised and alive as ever. # Dolf - " Ha ha ! We are always pretty conscious that any recording could be out last after playing
584	3148287	GB	B	...politicalbetting.com	A B C HP a chance, even if it likely won't work. # AnneJGP # Ha ha! That Guardian link has a photo of Metropolitan Police officers -- only place
585	79469	GB	G	...publikofmancunia.com	A B C even say please and hold her tight to you after youve made LOVE, lol. ha ha. In my eyes the womans gets what shes sodding given. Whats the
586	3017705	GB	B	dominicholland.co.uk	A B C must have been a great feeling to retort with such a body of work! HA HA! but I bet your egotistical friend will not read it. it puts
587	695363	GB	G	...cottsbasslessons.com	A B C experiences, I am looking forward to watching all your videos and learning. # Ha ! I agree, that was the last straw! He is just an arrogant
588	532651	GB	G	occamstypewriter.org	A B C Bloomin' museum visitors! Some of them did look on rather quizzically. # HA , if I click on your link Stephen, his Tom face has a'
589	3020920	GB	B	...dsnews.wordpress.com	A B C 1866: "... perjuicios sufridos por sbditos ingleses en 1845. Aun no se ha resuelto esta cuestin que es la nica que con aquella nacin subsiste. " 5)
590	510341	GB	G	...tgraduatetoolbox.net	A B C asked?? How a barrels does unreservedly freed price??!!? ha . I was straightforwardly halting approximately letting her run the cost-free crayons as a result
591	93875	GB	G	amazon.co.uk	A B C hear the laughter and tears, On the whole if you have read paddy clark ha ha you will enjoy this book; And its one I strongly recomend for the
592	612292	GB	G	...ms.theregister.co.uk	A B C going to pick up this item or take up this thing anymore ". Ha ha , lost in translation. Glad that Google maps are more reliable. Technically
593	778781	GB	G	patrickness.com	A B C I keep thinking that everybody, in the books I read, has Noise. Ha ! I've read you books too many times! But I'll keep reading
594	29910	GB	G	...lamourmagazine.co.uk	A B C doing bitchy comments in the papers. That's all he really means, ha ha . " # Max: " I mean, if we're gon na go
595	1471928	GB	G	product-reviews.net	A B C # Co-op are expensive anyway. Morrisons or asda is the best # sparkangel # ha ha haaaaa # Senior Carmano # I have a feeling most people's opinion on
596	374838	GB	G	neilinnes.org	A B C chap's soul is pure, then the snake bite wouldn't harm him- HA HA HA- poor old Hargreaves, died almost immediately!! Horrible agony. Now let
597	3042113	GB	B	placesincambodia.com	A B C Preah Khan # This site was in fact a real city of more than 50 ha . In spite of the vandalism and the plunder there're still some magnificent sculptures
598	3015723	GB	B	crpitt.blogspot.com	A B C the fall scenery going on! I anxiously await your travel tails... # Ha ha ! I'd love to see the world's largest gnome, too! When
599	188482	GB	G	...hering-heights.co.uk	A B C ' cried he, as if making a new discovery.' Couldn't ye ha ' said soa, at onst? un' then, I mud ha'
600	3067128	GB	B	blingwire.com	A B C him? " I believe he's alive! Is he in a home? Ha ha ha ha ha! " He looks at Sara, his friend and possibly
601	3097143	GB	B	jamesallenonf1.com	A B C . I won't mention names those that know can figure it out # Ha ha Irish Con.. Like Kimi needs them anyway... Ain't it funny how the
602	3729809	GB	B	...politicalbetting.com	A B C the birds would be alerted on the approach of the cats. # firefly # Ha , no I didn't in the end -- tempting but I decided it would
603	299020	GB	G	community.manutd.com	A B C already got their marque signing, United have pulled out so who has he. Ha this will be fun if theres any truth to it. Could be stuck at
604	3721459	GB	B	product-reviews.net	A B C lot better. So I am wondering why I got this new version... # ha # The Gnex had a 5mp camera and it was horrible yet it was better
605	3139742	GB	B	tombraiderforums.com	A B C , this music made me laugh. I mean, it's beautiful, ha ha . I could just need it. # FloTheMachine , do you mean meta-strpix or
606	635421	GB	G	videojug.com	A B C waned. To fan the flames of this passion the designers of the nations buildings ha
607	3072237	GB	B	cityscape-bliss.com	A B C my room (&; practically watching it too) when I was about 15, ha ! 6 comments: # I like beds, which we can see for
608	448623	GB	G	...landeastriding.co.uk	A B C !!!!!!! " # " Ha ha ha the old queen, auntie Slammer is on here early again pretending to know which
609	3701734	GB	B	planetivy.com	A B C a few weeks ago? # CR: What do I think about it? Ha , let me think... For me, I think, being gay is totally
610	354097	GB	G	guardian.co.uk	A B C a hug for the first time, I'll involuntarily shout things like, " Ha ha, this is awkward. " # And, inevitably, it's why
611	215307	GB	G	baggagereclaim.co.uk	A B C important enough to look out for mine. " That sounds like the " ah ha " moment that everyone in these situations seems to have once they realize how much
612	278072	GB	G	...vativehome.blogs.com	A B C , not 5% is it??? He he he he ho ho ho ha ha ha he he he # Still, I hope something begins to work on
613	3028381	GB	B	...arsenal.arseblog.com	A B C into it on Wednesday against Schalke, who beat Dortmund 2-0 this weekend. Ha ha ha. Then again, looking at the recent form of opponents clearly means nothing
614	3712890	GB	B	filmstalker.co.uk	A B C ! Ha ha ha ha ha ha ha! Ha ha ha ha ha ha ha ! Ha ha ha... Drops Dead - Vizzini, The Princess Bride
615	3097869	GB	B	...urnalofwoundcare.com	A B C in the overall ITT population. Conclusion: These data support the non-inferiority of the HA gauze pad compared with HC for the primary endpoint. The significant differences in favour
616	3039793	GB	B	...hefrugaltrenches.com	A B C I look like Shiloh Pitt # I do not look like Angelina Jolie now # Ha Ha Ha! # I have been told I have her lips. # That
617	1487251	GB	G	workaway.info	A B C ist der Hauptanteil im Agrarbereich die Erzeugung von biologischen Olivenl auf einer Flche von 6 ha mit 1400 Bumen (Gesamtareal 14 ha). Der Betrieb ist seit 15 Jahren
618	1804036	GB	G	dailymail.co.uk	A B C , I haven't tripped over the stairs or anything,' he said. Ha he HA HA, roar the crew. Adrian points to the London skyline,
619	3137830	GB	B	...landeastriding.co.uk	A B C . ha ha ha ha ha ha ha ha ha ha " # " bridrobin, im afraid i do nt frequent these
620	3693353	GB	B	blogs.mirror.co.uk	A B C fly from your shit little amateur pilots airport most weekends near you # ha ha ha - DIDS you're still on here ranting garbage. You are without doubt the
621	400748	GB	G	guardian.co.uk	A B C . Easy peasy. And the Labour fodder will still vote for them! Ha ha ha! Mind you, when will Milliband be knifed by the Balls-Cooper ticket?
622	350410	GB	G	dailymail.co.uk	A B C note? " Or does British democracy mean nothing any more? " - HA HA HA HA HA... sorry, ahem, well... HAHAHA.... im very sorry
623	3096228	GB	B	...lamophobia-watch.com	A B C the need to smash the place up, I won't stop you. Ha ha ! " # Clarke added: " The place needs petrol bombed. " #
624	547931	GB	G	terrahawks.org	A B C good chance at least some of them will have great misfortunes in their lives, ha ha! I bet all the morons are just jealous because they will never be
625	3064680	GB	B	baggagereclaim.co.uk	A B C That whole weekend was a mess.I mean he stayed out till 5 am twice. Ha omg this is ridic. One evening he come to me as were still on
626	546675	GB	G	animeleague.net	A B C time to get a feel for (I still think I suck at it, ha ha). # My main compliant about that one is the overabundance of purple
627	3045068	GB	B	...srants.wordpress.com	A B C show signs of heading that way or who have had a heart attack or possible HA . twice in my life Ive been prescribed it. first time back around 1990
628	3142842	GB	B	...ellingreading.org.uk	A B C guidance. The other thing that att racted me to this test is that it ha s a structured way of assessing reading comprehension, based on reading extended text,
629	3061850	GB	B	amodelrecommends.com	A B C those hard bits that never seem to improve. http: **35;1147;TOOLONG # Flick # Ha ! another thing you should try is the soap and glory foot buffer -- it
630	3078112	GB	B	doshermanos.co.uk	A B C face down something called a " SPAM-dora's Box " 1 Comments: # Ha , I just " won " SPAM in eatmynels blog comp (I was,
631	3083375	GB	B	f1fanatic.co.uk	A B C group CEO Bernie Ecclestone put your heads together. What was discussed? CH: Ha , that had nothing to do with Red Bull Racing. We were talking about
632	525436	GB	G	noradean.com	A B C leaves no doubt that she is a mojo girl. The repeated refrain of " Ha ah, oh ah, oh ah, oh, my lover " is pure
633	155933	GB	G	karenmiller.net	A B C look at those vampire paranormal suspense titles flying off the shelves and they figure, Ha ! That's what publishers want! So they try to write one of those
634	3695903	GB	B	epltalk.com	A B C I'm excited it's Swansea! Rapids won't know what hit' em ha ha! COYG!!! # I just began covering the Premier League for
635	3711720	GB	B	eennz.com	A B C out inside the tein the morning. However. Ted is confident thto Ferrari could ha strongdle the presence of roboth Vettel a strongd Alonso inside their garage chmarketinggory. #
636	3056258	GB	B	vanessa-chapman.com	A B C visitors -- normal service will resume shortly, thank you for your patience. # Ha ! We've all had times like these. I don't usually make fudge
637	1435755	GB	G	bbc.co.uk	A B C public transport is equivalent to the deaths of half the young men in Europe? Ha Ha very funny. # Cutting out fossil fuels is only a minor hardship and
638	3034250	GB	B	...stearoomdelights.com	A B C will indeed return when both she and you are good and ready. # Ha ha , I like your thinking Finn! I'm going to implement your advice this
639	3065257	GB	B	bbc.co.uk	A B C the safer one to accept. # What was it NuLabour promised in Scotland.... ha yes.... vote NuLabour to protect Scotland against the Tories. # #85. At
640	1416675	GB	G	...ards.dailymail.co.uk	A B C out which is good. # Have your M.O.T. (body wise) ha ha ! let me know how you get on Alex and try not to worry too
641	3043096	GB	B	...onerben.blogspot.com	A B C on nightingale and you could be unlucky and end up on that wing ha ha ha . Followers About Me # Previously known as " one of Britain's
642	1456685	GB	G	heavyliftpfi.com	A B C . # Combi Lift has opened a new office in Singapore, manned by Mikkel HA , jsleth, who has relocated from his position in Combi Lift's office in
643	26361	GB	G	guardian.co.uk	A B C for Saddam Hussein or good old Slobodan or the Taliban today? # Well, ha ha ha, and yah, boo. It was obvious from the very start
644	3133402	GB	B	thesixthaxis.com	A B C Ah, the Ghost of Sparta! The pet of the Gods. HA HA HA . # KRATOS: Wasn't that funny. # PERSIAN KING: Go back
645	3015131	GB	B	...updates.blogspot.com	A B C Audrey was great..' Yes Gloria, I know who Gail is'.. ha . I also like Gail when she's being Gail. The writers have got
646	735967	GB	G	baggagereclaim.co.uk	A B C him in cos i was feeling nostalgic and hoped that he would behave better ( ha ha, the naivety!). he was, in fact, even worse
647	1474900	GB	G	sfw.org.uk	A B C whom, then? " # " Thy accuser, Arbaces. " # " Ha ! thou cheerest me: and wherefore? " # " Because I know the
648	3031484	GB	B	kerensa.wibsite.com	A B C products seem to have been somewhat influenced by the " -ix " suffix. ( Ha . There's another one... is it catching?) It's keeping me
649	54816	GB	G	guardian.co.uk	A B C Just read a summary of Compasses PlanB - a lot of their proposals chime with Ha Joon Chang's expose on capitalism and his suggestions on how to manage a capitalist
650	532057	GB	G	dailymail.co.uk	A B C choose the volunteer. - Working class hero, eussr, 21/2/2012 7:41 Ha Ha Ha Ha Ha Ha! If I was an employer I'd just get someone off
651	660277	GB	G	theregister.co.uk	A B C along, " he explained. " They're experts on the SOAP protocol. Ha ha. " # In related news, MetaFilter was said to be signing a
652	1428517	GB	G	...ekop.liverpoolfc.com	A B C , Bayern Munich every weekend! Food for thought? # Ha, ha, ha you win again tinab ! What great spirit we Red supporters have! Wow!
653	248498	GB	G	mudcat.org	A B C he used to say, Washed pigtails all away Ah hah ha ha ha ha ha ha So indoors he would stay On every rainy day Ah hah ha ha ha
654	1423606	GB	G	...h.britishcouncil.org	A B C You know why? Because you're iceberg's disappearing! Ha! Ha! Ha ! " Like I said, I hate walruses. " I know that,
655	232902	GB	G	bbc.co.uk	A B C won the CL against a better team in the final? When all the hoo ha has died down, I think that England will rightfully be considered as one of
656	534521	GB	G	freethinker.co.uk	A B C our societies. " # Ha ha ha ha ha ha ha ha ha ha ha # Stonyground # Posted December 30, 2011 at 10:51
657	3124963	GB	B	spiderbomb.com	A B C do so many people vote for a Republican party which is so anti-humanitarian? ( ha , and the Tea Party evangelists all profess to follow a religion which teaches love
658	65359	GB	G	...gs.independent.co.uk	A B C about.Only thing he knew that marko marin a werder bremen player and signed for chelsea.Ha ha ha in the end author became laughing stock for his clueless article
659	1451257	GB	G	...otball-rumours.co.uk	A B C on the board at park head and known to be a huge celtic supporter madness ha ? well if he wants to put money into the club who cares who it
660	696025	GB	G	huddersfield1.co.uk	A B C know the dead desert night &; the cold men who play there. # a ha Come on, now luring the Traveler Mighty Voyager Curious, into its dark womb
661	119657	GB	G	thequietus.com	A B C good experience, but isn't Ellie just a tad dull? # RT: Ha ha. I think she gets a very bad press. She's really smart
662	136713	GB	G	guardian.co.uk	A B C . They are the residents of floating fishing village Cua Van in Vietnam' s Ha Long Bay. # The game is not entirely recreational. One of the card
663	3902	GB	G	holymoly.com	A B C Wanted has already started mouthing off about how they're the credible ones. Ha ha ha ha ha ha. # In case you can't tell them apart,
664	434003	GB	G	...shopofcanterbury.org	A B C lanes for Olympic officials might run counter to his hope. " Well, ha ha . " His eyebrows dance a little, telling their own story. (It
665	3719090	GB	B	neocolours.me.uk	A B C taking up all the space of a normal post (with your signature and full HA pic and all of that). # I posted more details on the thread
666	745536	GB	G	dailymail.co.uk	A B C beat me don't try and join me.... STALKER!!! # Ah ha ha ha ha begging for a team again ain't ya? No team wants
667	1471928	GB	G	product-reviews.net	A B C Co-op are expensive anyway. Morrisons or asda is the best # sparkangel # ha ha haaaaa # Senior Carmano # I have a feeling most people's opinion on the
668	3714579	GB	B	guardian.co.uk	A B C including pledging allegiance to the Bulgarian sporting teams... ha ha ha ha ha ha ha ha.... most of these people buying houses are looking only at the investment and
669	193274	GB	G	newscientist.com	A B C about these events. Fireworks causing birds to fly into trees and homes. Ha Ha Ha Ha These people saying these stuff are the real stupid people thinking that they
670	3056010	GB	B	...lateatnightagain.com	A B C itself as you seem as energised and alive as ever. # Dolf - " Ha ha! We are always pretty conscious that any recording could be out last after
671	704825	GB	G	tripadvisor.co.uk	A B C when we pull up outside each hotel and think god I hope thats not ours ha , but I can promise you this its stunning from the outside inwards. A
672	47323	GB	G	webologist.co.uk	A B C -- said his name was John Anderson -- red flag right there! (Ha Ha ) Said he was with P.C. Secure -- had something to do with Microsoft,
673	241290	GB	G	aber.ac.uk	A B C 've learnt what's expected of them in a patriarchical society.' # ' Ha !' Wilcox exclaimed, tossing back his head.' I might have known
674	169562	GB	G	worldwidewounds.com	A B C that attracts water and is found in increased amounts in damaged or growing tissues. HA stimulates cytokine production by macrophages, thereby promoting angiogenesis. Proteoglycans # Proteoglycans retain
675	1428673	GB	G	...publikofmancunia.com	A B C . Nasty, evil shite. Anyway enough of woe is me!!! Ha . # Costas -- Thanks alot mate but in a way I was weak for
676	3705415	GB	B	videocelts.com	A B C table 3rd division team thats almost bankrupt? Anybody help me out here? # Ha ha this guy is a mug. He should be a politician. Promises the
677	81966	GB	G	...publikofmancunia.com	A B C A good honest lad and hard working but would do fuck all at United. Ha . Did we need Jones? Is that a joke. This kid will become
678	3112361	GB	B	owlstalk.co.uk	A B C happen: # ' Always look out for turks carrying knives, haha haha hahah ha hah' # Do you? # Where have I said I agreed with what
679	1454044	GB	G	guardian.co.uk	A B C Ha ha ha ha. Ha ha ha ha ha ha ha ha ha ha ha...... # Really, Martin, you've got to stop this.
680	3692989	GB	B	blog.very.co.uk	A B C 2012 # this would be mine all mine, my christmas present to myself. ha ha ha # Posted by james c on 31 October 2012 # i would like
681	779468	GB	G	infed.org	A B C . # Learning would be exceedingly laborious, not to mention hazardous, if people ha d to rely solely on the effects of their own actions to inform them what
682	1428669	GB	G	...publikofmancunia.com	A B C FA are bitter, and our neighbors are more bitter still. Ha ha ha ha hh; hhhaaa says I. We have a title to win and need to stay
683	3112564	GB	B	oxm.co.uk	A B C The ban came and went whilst the 360 was at Microsoft's repair centre. Ha ! # I've not been banned but have looked at my gamer feedback recently
684	3094486	GB	B	icethesite.com	A B C said at the lifetime achievements awards it's over for her career along with Frida ha ! In fact I would have expected even from Frida a full length c.d BEFORE
685	24625	GB	G	vice.com	A B C which probably could have paid for grad school or a sailboat. Fuck. # Ha . So just what is it about heroin bag art that you love so much
686	3033901	GB	B	...biecase.blogspot.com	A B C to Dumfries and Galloway Constabulary which carried out the Lockerbie investigation. # Ha bloody ha . # But the Crown Office said it considered the allegations to be defamatory.
687	659396	GB	G	dailymail.co.uk	A B C least we can do is ensure their children do not suffer for it. # Ha ha about time this was axed fully, service education has some top " other
688	3088543	GB	B	ganymede.tv	A B C like she has got the whole of Dwarf to now go through, hating everything ha ha. I hope for her sake she mellows. I'm glad i went
689	496451	GB	G	dailymail.co.uk	A B C even somebodys shirt, think about YOUR credibility before quoting them wrongly! Ha, ha . Balotellis' shirt actually read " why always me? " Obviously you're
690	752514	GB	G	eurovision.tv	A B C year...... nothing to do with the songs at all! Malta?... ha ha ha. report to the moderator
691	241061	GB	G	guardian.co.uk	A B C a troll! " I don't go on to RIP pages and post " Ha ha! " or tweet Simon Cowell that I'm going to cut his big
692	1421135	GB	G	freethinker.co.uk	A B C Marcus # Posted March 18, 2011 at 6:53 PM # Pete H # Ha ! Love it. But you missed out: # Oh it's a grand
693	132005	GB	G	cleavebooks.co.uk	A B C " that yo' put in,' so they think.' I'd ha ' thought yo' a hypocrite, I'm afeard, if yo' had
694	742730	GB	G	dailymail.co.uk	A B C as oil prices spike, and vice versa. Comments (127) # Ha ha ha ha! How the hell are we going to compete with countries that
695	3065306	GB	B	bbc.co.uk	A B C for the boring safe option or worst put you back together with your ex ha ha !! And yes I am aware this is not real lol: -)
696	3050214	GB	B	...tyboots.blogspot.com	A B C university, I'm glad it came to some sort of use in the end ha ! # I'm off to a carboot tomorrow, not been to one since
697	128525	GB	G	hostelbookers.com	A B C to become a 3 stars hotel in Hanoi. Located in the old quarter, Ha Noi Sinh Cafe Hotel is a family... + view more run hotel belongs to
698	548512	GB	G	...rounger.blogspot.com	A B C so Mum's savings will soon reduce paying full rent, losing CT excemption and HA , paying utility bills, IS... # Then we know that DLA is changing
699	3097135	GB	B	jamesallenonf1.com	A B C forward i feel a certain mr Hamiltons future lies in the Indy series. # Ha force India I would love to see the hulk or di resta in a mclaren
700	3053292	GB	B	thespillblog.co.uk	A B C and go: " don't push me cos I'm close to the edge HA HA HA HA HA " always stops him in his tracks. (parenting the
701	156378	GB	G	guardian.co.uk	A B C don't think it skews the results of the Wordle - maybe the more' Ha 's you have, the more chance of winning? I may be thinking about
702	178097	GB	G	james.lab6.com	A B C has a right to say offensive things. (Just like Britons in general ha ha ha) # Actually you are wrong. I know plenty of Nationalists who are
703	1455016	GB	G	guardian.co.uk	A B C says, " everybody and their mother was singing that refrain,' Ha, ha , ha, ha, ha.' One day, I got a call
704	3041200	GB	B	...barford.blogspot.com	A B C that were removed from the ground in 2010 (some 270 000 according to the HA model). # More to the point, what on earth does he mean
705	3098345	GB	B	keanemusic.com	A B C glad for the Chinese fans the are playing in China for the first time. Ha . How many Chinese fans are going to make it to that gig? 5
706	3024483	GB	B	...tlippie.blogspot.com	A B C uo of Bath (who I once travelled across the country to visit when they ha d only one store, only to find that the only pair that I could
707	639103	GB	G	antiquity.ac.uk	A B C 5). Another magnetometric survey in the outer, wooded part (approx. 1.1 ha ) of the Zvist oppidum (Figure 6) identified the sub-surface remains of 2
708	3432	GB	G	authonomy.com	A B C is face down and if not I will be sending an email to the producer ha . # Hi Eponymous Rox, I read chapter 4. Wow, I was
709	299255	GB	G	mumsnet.com	A B C said my body was on the older end so probably did not expect it ha ha cheeky people. I have to phone on 15 th to get a scan #
710	3134478	GB	B	thestudentroom.co.uk	A B C towels that were in her bag.. Safe to say we didn't get in ha # Embarrassing situation for my friend. While I was with her in her car
711	3065748	GB	B	belleaukitchen.com	A B C sound appealing to anyone??? So this is where randomness has led! Ha ! Well, at least, I have found my sense of humor again from
712	353583	GB	G	...hemanbookerprize.com	A B C socks, globetrotting in some style from Ireland in Roddy Doyle's lovely Paddy Clarke Ha Ha Ha (winner, 1993), to the Australian bush in Peter Carey
713	93875	GB	G	amazon.co.uk	A B C the laughter and tears, On the whole if you have read paddy clark ha ha you will enjoy this book; And its one I strongly recomend for the bookshelf
714	139202	GB	G	philipdelisle.com	A B C to achieve their dreams. I personally get much more satisfaction from the " Ah ha " moments now that I am a Chairman than I ever did when I was
715	3010663	GB	B	blogs.thestage.co.uk	A B C naked riverdancer here!! Carol, you have an evil streak (ha, ha pardon the pun!!) suggesting I do it outside, and in winter
716	3711219	GB	B	drlizmiller.com	A B C you create a " Mood Mappers " T-shirt, I will buy one, ha ha
717	1428517	GB	G	...ekop.liverpoolfc.com	A B C Real Madrid, Bayern Munich every weekend! Food for thought? # Ha, ha , ha you win again tinab ! What great spirit we Red supporters have!
718	797203	GB	G	uk.answers.yahoo.com	A B C finding o how she feels? help please? sorry for all the questions ha ha : (, it's a bit of a mess i will be happy to
719	354700	GB	G	empireonline.com	A B C n't think I'd be saying that after the Apocalypse Now skit, but ha ha and indeed ha. # 2 # Chris Hewitt Posted on Monday May 19,
720	3125582	GB	B	stackyard.com	A B C restrictions on organic nitrogen being spread on the land. The limit is 175kg/N per ha and current applications are at 150-160kg. # All the farm is in the LFA
721	66631	GB	G	hurryupharry.org	A B C one of the most moderate Al Qassem leaders # Aha ha ha ha ha ha ha ha! # Discredited Andrew # 14 November 2012, 4:10 pm # When the
722	35211	GB	G	empireonline.com	A B C snobbery? and lastly, you just did correct the spelling on Quentin Blacks name.ha ha . even though this is all off what we were talking about earlier, i
723	3047020	GB	B	...ismoore.blogspot.com	A B C ? ted enough to? ost a c? mment:) I actually do ha ? e 2 questions for you? f? t's allright. Could it
724	222436	GB	G	formula1.com	A B C in 55 laps. How satisfied are you with your race? Sebastian Vettel: Ha , I don? t think I zoomed through the field just one time -
725	3006210	GB	B	blog.dip16.net	A B C ##3006211 Ha Long City -- Vietnam # - At present, Vietnam is following the rate of
726	609419	GB	G	hagstrom.org.uk	A B C for it one day... maybe. Too flippin' honest that's the problem Ha Ha... # I'll keep you posted, Looks quite nice now though...
727	488409	GB	G	thequietus.com	A B C that building there is being knocked down, who did that one?' Ha ha ha! They want to be able to say, in the words of Abel
728	3130264	GB	B	thedesigntrust.co.uk	A B C am not on commission from Patricia for saying this!!) # LOL ha ha Deborah, no she isn't on a commission! You hit the nail on
729	3042031	GB	B	...kgreen.typepad.co.uk	A B C Jackson. It's all true you know, not just in my head, ha ha ha ha ha ha ha. I love singstar, but I get beaten
730	3112539	GB	B	oxm.co.uk	A B C those poor trusting fools who visit the site into writing them for us. Ha ha ha! Wait, did I just type that out loud? # If you
731	730392	GB	G	wilbursmithbooks.com	A B C road. Is this the end of the journey, Magus?' # ' Ha , good Meren, surely it has not been that long?' Taita asked
732	741626	GB	G	guardian.co.uk	A B C . Remember when YouTube said it would PAY people if they had popular videos? Ha ! I've seen fuck all. And yes someone else said you got yourself
733	34851	GB	G	uk.answers.yahoo.com	A B C are you from up north? I haven't heard " nowt " for ages ha ha. We say that where I used to live. # Well, i
734	216416	GB	G	community.manutd.com	A B C that he honestly thinks there are only 2 or 3 players who could improve us ha . how good does he think fletcher, carrick and co are? our midfield
735	3098565	GB	B	kesterbrewin.com	A B C the level of richness in a communication, and thus a relationship. # Ha ha ! Really interesting post and comments, but I'm amused that this post seems
736	177392	GB	G	wikifestivals.com	A B C . It makes the hair-situ a whole lot more serious all of a sudden, ha ha. So you have been inclined to go to a salon and get a
737	385098	GB	G	holymoly.com	A B C I've no idea who you're referring to. # Dionne: " Ah ha ha ha! " # HM: When I was thinking of how I might
738	128386	GB	G	rexthedog.net	A B C vocals again. We are now the Karin Dreijer Andersson Remix Team or K-DART. Ha ha.... When we were asked to remix this, we only had to hear
739	3697030	GB	B	gameviewpoint.com	A B C have never even played the single player missions. # Re: Christmas Crunch. Ha , it's not a claim it's a fact. Here's the link
740	3002040	GB	B	angryfeet.com	A B C never happen), I can introduce myself as Laurel from Laurel Likes Kittens. Ha ! # If there's a way to attach an mp3 on here, let
741	302888	GB	G	hicksdesign.co.uk	A B C The Hickensian # To put it mildly, there has been a little brou ha ha over SixApart's announcement to charge for MT 3.0 (for a more level headed
742	1423616	GB	G	...h.britishcouncil.org	A B C with white and smooth sand, Ha Long with wonderful rock mountains. I hope Ha Long will be the winner in the election of new 7 wonders. Please vote
743	3102839	GB	B	...annewheelaghan.co.uk	A B C him on the prom a few times and had always assumed he was French -- ha ha! I was so taken aback when he said he was Polish I forgot
744	3701025	GB	B	nnncv.com	A B C the 400m a goodd 800m freestyle elizaidemy oh my Olympic pool- Carlin turned her care ha goodds down concerning the shorter 200m dista goodce where she was hoping to claim personing
745	1451497	GB	G	foreveramber.co.uk	A B C on my collarbone. It makes for awkward glances and questions about hickeys. # Ha , that's Rubin's standard pose at the moment! We used to have
746	1443892	GB	G	dailymail.co.uk	A B C were above using stereotypes and arrogance.. so much for stereotypes huh? # Ha ha ha - whilst reading this I realised there was 80 sitting on the table not
747	3103391	GB	B	matanaly.com	A B C blue, and more practical! the most important, no soul shard, ha ha , I'm not a genius! I sneak all the way, went to
748	3121624	GB	B	sentiment.co.uk	A B C suited and booted' perched at the bar with a couple of pints -- Ah ha , I can spot a funeral director a mile off! I smile and ask
749	650193	GB	G	mud.co.uk	A B C any true adrenalin-shooting, juicy fun. # Killers says things like: # " Ha ! " " Coward! " " Die! " " Die! Die!
750	3049473	GB	B	stylesuzi.com	A B C around the house to Tommy several times (he likes them incase you're wondering ha ) I can only speak from my minor experience and say, so far so
751	526033	GB	G	guardian.co.uk	A B C . # they reckon there's loads of oil in somalia. black gold. ha ha ha. the americans will be there tomorrow. african central command is in
752	3010497	GB	B	blogs.qvcuk.com	A B C at midnight, as Bruce Forsythe would say " You Are My Favourite " Ha Ha love to you, Colin and your family, hope they are all keeping well
753	3105665	GB	B	mojatu.com	A B C no reason to thanked.Half inch The jade monster announces through laugh now: " Ha ha , Lee's you should definitely Cheap Authentic NFL Jerseys Wholesale to arrive can be
754	724864	GB	G	liverpool-kop.com	A B C buy david Silve when a fee had been agreed with Valencia then we would of ha the greatest ever midfield in the history of football Mascherrano Alonso Gerrard Silva.Rafa made LFC
755	3015343	GB	B	crave.cnet.co.uk	A B C scum, Serve's you right now go on SAY SORRY. Ha ha ha ha . This is real UK justice, not some biased country like America who just
756	604149	GB	G	historyextra.com	A B C 7 hour drives. They are never boring and there have been many " ah ha " history moments. # Keep up the good work, all the best and
757	161519	GB	G	davidicke.com	A B C . " Guns " refers to the necessity to render these people powerless. # HA HA HA... not only is it TRUE but the laughable thing is the total
758	3106070	GB	B	morehawes.co.uk	A B C ! 3 Responses to " Making the most of the sunshine " # Ha ha , can't belive my Mum is saying " wicked " and giving me a
759	569967	GB	G	guardian.co.uk	A B C congratulations on getting married! Now, what's your new surname " " Ha ha , reasonable enough assumption, but actually it's my forename that's changing,
760	749793	GB	G	...s.adeptscience.co.uk	A B C bibliography, unbold it and reformat.A Does it work now? A A A # Ha Leanne, I guess by now that email must have exploded... Thanks for your
761	3112539	GB	B	oxm.co.uk	A B C poor trusting fools who visit the site into writing them for us. Ha ha ha ! Wait, did I just type that out loud? # If you'd
762	332665	GB	G	spectator.co.uk	A B C the notion of success? Do you mean it's unnatural? # annc # Ha ! One of your best, Rod. # Odl # Brilliant article fataly flawed
763	293762	GB	G	...isissouthwales.co.uk	A B C to compete, ala celtic. You enjoy playing with legends such as Ledley, ha ha ha ha ha. " # Celtic only get champions league because of your
764	276708	GB	G	...omepage.ntlworld.com	A B C you feel like breaking my neck is announced by the way you laugh " ha ha as if you could " you said " prepare to compete with that good looking
765	433269	GB	G	...hborneo.blogspot.com	A B C usual - but I was a bit tiddly so that's my excuse. Billy ha d anight out with his mates and then spent all day yesterday asleep - woke
766	75502	GB	G	oliverreed.net	A B C was a freezing cold day and I don't know about you but... ha ha ha ha... and it was six o'clock in the morning! You should try
767	392977	GB	G	...lboqueronviajero.com	A B C we arrived at the River Liffey. Here we turned right and headed towards the Ha ' Penny Bridge. # The footbridge was built in 1816 and was originally called
768	587375	GB	G	eurogamer.net	A B C Xbox 360's light synthesizer app. # A Jeff Minter project aimed squarely - ha ! - at the GameCube? We live in a cruel world indeed where this
769	81530	GB	G	...ransitionculture.org	A B C mohicans and 4 day stubbled Penny Rimbaud lookey likeys for my tastes Rob, ha ha , only joking! But seriously, I do echo some of the comments that
770	1428672	GB	G	...publikofmancunia.com	A B C follow him again and hey presto a replacement for Lampard, ha ha ha ha ha . Priceless. # Rafa Quotes: " Chelsea is a big club with fantastic
771	164520	GB	G	mumsnet.com	A B C accom, then do so. If you can't afford to come out of HA housing, then you are not cushioned from anything. # If you could come
772	684258	GB	G	mariankeyes.com	A B C photographer forces her to swing, monkey-like, from a tree while going " HA HA HA HA HA' - come in two formats: shoulder-padded and over-made-up, or
773	473503	GB	G	guardian.co.uk	A B C of the media transformed into jeering, finger-pointing Nelson from The Simpsons: " Ha ha , Nigella is worried about how she'd compare, standing next to size-zero,
774	3050190	GB	B	...ditorum.blogspot.com	A B C . " -- Ha. Ha. Ha. Ha. Ha. Ha. Ha . Have you *read* the newspapers this week? People are getting locked up under
775	531528	GB	G	newscientist.com	A B C 12, 2012 4:48 PM # . /agree First thought I had was... ah ha ! the end of obesity and solution to smartphone battery life issue. Borg here
776	722931	GB	G	guardian.co.uk	A B C greater " # It might be a reasonable point but it's not terribly ha ha , is it? It's not an insult to people who have just been
777	3015338	GB	B	crave.cnet.co.uk	A B C limited to the amount of people it will actually be able to limit. # Ha ! anonymous 9 November, 2012 22:33 # Surely you just unplug the Kinect
778	415572	GB	G	dailymail.co.uk	A B C more until I gained weight because I' clearly' wasn't eating enough. Ha ! The public's lost it. - Emily, Scotland, 26/7/2012 16:12 "
779	610976	GB	G	guardian.co.uk	A B C great to chat when you've got more time. Enjoy your pee, ha ha . Are you around later today? I won't be free until about 7
780	1422104	GB	G	...anbone.wordpress.com	A B C you with me comrades? # TO MARCH OR NOT TO MARCH? # Ah ha .. as my learned friend DOGMAN points out in a comment It is quite possible
781	3059766	GB	B	aclfarsenal.co.uk	A B C or even contemplated cesc and naz move will make their excuses like the press said ha cant wait you fickle lot, not including those of us with common sence of
782	385098	GB	G	holymoly.com	A B C : " Yeah, and that's because it was written for me. Ha ha ha... And anyone else who attempted it... and you know who I'm
783	132005	GB	G	cleavebooks.co.uk	A B C not bear to think it were all a set o' chances, that might ha ' been altered wi' a breath o' wind. There's many a
784	3039793	GB	B	...hefrugaltrenches.com	A B C look like Shiloh Pitt # I do not look like Angelina Jolie now # Ha Ha Ha! # I have been told I have her lips. # That is
785	279940	GB	G	themarblehalls.com	A B C head off at your diving calculation scale from yesterday. # Goona gal ha ha , I hear you! # Goona Gal on October 9th, 2012 5:47 pm
786	1446208	GB	G	denofgeek.com	A B C 18:56. # You are " just " a " rabid fanboy " then. Ha , bet you wish you were interesting enough to be a BBC shill. Moffat
787	3033488	GB	B	live4liverpool.com	A B C I'd love to see some of their winning mentalities in our players... # ha ha ha!!!!! I think u have a very short memory
788	420023	GB	G	standard.co.uk	A B C . This lady's not for turning. " Oh, Mags. Ha, ha . It's the way you tell them. # It's probably significant that
789	3004244	GB	B	...bounds.wordpress.com	A B C Poor old Uncle Sol. 13 Responses to Nobody Loses All The Time* # Ha ! Yes. Changing tack ever so slightly -- even though I'm not remotely
790	3055300	GB	B	twistedfairytale.net	A B C it when people do that. # I'm doing it to you now. Ha ha. Stay tuned. Tomorrow is going to see another bit of ridiculously exciting
791	3087578	GB	B	...iedmylittlebrain.com	A B C life, but my biggest inspiration is definitely my wife! # DB: Ha ha , that's cool. What is your release history and is there a track
792	3045076	GB	B	...obeedoo.blogspot.com	A B C strip of lining fabric and sew the two together within the waistband sandwich. # Ha ! # There was way too much bulk. When I formed the pleats out
793	3081854	GB	B	errrn.com	A B C I would haudio-videoe liked to haudio-videoe ingso come to been improved; on the other ha new goodd you'll take a new goody win you ca new good get;
794	291609	GB	G	rocknrollbride.com	A B C fabulous that I want to do my bit to carry on the positivity. # Ha ha! Whilst reading your post I received this text from a close friend,
795	37887	GB	G	80sactual.com	A B C to the edge I'm trying not to lose my head Uh huh ha ha ha It's like a jungle sometimes It makes me wonder how I keep from goin
796	676301	GB	G	bloggerheads.com	A B C you understand, just so he could know whether to bring cheese. Ha. ha . Ha. # It was during this kind offer of a personal confrontation that
797	119120	GB	G	helenhearts.co.uk	A B C the first time anyone's ever said that I lead an exciting life! Ha ha ! Her collection is seriously good... I'm SO going to be buying one
798	1474341	GB	G	scienceomega.com	A B C a socket and plug. # " Current flu vaccines target the head of the HA to prevent infections, but because the flu virus mutates very quickly, this part
799	378503	GB	G	renrwe557.blog.com	A B C battlefield will eat a big defeat, the whole city of Jingling lose out. Ha ! Really funny! I am now the people are numb, you have seen
800	761592	GB	G	f1fanatic.co.uk	A B C look good for less money. # I read a Mc Laren Honda maybe? ha ha would be nice to see them in white and red again. Probably Lewis
801	3065202	GB	B	bbc.co.uk	A B C fans back to London, after they lost to the " mighty " Everton. HA HA HA... Comment number 5. # Only Fergie could think his team
802	532057	GB	G	dailymail.co.uk	A B C definately choose the volunteer. - Working class hero, eussr, 21/2/2012 7:41 Ha Ha Ha Ha Ha Ha! If I was an employer I'd just get someone
803	432793	GB	G	guardian.co.uk	A B C when forced onto' work experience' by this lousy government... # Ha! Ha ! Just kidding! God forbid! # Actually, I graduated from Oxford myself
804	574047	GB	G	independent.co.uk	A B C Buckingham Palace on the Queen's 80th birthday, thank you very much. Ha ha ! " The royal family hosted a picnic for 2,000 children, while on the
805	671646	GB	G	mirror.co.uk	A B C 30 minutes of dancing or 30 minutes of sex?, she replies: " Ha ha ha! Depends on what kind of sex you're having. Try'
806	10988	GB	G	...tsinner.blogspot.com	A B C speech about how we should abolish Catholic schools because htey make the children Catholic ( ha ! I wish - I work at one, no such luck!).
807	1804182	GB	G	guardian.co.uk	A B C my life. Partly be-cause I didn't want him to think,' ha ha , I've got this power over her'. But also I didn't
808	3032177	GB	B	ladyarse.co.uk	A B C we still have match winner ARSHAVIN!! Good Luck Arsenal # Ukpunisher # Ha ha . Chamakh and park step up? Step off more like # I agree in
809	709546	GB	G	ocdawarenessweek.org	A B C the time ". " Yeah I know I'm a bit OCD about that ha ha ha ". It's nice to read an article which tells me that
810	1466383	GB	G	mumsnet.com	A B C only gave him a bollocking and not a de bollocking. I am lucky ( ha ha, not) in that I also have some bad back and pelvic problems
811	439236	GB	G	totalpolitics.com	A B C ). I had to have a radio active bone scan the following Friday 13th ha ha, so they could find a secondary area to to take a biopsy from
812	414924	GB	G	dailymail.co.uk	A B C posh boy he may been chasing that horse around the block a few times ha ha # Banks don't have any assets, they use borrowed money and investors money
813	3012549	GB	B	...d-susan.blogspot.com	A B C a good mum giving up the hoovering to be by her side, ha, ha ! # When I was little and had an operation the staff let me take
814	3087093	GB	B	...orums.bcseweb.org.uk	A B C footnote links to a YEC speech at a creationist conference 25 years ago - ha ha . " Old-earth advocates maintain the earth is over 4.5 billion years old, so
815	191501	GB	G	glosswatch.com	A B C pun based around women being gold diggers! Just in time for the Olympics! Ha ! Hilarious! So what if it equates the ultimate female sporting achievement with becoming
816	1428657	GB	G	...publikofmancunia.com	A B C and see how he does and how he handles it. Got ta start somewhere ha . Otherwise if the lad doesn't get 1 1st team game this whole season
817	56094	GB	G	sabotagetimes.com	A B C feel free to pull my hair whilst repeating " take it bitch ".. ha ha , but come anywhere near it after I have just spent 2hrs trying to make
818	303833	GB	G	womanandhome.com	A B C we initially lived. # thank goodness this was not one of my cravings ha ha . # If it does not make you happy, why do it? and
819	308052	GB	G	...ms.theregister.co.uk	A B C site's being run on. Shame it's just the website # HA HA HA HA HA HA HA HA HA HA HA HA HA HA HA HA #
820	669886	GB	G	uk.music-jobs.com	A B C range of Performance opportunities We are looking for an experienced and successful theatre technician who ha # Finance Manager The company is seeking a Finance Manager to manage and maintain its
821	45704	GB	G	theanfieldwrap.com	A B C was. Ridiculous! # But then he didn't score against anyone. Ha ha . He still isn't scoring against anyone. He doesn't even look like
822	696988	GB	G	aclfarsenal.co.uk	A B C !!! or Unit K (after a local township -- ie ghetto) ha ha (local joke). # Chase " I understand what your saying
823	1440270	GB	G	casebook.org	A B C an article in Slate magazine, the Oxford English Dictionary dates the use of " Ha Ha " back to Old English. Thoams Carlyle, a Scotsman by birth and
824	3031606	GB	B	...miraikkonenspace.com	A B C , did you still believe that it would happen this year? Kimi Raikkonen: Ha , I always thought that it was possible. It was just a question of
825	87822	GB	G	uk.answers.yahoo.com	A B C this sorted as it is ruining my shoes and leaving my feet freezing cold ha ha ! thanks in advance for any suitable answers!:) xx Best Answer
826	3101244	GB	B	liverpool-kop.com	A B C I think he is will comes not effective to playing for LFC player. # Ha ha!! If the managers name was not Kenny Dalglish fans would've burnt
827	132005	GB	G	cleavebooks.co.uk	A B C it fair out before me in words, as many men do. I may ha ' laughed at those who did, to brave it out like? but I
828	3018323	GB	B	...eaveley.blogspot.com	A B C our own place to sit, its called the naughty table.!!!! ha ha. # Now I have to let you into a secret, Tim,
829	3003110	GB	B	astonvilla-views.com	A B C out rather than just repeating the same opinion......... we all know you hate RL ha ha # I'll own up. I said before that I wouldn't post
830	770553	GB	G	astronomican.com	A B C his face he thinks he is dis honoured that my Company Master has none, Ha ! Remiel is the most honorable Astartes I know! The Templar is lucky that
831	3012549	GB	B	...d-susan.blogspot.com	A B C You are a good mum giving up the hoovering to be by her side, ha , ha! # When I was little and had an operation the staff let
832	37352	GB	G	ecademy.com	A B C the skill of being able to focus on a goal-orientated task and win. # Ha , how ironic that my student days were about doing just enough to get my
833	319314	GB	G	zonalmarking.net	A B C "?!? # Dec on April 20, 2012 at 12:50 am # Ha point taken. But what I'm getting at is the notion that defending only
834	349411	GB	G	ajb007.co.uk	A B C ##349411 Re: Songs that would have been great as Bond Themes # Ha i like it... if connery did another Bond film it would be called "
835	1452706	GB	G	genieinthehouse.com	A B C # Alright Adil whats occurin then sugar tits??? # Adil says: Ha ha ha ha! # - Talgarth # April 18th # sarah cranitch - age
836	372300	GB	G	dailymail.co.uk	A B C blade, next time. " - Eric Bolan, Surrey, 01/12/2011 22:28 HA HA . Thanks for the laugh there Eric. # I' did' my National
837	384691	GB	G	anxietynomore.co.uk	A B C hearing friends have gone out doing things oh dear I am wallowing arnt I? Ha ha x # Come on girls, money isn't everything... well not quite
838	528388	GB	G	thesixthaxis.com	A B C for that matter! i will try to slow down for the corners WHA HA HA .; D # Not at all mate, more the merrier, it can
839	1474900	GB	G	sfw.org.uk	A B C ! this is well - well! Excellent guardian - paternal law! Ha, ha ! " And, startled herself at the dread echo of that shrill and maddened
840	1429614	GB	G	uk.answers.yahoo.com	A B C because my family are haunted. I think, if there is such thing ha ha ! # Sounds like you are dreaming half of this stuff. But if you
841	38277	GB	G	guardian.co.uk	A B C On the other hand, he does have quite a funny high-pitched voice. Ha ha ha. High-pitched voices are funny. # The studio audience don't care for
842	285816	GB	G	robbiewilliams.com	A B C - we NEED another forum party to celebrate Poppy's arrival! * MissSexy - Ha ! Your comment made me " lol " - glad u got a reply from
843	3014340	GB	B	...extiles.blogspot.com	A B C other. But it was all part of the rustic look for me! ha ha ! # Its so lovely to see a post from you and hear that you
844	436160	GB	G	emeraldinsight.com	A B C world. In addition, my sincere thanks go to my advisor, Dr Louisa Ha , who has inspired me to academic excellence. I also appreciate Bowling Green State
845	360832	GB	G	...ms.warchestgames.com	A B C Re: The fact that et is dying # et is dying since years - ha but there are still mappers modders an other guys other games can dream from a
846	3024252	GB	B	gavreads.co.uk	A B C book cover to build desperate sales to book stores that are closing. Hollywood, ha ! Do not get me started on the rehashing of worthless garbage that hits the
847	797796	GB	G	guardian.co.uk	A B C coin toss. Federer chooses heads. It's tails. Ha! Ha ha ha ! Murray decides to receive; he always backs himself to break given the quality
848	1443797	GB	G	dailymail.co.uk	A B C a Phenomenon of some sort. # " Overeating and Indigestion "...... Ha ha ha ha... I would bet it was the GM sunflower seeds that killed these birds
849	3066716	GB	B	birdlife.org	A B C Lake Talimarzhan - September 2012 # Lake Talimarzhan is a large reservoir of c. 800 ha located on the border between a developed agricultural area and the desert and is situated
850	263775	GB	G	...schoolonthecroft.com	A B C . I will be hoping the Builder grows his goatee back soon (ha ha ha , that cracked me up). I do understand how blogging can take up
851	383571	GB	G	...hordsandthetruth.net	A B C I took the poison from the poison stream Then I floated out of here Singing ha la la la di day - ha la la la di day # She runs
852	11125	GB	G	lfcreds.com	A B C good inclusion and would love to see Raheem get some more time under Rodge! Ha # With Rodgers likely (Hopefully) to use his adaption of a 1-4-3-3 you
853	1441000	GB	G	chemguide.co.uk	A B C this equilibrium: # Note: We are writing the acid as AH rather than HA , because, in all the cases we shall be looking at, the hydrogen
854	591393	GB	G	whatculture.com	A B C the asylum and fell in love with city time for an Arkham Nation.huh huh huh ha ha ha ha ha! # There could be a multiplayer add on where every
855	453642	GB	G	bbc.co.uk	A B C all our money from isn't it? - drive on ". Wolvo - ha ha - no chance, likewise Walsall - I'll tell you what, you
856	229778	GB	G	cityscape-bliss.com	A B C 'll grow up to be a Garfield sort of tom (fat) cat, ha ! # Now to the outfit. I got this H &M; tweed blazer about
857	318912	GB	G	dailymail.co.uk	A B C " free kick routine because it don't work. Whos winking now? Ha ha # This headline is an embarrassment, considering what Nani actually said. In no
858	133238	GB	G	...op-catastrophe.co.uk	A B C Talk about the blues, right now, ohh Look out, yeah, ha ha ha That? s right ladies and gentlemen, thank you for letting me into
859	482105	GB	G	grandedame.co.uk	A B C to say Ep 3 was very sad to me. I even cried! Ha Ha ! Obvs I'm an emotional basket case. But it was sad. His
860	129104	GB	G	drownedinsound.com	A B C , she's the only one that wants to sell out! Katherine: Ha Ha , no! It's been a pleasure to work with Sean and Fortuna Pop
861	74217	GB	G	kingsofwar.org.uk	A B C capturing (in my opinion, preferrably killing... but I'm from Missouri. Ha .) Kony could be a monumental debt to take on -- and tack on
862	1415034	GB	G	audioboo.fm	A B C off with uncontrollable fits of laughter. Don't do it - ha ha ha ha ha. # Darklord, I have this vision of you as a cowboy and
863	490353	GB	G	...publikofmancunia.com	A B C . Ingerlund are bound to win the euros and world cup after beating spain. Ha . I tell you. The spaniards and barca players are losing their mojo.
864	3078986	GB	B	ebrdblog.com	A B C per capita -- a standard measure of sustainability -- is below 2, whereas g ha per capita in Mongolia is 5.5, which is bottom of the HPI rankings in
865	3139742	GB	B	tombraiderforums.com	A B C will be pain in head to do all over again. # Symsi , ha ha , this music made me laugh. I mean, it's beautiful, ha
866	397734	GB	G	uk.answers.yahoo.com	A B C Lets figure out a way to explore some more instead of shouting, " Ah Ha God! " It's just pure ignorance to do this. If anyone at
867	3053674	GB	B	theyneednews.com	A B C power thing, it must be funny hearing the begs for the new PS3. HA HA HA # Alfredo Viteri is a 24 years old IIG. He think he
868	754816	GB	G	eightcuts.com	A B C thing was a fluke. # 3. There's no poetry. # Ha ha ha! I know... the first draft before I submitted the MS to Geraint
869	3073049	GB	B	coldghetto.com	A B C corrupting way, the children are always the one's to suffer, ha ha ha . (T his is very close to the performance that Pierre gave when he
870	3025722	GB	B	gunnerblog.com	A B C ? And how about Lauren? Hoyte???! Haaaaaaaaa ha ha ha ha . Crazy talk. # Like someone said before. A note to the AW
871	742936	GB	G	...ransitionculture.org	A B C doom mongers are saying " it's nearly all gone " when in fact ( HA !) they were wrong, there's loads of it sloshing around, party
872	502281	GB	G	micksinclair.com	A B C Sex Machine? is more machine than sex. # " Ha ha ha ha ha ha. " # What would James Brown think? # " I imagine he
873	660031	GB	G	sqapo.com	A B C n't shown that such a State would be possible in practice. " 472 " Ha ! I've just escaped two waves, and now you throw the biggest of
874	1455027	GB	G	guardian.co.uk	A B C , that's Dolly, Dolly does what Dolly does -- and Dolly does! Ha ha ha! " # Or, as she puts it to a honky tonk
875	779249	GB	G	telegraph.co.uk	A B C fringe on top? " guffawed one friend, pointing at my receding hair. Ha ha ha. But with or without the fringe on top, Surreyites are as
876	3015344	GB	B	crave.cnet.co.uk	A B C 1 November, 2012 15:45 # I think a little Nelson Muntz " Ha, ha " would be a nice touch here. Capt. Fantastic 1 November,
877	167553	GB	G	community.manutd.com	A B C Re: England hates to accept the fact that Manchester United are the best # Ha ha I've never heard so much log. Just ask people who don't
878	24943	GB	G	walkhighlands.co.uk	A B C Total waste of space UTG unless you are a junkie - rant over) # Ha Ha yer right about the gardens Rick what a dump. how ever could be
879	1480891	GB	G	theogray.com	A B C call later. Definitely won't be answering the phone for a while now, ha . Sounded dodgy from the start. Even worse he asked me what age i
880	3082220	GB	B	essiebutton.com	A B C putting on my Christmas list! The breakfast scrub sounds incredible, and unfortunately inedible ha ! I frigging love maple syrup. # Hope you had a wonderful time in
881	535805	GB	G	kitguru.net	A B C , it's looking like even those with the Premium console will need an external ha ... more. # Roccat's gaming mouse portfolio sees the newest leader to its
882	3017892	GB	B	drdavidhamilton.com	A B C there that collects all the evidence together into a single package. # Ha Ha Ha ! Yes I've heard you say this before but this is the first time
883	296294	GB	G	guardian.co.uk	A B C you know? If the other one is evil with a remark --' Ha ha , your stomach,' or whatever -- everything can be ruined, you know
884	3708329	GB	B	...nwanderers-mad.co.uk	A B C # Sat 04 Mar # Bolton Wdrs. # 1 - 1 # Brighton &; HA # Second Division # 1977/1978 # Sat 08 Oct # Brighton &; HA # 1
885	3065158	GB	B	bbc.co.uk	A B C think you can blame them. A title like King of Comedy promises more funny ha ha, than funny, erm -- not that it isn't funny, but
886	329130	GB	G	monologues.co.uk	A B C a pinch of tobacco... and you shove it up your nose. ha! ha !... and it makes you sneeze? ha! ha! ha!...
887	1480913	GB	G	theoohtray.com	A B C a hospital on Guerrero Street " only for Johnny to reply, " Ha ha ha . What a story, Mark! " Would-be raconteurs take note. # The
888	3056015	GB	B	...lateatnightagain.com	A B C a slightly different reworking in parts, but never fear fans of shouting Ha Fucking Ha the opportunity most certainly still remained to do so. The riveting hour long set
889	384691	GB	G	anxietynomore.co.uk	A B C help myself by DOING! Oh god I feel better for saying that! Ha ha ! x # mm16, I think we are afraid to push because we are
890	3081855	GB	B	errru.com	A B C you does not seems enough for your sair conditionerrifice.800 Number Lookup. May our heras ha singled a singled light-weight continually be near you a singled comfort you in those dark
891	581200	GB	G	blog.lynxworks.eu	A B C you can feel like a whiner. Hears som good ammo fer ya! # Ha ! I'm the last person to comment on grammar or spelling errors. My
892	672036	GB	G	guardian.co.uk	A B C and if she does, there's nothing you can do about it. # Ha , i used to work at the Red Cross, and my boss used to
893	494208	GB	G	order-order.com	A B C -- but then I'm glad I'm not Tory either. He he Ha ha , # If the truth were known, it's LuLu Bags for me;
894	1459365	GB	G	independent.co.uk	A B C you're the one who wrote the letter. So you can write then? Ha , ha! Well done. " Meeting 14-year old George Barlow, whose invited
895	284165	GB	G	...ia.socanth.cam.ac.uk	A B C matter how good they seem. # ? Senegal to increase cultivation area by 3000 ha ? Afrol News 23 October 2008 # My name is Christine Stevralia. I was
896	3028390	GB	B	iberosphere.com	A B C unites all other separatist organisations: " Constatem 6. Que el Parlament de Catalunya ha ratificat en diverses ocasions que Catalunya s una naci (cal entendre, conjuntament amb
897	398740	GB	G	hat4uk.wordpress.com	A B C . (see Ken Livingstone's recent exposure on tax avoidance for one ha, ha , ha). You can also choose how to invest for your pension,
898	311705	GB	G	...siness.blogs.cnn.com	A B C really. Those assessment assume you are a Euro millionaire at lease, ha ha ha . That assessment is not for ordinary people. What a joke! # November
899	774266	GB	G	nme.com	A B C Joe Satriani does. # Jeremy Rouse Visitor // December 14 2008 at 01:49 # Ha , video not available due to copyright claim by EMI. How much you wan
900	571971	GB	G	dailymail.co.uk	A B C , 12/10/2011 20:38 -- You say " Hair and skin surviving 135 million years? Ha ha this is pure comedy! " -- You are part-way correct. This is
901	621904	GB	G	adamcooperf1.com	A B C to Pastor Maldonado: " I will drive in the same way... " # Ha . I think the phrase' for sure' was originally coined by Fernando Alonso
902	748604	GB	G	isimonbrown.co.uk	A B C got it to do that for me. Any help? Thanks! # Cathy HA # December 14, 2011 at 1:36 am # How about a free move crop
903	3047735	GB	B	sofabet.com	A B C performance last week leads me to believe the producers are not too fussed. # Ha ! Brilliant spot. This echoes what Gary said on The Xtra Factor in week
904	151403	GB	G	theargus.co.uk	A B C lights?? # ' They' - being ALL cyclists presumably...? # ha ha.. yeah... red lights, cyclists... right of way... lol...
905	3064682	GB	B	baggagereclaim.co.uk	A B C down an imaginary rabbit hole, and all the while thinking this is love. Ha ! Insanity. # I think there is something seriously wrong with me. I
906	150355	GB	G	guardian.co.uk	A B C had his montego windscreen put through as well.happy days..... # Next steps, ha ha , there even worse. If the relative does go to next steps, do
907	240176	GB	G	baggagereclaim.co.uk	A B C gawd, that's oh so bad, and oh so good. Ha ha ha . Wow! # And agreed about guys wanting to be able to say they
908	765521	GB	G	bbc.co.uk	A B C make up the numbers, Bolton, Middlesborough, Portsmouth, Wigan huge teams ha ha ! # I can't see why the English Premier League would want them.
909	345676	GB	G	...publikofmancunia.com	A B C Battle " Like a trophy too? Ha.. ha.. ha.. ha.. ha ..! # NevTheRed : we have bigger chance to Win the league next season
910	345676	GB	G	...publikofmancunia.com	A B C What's next? Treated " Avoid Relegation Battle " Like a trophy too? Ha .. ha.. ha.. ha.. ha..! # NevTheRed : we have
911	358761	GB	G	lowcostholidays.com	A B C in central Dublin, Abbey Hotel is within walking distance of General Post Office, Ha ' Penny Bridge, and The Spire. Nearby points of interest also include Dublin
912	274660	GB	G	frieze.com	A B C be published together in an anthology in the 21st century? # John Ashbery: Ha ! No, I wasn't even sure we'd ever be published. #
913	3076374	GB	B	dearmrlevy.com	A B C that's with you forever, it engraves itself onto your soul and you literally ha ve to se ll it to the devil to escape from it. But how
914	3033482	GB	B	live4liverpool.com	A B C Babel, Bennayoun, Koncheskey, Poulsen, Meireles and Ngog) # Ha! Ha ! love your name soueys tache! that has really made my day! i
915	3709174	GB	B	...lictruthscotland.com	A B C be discussing this on the SSPX thread. Semperfidelis, what have you started? Ha ! # I have to share another little glimpse into more' New Mess'
916	133238	GB	G	...op-catastrophe.co.uk	A B C # Talk about the blues, right now, ohh Look out, yeah, ha ha ha That? s right ladies and gentlemen, thank you for letting me
917	670559	GB	G	upthevilla.com	A B C up top who will chase the ball down and not let them settle! # Ha . I may not of been there but did watch the game in full.
918	360458	GB	G	morrissey-solo.com	A B C ? # Jim Rome # October 7, 2007, 07:05 PM # ha, ha , ha!!:) # Bitches?... I don't know.
919	723082	GB	G	4networking.biz	A B C in industry conventions people are always keen to talk to us by mistake! ha ha # The hyphen was by choice, i personally **40;4432;TOOLONG...:
920	3713622	GB	B	frugalmummy.com	A B C I feel sorry for her, how sad her little world must be! # Ha ! Love it - the number one ladies' dtective agency strikes again. Mind
921	1481323	GB	G	...hescratchingshed.com	A B C Yet we are Leeds and we are the best behaved supporters in the land. Ha # LUFC OK # if you watch the video you see him walk past and
922	3102838	GB	B	...annewheelaghan.co.uk	A B C to be a writer? # Me? Yes, I'm fucking brave! Ha ha ha! No, it didn't take any courage. Not at all
923	1480528	GB	G	thegoonshow.net	A B C . Just a moment I, I'll have to think of it. Ha ha . Yes, yes, yes aha yes, yes ha hum hmm hmm hmm
924	310052	GB	G	...lfasttelegraph.co.uk	A B C two fingers up at them (those who rejected him) and say,' Ha ha ha, you were wrong'. " # Anyone hoping the book will
925	3714579	GB	B	guardian.co.uk	A B C **31;1350;TOOLONG including pledging allegiance to the Bulgarian sporting teams... ha ha ha ha ha ha ha ha.... most of these people buying houses are looking only at the investment
926	3700502	GB	B	...epublic.blogspot.com	A B C 's OK to be brutally honest and forget the PC world... (ha ha ha PC World... did you like that?), so lying bastard is OK
927	3715048	GB	B	hmfckickback.co.uk	A B C get a place on the bench for that shite!!!!! Ha ha
928	525373	GB	G	...tevenaitchison.co.uk	A B C up and see i also followed up immediately by commenting what i like... ha ha # Hello Steve, I am following you for a while on Twitter and I
929	3127196	GB	B	surfbirds.com	A B C in the Karnabchul steppe. # Lake Talimarzhan is a large reservoir of c. 800 ha located on the border between a developed agricultural area and the desert and is situated
930	3109452	GB	B	nme.com	A B C line hovering down the bottom # SteveInQueensland Visitor // September 9 2010 at 06:38 # Ha , I have now heard this song 3 times today, I quite like it
931	161519	GB	G	davidicke.com	A B C " Guns " refers to the necessity to render these people powerless. # HA HA HA... not only is it TRUE but the laughable thing is the total lies
932	3065257	GB	B	bbc.co.uk	A B C Perhaps the silver lining will be brighter. Jim Murphy is no longer SoSfS. Ha ! The Libdems have just sacrificed their Scottish followers to the wolves for cleggs glory
933	736456	GB	G	lingua.org.uk	A B C ???????, or, in Italian, by Maria ha telefonato, or Ha telefonato Maria. All four of these statements could equally well
934	3082066	GB	B	espncricinfo.com	A B C November 15 2012, 18:19 PM GMT) # RandyOz , an average cricketer? Ha . When Flintoff was fit and in form, he was an all time great
935	562597	GB	G	...publikofmancunia.com	A B C point in there somewhere laddie? # Spot on about the StealthUnitedTM! ha ha ha ha! Always look to Everton and Sunderland to take points off our rivals after
936	136713	GB	G	guardian.co.uk	A B C a plan to move the people living here inland, " to protect environment of Ha Long Bay heritage, " according to deputy head of the Ha Long Bay Management
937	3144765	GB	B	webhostchat.co.uk	A B C in the same datacentre then it should be fairly straight forward with something like Linux HA . If you wanted to put the boxes in different datacenters then DNS based solutions
938	186244	GB	G	guardian.co.uk	A B C their highest positions. Yet the moaning female lefties blame their disadvantages on sexism. Ha ! They're just lazy
939	1444106	GB	G	dailymail.co.uk	A B C the drunks and junkies... magic! - jb, Glasgow, 24/5/2012 11:14 **31;3714;TOOLONG ha ha ha! you've never been out of Glasgow in your life, that
940	3032177	GB	B	ladyarse.co.uk	A B C and we still have match winner ARSHAVIN!! Good Luck Arsenal # Ukpunisher # Ha ha. Chamakh and park step up? Step off more like # I agree
941	3036403	GB	B	...exywoo.wordpress.com	A B C you for this post, I thought I was loosing my mind. # Ha ha we are in the middle of year 1 and I am glad to know I
942	183922	GB	G	...igrantsrights.org.uk	A B C , including the issue of savings. # Might have helped if I linked it ha ha. There is alot of info in here but the table of contents helps
943	249454	GB	G	catholicherald.co.uk	A B C goats in Jesus' parable of the Last Judgement will testify. # karlf # Ha ha! You are so disingenuous jabba! I ask you a straightforward question about
944	26361	GB	G	guardian.co.uk	A B C Saddam Hussein or good old Slobodan or the Taliban today? # Well, ha ha ha, and yah, boo. It was obvious from the very start that
945	1440121	GB	G	...vanatcaytonbay.co.uk	A B C an extra for us grandparents so our little ones can play outside!! Ha Ha # Pete, Dawn, Leanne, Chloe &; Sophie # Really good caravan -
946	3148581	GB	B	youaremyarsenal.com	A B C had a reasonably successful season. thanks for the trip down memory lane... # ha ! talk of formations reminded me of my college coach, who unveiled his "
947	612523	GB	G	theoraclespeaks.net	A B C unless you want to be blown into Kingdom come. Ha ha ha ha ha ha ! " # Chris Allison of the Metropolitan Police, the man in charge of
948	138651	GB	G	vice.com	A B C ? We technically hacked this bar tonight by sneaking in hip flasks right? # Ha , yes that is a type of hacking. I hacked the Engine Control Unit
949	1444203	GB	G	dailymail.co.uk	A B C But some commentators, including the Mark Sappenfie ld of the Christian Science Monitor, ha ve suggested that the Opening Ceremony director Danny Boyle may have been sending a coded
950	3021623	GB	B	...grodent.blogspot.com	A B C , 2011 Jobs For About Twenty Percent Of The Boys # Oh, ha ha , oh yes, go tell it on the mountain, brother... # "
951	641329	GB	G	venturegiant.com	A B C you create the perfect angel investment proposal? As an established Investment network, we ha ..... View More # What is your Sweat Equity worth and how do you calculate
952	598150	GB	G	...reason.typepad.co.uk	A B C the online class. Clearly, we need IMS, LOM, etc. " Ha ! It is way too easy when one is stuck into a certain existing paradigm
953	3098345	GB	B	keanemusic.com	A B C short break, but I could watch it on the B. website, now. Ha , the camera man got really very close to Tom &; I was starting to
954	3698574	GB	B	...hicken.wordpress.com	A B C I was, speaking it, and making sense, to a French person -- HA ! What do think about that Pansy Smith, what do you think of me
955	573132	GB	G	thequietus.com	A B C be the Red Army Faction - the best dressed terrorists ever. # PG: Ha ha ha, yeah, it's because they were all middle class. #
956	3101028	GB	B	...ttlebigpicture.co.uk	A B C And we let the line go, let the line go, and then... HA ! and we start reeling you in. And the viewers are following even though
957	3693094	GB	B	blogs.bmj.com	A B C had on me and, subsequently, my practice. It was my' ah ha ' moment, if you will. The elusive link between evidence and successful treatment
958	364691	GB	G	guardian.co.uk	A B C oversensitivity to fairness and integrity is simply preventing women from accelerating change. " # Ha . The " all women are wonderful and all men are potential rapists " attitude
959	3065226	GB	B	bbc.co.uk	A B C Davies. He can just salivate - he never comments on our food anyway! Ha ! # And when I KB in a few minutes I shall play " I
960	440857	GB	G	...parkin.wordpress.com	A B C was able to skim read the third due to all the repetition. # Ha ha ha! You have no idea how much this has made me smile -- not
961	3124925	GB	B	spectator.co.uk	A B C Inherited national instinct? There is no such thing. National instinct? Aha! ha ! Do you mean Human instinct? # " The contact between the two peoples
962	3145535	GB	B	wifeinthenorth.com	A B C out to do--sell more papers;) Her life seems terribly Faustian though. # Ha ha! And I had a wrap dress! Come to Oxfam, Herne Hill
963	687977	GB	G	dailymail.co.uk	A B C be first in line to go see her next Academy contender movie... ha ha ha , and yes little blonde monkey face: D # This relationship won't last
964	3057634	GB	B	whatculture.com	A B C and ending forget em, the show is brilliant from start to finish # Ha Ha . I feel like you and me have had this argument before. I would
965	3059768	GB	B	aclfarsenal.co.uk	A B C down in Shotta's grave now. Given that I am the culprit here. Ha ha. You guys are amusing. # He came up holding his ankle after
966	3025742	GB	B	gunnerblog.com	A B C Wenger for the poor performances of the shit he puts out every week. # Ha ha drunken cunt glad you realised that was for you and not that fool true
967	3017150	GB	B	...kethat.wordpress.com	A B C when there's a glass of something nice by your side. # Ha, ha , ha! I am VERY impressed that you can tell they're empty.
968	3033482	GB	B	live4liverpool.com	A B C back in the golden days of dodgy perms n taches even had one myself, Ha ! Ha! I cuold F.. k.n kill Mcdermott, neal and Thompson!
969	3093150	GB	B	high50.com	A B C this was' Cougar Man, go back to your wife'. Ha ha ha . I'm trying not to hate him, because he is a good writer
970	3037219	GB	B	mudcat.org	A B C Ha! 2. Oh, Bonny was no Frenchman, Wae! Hae! Ha ! 3. Bonny beat the Rooshins, 4. The Prooshians, and the
971	276708	GB	G	...omepage.ntlworld.com	A B C will and oh if the world was in tune my value it would decrease ha ha ha the world in tune the possibilities increase # use cash to save the people
972	566696	GB	G	guardian.co.uk	A B C to find Harvey's face intrinsically mirthful and/or frightening. Ha ha, Heat! Ha ha! # Jordan herself is on the cover of the same issue, as
973	3056447	GB	B	victims-unite.net	A B C being ordered by the Home Office! to maintain public confidence in the police, ha bloody ha. they fool nobody! # Now the biggest mafia the " Legal
974	679620	GB	G	adc.bmj.com	A B C children were screened in their fourth year for the presence of hyperactivity at baseline ( HA ), of whom 1246 had skin prick tests to identify atopy (AT)
975	1474900	GB	G	sfw.org.uk	A B C ! to make up the deficiency in the course of this year? Speak - Ha ! does the water bubble? No; all is still as a tomb.
976	1428517	GB	G	...ekop.liverpoolfc.com	A B C they dropped a place. SO LET'S CAPITALIZE ON THAT!!! # Ha Ha Ha tinab . I salute you for that knowledge. I didn't know
977	767018	GB	G	guardian.co.uk	A B C prefer a leader less closely associated with David Cameron and the Conservatives **40;1400;TOOLONG... # Ha bloody ha. # They're all closely associated with Cameron's conservative's.
978	1415673	GB	G	bloc.org.uk	A B C began to buy himself so much cheap clothing was deeply troubled by the revive me ha life confidant interphalangeal sorrow scattered in a desolate rain memories of the great wisdom of
979	3707812	GB	B	belleaukitchen.com	A B C post and came searching to see how I should be picking my recipe! # Ha ha Dom, I like it when you have a rant. I've only
980	195248	GB	G	thequietus.com	A B C Kulkarni going on and on... bet they sound like everyone else, though. Ha ha ha. Shit. # Interesting article - sounds like Rudy enjoys talking about
981	671438	GB	G	angryofislington.com	A B C to see how many injuries occur at home and how many away. # Ha ha , well in summary they all have debts that are getting bigger apart from Man
982	215307	GB	G	baggagereclaim.co.uk	A B C there &; had half of the house moved out before he got home!! HA HA!! The look on his face Of course, like you it has
983	177392	GB	G	wikifestivals.com	A B C up with a girl who had hair or pit or indeed elsewhere fuzz? Ha ha . Or would you think " good on you for being a real woman?
984	151273	GB	G	thequietus.com	A B C ? # AP: It's not hate, that would be... glam, ha ! It's... envy. From musicians and from critics, it's like
985	51094	GB	G	dailymail.co.uk	A B C and any given time. There is no other reality. Ha ha ha ha ha . See.....! # look up autistic savants - their head is a calculator
986	3707826	GB	B	...enefitsandwork.co.uk	A B C no all the way through it. # I know Im being dim now, ha , but Im still not sure which way to answer, some of them,
987	17187	GB	G	guardian.co.uk	A B C up to the ROman Treaties. They built up the POWERHOUSE " EFTA ". HA , ha........ That was another DUNKIRQUE for BRUTISH LAND! # Will it happen
988	3076779	GB	B	denofgeek.com	A B C , 2012-11-16 13:01. # Heheheh.... Ohhhh Behave! Matron! Hohaw ha Haw ha ! SID!!!! Carry on Cleo, Carry on Screaming... Carry
989	1455027	GB	G	guardian.co.uk	A B C weekends. And of course, nothing matters on Thanksgiving and Christmas! Ha ha ha ! " # I hear you wear heels in the shower. " Oh that
990	3047857	GB	B	songbytoad.com	A B C prefer that you still played Shadows and Miss Wonderland......... only my opinion mind ha ha . # ...... a song is a song is a song.... sometimes i might
991	3146999	GB	B	wsc.co.uk	A B C cynicism is about 45% of the game. # You think this is overstated? Ha ! How many of these throw-ins even occur within about 5-6 metres of where the
992	3013945	GB	B	...ossongs.blogspot.com	A B C The National Bank of Belarus ", the " Committee for State Security ", Ha ! Of course here it is still called the " KGB ". It seemed
993	1475978	GB	G	...acus.schoolnet.co.uk	A B C dance, raising and throwing dust into the air. He exclaimed " Ha! Ha ! " as he did so, meaning he was about to do something terrible
994	3019372	GB	B	en.mercopress.com	A B C all. Argentina welches on its debts &; its Britain's fault. ha ha ha ha, sob, hoo hoo hoo hoo.!! Malvinistas, they live in
995	296644	GB	G	dailymail.co.uk	A B C want to move from your home. I had to for my sanity. # Ha ha Superdrummer from Leeds. I did the same thing to a neighbour. When
996	3076153	GB	B	davidosler.com	A B C a spanking forum telling people he's a university professor in Mexico, ha ha ha . what a crock of shite. # All that stuff about class and privilege
997	738188	GB	G	empireonline.com	A B C about 121 hours of your life you're never gon na get back then? Ha ! # And what the HELL is A' flash-sideways'?! # Well
998	3711518	GB	B	ecademy.com	A B C Ltd. We spoke last month and I sent you a proposal. Ha... ha .... have you been able to read it yet? What did you think?
999	734091	GB	G	...roductmagazine.co.uk	A B C and free market exploitation in the line # " India I'm American Ha ha ha ". # The Furs were our little secret. And in the manner of
1000	3055767	GB	B	uncrunched.com	A B C any structured metadata makes finding stuff often impossibly painful. - Online Personals?! HA HA HA HA HA HA!!!!!!!!!!
