1	906837	LK	G	docs.wso2.org	A B C HA should be used here to provide a cold backup. # Note # Linux HA can not be used to provide high availability for Web Service containers because it can
2	909081	LK	G	lankalog.net	A B C # Sound fun yet? It gets better... # Day Two -- Friday # Ha ! Up early for brekkie and off to Colombo at 0900 by way of the
3	928747	LK	G	lankaweb.com	A B C away without uttering a word, and he never interfered with my work thereafter! Ha ... ha... ha! # As he moved toward the climax of his act
4	940109	LK	G	upulstravel.com	A B C Singharaja After breakfast, we depart for Singharaja Rain Forest with an extent of 11,250 ha . is the only patch of virgin rainforest left in Sri Lanka. This forest
5	919873	LK	G	colombotelegraph.com	A B C !!!!. Statement of the day!!!!! Ha ha ha. You are not serios here? Gems of society who entertain and breed
6	915779	LK	G	...t-buddhist-texts.net	A B C thousand two hundred and fifty monks, entered the town of R? jag? ha of the Magadhans, and having reached there he lived in the Sapling garden wood
7	919825	LK	G	colombotelegraph.com	A B C bad as the writer try to make us believe, why was there a big ha ho about the increase in vehilcle import taxes? people want to buy vehicles on
8	941091	LK	G	wisdomlib.org	A B C lifts inert Osiris with his two arms.' # He exclaims, # ' Ha ! Osiris, I am come to thee: I am Horus, and I
9	3480729	LK	B	colombotelegraph.com	A B C lessen the corruption and get rid of it once and for all. Ha, Ha , The other thing is bring forward a leader who is in the caliber of
10	923028	LK	G	fao.org	A B C : Someone who has one to three cross-bred cows, typically occupies less than 0.5 ha of land and represents the less-commercially managed dairy systems in the area. # Smallholder
11	920467	LK	G	dailymirror.lk	A B C supply chain and process industry in the country, initially covering an extent of 10,000 ha , by year 2018. It remains as the first project of this nature on
12	907393	LK	G	forum.autolanka.com	A B C blow throughs, itchy eyes and holes in the jeans from now on! # ha ha ha thanks for the info machang! I didn't want to bust a
13	3475757	LK	B	...kapage.wordpress.com	A B C ? THen every teams can have power hitter like Gilchrist then?? HA HA HA . GIlchrist is one of the cleanest hittter in the history of the game.
14	3482782	LK	B	islandcricket.lk	A B C succeeding there are other places for you, maybe the UNP leader's house? HA ! # " Fifteen months later in Kanpur Mendis was found out. Dravid used
15	939311	LK	G	tipitaka.org	A B C Up? li Sutta # A prominent, wealthy lay disciple of Niga?? ha N?? aputta was sent by his master to meet the Buddha and defeat
16	905972	LK	G	dbsjeyaraj.com	A B C majority government. # You are having a go at my protugees name. Ha Ha ... Yes, you are correct my start was about 200 yrs after your
17	907956	LK	G	groundviews.org	A B C you draw and bath (aedagena nanna aeriya). Hah! HaH!! Ha !! # (C): So now you think non-physical things can interact
18	3479041	LK	B	transcurrents.com	A B C Sinhalese. Surely most of these must have lit crackers &; eaten milk rice) HA HA..... Anyhow the reaction of my fellow Sinhalese was barbaric and reminded me of
19	3474951	LK	B	groundviews.org	A B C # And yet, you still insist that colonisation is the way to go. Ha ha ha. Pathetic, TT. # " And since, according to your
20	937514	LK	G	sundaytimes.lk	A B C (4-1) and seven minutes later, Jayasundera made it 5-1. # Matale HA took possession of the M.I. Bin Ismail Challenge Trophy and Mercantile HA won the D.S.
21	923017	LK	G	fao.org	A B C orchid cut flower production areas are located in Johore Bahru, Johore State (162.5 ha ), Batang Padang, Perak State (52.4 ha), Kota Tinggi,
22	3862295	LK	B	transcurrents.com	A B C ".! # 18. Dingiri February 25th, 2008 at 8:34 am # ha .. ha.. read. # Comment #1. pina kaludava # and # Comment #7
23	3480735	LK	B	colombotelegraph.com	A B C the Nazi Party in 1st March 1931 and became member no. 474,481. Ha ha ha ha! World-class ignorance from Heshan. http: **34;1118;TOOLONG... # So, according to
24	3476023	LK	B	...rtarian.blogspot.com	A B C him and... # lol u have taken this as a personal attack on me ha . Last post where we had an argument was in the last post mate -
25	915440	LK	G	aimwell.org	A B C (by? pada), anger (kodha), malice (upan? ha ), and heedlessness (pam? da). So according to that Commentary
26	927924	LK	G	lankanewspapers.com	A B C United Kingdom, a new agreement could lead to an independent Scotland. # Ha ha ha... same will happen for independent Eezham...! It took Scotts 700 years
27	917501	LK	G	...tterbloggingways.com	A B C to it! The study uncovered some interesting data that made me go " ah ha .... " # People share online 1. To bring valuable and entertaining content to
28	907976	LK	G	groundviews.org	A B C and allow you to be sane for at least some time more! Ha ha ha . # The offer was not for an investigation by Sri Lanka! What's
29	929788	LK	G	mahaweli.gov.lk	A B C been proposed as part of the project: # a) Reforestation of about 2000 ha in the Amban Ganga Basin b) Clearing of elephant corridor between Giritale? Minneriya
30	923015	LK	G	fao.org	A B C profits from growing cut flowers. For example, the annual profit is US$18,750-65,625 per ha from cut flower cultivation, as compared to US$11,250 per ha from vegetable cultivation.
31	3478460	LK	B	tamilweek.com	A B C EPDP, TMVP etc. (No one can escape from that charge) ha ha # This kiling from LTTE, may be request from TNA, if other party
32	3862586	LK	B	flysmart.lk	A B C bay, arrival in Halong bay boarding the wooden junk to visit Halong bay, Ha Long Bay boasts one of Vietnam's most impressive scenic sights. You will enjoy
33	923019	LK	G	fao.org	A B C # Table 2. Area Under Flower Cultivation in Vietnam # Province # Area ( ha ) # Hanoi # 500 # Haiphong # 320 # Ho Chi Minh # 200
34	3474889	LK	B	groundviews.org	A B C Sinhalese. # My Daer Bardo, You have mistaken me for someone else, Ha Ha! I started posting on this only a few weeks ago. (That
35	937514	LK	G	sundaytimes.lk	A B C the Astro Turf on Sunday. However, at the short whistle it was Matale HA in the lead with one goal... Defence Services retain A.A. Virasinghe Trophy #
36	908196	LK	G	ianselvarajah.com	A B C this trip, several people have said: " Behave. " to me. Ha ha ha Not sure what they mean by that exactly... oh wait, maybe
37	907862	LK	G	groundviews.org	A B C ... killing cattle is bad... killing tamils is ok eh?? ha.. ha .. # President B, You can be our president for defending my right to
38	907976	LK	G	groundviews.org	A B C a Teenager yet you have been tripping on statues an knocking down Sinhala soldiers! Ha ha ha, another flew over the Cuckoo's nest. /// # OTC, #
39	3472596	LK	B	...tarrow.wordpress.com	A B C creative brilliance, movement isn't even a question here. Own goal! # Ha , insults and attacks on the internet always amuse and enliven me, Aadhavan.
40	928496	LK	G	lankaweb.com	A B C 3.2km-wide buffer zone round the reserve or to enlarge the area protected to about 47,380 ha , with the reserve forming a strictly protected core area and surrounding areas set aside
41	937514	LK	G	sundaytimes.lk	A B C . # Matale HA took possession of the M.I. Bin Ismail Challenge Trophy and Mercantile HA won the D.S. Wijeratne Challenge Trophy. # The most outstanding player was R.A.D. Ranasinghe
42	940313	LK	G	vgweb.org	A B C ?? ha the correct path to salvation, and V? se?? ha becomes a follower of the Buddha. # The Cha? ki Sutta (Majjhima
43	941228	LK	G	...eforasianstudies.org	A B C the settlement was about 15 hectares at that date, but it expanded to 50 ha , to' town' size within a couple of centuries. A similar site
44	907804	LK	G	goldensrilanka.com	A B C # Horton plain is the only mountain National Park which has an area of 3,162 ha . The park is one hour away from Nuwara Eliya. Best months to visit
45	923028	LK	G	fao.org	A B C farming with Nestl in Ha Tay province # In 1998, Nestl cooperated with the Ha Tay People's Committee to encourage farmers to convert from rice growing to cow raising
46	918130	LK	G	buddhanet-de.net	A B C tva? nikha? a? vane (J? 2.22) Putto ty? ha ? Mah? r? ja (J? 1.7) Here Sayadaw is saying
47	913488	LK	G	transcurrents.com	A B C accesss. # without any restriction or govt interference ie free unlimited accesss, A HA Mahinda will send you white van. Do you live 21 st century or stone
48	919923	LK	G	colombotelegraph.com	A B C oppression of the North, and the HR Violations, and humanitarian laws. # Ha ha, have you not read the rest of the news? He will be
49	919815	LK	G	colombotelegraph.com	A B C .... US government along with UK government pressurized this government... ha ha ha ha ha ha hok hik hik hik... Still worth a good laugh on a dull day
50	928744	LK	G	lankaweb.com	A B C I explain all these in detail in a forthcoming book " Batahira Vidyava, Aresnic ha Devivaru ". # Now the group at Kelaniya did not hide the fact that
51	937461	LK	G	sundaytimes.lk	A B C of around 10 tons per ha, and Malawi in? the 8 tons per ha range in some of the clones planted. Are the prospects bright for developing clones
52	3478894	LK	B	toughride.com	A B C with a glimpse of' whats in stock' for the immediate future. Intriguing ha ? Stay glued, I ain't finish yet. I still have to give
53	907891	LK	G	groundviews.org	A B C answer is that, sometimes, actions are sufficient to infer intention. # Ha ha , Gehan, chill out. I assure you I haven't adjusted any of
54	907956	LK	G	groundviews.org	A B C a liar. you don't and hence must be the liar. Ha! Ha !! # " and since we only know about physical things in the universe
55	3486322	LK	B	thesundayleader.lk	A B C His comments help settle everbody's concerns. How convenient and thoughtful, ha ha ha
56	905950	LK	G	dbsjeyaraj.com	A B C slimmer and beautiful in the screen/let me not comment about the plight of men here ha ha sorry) but there is so much obesity/children **29;2378;TOOLONG health clinics/women assault/stabbing/rape etc...
57	938696	LK	G	thesundayleader.lk	A B C that I don't support Egyptian style revolution in Sri Lanka ". Ha, Ha , wishful thinking. Do you seriously believe a thing like this could happen here
58	919636	LK	G	colombotelegraph.com	A B C he survives he can have a Mini Cooper to do his rump exey scene. Ha ha. # In the prevailing circumstance where Law is not practiced equitably and Justice
59	917886	LK	G	bps.lk	A B C ? nanda, on conduct, concentration, and wisdom. # Keva?? ha Sutta: The Buddha refuses to allow a Bhikkhu to perform a miracle. Story
60	3473512	LK	B	...ncewire.blogspot.com	A B C the real issues. Heard jayam cut his hand and needs a plaster. # Ha ! Ha! Ha! Just wait with widely open mouths until some country comes
61	928404	LK	G	lankaweb.com	A B C were three Tamil diplomats heading our Foreign Missions abroad and one was in London. Ha ! Discrimination these Tamil refugees say. When the riots happened in July 1983 and
62	924193	LK	G	girlswithmacs.org	A B C me a once-over, do a double-take, and then they have their " Ah Ha " moment. Silly girl. She only finds these tools exciting because she's
63	938814	LK	G	thesundayleader.lk	A B C least one solution to a problem. Chinese see things upside down like the yogi ha ha. Good luck. # EvdP. Thank you very much. I have
64	3485094	LK	B	slnwc.org	A B C fork over the $400 it is to fix it (I drive a Jaguar -- ha !) until after the Holidays. Hey, times are tough! Anyway,
65	3475163	LK	B	ianselvarajah.com	A B C a quasi-celebrity! I'm sure they'll be actual celebrities soon enough! ha ha Here's where I (they) need some help... # Desihits.com is running
66	907891	LK	G	groundviews.org	A B C spend more time on this when David has refuted his own arguments elsewhere? # Ha ha if you two took a break from congratulating yourselves on your claimed genius,
67	3862461	LK	B	colomboherald.com	A B C targeted for destruction. As these ecosystems exist as small patches (0.5 -- 10 ha ) of refugial forest scattered over the landscape they are often not identified for protection
68	3483981	LK	B	motormagonline.com	A B C it, in terms of quality, refinement and driving pleasure (from a diesel ha ). # So if you want an economical family car, go drive an
69	919744	LK	G	colombotelegraph.com	A B C Of War Crimes In Sri Lanka' # Journalists Failed To Tell The Story.. HA HA HA HA that is a SELECTIVE UNDErSTATEMENT BY EVEN WESTERN JOUTNALIST STANDARDS.. these
70	3486768	LK	B	travelblog.org	A B C cheese.. no?' Er well, yeah.' Is mix up ha ha , no problem?, ok?' Reluctant to give up food of any
71	916504	LK	G	asiantribune.com	A B C of Constituent Assembly scheduled in Dacca on 3 March 1971. By then, RAW ha fully consolidated its position in the province and was in a position to dictate to
72	3475165	LK	B	ianselvarajah.com	A B C ICT and how it will help them become independently sustainable. # Matt -- Ha ha , I can certainly recommend plenty of books! I actually wish I had more
73	907976	LK	G	groundviews.org	A B C yet you have been tripping on statues an knocking down Sinhala soldiers! Ha ha ha , another flew over the Cuckoo's nest. # Well Thivya I thank you
74	3473512	LK	B	...ncewire.blogspot.com	A B C comes here becuz he likes crp. His whole life is full of crp. Ha Ha Only good thing is his favourite book is Mahavamsa. Ha Ha Beleive me
75	915475	LK	G	aimwell.org	A B C reference is given, it can still be found. In the Cha?? ha Sa? g? yana edition of the P? li texts on CD,
76	940313	LK	G	vgweb.org	A B C being added purely for emphasis. # In many Upanishads (e.g. the Ka? ha Upanisahd) the? tman is said to reside in the cavity of the heart
77	913536	LK	G	transcurrents.com	A B C against a brutal terrorist organisation. Accept you have been defeated fairly and squarely # Ha ha keep fantasizing and masturbating. Everyone screamed and promised apocalypse when the Darusman Report
78	927928	LK	G	lankanewspapers.com	A B C own stories.. He has been saying that everything in Mahawamsha is fake... Ha ha ... Now the cat has come out of the bag...:)))
79	905950	LK	G	dbsjeyaraj.com	A B C and beautiful in the screen/let me not comment about the plight of men here ha ha sorry) but there is so much obesity/children **29;2378;TOOLONG health clinics/women assault/stabbing/rape etc... etc
80	3862586	LK	B	flysmart.lk	A B C your own exploring Hanoi and Shoping, Farewell Buffeit Dinner at SEN restaurant Overnight in Ha Noi No comments: Post a Comment Translate Welcome to flysmart.lk
81	915794	LK	G	...t-buddhist-texts.net	A B C , Dhammarakkhita in Aparantik?, Mah? dhammarakkhita in Mah? ra?? ha , Mah? rakkhita amongst the Ionians and Majjhima and his companions in the Him
82	911451	LK	G	ravana.wordpress.com	A B C read ANYWHERE in my life! " Sun of a bitch " Hellooooo... ha ha ha ha... Sweet! Guess their English education is pretty miniature too! #
83	907956	LK	G	groundviews.org	A B C Hah # Iyou'are done with them whyt the hell are you busrting with anger? Ha ! Ha!! # " Please answer wijayapala's profound question " Do you
84	3479058	LK	B	transcurrents.com	A B C quiet. # Still unable to focus on anything beyond my birth, ISS? Ha ha. Now you have descended to name calling, like your " friend "
85	3472378	LK	B	...ragama.wordpress.com	A B C , without knowing even the basic simplest HTML tags to build a simplest website. ha ha haaa... see his website hakuru.org another really ugly joke website linked to his site
86	3475164	LK	B	ianselvarajah.com	A B C and having someone holding up my name card. I've always wanted that! Ha ha # 18:20 -- I meet Hari, the Uniterra program director who puts a
87	3475616	LK	B	lankaenews.com	A B C up to bring the real news and facts. # Posted By: nimal # Ha .. ha very funny... A LTTE Day dream..... we all know LTTE is
88	909027	LK	G	lankaenews.rsf.org	A B C starved prostitutes in Colombo. You too can get your better serviced by him Ha Ha . # Posted By: Leelawathie # Birds of a feather Fuck together! #
89	3478107	LK	B	...kanmale.blogspot.com	A B C 'm always game for a little poetic prose--and no one reads these posts anyway, ha ha! # But I have to confess my ignorance. I visited the city
90	930081	LK	G	michelletours.com	A B C 600 BC the settlement in Anuradhapura had grown over an area of at least 50 ha . The city was strategically situated of major ports northwest and northeast, it was
91	919968	LK	G	colombotelegraph.com	A B C provide rescue? and why it was not done? Is it not deliberate? Ha ! Ha! # We will see now whether the World body Can or Want
92	906061	LK	G	dbsjeyaraj.com	A B C knew you have had no guts to publish my full comments. That's ok. ha ha ha ========== One does not need " guts " to delete racist garbage.
93	937042	LK	G	sundaytimes.lk	A B C . They then complain that the stamps don't stick! Ha! Ha! Ha ! # Things took a nasty turn in August 1962 in an African Republic.
94	3475757	LK	B	...kapage.wordpress.com	A B C how much force can be generated by half a compressed rubber ball. HA HA HA . you people do nt know anything about physics. enough to clear the ball
95	937461	LK	G	sundaytimes.lk	A B C hectares of clonal tea. # Kenya has recorded yields of around 10 tons per ha , and Malawi in? the 8 tons per ha range in some of the
96	3475159	LK	B	humanityashore.com	A B C they come again son. run, run..... run faster Ha..... ha..... ha ..... Why are you looking at me, look at them ". I met
97	907956	LK	G	groundviews.org	A B C of the way, let us look at what nonsense you are actually saying ( ha ha). You are saying, # they non-physical things can make physical things
98	3473524	LK	B	...ncewire.blogspot.com	A B C protruding in an unnatural angle, rather almost in a vicious smile. # ha ha ha... remember those lovely days about this time last year when our MBRLs would
99	928830	LK	G	lankaweb.com	A B C the story of a fairytale with a real queen, " LOL!!! Ha ! Ha!! Yes the story of a fairy-tale... with a real queen.
100	939311	LK	G	tipitaka.org	A B C resultant effects. According to the village headman Asibandhakaputta, his teacher Niga?? ha N?? aputta teaches that every one who commits evil deeds of killing,
101	920201	LK	G	cookinggames365.org	A B C . What makes this cake really special is all of the awesome decorations that you ha ... # Cupcake Frenzy Cupcake Frenzy -- Oh no! The boss is gone and
102	3477681	LK	B	...lwakes.wordpress.com	A B C ?... # The End: You pay for MY education? he ha ha , you are not rich enough actually... can you afford Oxford? i guess
103	920630	LK	G	dailymirror.lk	A B C public and wasting money unnecessarily. Talk of people being the supreme authority, ha ha . # there are so many other roads are under construction in the country and
104	919345	LK	G	colombo-plan.org	A B C and... # (Reporting from Kabul, 15 April, 2012) Authors: Ha Nguyen &; Hafeezullah Yawar In 2010, being a province of 5 poppy cultivated districts
105	939309	LK	G	tipitaka.org	A B C and? ikas in Devanagari in the year 1990. # This Cha?? ha Sa? g? yana CD-ROM which is a reproduction of the text authenticated in
106	3474938	LK	B	groundviews.org	A B C difference between regime type and state form is something to think about. # Ha ha ..... So this is Dr. Dayan Jayathilake's " exclusive " copy to GV!
107	3473392	LK	B	...etique.wordpress.com	A B C to the crease and did you ever think that we could win it? # Ha ha(laughing). No, honestly not, the match was gone from us and I
108	908998	LK	G	lankaenews.com	A B C politicos and everything else is history. # Posted By: Dickman # Ha ha ha ha ha ha Sri lanka shouldn't go this LOW.The God now punishes the Tamil
109	3473392	LK	B	...etique.wordpress.com	A B C which formed a miraculous win for us. Have you improved your batting? # Ha ha (laughing). Well that Melbourne innings was a miracle itself. My
110	933168	LK	G	scenicsrilanka.com	A B C acres) in extent by 800 BC. By 700-500 BC, Anuradhapura exceeded 50 ha . The phenomenon of the Indian Second Urbanisation would appear to have manifested itself unexpectedly
111	941243	LK	G	worldviewimpact.com	A B C per year, which will generate an income to the project of Euro 1200 per Ha per year, guaranteeing the sustainability of the project. # Q: What would
112	915771	LK	G	...t-buddhist-texts.net	A B C is something very different. # The story is retold in the Khuddhap?? ha Commentary, with much elaboration and some variations; An important one is noted at
113	3478993	LK	B	transcurrents.com	A B C my son back to me ", says S.R.Heengami (68) of Empilipitiya - HA Pic By Dushiyanthini Kanagasabapathipillai # Disappearances are nothing new to this Country. The Janatha
114	907961	LK	G	groundviews.org	A B C must be sauce for the Tamil gander as well, right? " # Ha ha haa, yes it proves one thing, but not what you have dreamt.
115	918052	LK	G	buddhanet-de.net	A B C lore, and the sagacity of your mind, Your Majesty ranks with B? ha ? pati as the most competent judge in all matters taught in the sciences concerning
116	907961	LK	G	groundviews.org	A B C obtained possession of the Kingdom of Tamils. Please read and enjoy. " # Ha ha haa, So you are not averse to sucking up to the so called
117	3472590	LK	B	...tarrow.wordpress.com	A B C apart, but there are other worrying things about such a militarized society # ha ha .... I saw it sure Looks good DB... sure looks good remember looks mean
118	938696	LK	G	thesundayleader.lk	A B C should note that I don't support Egyptian style revolution in Sri Lanka ". Ha , Ha, wishful thinking. Do you seriously believe a thing like this could
119	3478900	LK	B	toughride.com	A B C talking shit, you would owe me $487.50 # You are a 650/hr lawyer..... Ha haa. Rephrase it so you are a 650/hr lawyer, searching the net for
120	915746	LK	G	ananda-guruge.com	A B C extended to the development of the Abhidhamma, the quasi-canonical works like Mili dapa? ha , Nettippakara a and Pe E akopadesa, whose authorship is unknown other than in
121	920215	LK	G	cookinggames365.org	A B C have to do is follow the directions and do as they say. Once you ha ... # Black Forest Cake Slice Black Forest Cake Slice -- Why decorate an entire
122	908009	LK	G	groundviews.org	A B C of few new houses, but it say's yet to be built, Ha ha ! in print. This is to hoodwink the International community. It is not
123	3472598	LK	B	...tarrow.wordpress.com	A B C would be like to appear in court with all those tattoos of yours (ha ha ..) Then when I read this I got the answer for that. I
124	939309	LK	G	tipitaka.org	A B C monks called to judge the matter were the Venerables Sabbak? mi, sa? ha , Khujjasobhita and V? sabhag? mika, from the East and four monks
125	3474940	LK	B	groundviews.org	A B C the dates of the treaties don't matter, do they???? Ha ha, machang, you're a laughing stock. # The 1960 amendments do
126	3474183	LK	B	environmentlanka.com	A B C concentrated in the understory of the rainforests of Central Highlands. Udawattakele forest with 132 ha was one of such highlands (510 m above sea level) which received special
127	940125	LK	G	urlaub-sr-lanka.info	A B C Agriculture Organization (FAO) placed the global rate of tropical deforestation at 17 million ha . Per year. A study by the World Resources Institute (WRI) suggests
128	915452	LK	G	aimwell.org	A B C is not just a fanciful statement. It is a guarantee by General S? ha , a Stream-winner, of his own mental attitude. In that statement the word
129	3486442	LK	B	timeseye.com	A B C and when she does not want to get fucked then it is rape? Ha Ha Ha, what a paradox.
130	928496	LK	G	lankaweb.com	A B C in the Gazette paper 528/14) of which 6,092 Ha being forest reserve and 2,772 Ha a proposed reserve. Both MAB reserves and Natural World Heritage Sites are considered as
131	3473513	LK	B	...ncewire.blogspot.com	A B C morning to all Sri Lankans and Obamajaculation for Intelligent Homo Thamiza monkeys! Ha ha ha I thought u guys have gone to extinction!!! seems like few left
132	3473513	LK	B	...ncewire.blogspot.com	A B C Goooood morning to all Sri Lankans and Obamajaculation for Intelligent Homo Thamiza monkeys! Ha ha ha I thought u guys have gone to extinction!!! seems like few
133	904407	LK	G	asiatours.net	A B C rice cultivation increased by another 400,000 ha roughly every 7 years, reaching 4 million ha in 1930. Population in the area - which was about 1.5 million in the
134	918130	LK	G	buddhanet-de.net	A B C ) nasal. # danta?? h? na?, o?? ha ?? h? na?, n? sika?? h? na
135	919808	LK	G	colombotelegraph.com	A B C know about common sense about you British people and so called western people. Ha ha !!!!!!!!!! Anyway I love see
136	915794	LK	G	...t-buddhist-texts.net	A B C his push to the East. 10 Aparantik? and Mah? ra?? ha ; further south to Vanav? s? and Mahisama?? ala, and
137	908742	LK	G	journals.sjp.ac.lk	A B C species (44%) which belongs to 12 families were identified from a total 0.36 ha of randomly selected sample plots. Terrestrial category was the dominant life form with 49%
138	905950	LK	G	dbsjeyaraj.com	A B C are fighting their way to collect good karma.. for their unseen next birht... ha ha.. in all honesty TRN... temples... kovils.. mosques.. churche...
139	923030	LK	G	fao.org	A B C not receiving adequate water for cultivating a successfull rice crop. There were about 10 ha of paddy lands affcted. The main Farmer organization discussed the issue with the SPFS
140	928942	LK	G	lankaweb.com	A B C to the Sinharaja NHWA has been reserved for this project. And into above 506 Ha it had illegally been included the 436 Ha of the Ensalwattha forest that has to
141	907956	LK	G	groundviews.org	A B C A frog in the well knows only the things inside the well. Ha! Ha !! # " But the fact of the matter is, we don't
142	928961	LK	G	lankaweb.com	A B C to " Dr. Manmohan Singh wants Sri Lanka to devolve power to the Tamils. Ha ! " # India, as the nation that trained, delivered, funded and
143	3486322	LK	B	thesundayleader.lk	A B C either. His comments help settle everbody's concerns. How convenient and thoughtful, ha ha ha
144	907976	LK	G	groundviews.org	A B C have mercy and allow you to be sane for at least some time more! Ha ha ha. # The offer was not for an investigation by Sri Lanka!
145	3481905	LK	B	ft.lk	A B C this corrupt government. # Jay on October 31st, 2012 1:39 pm # ha ha ha.... i' can't stop laughing. # Milroy Anthonisz on November 1st
146	923028	LK	G	fao.org	A B C in Phu Tho by 68 percent, in Thai Binh by 37 percent, in Ha Nam by 18.5 percent; in the South, they decreased in Tra Vinh by
147	3480694	LK	B	colomboherald.com	A B C fled with his family to Hong Kong, was back in his village on beautiful Ha Long Bay with a new boat. " I was afraid at first, but
148	3478899	LK	B	toughride.com	A B C suspended and your profits will go nowhere or into the greedy brokers pocket. Shocking ha ? Well it is the bitter truth. But this writing is not an attack
149	920200	LK	G	cookinggames365.org	A B C . What makes this cake really special is all of the awesome decorations that you ha ... # My Lovely Cake My Lovely Cake -- Ken and Jan are making a
150	3472481	LK	B	bellycamp.com	A B C ghost can get all, unless you give yuan Dan, for his drawing, ha ha...... Fierce. " Meet the demon lord...... " The purple man so
151	3474144	LK	B	...glish.mahamevnawa.lk	A B C at the same time. Weren't you like that? # Me: Ha ha ... Frankly, I think I am also a person like that. I hope
152	911451	LK	G	ravana.wordpress.com	A B C ever read ANYWHERE in my life! " Sun of a bitch " Hellooooo... ha ha ha ha... Sweet! Guess their English education is pretty miniature too!
153	3474915	LK	B	groundviews.org	A B C devolution person who can take on W Weerawansa or C Ranawaka. ha, ha, ha It is always the last name of a person that matters as we were taught
154	3475159	LK	B	humanityashore.com	A B C " Here they come again son. run, run..... run faster Ha..... ha ..... ha..... Why are you looking at me, look at them ".
155	915463	LK	G	aimwell.org	A B C ejecting flames. Br? hma? o: the brahmin teacher, evam? ha : instructed his pupil in this way. Sumedha: " O Sumedha, (
156	919960	LK	G	colombotelegraph.com	A B C know he has got his tail between the legs in this picture. Ha ha ha ... No wonder they were grandstanding after Miliband left the island. At that time
157	3479058	LK	B	transcurrents.com	A B C Are you so foolish that you think I am still needing of military promotion? Ha ha. It is sad that you are unable to grasp that someone can speak
158	905941	LK	G	dbsjeyaraj.com	A B C by the modern people. Tambapanni = Taprobane is also a modern interpretation. Sihala=Sin ha le= **33;1065;TOOLONG is also a latest interpretation and we can not rely on it.
159	923028	LK	G	fao.org	A B C and borrowed from relatives to buy six Sind cows. He then set aside 1 ha (most of his land at that time) for planting grass as feed for
160	933892	LK	G	slnewsonline.net	A B C . # Dr. Manmohan Singh wants Sri Lanka to devolve power to the Tamils. Ha ! - by Asoka Weerasinghe, Canada - Dear Prime Minister: You almost made
161	920467	LK	G	dailymirror.lk	A B C 220 million (US $ 1.99 million) with an estimated land extent of 5166 ha of which 2500 ha are grown by the Mahaweli Authority. This project, therefore
162	918015	LK	G	buddhanet-de.net	A B C his push to the East. 08 Aparantik? and Mah? ra?? ha ; further South to Vanav? s? and Mahisama?? ala, and
163	913140	LK	G	...ndufit.wordpress.com	A B C what next to do. ok great, lets just remind how i started. ha ha # 1. Installing Tomcat - I have installed apache tomcat 6.0.24 exactly following
164	922971	LK	G	explorelanka.com	A B C the extent of Sinharaja. # The forest covers an area of more than 11000 ha . Sinharaja has been regarded as a valued area from the days of the kings
165	3476982	LK	B	...tal.shaakunthala.com	A B C you can win the race easily, but drive fast.;) Genius, ha ? # *** # Anyway,.. that's it. Many more tips I
166	915771	LK	G	...t-buddhist-texts.net	A B C , you should go forth. " In the Commentary to the Khuddakap?? ha , which is based on earlier accounts (and is therefore itself later),
167	906031	LK	G	dbsjeyaraj.com	A B C is easier than due process! Clearly, Gotabaya Rajapakse the great defense Secretary ( ha , ha, ha) is the biggest threat to human security, law and
168	3480763	LK	B	colombotelegraph.com	A B C absolute wastage of space. I can imagine the standard of your editor. # Ha ha Raymond hold your tongue! Still unable to forget that unfortunate little incident which
169	3482672	LK	B	ips.lk	A B C the state bears the costs of free irrigation, subsidized fertilizer (Rs. 25,675 per ha ) and the artificially high guaranteed prices. Although private agents do not bear the
170	3474880	LK	B	groundviews.org	A B C happily step off the side-walk every time a white man walks by. Ha! Ha ! # I suppose mistreating people " whether it is the English peasantry/working class or
171	3484418	LK	B	onlanka.com	A B C ", it is also a " red light area " to me! Ha Ha !! # To Manjula: You say " it is not right to legalise
172	928636	LK	G	lankaweb.com	A B C do not seem to have changed from his toddler days it must be observed ha ha ha! as he is contradicting a globally accepted issue that the majority of Burghers
173	940313	LK	G	vgweb.org	A B C concludes: # ' In just the same way, V? se?? ha , do the Brahmans versed in the Three Vedas -- omitting the practice of those
174	939311	LK	G	tipitaka.org	A B C P? ra? a Kassapa, Makkhali Gos? la, Niga?? ha N?? aputta, Sajaya, Pakudha and Ajita, with their own order
175	3472593	LK	B	...tarrow.wordpress.com	A B C a blog and FB group to canonize the man while you're about it? Ha ha. Anyway, on to the actual subject, the Ban panel. I
176	3475757	LK	B	...kapage.wordpress.com	A B C ?? THen every teams can have power hitter like Gilchrist then?? HA HA HA. GIlchrist is one of the cleanest hittter in the history of the game
177	937170	LK	G	sundaytimes.lk	A B C again presented another truly valuable and historical gift to country cinema industry with'Sankshiptha Cinema Vishwakoshaya ha Ingrisi Sinhala Shabdakoshaya' or' Concise Sinhala Encyclopedia on Cinema and English Sinhala Glossary
178	3474940	LK	B	groundviews.org	A B C for State media. It doesn't get any lower than that. # Ha ha , Heshan, I love it when you wriggle and squirm and eventually threaten people
179	918130	LK	G	buddhanet-de.net	A B C cha # ja # jha # a # = cavaggo # ? a # ? ha # ? a # ? ha # ? a # =? avaggo # ta
180	907735	LK	G	gawaya.com	A B C Adeline recently posted.. Side Trip to Barasoain Church in Malolos, Bulacan # Ha ha . Great post. I see people make these fashion sins all the time when
181	908018	LK	G	groundviews.org	A B C physical universe? Ha! Ha!!, Puhul hora karen daene ", Ha ! Ha!!) Why not the will of another universal set? Why
182	3861808	LK	B	groundviews.org	A B C change your views. GV did it for you. How convenient..... ha ha ha!!! Cuckoo is not the word for it. # Here is
183	915794	LK	G	...t-buddhist-texts.net	A B C , thirty-seven thousand in Aparantik?, eighty-four thousand in Mah? ra?? ha , one hundred and seventy thousand amongst the Ionians, eight-hundred million in the Him
184	3479494	LK	B	wanni.wordpress.com	A B C don't think he ever expected such treatment. He kept saying,' God ha ' mercy! What can not be racked from words in five centuries? One
185	3474940	LK	B	groundviews.org	A B C dates of the treaties don't matter, do they???? Ha ha , machang, you're a laughing stock. # The 1960 amendments do NOT
186	938787	LK	G	thesundayleader.lk	A B C of the world do nt have even a cave to call there own! haaaa. ha ... ha... haaa.. hi... hie... ha... ha.. haaaa..
187	919748	LK	G	colombotelegraph.com	A B C " (" Janadhipathituma mage deweni thaththa!!! ")? Ha Ha Ha !!!! Prostitution of the highest order. Don't be surpried if
188	918104	LK	G	buddhanet-de.net	A B C two hundred and fifty monks, has entered the town of R? jag? ha of the Magadhans, and having reached there he is living in the Sapling garden
189	913536	LK	G	transcurrents.com	A B C attacks in place of an argument. I must have hit a nerve there ha ha . # " It was never incorporated into the regular forces!!!!
190	937759	LK	G	tamilcanadian.com	A B C of the conflict in 2009, the High Security Zones (HSZ) covered 4,098.36 Ha and, at present, has been reduced to 2,582.45. The government will closely
191	913536	LK	G	transcurrents.com	A B C them, who were we to save them from their saviours? # Ha ha ha why die when there are idiots willing to die instead? Meantime, the Sinhalese
192	906061	LK	G	dbsjeyaraj.com	A B C have had no guts to publish my full comments. That's ok. ha ha ha ========== One does not need " guts " to delete racist garbage. ho,
193	939311	LK	G	tipitaka.org	A B C him. # Tevijja Sutta # Two brahmin youths, V? se?? ha and Bh? radv? ja, came to see the Buddha while he was
194	908032	LK	G	groundviews.org	A B C make a rational argument without letting your emotions make a fool of you. # Ha ha haa accusing Sharanga of Sinhala Buddhist hegemony is proof, if proof is needed
195	909543	LK	G	lk.trade2cn.com	A B C was the first time it had contributed to growth more than investment. # But Ha Jiming, vice-chairman and chief investment strategist of Goldman Sach's investment management division for
196	3473517	LK	B	...ncewire.blogspot.com	A B C Much safer. # At least the streets won't have shit. ha ha ha ! # When the boycott is coupled with what china &; Pakistan gains at the
197	3480679	LK	B	colomboherald.com	A B C anything:' Water, snow, ice, grass, rubble, people -- ha ha -- you name it.' It can also carry enormous and very heavy
198	908018	LK	G	groundviews.org	A B C universal "? (What is your special allegiance to physical universe? Ha! Ha !!, Puhul hora karen daene ", Ha! Ha!!)
199	915452	LK	G	aimwell.org	A B C personal guarantee or affirmation made by the Commander-in-Chief of the army, General S? ha , who was a Stream-winner. The Guarantee Given by General S? ha
200	913536	LK	G	transcurrents.com	A B C the Constitution. That itself was a violation of the Weimar Constitution. " # Ha ha, so first you say that the SS was illegal because it worked for
201	908018	LK	G	groundviews.org	A B C 's hand ridiculed the emperors breathing manhood in the open air. # Ha! Ha !! # Here is another " biggie ", of the emperor. #
202	915403	LK	G	agridept.gov.lk	A B C 1991 to 1999 the total cultivation extent of brinjal increased from 9361 ha to 10048 ha . The production increased from 65582 to 74204 tones in the same period. The
203	915440	LK	G	aimwell.org	A B C deception that arise from guarding possessions. # Again kodha is anger while upan? ha means malice. The unwholesome state of consciousness begins with aversion, which later on
204	923015	LK	G	fao.org	A B C profit is US$18,750-65,625 per ha from cut flower cultivation, as compared to US$11,250 per ha from vegetable cultivation. Currently, cut flowers are grown almost all over the country
205	928830	LK	G	lankaweb.com	A B C of a fairytale with a real queen, " LOL!!! Ha! Ha !! Yes the story of a fairy-tale... with a real queen.!!
206	905637	LK	G	dbsjeyaraj.com	A B C lion. Ya Ya it is TRUE. nowadays that is called bestiality. # Ha , Ha, Ha, Ha!!!!! Thanks RP. Big
207	932617	LK	G	...ootsweb.ancestry.com	A B C was, it seems, a devout follower of the Prophet Muhammad. When he ha completed his work, S ir William Gregory, who was then Governor of Ceylon
208	3482194	LK	B	...obalpeacesupport.com	A B C you are a low caste, and find where your place will be? Ha ha ! So, don?? t take all these negative and stupid e-mails
209	937042	LK	G	sundaytimes.lk	A B C their leader. They then complain that the stamps don't stick! Ha! Ha ! Ha! # Things took a nasty turn in August 1962 in an African
210	3477879	LK	B	...ilanka.for91days.com	A B C saying, but let's just take this one step at a time! # HA ! i'm impressed, you are putting so much effort to learn Sinhala,
211	3479056	LK	B	transcurrents.com	A B C )) that too, writing " from London ". Ha, ha, ha ... as if writing from London confers a special mystic aura to him in the
212	928461	LK	G	lankaweb.com	A B C unite UNP for the sake of unity when people calling names on UNP leaders? HA # (2) Please show compassion to the Villagers in Jaffna. There are
213	919636	LK	G	colombotelegraph.com	A B C survives he can have a Mini Cooper to do his rump exey scene. Ha ha . # In the prevailing circumstance where Law is not practiced equitably and Justice is
214	3477668	LK	B	slrubberindustry.com	A B C fuel. Bio-energy projects # Potential In come from 8000 Gliricidia Trees (I Ha plantation) # Haycarb PLC supported by the Ministry of Science and Technology and the
215	3473520	LK	B	...ncewire.blogspot.com	A B C to fight on saying he would send weapons and equipment from abroad. / # Ha Ha He better send cadres also from abroad. Then we can see how good is
216	911451	LK	G	ravana.wordpress.com	A B C be read by so many Maldivians.The racist comments are not called for either. # Ha ha ha this must be the most entertaining set of comments I've seen since
217	928747	LK	G	lankaweb.com	A B C uttering a word, and he never interfered with my work thereafter! Ha... ha ... ha! # As he moved toward the climax of his act of bravery
218	905637	LK	G	dbsjeyaraj.com	A B C it is TRUE. nowadays that is called bestiality. # Ha, Ha, Ha , Ha!!!!! Thanks RP. Big thanks!!!
219	928961	LK	G	lankaweb.com	A B C that sordid crap of yours. Devolve powers to the Tamils in the North, Ha ! My foot. I know where you are coming from with the Indian Monroe
220	918104	LK	G	buddhanet-de.net	A B C thousand two hundred and fifty monks, entered the town of R? jag? ha of the Magadhans, and having reached there he lived in the Sapling garden wood
221	919815	LK	G	colombotelegraph.com	A B C US # .... US government along with UK government pressurized this government... ha ha ha ha ha ha hok hik hik hik... Still worth a good laugh on a
222	919748	LK	G	colombotelegraph.com	A B C Second Father " (" Janadhipathituma mage deweni thaththa!!! ")? Ha Ha Ha!!!! Prostitution of the highest order. Don't be
223	913536	LK	G	transcurrents.com	A B C a brutal terrorist organisation. Accept you have been defeated fairly and squarely # Ha ha keep fantasizing and masturbating. Everyone screamed and promised apocalypse when the Darusman Report came
224	3861803	LK	B	groundviews.org	A B C not violate human rights. " http: **35;5099;TOOLONG... # Dayan... ha.. ha ... " zero tolerance "... what about the " zero casualties " that Gotabaya
225	3862295	LK	B	transcurrents.com	A B C ! # 18. Dingiri February 25th, 2008 at 8:34 am # ha.. ha .. read. # Comment #1. pina kaludava # and # Comment #7. Dayan
226	915790	LK	G	...t-buddhist-texts.net	A B C , A Miscellany about the Buddhas. The text follows the Burmese Cha?? ha Sa? g? yana edition, as found on the CSCD, Igatpuri (
227	916100	LK	G	artabandoned.com	A B C local street fair in the afternoon. Maybe I'll sleep all day Sunday ( ha , ha... yeah, right!)! 2 comments to Follow up
228	919954	LK	G	colombotelegraph.com	A B C be another resolution against sri lanka. Wait for that D day. # Ha ha , let's wait for that day then. Only just answering your language question
229	928654	LK	G	lankaweb.com	A B C ) the International Covenants on Human Rights and other relevant instruments, (Ha! Ha ! Haaaaaa!).......... # Reaffirming that States must ensure that any measure taken
230	908041	LK	G	groundviews.org	A B C of the World Conservation Monitoring Center (WCMC) only considers scheduled forest over 50 ha . Thus most remnant forest patches go unrecognized because they are not a part of
231	929122	LK	G	lankaweb.com	A B C London Tube Train. One Response to " LIFE ABROAD -- Part III: Ha ,' English' sangfroid! " Leave a Reply
232	919636	LK	G	colombotelegraph.com	A B C amudes are like the tails of the langurs, " Unquote. Gameyate magic! Ha ha # But your national dress is amude- period. What you show off now
233	3472590	LK	B	...tarrow.wordpress.com	A B C fall apart, but there are other worrying things about such a militarized society # ha ha.... I saw it sure Looks good DB... sure looks good remember looks
234	907891	LK	G	groundviews.org	A B C whether the GoSL subsequently identified the locations of the boats via UAV. # Ha ha , don't be silly, Aadhavan. I didn't say that the SL
235	914837	LK	G	accesstoinsight.org	A B C dhamm?), an interpretation that also supports a plural reading of ka? ha ? dhamma? and sukka? (dhamma?). MN 9 summarises the
236	3474915	LK	B	groundviews.org	A B C a Liberal progressive pro devolution person who can take on W Weerawansa or C Ranawaka. ha , ha, ha It is always the last name of a person that matters
237	907961	LK	G	groundviews.org	A B C Dear wijayapala, do you belong to that category of Sinhalese? (Ha! Ha !!) # " The Tamil homeland idea only became popular among the Tamils
238	915779	LK	G	...t-buddhist-texts.net	A B C two hundred and fifty monks, has entered the town of R? jag? ha of the Magadhans, and having reached there he is living in the Sapling garden
239	929011	LK	G	lankaweb.com	A B C Saxon fool followed it blindly and now the Indian fool has taken that aboard. Ha Ha!. # Therefore it is no surprise that this " creator " has
240	907956	LK	G	groundviews.org	A B C asked " Which fool expect answers from a person who knows nothing about it? Ha ! Ha!! " This question raises questions about your intellectual capacity. Anyway
241	933174	LK	G	scenicsrilanka.com	A B C are Senanayake Samudra Sanctuary # Together these reserves and the national park cover approx 63,000 ha of land. The park and the three sanctuaries was established by the Gal Oya
242	3474873	LK	B	groundviews.org	A B C by certain people, formerly from Naduntheevu, which employ only Caucasians... ha! ha ! ha! It seems human experience is cyclical afterall. # Your ramblings make
243	3477143	LK	B	ravana.wordpress.com	A B C we all have to live in this unfair world -- best live with it! Ha ! # ' that day I had the unfortunate fate of having a terrible subeditor
244	915452	LK	G	aimwell.org	A B C realms are: Aviha, Atappa, Sudassa, Sudass? and Akani?? ha . These five realms of form, being inhabited only by the Non-returners and Arahants
245	907956	LK	G	groundviews.org	A B C non-physical objects, could be a roller-coaster emotional experience, as evident in you " Ha ha ". # Since you are not willing to directly engage with my arguments
246	3481491	LK	B	espncricinfo.com	A B C # Posted by on (March 25 2012, 00:13 AM GMT) # ha haaa kps making excuses even before the match.... the next excuse gon na be
247	919960	LK	G	colombotelegraph.com	A B C but you know he has got his tail between the legs in this picture. Ha ha ha... No wonder they were grandstanding after Miliband left the island. At
248	907961	LK	G	groundviews.org	A B C mean it does not conform to the manufactured history of the recent past? # Ha ha haa so you prefer Quaroz to a document submitted to the Portuguese King?
249	928654	LK	G	lankaweb.com	A B C Council, # Guided by the Charter of the United Nations, (Ha! Ha !) the Universal Declaration of Human Rights, (Ha! Ha! Ha
250	919979	LK	G	colombotelegraph.com	A B C . Your own brother was very hurt by the whole episode, Ha, ha ha !! # Your group, " Tamils for Genocide " did nothing to prevent
251	941243	LK	G	worldviewimpact.com	A B C stake holders. # The expected average yield is estimated to be 1500 kg per Ha per year, which will generate an income to the project of Euro 1200 per
252	3472387	LK	B	...ragama.wordpress.com	A B C can all join the JHU and jerk off on nimal and anuras asses. HA HA . Not funny anymore........ # Really not surprising you know, considering who our
253	938936	LK	G	thesundayleader.lk	A B C etc... little knowledge is a dangerous thing!!!!!! Ha ha ! # Hello " Living the dream in the Might West ". People like
254	3484189	LK	B	news1st.net	A B C Finally, why don't polar bears like Penguins (8)? # Deadpan Ha , ha. # Thanks, Sir David. Don't worry, I'm
255	939309	LK	G	tipitaka.org	A B C are easily made available to the devotees and the scholars. The Cha?? ha Sa? g? yana CD-ROM can presently be viewed in the following scripts Devanagari
256	907961	LK	G	groundviews.org	A B C there and you can cut, chop, pick and chose what to publish -- ha ha haa) # The LIES are the MUZZLE. # Why don't you
257	908018	LK	G	groundviews.org	A B C "? What is Brain Death? # I said it has no mind. Ha haa are you contradicting me? You were laboriously removing atoms, so I eliminated
258	915805	LK	G	...t-buddhist-texts.net	A B C ??,?????? yji?? ha ? d? tm // adhvar k?? udhvam # ?
259	919815	LK	G	colombotelegraph.com	A B C By The US # .... US government along with UK government pressurized this government... ha ha ha ha ha ha hok hik hik hik... Still worth a good laugh
260	927479	LK	G	lanka.com	A B C paddy fields. # Giant? s Tank feeds 162 minor tanks irrigating over 11,000 ha of paddy land. At the end of the monsoon season, tank upstream (
261	907958	LK	G	groundviews.org	A B C out. But are we speaking of Sri Lanka or any other Utopia!! Ha Ha! 10. The Central government should restrict itself to policy making in a
262	905637	LK	G	dbsjeyaraj.com	A B C not respected, this end ought not to have been there). Ha.. ha .. haa.. anyway let us be grateful to him for his sympathy to the
263	927928	LK	G	lankanewspapers.com	A B C his own stories.. He has been saying that everything in Mahawamsha is fake... Ha ha... Now the cat has come out of the bag...:))
264	3480721	LK	B	colombotelegraph.com	A B C a justification, and an excuse. We now have further confirmation of this ha ha . # " In fact, Blacker believes abusing the corpses has a therapeutic effect
265	3475579	LK	B	lankadesha.com	A B C linked to my cricketers as I was the best-looking woman in the IPL tournament! Ha ha! And that's why they linked me with every guy. Every owner
266	917977	LK	G	buddha-vacana.org	A B C the first of the three sikkh? s by which the ariya a?? ha ? gika magga is practised. It encompasses three of its eight factors: samm
267	3862461	LK	B	colomboherald.com	A B C of the World Conservation Monitoring Center (WCMC) only considers scheduled forest over 50 ha . Thus most remnant forest patches go unrecognized because they are not a part of
268	3478666	LK	B	testing.nanovik.com	A B C . # Ebay can be very rewarding.. but also can be a pain. HA . You can put in as much or as little time as you want.
269	928496	LK	G	lankaweb.com	A B C to the Sinharaja NHWA has been reserved for this project. And into above 506 Ha it has illegally been included the 436 Ha of the Ensalwattha forest that has to
270	940839	LK	G	weeratours.com	A B C of Sri Lanka' s National Parks. Yala covers about 1297 sqkm or 129,700 ha . And it is the largest agglomeration of protected areas in the country. The
271	933168	LK	G	scenicsrilanka.com	A B C , at least 10 Hectares (25 Acres). Anuradhapura was at least 10 ha in extent by ca. 900 BC (perhaps much more). By then prehistoric
272	935380	LK	G	sundayobserver.lk	A B C can create without influence that when it is said it seems a sidestep. Ha ha , not meant in an accusatory way, but it does a bit. #
273	3477675	LK	B	slrubberindustry.com	A B C 140,000 ha by year 2021 and to 153,000 ha from the present extent of 127,000 ha . Therefore, by year 2021 the total CO2 available for trade in Sri Lanka
274	908196	LK	G	ianselvarajah.com	A B C , several people have said: " Behave. " to me. Ha ha ha Not sure what they mean by that exactly... oh wait, maybe I do
275	918030	LK	G	buddhanet-de.net	A B C --- they are empty of self, inanimate. Edgerton (BHSD s.v. nir? ha ) gives the meaning here as indifferent, but it seems to me the better
276	917886	LK	G	bps.lk	A B C To avoid the unpleasant effects, sensual pleasures should be avoided. # G? ha ?? haka Sutta: In addition to the above, physical existence also should
277	3487227	LK	B	wht.lk	A B C The authors go on to point out that although official records show that only 3,000 ha of the 21,000 ha of the Knuckles Forest Reserve are cultivated with cardamom, the
278	939311	LK	G	tipitaka.org	A B C made a person a br? hma? a. V? se?? ha believed moral conduct and performance of customary duties were essential qualifications to be a br
279	939311	LK	G	tipitaka.org	A B C Sutta # A discussion had arisen between two brahmin youths V? se?? ha and Bh? radv? ja on the origin of a br? hma?
280	931444	LK	G	oceangirl.org	A B C do I know? Maybe it's the intergalactic cartoon channel.: Brett: Ha , very funny. Now where are the controls?: Kal: Head thing
281	3474951	LK	B	groundviews.org	A B C yet, you still insist that colonisation is the way to go. Ha ha ha . Pathetic, TT. # " And since, according to your own admittance
282	3484937	LK	B	sci.sjp.ac.lk	A B C . The selected area to establish the plantation is Kegalle with a land of 50 ha . A barren land privately owned is cleared using machinery. Leveling is done.
283	3485697	LK	B	tamilnet.tv	A B C ? It's extremely beneficial for me. # http: //fabritrak.com sound control # Ha ha... I was just browsing around and took a glance at these responses.
284	939447	LK	G	touringsrilanka.com	A B C was established in 1975 by the Department of Wildlife Conservation on a 25-acre (10 ha ) coconut plantation on the Maha Oya river. The orphanage was originally founded in
285	913585	LK	G	transcurrents.com	A B C at least learn to take others comments constructively rather than personal insult. # Ha ha , you seem to have lost your temper, and replied with more slander,
286	917977	LK	G	buddha-vacana.org	A B C item # 4) principle # di?? he(va) dhamme: di?? ha + dhamma lit: in visible phenomena - in this world, in the present
287	940111	LK	G	upulstravel.com	A B C walls, terraces water gardens on its summit. Sigiriya sanctuary with extent of 51,099 ha , is in the Polonnaruwa District, also has a large population of migratory elephants
288	907956	LK	G	groundviews.org	A B C objects, could be a roller-coaster emotional experience, as evident in you " Ha ha ". # Since you are not willing to directly engage with my arguments,
289	918130	LK	G	buddhanet-de.net	A B C , ta? muddha?? h? na?; where ra?? ha (is said), that is the cerebral; # yattha satthan-ti, ta
290	915403	LK	G	agridept.gov.lk	A B C # Twenty nursery beds of 3x 1 m are required to raised seedlings for 1 ha .. Soils should be worked to a fine tilth. Prepare about 20-leveled raised beds
291	3474889	LK	B	groundviews.org	A B C . # My Daer Bardo, You have mistaken me for someone else, Ha Ha ! I started posting on this only a few weeks ago. (That must
292	919748	LK	G	colombotelegraph.com	A B C rose up? So some times death becomes a blessing in disguise. # Ha Ha Ha!!! Where is Hirunika Premachandra? At the feet of her "
293	941086	LK	G	wisdomlib.org	A B C medicine orders who neglects his religious duties as such is rendered liable to punishment ( Ha ' -ti-a-k'iana-k'ia =reprehension) by Pshai-an-k'ia through some one of his warriors.' See
294	919954	LK	G	colombotelegraph.com	A B C will be another resolution against sri lanka. Wait for that D day. # Ha ha, let's wait for that day then. Only just answering your language
295	907896	LK	G	groundviews.org	A B C said of many Sinhalese, Muslims, Malays, Sri Lankan Tamils, Malaiy? ha Tamils, et cetera -- though I do not think that any social scientist could
296	908018	LK	G	groundviews.org	A B C from the Gamamahage, he is still trying to straighten the Gamamahage's hair. Ha ! Ha!! # What an assertive man who wanted to conquer the world
297	3475757	LK	B	...kapage.wordpress.com	A B C ! -- it must be very ethical and righteous to lose deliberately!!! HA HA HA HA HA. what a bunch of hypocrites. # It must be
298	940313	LK	G	vgweb.org	A B C Upanishads. The other " principal " Upanishads were the Kena, the Ka? ha , the I??, the Mu?? aka, the Pra?
299	916100	LK	G	artabandoned.com	A B C fair in the afternoon. Maybe I'll sleep all day Sunday (ha, ha ... yeah, right!)! 2 comments to Follow up on the
300	3477570	LK	B	...nasiha.wordpress.com	A B C An example of a silver Kalanda or Massa with the nagari letters Sri Lanka Va ha is shown below. Th seated figure holding a chank sits or hovers over a
301	918015	LK	G	buddhanet-de.net	A B C , Dhammarakkhita in Aparantik?, Mah? dhammarakkhita in Mah? ra?? ha , Mah? rakkhita amongst the Ionians and Majjhima and his companions in the Him
302	936955	LK	G	sundaytimes.lk	A B C # About this time Sam had to " go to jail ". Ha! Ha ! Ha! I laughed! I rapidly moved in to confiscate her property and
303	907976	LK	G	groundviews.org	A B C blame you for what you write as God has decided what He should do. ha ha # On your own admission you left Lanka when you were a Teenager yet
304	940313	LK	G	vgweb.org	A B C upon, Yama we call upon! " Verily, V? se?? ha , that those Brahmans versed in the Three Vedas, but omitting the practice of
305	918130	LK	G	buddhanet-de.net	A B C ?? i): # yattha akkhan-ti vuccati, ta? ka?? ha ?? h? na?; where (the word) akkha is said
306	924419	LK	G	go2lanka.com	A B C with Sri Lanka, " said Prime Minister Nguyen Tan Dung at a reception in Ha Noi yesterday for visiting Sri Lankan foreign minister Gamini Lakshman Peiris. # In addition
307	3478107	LK	B	...kanmale.blogspot.com	A B C always game for a little poetic prose--and no one reads these posts anyway, ha ha ! # But I have to confess my ignorance. I visited the city only
308	3480735	LK	B	colombotelegraph.com	A B C joined the Nazi Party in 1st March 1931 and became member no. 474,481. Ha ha ha ha! World-class ignorance from Heshan. http: **34;1118;TOOLONG... # So, according
309	911451	LK	G	ravana.wordpress.com	A B C in my life! " Sun of a bitch " Hellooooo... ha ha ha ha ... Sweet! Guess their English education is pretty miniature too! # Thanks for
310	3861677	LK	B	...encenet.blogspot.com	A B C this bastard does not deserve a post-war peaceful life. # The next folk - ha ha - is Rev Rayappu, the man of political prayers. Where is he
311	915440	LK	G	aimwell.org	A B C (sippa), height (? roha), and girth (parin? ha ). Pride may have its origin in attachment to morality. Those who are
312	913669	LK	G	transcurrents.com	A B C forgive the sinhalese for killing innocent tamils over the past 30 years. # Ha Ha Janaka, Real Brotherhood exists in Sri Lanka between Sinhala and Tamils.......... where the
313	913600	LK	G	transcurrents.com	A B C say " we will appoint an inquiry to see what actually happened " Ha! Ha ! Even Kudu Mervin will do a better job in trying to fool the country
314	939311	LK	G	tipitaka.org	A B C quite prominently in some of the suttas of this division. In Niga?? ha N?? aputta Sutta, Niga?? ha N?? aputta finds
315	3473392	LK	B	...etique.wordpress.com	A B C formed a miraculous win for us. Have you improved your batting? # Ha ha (laughing). Well that Melbourne innings was a miracle itself. My role
316	939309	LK	G	tipitaka.org	A B C was ensured. Later, in the Eighteenth Century, King Vijayar? jas? ha had images of the Buddha created in this cave. The Fifth Council #
317	3473512	LK	B	...ncewire.blogspot.com	A B C crp. Ha Ha Only good thing is his favourite book is Mahavamsa. Ha Ha Beleive me I can assure you, even your dog undertood what you say...
318	930307	LK	G	mumandmemagazine.com	A B C halfway there, and " far enough along to use the pool ". ( Ha , midwife lady, just you try and stop me!) I was aware
319	3475910	LK	B	lines-magazine.org	A B C will the esteemd Subuddhi, I beg, find the moral compass to differentiate? Ha , that is the question if you are Shakespearean; otherwise go to the 11th
320	907952	LK	G	groundviews.org	A B C not beings. I think this is a symptom of " Bookworm Syndrome ". Ha ! Ha!! # It is true that some trees react fast. When
321	907956	LK	G	groundviews.org	A B C I can not murder or bury anybody, I am an innocent simple podian. Ha ! Ha!! # 1,374 words, with the meaninglessness of a postmodern article
322	907961	LK	G	groundviews.org	A B C " # Dear wijayapala, do you belong to that category of Sinhalese? ( Ha ! Ha!!) # " The Tamil homeland idea only became popular among
323	913706	LK	G	transcurrents.com	A B C So here is admission from a parliamentarian that money is thrown to buy votes! Ha ! # 11.' Wounds must heal and there must be a spirit of
324	905937	LK	G	dbsjeyaraj.com	A B C They were all shot dead before the indian film festival held in colombo. Ha ha ha. One up on you mate though you may have got 37 gold medels
325	918085	LK	G	buddhanet-de.net	A B C , Pakudha Kacc? yana, Sajaya Bela?? haputta, Niga?? ha N?? aputta, These are six famous teachers of Lord Buddha's time
326	919789	LK	G	colombotelegraph.com	A B C your mind set. # gamini - April 26, 2012 2:09 am # Ha ha ha... looks like sjv chelvanayakam's mindless howls of " Nandikadal Lagoon " seems
327	920512	LK	G	dailymirror.lk	A B C believe that it is another relic of the Buddha. This thero made a big ha ho recently exhibiting Sariyuth Mugalan relics, from where is he bringing them, nobody
328	3475757	LK	B	...kapage.wordpress.com	A B C # I cant believe you sri lankans even come up with this excuse. HA HA HA. you cant bear losing, that is all. # I have written
329	913600	LK	G	transcurrents.com	A B C gaul to say " we will appoint an inquiry to see what actually happened " Ha ! Ha! Even Kudu Mervin will do a better job in trying to fool
330	3472596	LK	B	...tarrow.wordpress.com	A B C . Please accept this encouragement in the spirit in which it is offered. # Ha ha, don't be silly, Aadhavan. I didn't say that the
331	909543	LK	G	lk.trade2cn.com	A B C , a large stimulus plan from the government would be of little help, " Ha said.
332	909225	LK	G	lefroy.wordpress.com	A B C . At least he did something... (I'll read Ambrose). # Ha ha, you still don't understand, do you, Lefroy? And getting
333	923422	LK	G	...hip-poems-quotes.com	A B C power of a gnat It was a wonder we weren't in the gutter Ha Ha !! # ** # Congratulations on your new job! # Aren't you
334	923015	LK	G	fao.org	A B C of all cut flowers. In 1995 the production-acreage of rose cut flowers was 300 ha , of which 100 ha were unprotected, and the annual production increased up to
335	937514	LK	G	sundaytimes.lk	A B C in the 20th minute when left extreme C.A. Welagedara sounde the boards to put Matale HA one up. # After the turn around, R.A. D. Ranasinghe equalized for Defence
336	913549	LK	G	transcurrents.com	A B C but because of the thugs..... he would have disappeared without a trace.. # ha ..... ha... you support now MR Govt or any future Govt to further throttle
337	913551	LK	G	transcurrents.com	A B C offspring's ideas as they are 100% western... # So It is expensive ha ha , It is everywhere in Sri Lanka.Why Every business has to pay a commission to
338	3473524	LK	B	...ncewire.blogspot.com	A B C Fonseka in the Presidential election, is quiet on the post-war political structure. # ha ha ha... what else uh? # Then, of course, as the
339	916111	LK	G	artabandoned.com	A B C so the next few days will be post heavy! (brace yourselves, ha ha ) ** # So, the first weekend of Feb I went with my friend
340	3479056	LK	B	transcurrents.com	A B C his name)) that too, writing " from London ". Ha, ha , ha... as if writing from London confers a special mystic aura to him
341	906016	LK	G	dbsjeyaraj.com	A B C principles and the practices the Human Rights Council was meant to uphold.... " ha ha ha Sri Lanka wants to uphold the principle of UN Human Rights in UN and
342	3483452	LK	B	lankarising.com	A B C he will start pilin' crap' on the Govt to get a handicap. Ha ! # OK for all the Kasuns, Rahims and many Anon writers; lets
343	915800	LK	G	...t-buddhist-texts.net	A B C called Sus? ma, # ekadivasa? Pitara? upasa? kamitv?? ha : after approaching his Father one day said: # " Icch? maha?
344	908579	LK	G	isrilankan.com	A B C ... " # You mean to say that you took her word for it? Ha , ha, very well. Count it now.... Go on. " Seenu
345	3481769	LK	B	foundinceylon.com	A B C and can't stop talking about your new bike cinderella. She sounds beautiful. ha ha. # Steve say's hi and hope your soaking up the sun while
346	940109	LK	G	upulstravel.com	A B C walls, terraces water gardens on its summit. Sigiriya sanctuary with extent of 51,099 ha , is in the Polonnaruwa District, also has a large population of migratory elephants
347	928654	LK	G	lankaweb.com	A B C Ha! Ha!) the Universal Declaration of Human Rights, (Ha! Ha ! Ha!) the International Covenants on Human Rights and other relevant instruments,
348	3481517	LK	B	espncricinfo.com	A B C Posted by on (May 09 2012, 03:20 AM GMT) # ha ha ... here we go again. # Posted by on (May 08 2012
349	917886	LK	G	bps.lk	A B C Two young men, Bh? radv? ja and V? se?? ha , discuss a question regarding brahmins: The former states that one is a brahmin
350	941090	LK	G	wisdomlib.org	A B C is the lower hemisphere?), a shigi (Luxuriant) Mountain. Then Ha (Extreme? or Feather?) Yama, Hara (Plain) Yama (
351	919960	LK	G	colombotelegraph.com	A B C you know he has got his tail between the legs in this picture. Ha ha ha... No wonder they were grandstanding after Miliband left the island. At that
352	3475757	LK	B	...kapage.wordpress.com	A B C must be very ethical and righteous to lose deliberately!!! HA HA HA HA HA. what a bunch of hypocrites. # It must be very ethical to
353	3481769	LK	B	foundinceylon.com	A B C can't stop talking about your new bike cinderella. She sounds beautiful. ha ha . # Steve say's hi and hope your soaking up the sun while we
354	929788	LK	G	mahaweli.gov.lk	A B C 1964? 1968 for harnessing the waters of the Mahaweli envisaged the development of 365,000 ha for agriculture and installation of 600 MW of Hydro-Power capacity. The total Mahaweli Project
355	928368	LK	G	lankaweb.com	A B C , at least 10 Hectares (25 Acres). Anuradhapura was at least 10 ha in extent by ca. 900 BC (perhaps much more). By then prehistoric
356	939311	LK	G	tipitaka.org	A B C not included in the first four nik? yas # 1. Khuddakap?? ha # 2. Dhammapada # 3. Ud? na # 4. Itivuttaka #
357	939311	LK	G	tipitaka.org	A B C # 17. Pe? akopadesa # 18. Milindapaha 1 Khuddakap?? ha P?? i # First of the treatises in this nik? ya,
358	937461	LK	G	sundaytimes.lk	A B C tea industry is relatively very small, and at the best times had about 6500 Ha tea producing around 11 m kg of tea per annum. This translates to an
359	3481905	LK	B	ft.lk	A B C corrupt government. # Jay on October 31st, 2012 1:39 pm # ha ha ha .... i' can't stop laughing. # Milroy Anthonisz on November 1st,
360	3474880	LK	B	groundviews.org	A B C leftovers still happily step off the side-walk every time a white man walks by. Ha ! Ha! # I suppose mistreating people " whether it is the English peasantry/working
361	940313	LK	G	vgweb.org	A B C the pre-Buddhist Upanishads the others too may be briefly noticed. # The Ka? ha Upanishad is the first Upanishad to be translated to a European language. It begins
362	911451	LK	G	ravana.wordpress.com	A B C read by so many Maldivians.The racist comments are not called for either. # Ha ha ha this must be the most entertaining set of comments I've seen since moju
363	931443	LK	G	oceangirl.org	A B C : Jason: What? Superglue. She superglued my omelet.: Cass: Ha , ha, ha. Sucked in.: Jason: Let's get out
364	919748	LK	G	colombotelegraph.com	A B C up? So some times death becomes a blessing in disguise. # Ha Ha Ha !!! Where is Hirunika Premachandra? At the feet of her " Second
365	917886	LK	G	bps.lk	A B C into the Canon later. There are fifteen main divisions: # Khuddakap?? ha : The " Text of Small Passages " contains: # Sara? attaya:
366	3485697	LK	B	tamilnet.tv	A B C It's extremely beneficial for me. # http: //fabritrak.com sound control # Ha ha ... I was just browsing around and took a glance at these responses. I
367	924947	LK	G	hotelsunsetbeach.com	A B C District of the North western province of Sri Lanka, covering an extent of 1400 ha . The closest towns are Chilaw (10km) in the south and Puttalum (
368	908040	LK	G	groundviews.org	A B C and 2010, Sri Lanka lost 20.9% of its forest cover, or around 417,000 ha . This brings to question the worth of the words used in the Mahinda Chinthanaya
369	912163	LK	G	...a.travel-culture.com	A B C -600 BC the settlement in Anuradhapura had grown over an area of at least 50 ha . The city was strategically situated of major ports northwest and northeast, it was
370	905949	LK	G	dbsjeyaraj.com	A B C ! Champions of Credit card fraud! You really scored the match winning zinger! Ha Ha! I thought you were one of the few Sinhalese who could post and
371	908018	LK	G	groundviews.org	A B C ? Ha! Ha!!, Puhul hora karen daene ", Ha! Ha !!) Why not the will of another universal set? Why not the
372	3472387	LK	B	...ragama.wordpress.com	A B C with the above pics, they'll ban your site for hosting naked females. ha ha. now i cant jack off coz no gd porn 4 me anymre,
373	3481936	LK	B	ft.lk	A B C Budget 2013: The tea sector Budget proposal of a subsidy of 300,000- 350,000 per HA from 2013 for the small holders is a welcome move given that most tea stock
374	915769	LK	G	...t-buddhist-texts.net	A B C golden armlets, scolded that excellent?? i, uttering many invectives: " Ha ", he exclaimed, # 30. " Who is that knave who injures
375	905637	LK	G	dbsjeyaraj.com	A B C a navy and an air force. Even Somalia would not allow that. Ha Ha Ha Gotabaya. Wait till the Chinese come demanding their pound of flesh from you
376	3475453	LK	B	jotabit.com	A B C me some technique to hold on to Rosie to make it down the hill -- Ha , like hell... listen to this) and she says " Rosie likes to
377	3861680	LK	B	...ncewire.blogspot.com	A B C Upul and CJ etcc. just for the fun of it!!! # ha ha . remember these assholes left a cyber trail over the years. it wouldn't
378	3476364	LK	B	migeljayasinghe.com	A B C is not easy Baala. I think you are the lucky one.' # Ha ! Now that was a total surprise. It may be that he is trying
379	919808	LK	G	colombotelegraph.com	A B C really know about common sense about you British people and so called western people. Ha ha!!!!!!!!!! Anyway I love
380	928496	LK	G	lankaweb.com	A B C with the concurrence of parliament and the President of the country. # The 11,187 Ha of legally protected forest is the " core Area " of the Biosphere Reserve,
381	940108	LK	G	upulstravel.com	A B C Singharaja After breakfast, we depart for Singharaja Rain Forest with an extent of 11,250 ha . is the only patch of virgin rainforest left in Sri Lanka. This forest
382	935380	LK	G	sundayobserver.lk	A B C nobody can create without influence that when it is said it seems a sidestep. Ha ha, not meant in an accusatory way, but it does a bit.
383	917977	LK	G	buddha-vacana.org	A B C ? di?? hi is the first constituant of the ariya a?? ha ? gika magga, and consists in considering the four ariyasacca s. When the
384	927942	LK	G	lankanewspapers.com	A B C can use that racing car and reach the airport with in 1-2 hours. # Ha ha ha Idiot... trying to show his knowledge...... do you think we do
385	907961	LK	G	groundviews.org	A B C possession of the Kingdom of Tamils. Please read and enjoy. " # Ha ha haa, So you are not averse to sucking up to the so called Suddha
386	938787	LK	G	thesundayleader.lk	A B C world do nt have even a cave to call there own! haaaa. ha... ha ... haaa.. hi... hie... ha... ha.. haaaa.. # USA
387	3862556	LK	B	espncricinfo.com	A B C Posted by on (January 05 2012, 23:25 PM GMT) # Ha Ha Ha same old song again. We did well under Tom Moodey and Trevor Bayliss
388	918013	LK	G	buddhanet-de.net	A B C New Moon and Full Moon days. 09 in the month of Je?? ha , The month after Visakh?, normally falling in June. 10 and we
389	906016	LK	G	dbsjeyaraj.com	A B C and the practices the Human Rights Council was meant to uphold.... " ha ha ha Sri Lanka wants to uphold the principle of UN Human Rights in UN and not
390	3480709	LK	B	colombotelegraph.com	A B C urope.... why you never talk about it. where is your socialist ideas.. Ha I forgot your children are also in US. Isn't it? This is
391	913536	LK	G	transcurrents.com	A B C And since I am half Tamil, does that make me only half-anti-Tamil? Ha ha . " # David, Being a Tamil is not just having Tamil blood flow
392	919728	LK	G	colombotelegraph.com	A B C centuries -- simultaneously " # But you don't know China as I do ha ha . Folk carry a tin and in the bus there is a tin (environmentaly
393	939311	LK	G	tipitaka.org	A B C , personally experienced, more pleasing and higher than this. # Amba?? ha Sutta # Amba?? ha, a young disciple of Pokkharas? ti,
394	913536	LK	G	transcurrents.com	A B C . And since I am half Tamil, does that make me only half-anti-Tamil? Ha ha. " # David, Being a Tamil is not just having Tamil blood
395	3862556	LK	B	espncricinfo.com	A B C by on (January 05 2012, 23:25 PM GMT) # Ha Ha Ha same old song again. We did well under Tom Moodey and Trevor Bayliss.
396	913756	LK	G	travel.baurs.com	A B C Sri Lanka. Situated in the semi-arid south east corner of the island, 129,700 ha . in extent, it is a complex of national park, strict natural reserves
397	3480763	LK	B	colombotelegraph.com	A B C wastage of space. I can imagine the standard of your editor. # Ha ha Raymond hold your tongue! Still unable to forget that unfortunate little incident which took
398	3484934	LK	B	sci.sjp.ac.lk	A B C plant can be sustained by 2 million Gliricidia trees, occupying an area of 400 Ha . Dendro power plants can be connected to existing medium-low voltage lines, thus requiring
399	920597	LK	G	dailymirror.lk	A B C an another Presidential election defeat? Ranil knows that and also Tissa.... Ha.... Ha ... Ha.. # Sarath Fonseka was not a mistake in 2010 but he saved
400	3482902	LK	B	islandcricket.lk	A B C that match. but.... wtf u two indians (Sakthivel, kkmix412) problem ha ? it is fair if you guys comment on indian related articles... now you
401	905937	LK	G	dbsjeyaraj.com	A B C were all shot dead before the indian film festival held in colombo. Ha ha ha . One up on you mate though you may have got 37 gold medels more
402	913585	LK	G	transcurrents.com	A B C , I do not need your approval or endorsement for what I write " # Ha ha I never asked you to seek my approval. I simply commented on your
403	3474915	LK	B	groundviews.org	A B C progressive pro devolution person who can take on W Weerawansa or C Ranawaka. ha, ha , ha It is always the last name of a person that matters as we
404	931746	LK	G	paths2people.com	A B C , into my days. Zikr, including repeating such phrases as " la illa ha il Allah " (There is no God but God), habitually draws our
405	933168	LK	G	scenicsrilanka.com	A B C horses, and the cultivation of rice. By 500 BC, Anuradhapura exceeded 50 ha as it developed into a city. # 700 BC - The Aryans develop a
406	3474940	LK	B	groundviews.org	A B C working for State media. It doesn't get any lower than that. # Ha ha, Heshan, I love it when you wriggle and squirm and eventually threaten
407	913536	LK	G	transcurrents.com	A B C Constitution. That itself was a violation of the Weimar Constitution. " # Ha ha , so first you say that the SS was illegal because it worked for the
408	3471924	LK	B	...tvseriesepisodes.com	A B C ##3471924 # In the hit TV series 24, Jack Bauer and his team ha employed diverse forms of technology on most of their top-secret missions. These technologies have
409	906031	LK	G	dbsjeyaraj.com	A B C than due process! Clearly, Gotabaya Rajapakse the great defense Secretary (ha, ha , ha) is the biggest threat to human security, law and order in
410	929011	LK	G	lankaweb.com	A B C fool followed it blindly and now the Indian fool has taken that aboard. Ha Ha !. # Therefore it is no surprise that this " creator " has inherited
411	907393	LK	G	forum.autolanka.com	A B C throughs, itchy eyes and holes in the jeans from now on! # ha ha ha thanks for the info machang! I didn't want to bust a lotta
412	3474907	LK	B	groundviews.org	A B C change. Local communities would take charge of the developmental work. " # Ha ha what a joke. If federalism were to be put in place, regional politicians
413	915805	LK	G	...t-buddhist-texts.net	A B C optionally to be read as equivalent to two syllables: thus? r?? ha ? as *? ryi?? ha?, gop? as gop?
414	921716	LK	G	defence.lk	A B C people's welfare. # Paddy cultivation is now undertaken in an extent of 18,544 ha . of land and the annual production has reached 83,000 tonnes. All abandoned arable
415	918088	LK	G	buddhanet-de.net	A B C . 02 they grew their crops. Then in the month of Je?? ha , This normally falls in June, which is towards the end of the dry
416	3474940	LK	B	groundviews.org	A B C ? Do you have to have nukes to be a military now? # Ha ha Heshan, how much deeper are you gon na dig this hole before you realise
417	941027	LK	G	wisdomlib.org	A B C gasena-tthero hi parav? dino ok? so m? ahosi' ti evam? ha # - DA.II. 593.). # Thus we feel that even among the
418	917977	LK	G	buddha-vacana.org	A B C means of livelihood. It is the fifth constituant of the ariya a?? ha ? gika magga. See the definition given by the Buddha at SN 45.8.
419	3480721	LK	B	colombotelegraph.com	A B C saying that pointing out the facts in contrast to your fantasies is a defense? Ha ha ha. # " Janaka Perera oversaw the mass murder of 540 Tamils in
420	913585	LK	G	transcurrents.com	A B C forensics nor the Govt. Analysts. but they were so good during the war ha ? when it comes to politics get forEIGn assistance. ITS A SHAME. we
421	3483303	LK	B	lankabuddies.com	A B C be achieved? The answer is no, learn to draw eye makeup, transient ha easily solve! steps / method; coated isolation milk has moisturizing function of pre-makeup
422	915440	LK	G	aimwell.org	A B C hatred (patigha), anger (kodha), and malice (upan? ha ), have subtle shades of meaning that overlap in English and P? li
423	3475165	LK	B	ianselvarajah.com	A B C in ICT and how it will help them become independently sustainable. # Matt -- Ha ha, I can certainly recommend plenty of books! I actually wish I had
424	928751	LK	G	lankaweb.com	A B C as Sri Lanka is a HUGE country to cut down on travel time! ha ha . Idiots!!! As I said before no one will stand up to
425	939311	LK	G	tipitaka.org	A B C when he came to P? v?. The death of Niga?? ha N?? aputta had taken place only recently and his followers were left in
426	3475934	LK	B	lirneasia.net	A B C , change the world??? stupid fuckers!!!! # ha ha ha... Sri Lanka is a country full of intelligent and talented people. but
427	934341	LK	G	...ilankaecotourism.com	A B C of Sri Lanka' s National Parks. Yala covers about 1297 sqkm or 129,700 ha . And it is the largest agglomeration of protected areas in the country. The
428	3472593	LK	B	...tarrow.wordpress.com	A B C blog and FB group to canonize the man while you're about it? Ha ha . Anyway, on to the actual subject, the Ban panel. I can
429	932617	LK	G	...ootsweb.ancestry.com	A B C the family, which includes one dated 1735 during the Dutch period, written in ha language, it would appear that he was descended from the celebrated Sheikh Fareed who
430	3475757	LK	B	...kapage.wordpress.com	A B C be very ethical and righteous to lose deliberately!!! HA HA HA HA HA . what a bunch of hypocrites. # It must be very ethical to chuck
431	907310	LK	G	federalidea.com	A B C bring peace to the people. # Long live Sri Lankan Tamils. Ha Ha Ha ilaya seran senguttuvan said, # The essence of objective journalism is not to
432	915746	LK	G	ananda-guruge.com	A B C The dialogues of King Menander and Thera Nagasena, as preserved in the Milindapa? ha , reflect the presence of Buddhism in the Bactrian Empire. # By the third
433	907956	LK	G	groundviews.org	A B C physical mind will be effected by my physical action of thumping you, Ha! Ha !! # (C): My best advice to you is that just
434	907952	LK	G	groundviews.org	A B C . I think this is a symptom of " Bookworm Syndrome ". Ha! Ha !! # It is true that some trees react fast. When you out
435	907956	LK	G	groundviews.org	A B C your non physical mind will be effected by my physical action of thumping you, Ha ! Ha!! # (C): My best advice to you is
436	3473512	LK	B	...ncewire.blogspot.com	A B C issues. Heard jayam cut his hand and needs a plaster. # Ha! Ha ! Ha! Just wait with widely open mouths until some country comes and gives
437	939125	LK	G	tinymap.net	A B C ##939309 Cha?? ha Sa? g? yana The Six Dhamma Councils # The authentic teachings of Gotama
438	3475164	LK	B	ianselvarajah.com	A B C having someone holding up my name card. I've always wanted that! Ha ha # 18:20 -- I meet Hari, the Uniterra program director who puts a scarf
439	919728	LK	G	colombotelegraph.com	A B C your woman every day don't you (you see the conservative MIA Tamil ha ha ). They make the cubicles in lines of hundred at any super market.
440	919981	LK	G	colombotelegraph.com	A B C it. # Block vote like the muzzie block vote of UK?? Ha ha that is good for the media blitz- when rajapakistan came recently just after the block
441	907976	LK	G	groundviews.org	A B C yet you have been tripping on statues an knocking down Sinhala soldiers! Ha ha ha , another flew over the Cuckoo's nest. /// # OTC, # Pardon my
442	923016	LK	G	fao.org	A B C # Table 1. Area Under Flower Production in India # State # Area ( ha .) # Karnataka # 19,161 # Tamil Nadu # 14,194 # West Bengal #
443	915762	LK	G	...t-buddhist-texts.net	A B C ;? rutv? 541c;? reya? 537d;? re?? ha ? 218a;? rai?? hya? 542c;? rotriyau 724b,
444	916111	LK	G	artabandoned.com	A B C , so the next few days will be post heavy! (brace yourselves, ha ha) ** # So, the first weekend of Feb I went with my
445	3474888	LK	B	groundviews.org	A B C manipulate how an article is perceived. # Clearly though as Observer observed (ha ha ), you subsequently worked your magic on us and went for the kill in
446	907858	LK	G	groundviews.org	A B C will built and will make the world admire us. # Ha! Ha! Ha ! " hope the blood of Tamil civilians would pave way for autonomy to Tamils
447	3477690	LK	B	...lwakes.wordpress.com	A B C n't have to apologize for a regime that makes life very tough for you, ha ? Not here at least... Sweetest, you know the facts and you know
448	913753	LK	G	transcurrents.com	A B C which is from the West whom they constantly condemn and ridicule. # Ha! ha ! Quoting Ike at the end is rich!!! Despite all those flowery
449	3476961	LK	B	pistontorque.com	A B C you know what it is everything I do, I do it big Yeah ah ha , screaming thats nothin when I pulled out of the lot, thats stuntin reppin
450	919710	LK	G	colombotelegraph.com	A B C of the Tamil Nationalist. # dingiri - November 19, 2012 3:42 pm # Ha , ha, haaaa........ This guy Dingiri is extremely funny. He is talking
451	917886	LK	G	bps.lk	A B C keen on attaining deliverance from sa? s? ra. # Du?? ha ?? haka Sutta: One who praises his own virtue and is tied to
452	928636	LK	G	lankaweb.com	A B C not seem to have changed from his toddler days it must be observed ha ha ha ! as he is contradicting a globally accepted issue that the majority of Burghers who
453	3478671	LK	B	...ndufit.wordpress.com	A B C what next to do. ok great, lets just remind how i started. ha ha # 1. Installing Tomcat - I have installed apache tomcat 6.0.24 exactly following
454	915403	LK	G	agridept.gov.lk	A B C Net return of Brinjal during 1998-2001 (Assuming Cost of Production is Rs. 34,600 / ha and Average Producer Price of Rs. 4.00/kg) # Year # National Average yield (
455	939311	LK	G	tipitaka.org	A B C In the twenty-eighth section is given the names of three Buddhas, namely Ta? ha ? kara, Medha? kara and Sara? a? kara who lived before
456	939311	LK	G	tipitaka.org	A B C and higher than this. # Amba?? ha Sutta # Amba?? ha , a young disciple of Pokkharas? ti, the learned brahmin, was sent
457	919811	LK	G	colombotelegraph.com	A B C ) criticizes the current CJ as if he is given god powers. # Ha ha seems like CBK wants to return to power, otherwise articles like this wont pop
458	3486442	LK	B	timeseye.com	A B C when she does not want to get fucked then it is rape? Ha Ha Ha , what a paradox.
459	909027	LK	G	lankaenews.rsf.org	A B C sex starved prostitutes in Colombo. You too can get your better serviced by him Ha Ha. # Posted By: Leelawathie # Birds of a feather Fuck together!
460	939311	LK	G	tipitaka.org	A B C as S? vatthi to two novices under training, V? se?? ha and Bh? radv? ja, pointing out the wrong beliefs of brahmins as
461	907956	LK	G	groundviews.org	A B C a word from you for that somebody must have a high GPA. Ha! Ha !! # I will explain. # My position was and is that non-physical
462	3473553	LK	B	...ialogtv.blogspot.com	A B C matters is quality not the quantity. we cant watch all those channels at once ha ? better way is to let DTV know that we customers are aware of what
463	3474880	LK	B	groundviews.org	A B C east seems a self-evident falsehood. # You think too highly of yourself..... Ha ha ... You cant Tutor anybody on Engineering and from the Logic you put on public
464	908018	LK	G	groundviews.org	A B C minds. " # This must be the way how sharanga was born Ha! Ha !! (there seems no any other reasonable way he could know this)
465	940504	LK	G	vipassana.info	A B C not be extinguished nor anything whatever perish. # The building of the M? ha Th? pa is described in Mhv. chaps xxviii-xxx.; MT. 514 83;
466	913579	LK	G	transcurrents.com	A B C " Beautiful skin tones and facial features of some of our Srialankan lassies " # Ha , ha, haaa! # All these beautiful skin tones and facial features of
467	918130	LK	G	buddhanet-de.net	A B C vimhito, gayhate, vulhate, avh? na?. # Ka?? ha ? sa? varitv? ucc? rito a-k? ro sa? vuto n
468	3487119	LK	B	web-seo-forum.com	A B C watching 7 idiots blow up a Humvee, then get obliterated by the MPs... HA HA HA # Check out smokinggun to see the Affidavits, boy these guys were
469	916508	LK	G	asiantribune.com	A B C of the conflict in 2009, the High Security Zones (HSZ) covered 4,098.36 Ha and, at present, has been reduced to 2,582.45. The Government will closely
470	928942	LK	G	lankaweb.com	A B C this project. And into above 506 Ha it had illegally been included the 436 Ha of the Ensalwattha forest that has to be taken under Sinharaja main protective network according
471	915452	LK	G	aimwell.org	A B C the teaching not to be credulous. Citta the Householder and Niga?? ha N?? aputta # During the life-time of the Buddha there was a rich
472	924751	LK	G	hbs-japan.com	A B C Japanese in English, some words, especially' wa' is normally written' ha ' in the Hepburn method. Also, some combination of words in the Gokyoka
473	3478991	LK	B	transcurrents.com	A B C in La Chapelle in Paris, known as " Little Jaffna " - Pic: HA in Paris # There was a time when France was the hub of European LTTE
474	918123	LK	G	buddhanet-de.net	A B C week, as he arrived on the Full Moon night of? s?? ha . # That night he preached his first recorded discourse, and thereby set the
475	919744	LK	G	colombotelegraph.com	A B C ... So pls do nt lecture to the world about failures. # Ha Ha Ha SJV with your bogus name do not poo poo. It's been a hidden
476	907976	LK	G	groundviews.org	A B C # Read what I have emphasised. Hope God wont stand in your way ha ha . # I do not know how it is in Canada. But in Lanka
477	3480659	LK	B	colomboherald.com	A B C they don't listen to me... # Their challenge to me was, " Ha ! You are saying we must do these things in terms of diversity, but
478	905950	LK	G	dbsjeyaraj.com	A B C fighting their way to collect good karma.. for their unseen next birht... ha ha .. in all honesty TRN... temples... kovils.. mosques.. churche... oops
479	916113	LK	G	arthurcclarke.net	A B C things that are really useful. # WIRED: Name three. # ACC: Ha ! Okay... cellular telephones and communication devices. Many of them are gimmicks and
480	919811	LK	G	colombotelegraph.com	A B C person) criticizes the current CJ as if he is given god powers. # Ha ha seems like CBK wants to return to power, otherwise articles like this wont
481	939311	LK	G	tipitaka.org	A B C basis for insight through attainment of jh? na. # The Khuddakap?? ha which is a collection of these nine formulae and suttas appeared to be arranged in
482	3861808	LK	B	groundviews.org	A B C to be careful, as you don't have clothes on... Ha ha ha !!! # Remember what I told you before, you look like a
483	938936	LK	G	thesundayleader.lk	A B C /Poland etc... little knowledge is a dangerous thing!!!!!! Ha ha! # Hello " Living the dream in the Might West ". People
484	918130	LK	G	buddhanet-de.net	A B C la, vehi v? yutto hoti, tad? urajo ti vadanti. When ha -character is used together with the groups, or together with ya ra la then
485	3474953	LK	B	groundviews.org	A B C So, it is this one-percent Diaspora that is giving you all this headache -- ha ? Oh! Damned that one-percent. And, yes, damn me, who
486	907891	LK	G	groundviews.org	A B C the deliberate purpose of rendering these military targets immune to attack. " # Ha ha I know you've done a lot of backtracking and u-turns in the debates we
487	3479902	LK	B	artabandoned.com	A B C use photos (can you imagine her gorgeous pictures next to my creations -- ha ha !) and she said yes! # As I was explaining to my husband
488	3477904	LK	B	...ilanka.for91days.com	A B C a hilarious and darkly ironic sense of humor! Unawatuna, paradise for tourists. Ha ! That's a good one. # Maybe it's us. Had we
489	908018	LK	G	groundviews.org	A B C Gamamahage, he is still trying to straighten the Gamamahage's hair. Ha! Ha !! # What an assertive man who wanted to conquer the world with materialism
490	919744	LK	G	colombotelegraph.com	A B C In Sri Lanka' # Journalists Failed To Tell The Story.. HA HA HA HA that is a SELECTIVE UNDErSTATEMENT BY EVEN WESTERN JOUTNALIST STANDARDS.. these are the same
491	919815	LK	G	colombotelegraph.com	A B C # .... US government along with UK government pressurized this government... ha ha ha ha ha ha hok hik hik hik... Still worth a good laugh on a dull
492	918131	LK	G	buddhanet-de.net	A B C with a stronger breath pulse. # In P?? i? a? ha ? a &;? ha are pronounced with the tongue behind the dental ridge,
493	907887	LK	G	groundviews.org	A B C Vanni schools in addition to what is already taught there. " # Ha ha ha It is " Wanniyala Aththo " not " Vanniye Aththo " Edited out. And
494	938814	LK	G	thesundayleader.lk	A B C one solution to a problem. Chinese see things upside down like the yogi ha ha . Good luck. # EvdP. Thank you very much. I have been
495	919873	LK	G	colombotelegraph.com	A B C self respect and shame. # gamini - October 18, 2012 1:33 am # Ha -- Bruno deserves a Colonel position for this. Gota may announce that, fter
496	939743	LK	G	...vellersworldwide.com	A B C in a way that makes the animals visible to the public. # Firstly we ha d to landscape the entire enclosure. We moved large concrete pipes in which we
497	3476961	LK	B	pistontorque.com	A B C take this pic... JDM Autobots live among us!! # " Yeah ah ha you know what it is Black and yellow, black and yellow (X2)
498	3485708	LK	B	tamilnet.tv	A B C and india again, we don't need to give anything to tamil. ha ha heee wooooo wwoooooo, # Hillary Clinton # Jeylath, my little brown savage.
499	940313	LK	G	vgweb.org	A B C had access only to a Latin translation of a Persian translation of the Ka? ha Upanishad. He considered it as an oriental form of Kantian philososphy. Buddhism came
500	927924	LK	G	lankanewspapers.com	A B C a United Kingdom, a new agreement could lead to an independent Scotland. # Ha ha ha... same will happen for independent Eezham...! It took Scotts 700
501	913536	LK	G	transcurrents.com	A B C and save them, who were we to save them from their saviours? # Ha ha ha why die when there are idiots willing to die instead? Meantime,
502	918019	LK	G	buddhanet-de.net	A B C If this is thy settled purpose, go quickly to Vi? dhyako?? ha ; the Muni Ar?? a lives there who has gained an insight into
503	907976	LK	G	groundviews.org	A B C you for what you write as God has decided what He should do. ha ha # On your own admission you left Lanka when you were a Teenager yet you
504	3473524	LK	B	...ncewire.blogspot.com	A B C in an unnatural angle, rather almost in a vicious smile. # ha ha ha ... remember those lovely days about this time last year when our MBRLs would "
505	907958	LK	G	groundviews.org	A B C . But are we speaking of Sri Lanka or any other Utopia!! Ha Ha ! 10. The Central government should restrict itself to policy making in a national
506	908040	LK	G	groundviews.org	A B C Buddha. # Between 1990 and 2010, Sri Lanka lost an average of 24,500 ha or 1.04% per year of its forests. In total, between 1990 and 2010
507	3487274	LK	B	yamu.lk	A B C and it's pretty easy to fit in your mouth -- always a plus ( ha ). # As for the soggy chips, well, I've always had
508	918004	LK	G	buddhanet-de.net	A B C # M? l? UUII 29 # M? y? IUUI 22 # Ha ? s? UIUI 21 # ? rdr? UIIU 20 # Bhadr? IUIU
509	918118	LK	G	buddhanet-de.net	A B C are lost now, we are lost now! " but the Niga?? ha N?? aputta The founder of the Jainas. 5 spoke like this to his
510	919923	LK	G	colombotelegraph.com	A B C of the North, and the HR Violations, and humanitarian laws. # Ha ha , have you not read the rest of the news? He will be going
511	907956	LK	G	groundviews.org	A B C I will think about a different strategy to tell them to you. Ha! Ha !! # It will take ages for me to correct logical errors in your
512	3475757	LK	B	...kapage.wordpress.com	A B C it must be very ethical and righteous to lose deliberately!!! HA HA HA HA HA. what a bunch of hypocrites. # It must be very ethical
513	913585	LK	G	transcurrents.com	A B C believe that everyone who inconveniently disagrees with you must be in someone's pay? Ha ha. Like you claim to be, I too am an ordinary citizen and
514	909081	LK	G	lankalog.net	A B C an evening meeting with one of his new pals at the Colombo Swimming Club. HA ! # conveniently located near the house because my hosts were on their way to
515	939311	LK	G	tipitaka.org	A B C with these dhammas. # S? mag? ma Sutta # Niga?? ha N?? aputta had recently died at P? v? and his followers
516	3474951	LK	B	groundviews.org	A B C was a terrorist group &; they are not tamil people they were terrorist. " Ha ... ha... what have you been smoking??? If the LTTE were
517	908197	LK	G	ianselvarajah.com	A B C to ask my cousin if he actually went to lunch with the manager! ha ha
518	919899	LK	G	colombotelegraph.com	A B C # You may have been be counting your change to come on Leelas comment ha ha . SL monkey polygamist are general offshots like brian no brain Adios chicka puta y
519	3473512	LK	B	...ncewire.blogspot.com	A B C Heard jayam cut his hand and needs a plaster. # Ha! Ha! Ha ! Just wait with widely open mouths until some country comes and gives you your
520	918130	LK	G	buddhanet-de.net	A B C a # = cavaggo # ? a # ? ha # ? a # ? ha # ? a # =? avaggo # ta # tha # da # dha
521	907953	LK	G	groundviews.org	A B C how inequality can be corrected, not by pooling wealth of equals, Ha! Ha !! # Got the point? No? You want me to spoon feed
522	3480735	LK	B	colombotelegraph.com	A B C Nazi Party in 1st March 1931 and became member no. 474,481. Ha ha ha ha ! World-class ignorance from Heshan. http: **34;1118;TOOLONG... # So, according to you
523	917350	LK	G	...mbalapitiyaflats.com	A B C so many good memories and I was practically in tears (got a bit emotional ha ha). - Sandy W 26/12/2009 # Simply brilliant!!!! just
524	918085	LK	G	buddhanet-de.net	A B C These are six famous teachers of Lord Buddha's time. The Niga?? ha N?? aputta at least had died some time before this. 03 have
525	928747	LK	G	lankaweb.com	A B C word, and he never interfered with my work thereafter! Ha... ha... ha ! # As he moved toward the climax of his act of bravery, he
526	918138	LK	G	buddhanet-de.net	A B C le and after approaching the root of the Royal (tree) # satt? ha ? ekapalla? kena nis? di vimuttisukhapa? isa? ved?. he
527	906016	LK	G	dbsjeyaraj.com	A B C founding principles and the practices the Human Rights Council was meant to uphold.... " ha ha ha Sri Lanka wants to uphold the principle of UN Human Rights in UN
528	932493	LK	G	risingonwings.org	A B C # I saw that " unsubscribe " button at the bottom and thought, " HA , whoever would NOT want to receive these so powerful messages would be crazy!
529	924008	LK	G	futtrup.name	A B C but he often tried to start a conversation -- like' You, Erik, ha , ha', and then gestured like someone drinking -- something we drink in
530	918015	LK	G	buddhanet-de.net	A B C , thirty-seven thousand in Aparantik?, eighty-four thousand in Mah? ra?? ha , one hundred and seventy thousand amongst the Ionians, eight-hundred million in the Him
531	923028	LK	G	fao.org	A B C feed; only 82 ha was plannted a year later but then dropping to 9.7 ha in 2005. # There are many reasons for this failure in dairy development.
532	3487226	LK	B	wht.lk	A B C for langurs in human modified environments. Bernede (2003) worked in a 30 ha estate with regenerating forest and plantations: one section comprising a former tea plantation (
533	3475616	LK	B	lankaenews.com	A B C bring the real news and facts. # Posted By: nimal # Ha.. ha very funny... A LTTE Day dream..... we all know LTTE is now dead
534	3480721	LK	B	colombotelegraph.com	A B C pointing out the facts in contrast to your fantasies is a defense? Ha ha ha . # " Janaka Perera oversaw the mass murder of 540 Tamils in 1996.
535	940313	LK	G	vgweb.org	A B C teachers had seen Brahm? (or the personified Brahman) and Vase?? ha is forced to admit that they had not. This leads the Buddha to give
536	907891	LK	G	groundviews.org	A B C for the deliberate purpose of rendering these military targets immune to attack. " # Ha ha I know you've done a lot of backtracking and u-turns in the debates
537	919812	LK	G	colombotelegraph.com	A B C she would feel a first class citizen whatever official citizenship she holds. # Chandra Ha ... haa... you say of Dr.Sivakami Rajamanoharan, " It shoud not be forgotten
538	923015	LK	G	fao.org	A B C Flower Production # In 1996, the production area under cut flowers was about 3,000 ha and the yield was 1.09 billion stems. The major areas where cut flowers are
539	3472596	LK	B	...tarrow.wordpress.com	A B C Please accept this encouragement in the spirit in which it is offered. # Ha ha , don't be silly, Aadhavan. I didn't say that the SL
540	919636	LK	G	colombotelegraph.com	A B C are like the tails of the langurs, " Unquote. Gameyate magic! Ha ha # But your national dress is amude- period. What you show off now is
541	931687	LK	G	palitext.com	A B C Khuddakapa?? ha with Commentary. An earlier translation of the Khuddakapa?? ha is found in Minor Anthologies, Vol. I. # The Path of Discrimination,
542	939311	LK	G	tipitaka.org	A B C if he remembers having committed the offence. # (3) Am?? ha vinaya -making a declaration by the Sangha when the accused is found to be insane
543	916933	LK	G	asiantribune.com	A B C Kyi Lead in Irrawaddy 10-10-2012 # During her visit to US my friend Kyaw Thi Ha goes personally with his own expense from Vancouver to Fort Wayne and I handed over
544	928576	LK	G	lankaweb.com	A B C prostituted itself with the Soviet Union and began creating trouble in Sri Lanka. Ha ha ! The Soviets went broke. She (and later her son) had to
545	3472481	LK	B	bellycamp.com	A B C can get all, unless you give yuan Dan, for his drawing, ha ha ...... Fierce. " Meet the demon lord...... " The purple man so Shi
546	923014	LK	G	fao.org	A B C terms of total area in production, Asia and Pacific with an area of 134,000 ha cover nearly 60% of the total world area. A significant feature of the production
547	908998	LK	G	lankaenews.com	A B C everything else is history. # Posted By: Dickman # Ha ha ha ha ha ha Sri lanka shouldn't go this LOW.The God now punishes the Tamil's killilings
548	940125	LK	G	urlaub-sr-lanka.info	A B C Institute (WRI) suggests that the figure could be as high as 20.4 million ha . per year. # The trees are being cleared for timber, underground minerals
549	915800	LK	G	...t-buddhist-texts.net	A B C , you should go forth. " In the Commentary to the Khuddakap?? ha , which is based on earlier accounts (and is therefore itself later),
550	3861808	LK	B	groundviews.org	A B C " If shoot to kill is official policy, then it is not extrajudicial " Ha ha.... Hitler's OFFICIAL policy was also similar " Exterminate the Jews ".
551	913536	LK	G	transcurrents.com	A B C personal attacks in place of an argument. I must have hit a nerve there ha ha. # " It was never incorporated into the regular forces!!!
552	918076	LK	G	buddhanet-de.net	A B C would stay for one night in the sacrificial firehouse. " SED: agn-g? ha , house or place for keeping the sacred fire. 05 " It is not
553	929788	LK	G	mahaweli.gov.lk	A B C . # Objectives of the Projects # - To provide irrigation water facilities to 81,422 ha in the Dry Zone of Sri Lanka # The investment cost of the project is
554	927479	LK	G	lanka.com	A B C Tekkam Anicut) is brimming with excess water that helps to irrigate an additional 2,500 ha . Giants Tank affords sustenance to no less than 2,560 farming families. Yoda
555	919744	LK	G	colombotelegraph.com	A B C Crimes In Sri Lanka' # Journalists Failed To Tell The Story.. HA HA HA HA that is a SELECTIVE UNDErSTATEMENT BY EVEN WESTERN JOUTNALIST STANDARDS.. these are the
556	918012	LK	G	buddhanet-de.net	A B C went forth. # 6. Mah? dhammarakkhita in Mah? ra?? ha (vv. 41-42) # The Seer Mah? dhammarakkhita went to Mah? ra
557	935705	LK	G	sundayobserver.lk	A B C # Objectives of the project: # * To provide irrigation water facilities to 81,422 ha in the dry zone of Sri Lanka * Potable and industrial water supply to Anuradhapura
558	915798	LK	G	...t-buddhist-texts.net	A B C text he was working with: # Visesava?? ana? se?? ha ? kariss? matthava?? anan-ti. I will make a true and good
559	3484418	LK	B	onlanka.com	A B C faith ", it is also a " red light area " to me! Ha Ha!! # To Manjula: You say " it is not right to
560	3473524	LK	B	...ncewire.blogspot.com	A B C were protruding in an unnatural angle, rather almost in a vicious smile. # ha ha ha... remember those lovely days about this time last year when our MBRLs
561	905637	LK	G	dbsjeyaraj.com	A B C and myself not respected, this end ought not to have been there). Ha .. ha.. haa.. anyway let us be grateful to him for his sympathy
562	918022	LK	G	buddhanet-de.net	A B C propitiating his favour; in the dark fortnight of the month A? a? ha on the lunar day sacred to Agni, with the moon in the constellation called
563	921716	LK	G	defence.lk	A B C The sluice at the Irrataperiyakulam Scheme was constructed and facilities provided for irrigation to 203.21 Ha land. The irrigated area under the Pavatkulam Tank Scheme is 1,673.44 Ha. #
564	905972	LK	G	dbsjeyaraj.com	A B C police open fire... one dead and 4 injured!!! # Good governance ha ?? People vote the government to power... then the government turn the gun
565	907956	LK	G	groundviews.org	A B C to explain the universe. " # Will you explain the universe to me? Ha ! Ha!! # " There is a really simple test that you can
566	919654	LK	G	colombotelegraph.com	A B C and by that time no one was left to speak up. " # Ha Ha .. It has not dawned on him yet that the president DOES NOT want any
567	3486322	LK	B	thesundayleader.lk	A B C . His comments help settle everbody's concerns. How convenient and thoughtful, ha ha ha
568	919979	LK	G	colombotelegraph.com	A B C that the Bayagullah president dare not attend the Olympics or the UN. haha ha ha ... What a set of cowards all you buggers are?????
569	907956	LK	G	groundviews.org	A B C " # A frog in the well knows only the things inside the well. Ha ! Ha!! # " But the fact of the matter is, we
570	3474951	LK	B	groundviews.org	A B C And yet, you still insist that colonisation is the way to go. Ha ha ha. Pathetic, TT. # " And since, according to your own
571	908815	LK	G	...karanna.blogspot.com	A B C they are for America. thanks to affirmative action for the opportunities!!! ha
572	907887	LK	G	groundviews.org	A B C language in Vanni schools in addition to what is already taught there. " # Ha ha ha It is " Wanniyala Aththo " not " Vanniye Aththo " Edited out
573	3480721	LK	B	colombotelegraph.com	A B C , a justification, and an excuse. We now have further confirmation of this ha ha. # " In fact, Blacker believes abusing the corpses has a therapeutic
574	922827	LK	G	espncricinfo.com	A B C opposing team when our boys tour these two countries in the future, ha ha ha , # Posted by on (November 09 2012, 08:12 AM GMT)
575	919873	LK	G	colombotelegraph.com	A B C !!!. Statement of the day!!!!! Ha ha ha . You are not serios here? Gems of society who entertain and breed the
576	939311	LK	G	tipitaka.org	A B C i # First of the treatises in this nik? ya, Khuddakap?? ha contains " readings of minor passages " most of which are also found in other
577	3861680	LK	B	...ncewire.blogspot.com	A B C , Upul and CJ etcc. just for the fun of it!!! # ha ha. remember these assholes left a cyber trail over the years. it would
578	915463	LK	G	aimwell.org	A B C a bolt, " the pupil said. Br? hma? o evam? ha : the brahmin teacher instructed thus: " Ukkhipa la? gi?: "
579	923028	LK	G	fao.org	A B C ' s herd grew to more than 100 cows and his grassland expanded to 5 ha . He signed a contract to sell a portion of his milk to the An
580	937514	LK	G	sundaytimes.lk	A B C the Astro Turf on Sunday. However, at the short whistle it was Matale HA in the lead with one goal to nil. # The scoring was opened in
581	907956	LK	G	groundviews.org	A B C coming from nowhere. # See how smart I am? Now you can ha ha for all you want. But I've won the debate, and you know
582	927941	LK	G	lankanewspapers.com	A B C that racing car and reach the airport with in 1-2 hours. # Ha ha ha Idiot... trying to show his knowledge...... do you think we do nt know
583	917886	LK	G	bps.lk	A B C the nature of life, have no fears. # V? se?? ha Sutta: Two young men, Bh? radv? ja and V? se
584	3474873	LK	B	groundviews.org	A B C people, formerly from Naduntheevu, which employ only Caucasians... ha! ha! ha ! It seems human experience is cyclical afterall. # Your ramblings make me think
585	939311	LK	G	tipitaka.org	A B C khadhama Sutta, the Buddha points out the wrong views held by Niga?? ha N?? aputta on kamma and its resultant effects. According to the village
586	937042	LK	G	sundaytimes.lk	A B C portrait of their leader. They then complain that the stamps don't stick! Ha ! Ha! Ha! # Things took a nasty turn in August 1962 in
587	906026	LK	G	dbsjeyaraj.com	A B C of the conflict in 2009, the High Security Zones (HSZ) covered 4,098.36 Ha and, at present, has been reduced to 2,582.45. The government will closely
588	915790	LK	G	...t-buddhist-texts.net	A B C ? d? ya pabbajitv?, sabbahe?? himena paricchedena, satt? ha ? padh? nacariy? After going forth wearing the flag of the Worthy Ones
589	919744	LK	G	colombotelegraph.com	A B C their profession... So pls do nt lecture to the world about failures. # Ha Ha Ha SJV with your bogus name do not poo poo. It's been
590	919967	LK	G	colombotelegraph.com	A B C well as the FRAUD Moulana supporting them... in the EP PC elections. ha ha ... # Donald the thing is, elections in Sri Lanka do not reflect the
591	928654	LK	G	lankaweb.com	A B C Ha!) the International Covenants on Human Rights and other relevant instruments, ( Ha ! Ha! Haaaaaa!).......... # Reaffirming that States must ensure that any
592	3475757	LK	B	...kapage.wordpress.com	A B C # how much force can be generated by half a compressed rubber ball. HA HA HA. you people do nt know anything about physics. enough to clear the
593	904407	LK	G	asiatours.net	A B C delta and clear land for rice cultivation. In 1855, paddy fields covered 400,000 ha ; by 1873 the forests had been cleared sufficiently to double the productive area.
594	905637	LK	G	dbsjeyaraj.com	A B C in the war will help us? # r u teasing me, Sir.. ha .. ha.haa? # I have read navin in 465. # u r evaluating
595	3475757	LK	B	...kapage.wordpress.com	A B C . # how much force can be generated by half a compressed rubber ball. HA HA HA. you people do nt know anything about physics. enough to clear
596	923028	LK	G	fao.org	A B C 2003, a total of 147 ha was planted as grass feed; only 82 ha was plannted a year later but then dropping to 9.7 ha in 2005. #
597	908041	LK	G	groundviews.org	A B C targeted for destruction. As these ecosystems exist as small patches (0.5 -- 10 ha ) of refugial forest scattered over the landscape they are often not identified for protection
598	915452	LK	G	aimwell.org	A B C ha, who was a Stream-winner. The Guarantee Given by General S? ha # The gist of the above P?? i phrase is: " Having
599	908018	LK	G	groundviews.org	A B C become proper minds. " # This must be the way how sharanga was born Ha ! Ha!! (there seems no any other reasonable way he could know
600	920467	LK	G	dailymirror.lk	A B C $ 1.99 million) with an estimated land extent of 5166 ha of which 2500 ha are grown by the Mahaweli Authority. This project, therefore, reinforces the opportunity
601	906061	LK	G	dbsjeyaraj.com	A B C you have had no guts to publish my full comments. That's ok. ha ha ha ========== One does not need " guts " to delete racist garbage. ho
602	908040	LK	G	groundviews.org	A B C by the current attempt to burden us with poorly considered projects such as the 1,000 Ha of bamboo monocultures thanks to UNIDO and Global Environmental Facility (GEF). The
603	907956	LK	G	groundviews.org	A B C I borrow a word from you for that somebody must have a high GPA. Ha ! Ha!! # I will explain. # My position was and is
604	938787	LK	G	thesundayleader.lk	A B C call there own! haaaa. ha... ha... haaa.. hi... hie... ha ... ha.. haaaa.. # USA and the west got their own " War
605	937461	LK	G	sundaytimes.lk	A B C # In South Africa, I was also involved in the establishment of a 1000 Ha cashew nut plantation. I had the privilege of hosting the General Manager of the
606	3478935	LK	B	tradefilms.com	A B C world would magically find out about it and beat a path to our door. Ha ! # Childhood notions of our great creations took a back seat, as I
607	3479058	LK	B	transcurrents.com	A B C you so foolish that you think I am still needing of military promotion? Ha ha . It is sad that you are unable to grasp that someone can speak from
608	924008	LK	G	futtrup.name	A B C often tried to start a conversation -- like' You, Erik, ha, ha ', and then gestured like someone drinking -- something we drink in Nakhchivan --
609	3861677	LK	B	...encenet.blogspot.com	A B C bastard does not deserve a post-war peaceful life. # The next folk - ha ha - is Rev Rayappu, the man of political prayers. Where is he?
610	3478095	LK	B	...kanmale.blogspot.com	A B C Blogger # It's raining, men! # I'm a BLOGGER. Ha ! What does that mean? It's funny how the media --you know the
611	919789	LK	G	colombotelegraph.com	A B C mind set. # gamini - April 26, 2012 2:09 am # Ha ha ha ... looks like sjv chelvanayakam's mindless howls of " Nandikadal Lagoon " seems to
612	913579	LK	G	transcurrents.com	A B C like you to believe what you say # So duminda is innocent according to you ha ? have you not read the statement of the bodyguard and driver of Mr Premachandra
613	907858	LK	G	groundviews.org	A B C the world. We will built and will make the world admire us. # Ha ! Ha! Ha! " hope the blood of Tamil civilians would pave way
614	907956	LK	G	groundviews.org	A B C much Joules you need to move you hand to scratch your head? Ha! Ha !! # (C): They are capable of physical interactions. If
615	923017	LK	G	fao.org	A B C areas for temperate cut flowers are in the Cameron Highlands, Pahang State (638 ha ), Gua Musang, Kelantan State (10.3 ha), and Ranau,
616	919952	LK	G	colombotelegraph.com	A B C And there is no point in talking politics with Edited out like you! # Ha , ha osmond, we can see that you are a Ranil arselicker from your
617	915779	LK	G	...t-buddhist-texts.net	A B C to meet the Gracious One, the Awakened One. Decorate R? jag? ha , and prepare magnificent vehicles for the br? hma? as and householders from
618	914837	LK	G	accesstoinsight.org	A B C they, in the world, are completely unbound. " 4 # ka? ha ? dhamma? vippah? ya, sukka? bh? vetha pa??
619	915790	LK	G	...t-buddhist-texts.net	A B C isambhid? magga 68 ff). 10 and so on 12 # Sattasatt? ha ? Bodhisam? pe yeva v? tin? mana? Spending seven times seven
620	919932	LK	G	colombotelegraph.com	A B C it about welikade jail during the che guvera insurrection back in 60? s? Ha ha. A China where the people fear the government is tyranny. There are
621	939975	LK	G	ulpotha.com	A B C to see Ulpotha through the eyes of some of our former guests - people who ha ve experienced Ulpotha just as you will. Before booking a holiday we recommend you
622	924769	LK	G	health.gov.lk	A B C traditional health indices in relation to its Gross Domestic Product (GDP). This ha been mainly due to the social polices adopted by successive governments in the past few
623	3474907	LK	B	groundviews.org	A B C rapidly change. Local communities would take charge of the developmental work. " # Ha ha what a joke. If federalism were to be put in place, regional
624	940313	LK	G	vgweb.org	A B C Yamataggi, A? girasa, Bh? radv? ja, Vase?? ha , Kassapa, Bhagu) who ressemble some of the seers mentioned in the Br
625	918291	LK	G	buddhistravel.com	A B C Pagoda. # << Thay Pagoda # What to see # The outer part, Ha Pagoda, is a place for offerings and ceremonies; the middle part, Trung
626	913140	LK	G	...ndufit.wordpress.com	A B C next to do. ok great, lets just remind how i started. ha ha # 1. Installing Tomcat - I have installed apache tomcat 6.0.24 exactly following same
627	918130	LK	G	buddhanet-de.net	A B C that is the dental; # yattha pupphan-ti vuccati, ta? o?? ha ?? h? na?; where puppha (is said), that
628	918063	LK	G	buddhanet-de.net	A B C golden armlets, scolded that excellent?? i, uttering many invectives: " Ha ", he exclaimed, # 30. " Who is that knave who injures
629	3862556	LK	B	espncricinfo.com	A B C # Posted by on (January 05 2012, 23:25 PM GMT) # Ha Ha Ha same old song again. We did well under Tom Moodey and Trevor
630	3486388	LK	B	...evacationgateway.com	A B C km away and the Unawatuna beach which is a little beyond Galle. The 1,060 ha Kottowa Rainforest and Arboretum and the Dodanduwa lagoon with its Buddhist island retreats, mangroves
631	920630	LK	G	dailymirror.lk	A B C the public and wasting money unnecessarily. Talk of people being the supreme authority, ha ha. # there are so many other roads are under construction in the country
632	904093	LK	G	aimwell.org	A B C first conceived in the time of Padumuttara Buddha, when he was a householder in Ha ? savat?; he heard the Buddha describe one of his disciples as being
633	927941	LK	G	lankanewspapers.com	A B C can use that racing car and reach the airport with in 1-2 hours. # Ha ha ha Idiot... trying to show his knowledge...... do you think we do
634	3479056	LK	B	transcurrents.com	A B C spelling of his name)) that too, writing " from London ". Ha , ha, ha... as if writing from London confers a special mystic aura
635	905637	LK	G	dbsjeyaraj.com	A B C navy and an air force. Even Somalia would not allow that. Ha Ha Ha Gotabaya. Wait till the Chinese come demanding their pound of flesh from you.
636	905972	LK	G	dbsjeyaraj.com	A B C sinhala majority government. # You are having a go at my protugees name. Ha Ha... Yes, you are correct my start was about 200 yrs after
637	3481745	LK	B	focus.lk	A B C not what we beleive it to be. that we can really face it, ha ? congrats and thanks even more for sharing your experiences. (which is very
638	936935	LK	G	sundaytimes.lk	A B C were featured as' Man of the Month' in some magazine? # A. Ha -- the' Aussie Post' magazine. However fortunately for the lady I would
639	3862461	LK	B	colomboherald.com	A B C and home gardens. With 185,000 ha of planted monoculture tree plantations, the country has more plantations than primary forest.
640	3483024	LK	B	jadechronicles.com	A B C Jae Hoon Lee. His digitally collaged photography is absolutely amazing. The wallpapers titled Ha Jo Dae 2 and Trekking 2 follow a 19th century tradition of producing wallpaper with
641	3473524	LK	B	...ncewire.blogspot.com	A B C year when our MBRLs would " whooooosh " over OUR northern skies? # ha ha ha... you Tamil racist cocksuker, how could you forget them uh? #
642	908998	LK	G	lankaenews.com	A B C the politicos and everything else is history. # Posted By: Dickman # Ha ha ha ha ha ha Sri lanka shouldn't go this LOW.The God now punishes the
643	918130	LK	G	buddhanet-de.net	A B C ?: sa? vuta?, viva? a?, phu?? ha ?,? sa? phu?? han-ti. There are four types of
644	908018	LK	G	groundviews.org	A B C to be universal "? (What is your special allegiance to physical universe? Ha ! Ha!!, Puhul hora karen daene ", Ha! Ha!
645	939309	LK	G	tipitaka.org	A B C ##939310 Cha?? ha Sa? g? yana Tipitaka Version 4.0 (CST4) # CST4 is a
646	932617	LK	G	...ootsweb.ancestry.com	A B C to make such a request, but granting, for the sake of argument, ha they had the right, he submitted that there was no necessity whatsoever to record
647	3475579	LK	B	lankadesha.com	A B C to my cricketers as I was the best-looking woman in the IPL tournament! Ha ha ! And that's why they linked me with every guy. Every owner --
648	3472590	LK	B	...tarrow.wordpress.com	A B C nation. Next stop is the Maldive Islands... bunch of arrogant bastards.... yeah ha ! we're gon na take over them islands and teach them a lesson.
649	913551	LK	G	transcurrents.com	A B C their offspring's ideas as they are 100% western... # So It is expensive ha ha, It is everywhere in Sri Lanka.Why Every business has to pay a commission
650	931779	LK	G	pdn.ac.lk	A B C photo of the month # The campus of the University of Peradeniya extending over 800 ha along the Hantane Slopes and Mahaweli valley is undoubtedly one of the most beautiful natural
651	918138	LK	G	buddhanet-de.net	A B C ? " ti. Te kesadh? tuyo labhitv?, Amateneva abhisitt?, ha ?? hatu?? h? Bhagavanta? vanditv? pakkami? su;
652	918118	LK	G	buddhanet-de.net	A B C assembled as suitable in the other directions. # When the? s?? ha Full Moon day arrived, the Gracious One, after completing his duties in the
653	3473512	LK	B	...ncewire.blogspot.com	A B C here becuz he likes crp. His whole life is full of crp. Ha Ha Only good thing is his favourite book is Mahavamsa. Ha Ha Beleive me I
654	3486768	LK	B	travelblog.org	A B C finely cut salty veg sprinkled in it. I called the' waiter' ( ha ) over and he said' oh yeah this was the problem... you ordered
655	907956	LK	G	groundviews.org	A B C Which fool expect answers from a person who knows nothing about it? Ha! Ha !! " This question raises questions about your intellectual capacity. Anyway, the
656	3474880	LK	B	groundviews.org	A B C the east seems a self-evident falsehood. # You think too highly of yourself..... Ha ha... You cant Tutor anybody on Engineering and from the Logic you put on
657	3475934	LK	B	lirneasia.net	A B C change the world??? stupid fuckers!!!! # ha ha ha ... Sri Lanka is a country full of intelligent and talented people. but the
658	3473517	LK	B	...ncewire.blogspot.com	A B C . Much safer. # At least the streets won't have shit. ha ha ha! # When the boycott is coupled with what china &; Pakistan gains at
659	923422	LK	G	...hip-poems-quotes.com	A B C and power of a gnat It was a wonder we weren't in the gutter Ha Ha!! # ** # Congratulations on your new job! # Aren't
660	907953	LK	G	groundviews.org	A B C That is how inequality can be corrected, not by pooling wealth of equals, Ha ! Ha!! # Got the point? No? You want me to
661	3473524	LK	B	...ncewire.blogspot.com	A B C last year when our MBRLs would " whooooosh " over OUR northern skies? # ha ha ha... you Tamil racist cocksuker, how could you forget them uh?
662	939653	LK	G	trabanatours.com	A B C Goldfish, it was built during the reign of King Dutugemunu. Covering approximately 14 ha . (35 acres), the gardens are built around ponds and rocks,
663	3477675	LK	B	slrubberindustry.com	A B C Sri Lanka is forecast to increase to 140,000 ha by year 2021 and to 153,000 ha from the present extent of 127,000 ha. Therefore, by year 2021 the total
664	918291	LK	G	buddhistravel.com	A B C 3 hyphens parallel to each other. The pagoda therefore consists of 3 sections: Ha Pagoda, Trung Pagoda, and Thuong Pagoda. # << Thay Pagoda # What
665	923019	LK	G	fao.org	A B C 1. Agricultural Land Use in Vietnam (1993) # Item # Area ( ha ) # Share (%) # I. Annual Species # 5,523,899 # 75.00 #
666	915779	LK	G	...t-buddhist-texts.net	A B C suffering. # The Gracious One said this while living near R? jag? ha on the side of the mountain in the Sapling Garden, moreover, as this
667	919119	LK	G	...nglishliterature.com	A B C But now, sire, lat me se, what I shal seyn? A ha ! by God, I have my tale ageyn. (l587) There is digression
668	3473517	LK	B	...ncewire.blogspot.com	A B C day. Much safer. # At least the streets won't have shit. ha ha ha! # When the boycott is coupled with what china &; Pakistan gains
669	3473520	LK	B	...ncewire.blogspot.com	A B C him to fight on saying he would send weapons and equipment from abroad. / # Ha Ha He better send cadres also from abroad. Then we can see how good
670	928496	LK	G	lankaweb.com	A B C within WHS, creating the Sinharaja National Heritage Wilderness Area (NHWA) of 11,187 Ha , formerly theSinharajaForest reserve and coterminous with the Biosphere Reserve. It does NOT yet
671	918014	LK	G	buddhanet-de.net	A B C this Isle on the very day the root of the constellation of Je?? ha was reached. I.e. the full moon day in May-June. 01 # The King assembled
672	3480721	LK	B	colombotelegraph.com	A B C that pointing out the facts in contrast to your fantasies is a defense? Ha ha ha. # " Janaka Perera oversaw the mass murder of 540 Tamils in 1996
673	906844	LK	G	docs.wso2.org	A B C the Load Balancer becomes the single point of failure, and we recommend that Linux HA should be used here to provide a cold backup. # Note # Linux HA
674	3486442	LK	B	timeseye.com	A B C love and when she does not want to get fucked then it is rape? Ha Ha Ha, what a paradox.
675	928496	LK	G	lankaweb.com	A B C ) in 1988 (as notified in the Gazette paper 528/14) of which 6,092 Ha being forest reserve and 2,772 Ha a proposed reserve. Both MAB reserves and Natural
676	3475163	LK	B	ianselvarajah.com	A B C 's a quasi-celebrity! I'm sure they'll be actual celebrities soon enough! ha ha Here's where I (they) need some help... # Desihits.com is
677	931687	LK	G	palitext.com	A B C is traditionally attributed to Buddhaghosa. (5th century C.E.) Translation of Khuddakapa?? ha with Commentary. An earlier translation of the Khuddakapa?? ha is found in
678	941089	LK	G	wisdomlib.org	A B C the present inhabitants say. They dwelt principally upon three lofty peaks, -- " Ha La, in the island of Quelpart; Kun Gan, or " The Precious
679	940307	LK	G	vgweb.org	A B C who rejected completely the Brahmanical system. There were many teachers such as Nigan? ha N? taputta (the founder of the Jain religion), Makkali Gosala (
680	915403	LK	G	agridept.gov.lk	A B C production Brinjal cultivation extent and production during 1991-1999 periods. # Year # Area ( ha ) # Production (t) # Maha # Yala # Total # Maha #
681	907956	LK	G	groundviews.org	A B C the universe. " # Will you explain the universe to me? Ha! Ha !! # " There is a really simple test that you can do to
682	3479902	LK	B	artabandoned.com	A B C I use photos (can you imagine her gorgeous pictures next to my creations -- ha ha!) and she said yes! # As I was explaining to my
683	939311	LK	G	tipitaka.org	A B C see the Buddha to give him the news about the death of Niga?? ha N?? aputta, the leader of a well-known sect, and the schism
684	923017	LK	G	fao.org	A B C Musang, Kelantan State (10.3 ha), and Ranau, Sabah (85.1 ha ). In the lowlands the main orchid cut flower production areas are located in
685	933322	LK	G	sevenseascom.net	A B C the rush of coffee planting. Investors flocked to Ceylon from overseas and around 100,000 ha (386 sq mi) of rain forest was cleared to pave the way for
686	3473515	LK	B	...ncewire.blogspot.com	A B C the sake of getting the fat pig one extra day with 3 meals of Biriyani ha ..? bloody clowns, all of them, now its a fight to give
687	918104	LK	G	buddhanet-de.net	A B C great and small, and conches, went out from the town of Rajag? ha and to the Sapling Wood garden on the edge of the mountain. # Then
688	927942	LK	G	lankanewspapers.com	A B C use that racing car and reach the airport with in 1-2 hours. # Ha ha ha Idiot... trying to show his knowledge...... do you think we do nt
689	915800	LK	G	...t-buddhist-texts.net	A B C is something very different. # The story is retold in the Khuddhap?? ha Commentary, with much elaboration and some variations; An important one is noted at
690	916110	LK	G	artabandoned.com	A B C home with a ton of candy (oh wait, that's not free... ha ha). Anyway, oddly, that's NOT my perfect moment of the
691	907976	LK	G	groundviews.org	A B C Teenager yet you have been tripping on statues an knocking down Sinhala soldiers! Ha ha ha, another flew over the Cuckoo's nest. # Well Thivya I thank
692	915458	LK	G	aimwell.org	A B C reference is given, it can still be found. In the Cha?? ha Sang? yana edition of the P?? i texts on CD, the
693	905637	LK	G	dbsjeyaraj.com	A B C ashes are left as evidence. # Some of you Tamils still think of separatism ha ? There are thousands Tamils here in Colombo and other areas going around and doing
694	3479058	LK	B	transcurrents.com	A B C " good friend David " to accusing me of coming from the gutter. Ha ha . How things change when your " friends " inconvenience you with the truth.
695	917350	LK	G	...mbalapitiyaflats.com	A B C many good memories and I was practically in tears (got a bit emotional ha ha ). - Sandy W 26/12/2009 # Simply brilliant!!!! just loved
696	917535	LK	G	beyondthenet.net	A B C b? na here and the other half hereafter? The terms di?? ha ? dham? mika and sampar? yika, understood in their ordinary sense,
697	915403	LK	G	agridept.gov.lk	A B C shape, purplish pink colour fruits Moderately resistant to bacterial wilt Yield 30 -35 tons/ Ha with irrigation facilities # Flowers are light purple in colour Stem and ribs are in
698	908041	LK	G	groundviews.org	A B C '. The rest is degraded forest, plantations and home gardens. With 185,000 ha of planted monoculture tree plantations, the country has more plantations than primary forest.
699	915779	LK	G	...t-buddhist-texts.net	A B C great and small, and conches, went out from the town of Rajag? ha and to the Sapling Wood garden on the edge of the mountain. # Then
700	917886	LK	G	bps.lk	A B C always calm, thoughtful, and mentally equipoised. # C?? aviy? ha Sutta: A description of the different schools of philosophy, all contradicting one another
701	913579	LK	G	transcurrents.com	A B C skin tones and facial features of some of our Srialankan lassies " # Ha, ha , haaa! # All these beautiful skin tones and facial features of some of
702	3474888	LK	B	groundviews.org	A B C can manipulate how an article is perceived. # Clearly though as Observer observed ( ha ha), you subsequently worked your magic on us and went for the kill
703	3482709	LK	B	ishysays.com	A B C books of my grandfather. Among them, I found a tabloid from 1987 which ha many interesting articles with from many other internationally recognized tabloid magazines like reader's digest
704	935705	LK	G	sundayobserver.lk	A B C 1968 for harnessing the waters of the Mahaweli river, envisaged the development of 365,000 ha for agriculture and the introduction of 600 MW of hydro-power capacity. # The total
705	3486768	LK	B	travelblog.org	A B C with cheese.. no?' Er well, yeah.' Is mix up ha ha, no problem?, ok?' Reluctant to give up food of
706	905937	LK	G	dbsjeyaraj.com	A B C . They were all shot dead before the indian film festival held in colombo. Ha ha ha. One up on you mate though you may have got 37 gold
707	3482658	LK	B	ips.lk	A B C . For example, a programme designed to provide all farmers with inputs for 0.2 ha would primarily benefit small farmers while at the same time limiting the displacement of commercial
708	933334	LK	G	shakasignsurf.com	A B C the elusive creatures in its natural habitat. Covering an area in excess of 126,000 ha , the park is divided into 5 blocks, of which only Block One is
709	925572	LK	G	infolanka.com	A B C # The Nun replies by ripping off her mask and shouting, " Ha, Ha ! I'm not the Nun, I'm the bus driver!!!
710	923017	LK	G	fao.org	A B C Kota Tinggi, Johore State (32.89) and Petaling, Selangor State (27.36 ha ). Smaller quantities of orchids and other lowland cut flowers are also produced in
711	3476961	LK	B	pistontorque.com	A B C what it is Black and yellow, black and yellow (X2) Yeah ah ha , you know what it is everything I do, I do it big Yeah
712	929507	LK	G	...ttlesmileorganic.com	A B C Krabunati, Suthuru) and coconut oil to the pot until all of the water ha s evaporated. # STUDENTS # After th e hard work involved in making this
713	908579	LK	G	isrilankan.com	A B C # You mean to say that you took her word for it? Ha, ha , very well. Count it now.... Go on. " Seenu would be
714	3480679	LK	B	colomboherald.com	A B C :' Water, snow, ice, grass, rubble, people -- ha ha -- you name it.' It can also carry enormous and very heavy loads
715	919932	LK	G	colombotelegraph.com	A B C about welikade jail during the che guvera insurrection back in 60? s? Ha ha . A China where the people fear the government is tyranny. There are two
716	3861808	LK	B	groundviews.org	A B C If shoot to kill is official policy, then it is not extrajudicial " Ha ha .... Hitler's OFFICIAL policy was also similar " Exterminate the Jews ". So
717	3473524	LK	B	...ncewire.blogspot.com	A B C when our MBRLs would " whooooosh " over OUR northern skies? # ha ha ha ... you Tamil racist cocksuker, how could you forget them uh? # Yeah
718	3474951	LK	B	groundviews.org	A B C terrorist group &; they are not tamil people they were terrorist. " Ha... ha ... what have you been smoking??? If the LTTE were not Tamils
719	904407	LK	G	asiatours.net	A B C sufficiently to double the productive area. Land under rice cultivation increased by another 400,000 ha roughly every 7 years, reaching 4 million ha in 1930. Population in the
720	908998	LK	G	lankaenews.com	A B C of the politicos and everything else is history. # Posted By: Dickman # Ha ha ha ha ha ha Sri lanka shouldn't go this LOW.The God now punishes
721	920777	LK	G	dailymirror.lk	A B C government (THIS INCLUDES THE LEADER OF THE UNP part of the government no? ha ha) ----- who has had a desnting view where as almost everyone I have
722	929980	LK	G	mea.gov.lk	A B C of the conflict in 2009, the High Security Zones (HSZ) covered 4,098.36 Ha and, at present, has been reduced to 2,582.45. The Government will closely
723	915522	LK	G	aimwell.org	A B C both R? hula and Ra?? hap? la were rich householders of Ha ? savat?, who, realising the vanity of riches, gave all away
724	3481905	LK	B	ft.lk	A B C oppose this corrupt government. # Jay on October 31st, 2012 1:39 pm # ha ha ha.... i' can't stop laughing. # Milroy Anthonisz on November
725	907956	LK	G	groundviews.org	A B C , then I will think about a different strategy to tell them to you. Ha ! Ha!! # It will take ages for me to correct logical errors
726	907956	LK	G	groundviews.org	A B C Iyou'are done with them whyt the hell are you busrting with anger? Ha! Ha !! # " Please answer wijayapala's profound question " Do you really think
727	906837	LK	G	docs.wso2.org	A B C the Load Balancer becomes the single point of failure, and we recommend that Linux HA should be used here to provide a cold backup. # Note # Linux HA
728	915452	LK	G	aimwell.org	A B C a Non-returner. One day, Citta, paid a visit to Niga?? ha N?? aputta, the leader of a sect of naked ascetics, called
729	918104	LK	G	buddhanet-de.net	A B C suffering. # The Gracious One said this while living near R? jag? ha on the side of the mountain in the Sapling Garden, moreover, as this
730	3475757	LK	B	...kapage.wordpress.com	A B C -- it must be very ethical and righteous to lose deliberately!!! HA HA HA HA HA. what a bunch of hypocrites. # It must be very
731	905950	LK	G	dbsjeyaraj.com	A B C are seeking, you don't have to be concerned about conversions. # ha ha ... writers are no better... they make mistakes too just like us.... the
732	919744	LK	G	colombotelegraph.com	A B C War Crimes In Sri Lanka' # Journalists Failed To Tell The Story.. HA HA HA HA that is a SELECTIVE UNDErSTATEMENT BY EVEN WESTERN JOUTNALIST STANDARDS.. these are
733	927942	LK	G	lankanewspapers.com	A B C that racing car and reach the airport with in 1-2 hours. # Ha ha ha Idiot... trying to show his knowledge...... do you think we do nt know
734	928982	LK	G	lankaweb.com	A B C ? Why not take the doctors, teachers, and judges to courts (" Ha ! That will be the day " -- I can hear you say.)
735	918052	LK	G	buddhanet-de.net	A B C the second of the eight classical forms of wedding, the so-called daivo viv? ha ?. 03 # The king said: " No doubt it is your great
736	907887	LK	G	groundviews.org	A B C in Vanni schools in addition to what is already taught there. " # Ha ha ha It is " Wanniyala Aththo " not " Vanniye Aththo " Edited out.
737	918104	LK	G	buddhanet-de.net	A B C to meet the Gracious One, the Awakened One. Decorate R? jag? ha , and prepare magnificent vehicles for the br? hma? as and householders from
738	920597	LK	G	dailymirror.lk	A B C him from an another Presidential election defeat? Ranil knows that and also Tissa.... Ha .... Ha... Ha.. # Sarath Fonseka was not a mistake in 2010 but
739	915452	LK	G	aimwell.org	A B C aputta, the leader of a sect of naked ascetics, called Niga?? ha . This great teacher N?? aputta, was regarded as a Jina,
740	907310	LK	G	federalidea.com	A B C the commentators bring peace to the people. # Long live Sri Lankan Tamils. Ha Ha Ha ilaya seran senguttuvan said, # The essence of objective journalism is
741	906066	LK	G	dbsjeyaraj.com	A B C is that it has influences of both North and South Indian scripts. The' Ha ' phenome is missing from southern scripts but available in Sinhala. This explains why
742	907918	LK	G	groundviews.org	A B C not responding to difficult questions, they were not posed expecting answers. Ha! Ha !! # Anyway it is good to hear that you have accepted that early
743	928751	LK	G	lankaweb.com	A B C forest which is the ONLY primary forest in sri Lanka and it was only 45000 ha and it had many plants that were endemic to Sri Lanka. # Sri Laaka
744	922842	LK	G	espncricinfo.com	A B C Super Series, but misses out on the Tests, the form of the game ha has done exceedingly well at. Later in the month, comes up with a
745	915770	LK	G	...t-buddhist-texts.net	A B C . 02 they grew their crops. Then in the month of Je?? ha , This normally falls in June, which is towards the end of the dry
746	3475452	LK	B	jotabit.com	A B C (I didn't need the ladder anymore; it was slowing me down ( ha ). I was picking cherries faster than the trees could grow them. In
747	911826	LK	G	...rilanka.blogspot.com	A B C 55 per cent of the coast has already been eroded. Mangroves covering about 16,000 ha have been used as timber and fuelwood over the years and also converted to aquaculture
748	939311	LK	G	tipitaka.org	A B C . In Niga?? ha N?? aputta Sutta, Niga?? ha N?? aputta finds himself unable to accept the view expressed by the Buddha
749	936955	LK	G	sundaytimes.lk	A B C this time Sam had to " go to jail ". Ha! Ha! Ha ! I laughed! I rapidly moved in to confiscate her property and oust her
750	918059	LK	G	buddhanet-de.net	A B C , No. 533 Cullaha? saj? taka?, and No. 534 Mah? ha ? saj? taka?. Of them No. 502 is almost an abridgement of
751	915463	LK	G	aimwell.org	A B C given, it can be found in either translation. In the Cha?? ha Sa? g? yana edition of the P?? i texts on CD
752	908196	LK	G	ianselvarajah.com	A B C trip, several people have said: " Behave. " to me. Ha ha ha Not sure what they mean by that exactly... oh wait, maybe I
753	941091	LK	G	wisdomlib.org	A B C that was Osiris in the inert and breathless condition of the mummy. # ' Ha , Osiris, I have come to thee. I am Horus, and I
754	913669	LK	G	transcurrents.com	A B C never forgive the sinhalese for killing innocent tamils over the past 30 years. # Ha Ha Janaka, Real Brotherhood exists in Sri Lanka between Sinhala and Tamils.......... where
755	925572	LK	G	infolanka.com	A B C ! " # The Nun replies by ripping off her mask and shouting, " Ha , Ha! I'm not the Nun, I'm the bus driver!
756	904681	LK	G	...log.hackers-cafe.net	A B C Year Count Down Event " because near by police men shout " KAUNTO DAUN IBENTO HA ARIMASEN!! " that means " Count down event won't be held on
757	3479077	LK	B	transcurrents.com	A B C one advised Rajapakse clan that Oxford Union would welcome a speech from a War Criminal ha . This may be a set-up to put through gullible MR for an ultimate insult
758	923655	LK	G	ft.lk	A B C moment is from the latter and is a Spanish tune named' La tarde se ha puesto triste'. I played this at Kama and people loved it. Deadmau5
759	911232	LK	G	...atarala.blogspot.com	A B C So I guess I must then ignore people I get to know from other avenues ha ! # can you explain to your readers why food prices are supposedly so expensive
760	929015	LK	G	lankaweb.com	A B C so Gotabaya means GOT NO FEAR. I wonder what my vote count would be ha ha not that I give a damn about it. # This is why I
761	907976	LK	G	groundviews.org	A B C mercy and allow you to be sane for at least some time more! Ha ha ha. # The offer was not for an investigation by Sri Lanka! What
762	3861808	LK	B	groundviews.org	A B C You need to be careful, as you don't have clothes on... Ha ha ha!!! # Remember what I told you before, you look
763	928654	LK	G	lankaweb.com	A B C Human Rights Council, # Guided by the Charter of the United Nations, ( Ha ! Ha!) the Universal Declaration of Human Rights, (Ha! Ha
764	938787	LK	G	thesundayleader.lk	A B C the Tamils were enjoying Mcdonald burgers! haaaaaa... haaaaa... haaaaaa... ha... ha ... haaaa.... At least he has a third world cave where he is the
765	919748	LK	G	colombotelegraph.com	A B C Father " (" Janadhipathituma mage deweni thaththa!!! ")? Ha Ha Ha!!!! Prostitution of the highest order. Don't be surpried
766	918291	LK	G	buddhistravel.com	A B C situated at the foot of Sai Son Mountain, in Quoc Oai District, in Ha Tay Province, 30km southwest of Hanoi. # History # The pagoda was built
767	906056	LK	G	dbsjeyaraj.com	A B C and very poor sinhala soldier how died for salary and house ha.. ha.. ha # On an occasion in London, in 1989, at a discussion with Sathasivam
768	939311	LK	G	tipitaka.org	A B C when a higher attainment was possible for him. # V? se?? ha Sutta # A discussion had arisen between two brahmin youths V? se??
769	915440	LK	G	aimwell.org	A B C ). The second pair is anger (kodha) and malice (upan? ha ). These are implicit in aversion. According to the commentaries, the pursuit
770	919789	LK	G	colombotelegraph.com	A B C broaden your mind set. # gamini - April 26, 2012 2:09 am # Ha ha ha... looks like sjv chelvanayakam's mindless howls of " Nandikadal Lagoon "
771	3862586	LK	B	flysmart.lk	A B C will be warmly welcomed by an English speaking Tour guide and transferred to hotel. Ha Noi, Vietnam' s capital is one thousand year old city with peaceful lakes
772	3475934	LK	B	lirneasia.net	A B C sites, change the world??? stupid fuckers!!!! # ha ha ha... Sri Lanka is a country full of intelligent and talented people.
773	913549	LK	G	transcurrents.com	A B C of the thugs..... he would have disappeared without a trace.. # ha..... ha ... you support now MR Govt or any future Govt to further throttle the Tamils
774	918135	LK	G	buddhanet-de.net	A B C # Tena vutta?: Therefore it is said: # R? j? ha ? pattiko? si? sattiy? purise hani?; (When) I
775	3472598	LK	B	...tarrow.wordpress.com	A B C it would be like to appear in court with all those tattoos of yours ( ha ha..) Then when I read this I got the answer for that.
776	3478241	LK	B	...rnando.wordpress.com	A B C 179,200 hectares. Modern Senanayake Samudraya irrigation reservoir bested the ancient Parakrama Samudra (2100 ha .) (Sinhala: Sea of Parkarama) at Polonnaruwa built by King Parakramabahu
777	915424	LK	G	aimwell.org	A B C body (k? ya). " K? yesu k? yaatar? ha ? bhikkhave eta? vad? mi yadida? ass? sapass? s?
778	927924	LK	G	lankanewspapers.com	A B C Kingdom, a new agreement could lead to an independent Scotland. # Ha ha ha ... same will happen for independent Eezham...! It took Scotts 700 years...
779	913585	LK	G	transcurrents.com	A B C that everyone who inconveniently disagrees with you must be in someone's pay? Ha ha . Like you claim to be, I too am an ordinary citizen and I
780	3862461	LK	B	colomboherald.com	A B C by the current attempt to burden us with poorly considered projects such as the 1,000 Ha of bamboo monocultures thanks to UNIDO and Global Environmental Facility (GEF). The
781	908009	LK	G	groundviews.org	A B C picture of few new houses, but it say's yet to be built, Ha ha! in print. This is to hoodwink the International community. It is
782	928400	LK	G	lankaweb.com	A B C for visiting Yosemite National Park, which covers an area of 761,266 acres (308,073 ha ), included: # Observing the stunning features of the park, such as
783	904462	LK	G	audiofarm.org	A B C Trust it! I trust it! Micah No. 5 -- ha, ha, ha CHORUS Micah 5:2 God above has a bird's-eye view His human Son was prophesied You
784	928636	LK	G	lankaweb.com	A B C perceptions do not seem to have changed from his toddler days it must be observed ha ha ha! as he is contradicting a globally accepted issue that the majority of
785	3474953	LK	B	groundviews.org	A B C have burnt some bridges. Perhaps working with the previous FM didn't help -- ha ? # (c) Taking that to the issue at hand, your statement
786	3475757	LK	B	...kapage.wordpress.com	A B C . # I cant believe you sri lankans even come up with this excuse. HA HA HA. you cant bear losing, that is all. # I have
787	919979	LK	G	colombotelegraph.com	A B C painful. Your own brother was very hurt by the whole episode, Ha, ha ha!! # Your group, " Tamils for Genocide " did nothing to
788	918137	LK	G	buddhanet-de.net	A B C commentary the Mucalinda tree was east of the Bodhi tree. 03 # satt? ha ? ekapalla? kena nis? di vimuttisukhapa? isa? ved?. he
789	918078	LK	G	buddhanet-de.net	A B C Buddha Anomadass? there were two ascetics named Sarada and Sir? va?? ha who, seeing that Buddha's Chief Disciples, aspired to be Chief Disciples themselves
790	931156	LK	G	nibbanam.com	A B C off the craving in this name-and-form. As it is said: acchecchi ta? ha ? idha n? mar? pe. 11 # Now if we are to
791	919952	LK	G	colombotelegraph.com	A B C is no point in talking politics with Edited out like you! # Ha, ha osmond, we can see that you are a Ranil arselicker from your reply.It baffles
792	940911	LK	G	wepa-db.net	A B C Estimated reservoir areas in Sri Lanka # Type of Reservoir # Number # Area ( ha ) # Percentage (%) # Major irrigation reservoirs (ancient) # 73
793	921716	LK	G	defence.lk	A B C to 203.21 Ha land. The irrigated area under the Pavatkulam Tank Scheme is 1,673.44 Ha . # The Rajendramkulam Tank, Maruthamadhu Tank and the Eropothana Tank were renovated and
794	922788	LK	G	espncricinfo.com	A B C walking wicket in the last Ashes series he captained, and the one before, ha ha ha! Aus have no-one near the quality of Ian Bell - and you
795	918034	LK	G	buddhanet-de.net	A B C applied. The discourse on Causation to the self-made men of R? jag? ha is also right on target, appealing to their sense of dynamism. # Texts
796	919748	LK	G	colombotelegraph.com	A B C mothers rose up? So some times death becomes a blessing in disguise. # Ha Ha Ha!!! Where is Hirunika Premachandra? At the feet of her
797	919728	LK	G	colombotelegraph.com	A B C several centuries -- simultaneously " # But you don't know China as I do ha ha. Folk carry a tin and in the bus there is a tin (
798	908998	LK	G	lankaenews.com	A B C and everything else is history. # Posted By: Dickman # Ha ha ha ha ha ha Sri lanka shouldn't go this LOW.The God now punishes the Tamil's
799	3473524	LK	B	...ncewire.blogspot.com	A B C in the Presidential election, is quiet on the post-war political structure. # ha ha ha... what else uh? # Then, of course, as the born-loser
800	913585	LK	G	transcurrents.com	A B C so at least learn to take others comments constructively rather than personal insult. # Ha ha, you seem to have lost your temper, and replied with more slander
801	907891	LK	G	groundviews.org	A B C of whether the GoSL subsequently identified the locations of the boats via UAV. # Ha ha, don't be silly, Aadhavan. I didn't say that the
802	918105	LK	G	buddhanet-de.net	A B C --- they are empty of self, inanimate. Edgerton (BHSD s.v. nir? ha ) gives the meaning here as indifferent, but it seems to me the better
803	907181	LK	G	engageddharma.com	A B C Buddha's Way is, # I vow to follow it completely. # SVA HA !
804	909731	LK	G	mahavamsa.org	A B C Jettha = April: May or May: June. (iv) A sa ha = May: June or June: July. (v) S a van
805	919873	LK	G	colombotelegraph.com	A B C !!!!!. Statement of the day!!!!! Ha ha ha. You are not serios here? Gems of society who entertain and
806	907961	LK	G	groundviews.org	A B C on and hold on to it tightly, lest the wind blows it away.... ha ha haa # This is insane; you seem to think a few lines on
807	3472387	LK	B	...ragama.wordpress.com	A B C the above pics, they'll ban your site for hosting naked females. ha ha . now i cant jack off coz no gd porn 4 me anymre, I
808	923028	LK	G	fao.org	A B C , had a tough life with poor living standards despite their hard work on 1.5 ha of paddy field. In 2002, Mr Lieu Van Do participated in the a
809	3474940	LK	B	groundviews.org	A B C nukes? Do you have to have nukes to be a military now? # Ha ha Heshan, how much deeper are you gon na dig this hole before you
810	919899	LK	G	colombotelegraph.com	A B C . # You may have been be counting your change to come on Leelas comment ha ha. SL monkey polygamist are general offshots like brian no brain Adios chicka puta
811	916110	LK	G	artabandoned.com	A B C with a ton of candy (oh wait, that's not free... ha ha ). Anyway, oddly, that's NOT my perfect moment of the week
812	907961	LK	G	groundviews.org	A B C welcomes the Tamils to have an equal share of Lanka's resources? # Ha ha haa that's a good one. # You say " The fact remains that
813	929028	LK	G	lankaweb.com	A B C phrase call " Thamiz Ezam ". Has anyone noticed? Hah! Hah! Ha ! As soon as they realised the word Eelam not taking them anywhere with its
814	913019	LK	G	tamilweek.com	A B C The children of Muttichchenai watch as their mothers being trained on self-defence More Pictures: HA
815	928958	LK	G	lankaweb.com	A B C Lankan nation through the military cleared northern and eastern coast line, once again. Ha ! How cunning can you get! # It is indeed commendable that you Yankees
816	920777	LK	G	dailymirror.lk	A B C (THIS INCLUDES THE LEADER OF THE UNP part of the government no? ha ha ) ----- who has had a desnting view where as almost everyone I have talked
817	3475757	LK	B	...kapage.wordpress.com	A B C I cant believe you sri lankans even come up with this excuse. HA HA HA . you cant bear losing, that is all. # I have written on
818	928576	LK	G	lankaweb.com	A B C India prostituted itself with the Soviet Union and began creating trouble in Sri Lanka. Ha ha! The Soviets went broke. She (and later her son) had
819	3485361	LK	B	srilankacricket.lk	A B C , hence how do you cope and allocate time for your social life? # Ha ! -- yes, it certainly is busy, but I am very fortunate to
820	907961	LK	G	groundviews.org	A B C and you can cut, chop, pick and chose what to publish -- ha ha haa) # The LIES are the MUZZLE. # Why don't you ask
821	3473512	LK	B	...ncewire.blogspot.com	A B C of crp. Ha Ha Only good thing is his favourite book is Mahavamsa. Ha Ha Beleive me I can assure you, even your dog undertood what you say
822	3479056	LK	B	transcurrents.com	A B C my freind. Be a little brown donkey and enjoy rap rap rap. ha ha haa................ # I hope Mr Dushy has great knowledge of Buddhism. If that
823	940915	LK	G	what-buddha-said.net	A B C words follow the usual order. Thus Kapi Sutta is given before Kapi?? ha and Kavi Sutta before Kavi?? havana. Where a word is hyphened,
824	907956	LK	G	groundviews.org	A B C know how much Joules you need to move you hand to scratch your head? Ha ! Ha!! # (C): They are capable of physical interactions
825	908018	LK	G	groundviews.org	A B C his mother's hand ridiculed the emperors breathing manhood in the open air. # Ha ! Ha!! # Here is another " biggie ", of the emperor
826	3474873	LK	B	groundviews.org	A B C are owned by certain people, formerly from Naduntheevu, which employ only Caucasians... ha ! ha! ha! It seems human experience is cyclical afterall. # Your
827	3479041	LK	B	transcurrents.com	A B C . Surely most of these must have lit crackers &; eaten milk rice) HA HA ..... Anyhow the reaction of my fellow Sinhalese was barbaric and reminded me of 1983
828	3477675	LK	B	slrubberindustry.com	A B C more than 40,000 ha yr-1. This compares with a replanting rate of only 2000 ha yr-1. Parallel with the decline in forested area has been the rapid increase in
829	915805	LK	G	...t-buddhist-texts.net	A B C syllables: thus? r?? ha? as *? ryi?? ha ?, gop? as gop?. # (v) A few words
830	917886	LK	G	bps.lk	A B C contradicting one another without realising that Truth is one. # Mah? viy? ha Sutta: Philosophers only praise themselves and criticise others but a true brahmin remains indifferent
831	3485034	LK	B	sheiknazim.tv	A B C Bi-ISMI flowed the river of water; # From the eye of the letter " ha " in the word ALLAH flowed the river of milk; # Thus I saw
832	931098	LK	G	newsparley.com	A B C daily fitness treadmill machine, overbooking myself, seeking all my interests at once. Ha . Trying to " live my best life " almost took it from me.
833	907310	LK	G	federalidea.com	A B C commentators bring peace to the people. # Long live Sri Lankan Tamils. Ha Ha Ha ilaya seran senguttuvan said, # The essence of objective journalism is not
834	3472591	LK	B	...tarrow.wordpress.com	A B C results in media... Well there are kindergarten concerts (some similarity's there, ha ), to make small ones and their parents happy. If anyone wants to
835	3480735	LK	B	colombotelegraph.com	A B C Speer joined the Nazi Party in 1st March 1931 and became member no. 474,481. Ha ha ha ha! World-class ignorance from Heshan. http: **34;1118;TOOLONG... # So,
836	3475757	LK	B	...kapage.wordpress.com	A B C ??? THen every teams can have power hitter like Gilchrist then?? HA HA HA. GIlchrist is one of the cleanest hittter in the history of the
837	3487119	LK	B	web-seo-forum.com	A B C idiots blow up a Humvee, then get obliterated by the MPs... HA HA HA # Check out smokinggun to see the Affidavits, boy these guys were STUPID.
838	940313	LK	G	vgweb.org	A B C mitta, Yamataggi, Angirasa, Bh? radv? ja, Vase?? ha , Kassapa, and Bhagu did even these ancient brahmin seers say thus:'
839	928654	LK	G	lankaweb.com	A B C , (Ha! Ha!) the Universal Declaration of Human Rights, ( Ha ! Ha! Ha!) the International Covenants on Human Rights and other relevant
840	928654	LK	G	lankaweb.com	A B C Ha!) the Universal Declaration of Human Rights, (Ha! Ha! Ha !) the International Covenants on Human Rights and other relevant instruments, (Ha
841	939310	LK	G	tipitaka.org	A B C the P? li Canon. It is the successor to the Cha?? ha Sa? g? yana CD 3.0 (CSCD3). CST4 is under development
842	915403	LK	G	agridept.gov.lk	A B C . # During 1991 to 1999 the total cultivation extent of brinjal increased from 9361 ha to 10048 ha. The production increased from 65582 to 74204 tones in the same
843	923017	LK	G	fao.org	A B C , Johore State (162.5 ha), Batang Padang, Perak State (52.4 ha ), Kota Tinggi, Johore State (32.89) and Petaling, Selangor State
844	939311	LK	G	tipitaka.org	A B C discourse was given by the Buddha at S? vatthi. Bhikkhu Ari?? ha misunderstood the Buddha's teaching and maintained that the Buddha showed how to enjoy sensuous
845	908735	LK	G	jotabit.com	A B C to write my will on because I still haven't had " time " ( HA ) to think about how I was going to explain this to my mom)
846	3481038	LK	B	dhamsara.org	A B C on line 4 page 14 they say that N? ma-R? pa is sariraya ha manasa (corporeal body and mind) which the reader now knows is weird and
847	940109	LK	G	upulstravel.com	A B C of Sri Lanka and spans Southern and Uva provinces. The park consists of 97,878 ha . The attitude is 90m from sea level. The vegetation in this park comprises
848	905637	LK	G	dbsjeyaraj.com	A B C TRUE. nowadays that is called bestiality. # Ha, Ha, Ha, Ha !!!!! Thanks RP. Big thanks!!! Really,
849	935705	LK	G	sundayobserver.lk	A B C has been proposed as part of the project: # * Reforestation of about 2,000 ha in the Amban Ganga Basin # * Clearing of elephant corridor between Giritale and Minneriya
850	907976	LK	G	groundviews.org	A B C a Teenager yet you have been tripping on statues an knocking down Sinhala soldiers! Ha ha ha, another flew over the Cuckoo's nest. # Well Thivya I
851	936179	LK	G	sundaytimes.lk	A B C of examples from Kumaratunga writings took us back to the days when we recited' ha ha Hari haava' and reminded us of the " good old days " when
852	3477461	LK	B	...jiva.weerawarana.org	A B C do I have to tell about just other people who is voting to them.... ha haha # Even today the UN said Sri Lanka is most dangerous place to live
853	907976	LK	G	groundviews.org	A B C " # Read what I have emphasised. Hope God wont stand in your way ha ha. # I do not know how it is in Canada. But in
854	911451	LK	G	ravana.wordpress.com	A B C by so many Maldivians.The racist comments are not called for either. # Ha ha ha this must be the most entertaining set of comments I've seen since moju shut
855	920597	LK	G	dailymirror.lk	A B C Presidential election defeat? Ranil knows that and also Tissa.... Ha.... Ha... Ha .. # Sarath Fonseka was not a mistake in 2010 but he saved the political
856	3485708	LK	B	tamilnet.tv	A B C USA and india again, we don't need to give anything to tamil. ha ha heee wooooo wwoooooo, # Hillary Clinton # Jeylath, my little brown savage
857	3479056	LK	B	transcurrents.com	A B C west my freind. Be a little brown donkey and enjoy rap rap rap. ha ha haa................ # I hope Mr Dushy has great knowledge of Buddhism. If
858	940216	LK	G	uthr.org	A B C block of land. This also leads to hidden tenancy... Dependence on channel irrigation ha led to risky agriculture based on water availability... due to improper water for irrigation
859	907862	LK	G	groundviews.org	A B C a stop... killing cattle is bad... killing tamils is ok eh?? ha .. ha.. # President B, You can be our president for defending my
860	907393	LK	G	forum.autolanka.com	A B C , itchy eyes and holes in the jeans from now on! # ha ha ha thanks for the info machang! I didn't want to bust a lotta money
861	907956	LK	G	groundviews.org	A B C not murder or bury anybody, I am an innocent simple podian. Ha! Ha !! # 1,374 words, with the meaninglessness of a postmodern article, to
862	928920	LK	G	lankaweb.com	A B C . And you are concerned about the last five months of this bloody war! Ha ! What's wrong with you guys at Amnesty International? Didn't you like
863	914795	LK	G	accesstoinsight.org	A B C ought not to be done. " (" Kiriyav? d? c? ha ?... akiriyav? d? c?' ti. ") There,
864	929328	LK	G	lawsofthenature.com	A B C dwelling at Kalandakaniv? pa in the Ve? uvana near R? jag? ha , he put on his robes, took his bowl and entered the city for
865	3861808	LK	B	groundviews.org	A B C your views. GV did it for you. How convenient..... ha ha ha !!! Cuckoo is not the word for it. # Here is another
866	939311	LK	G	tipitaka.org	A B C by him in a more frequent manner; hence, according to Niga?? ha N?? aputta, he will not be destined to states of woe for
867	927941	LK	G	lankanewspapers.com	A B C use that racing car and reach the airport with in 1-2 hours. # Ha ha ha Idiot... trying to show his knowledge...... do you think we do nt
868	936955	LK	G	sundaytimes.lk	A B C . My sister viciously kicked my shin under the table with a cry of " Ha !? " and Sam uttered a loud and sibilant " Pissssh!!!
869	923017	LK	G	fao.org	A B C , Pahang State (638 ha), Gua Musang, Kelantan State (10.3 ha ), and Ranau, Sabah (85.1 ha). In the lowlands the
870	908032	LK	G	groundviews.org	A B C a rational argument without letting your emotions make a fool of you. # Ha ha haa accusing Sharanga of Sinhala Buddhist hegemony is proof, if proof is needed,
871	907976	LK	G	groundviews.org	A B C Teenager yet you have been tripping on statues an knocking down Sinhala soldiers! Ha ha ha, another flew over the Cuckoo's nest. /// # OTC, # Pardon
872	907858	LK	G	groundviews.org	A B C . We will built and will make the world admire us. # Ha! Ha ! Ha! " hope the blood of Tamil civilians would pave way for autonomy
873	906844	LK	G	docs.wso2.org	A B C HA should be used here to provide a cold backup. # Note # Linux HA can not be used to provide high availability for Web Service containers because it can
874	919841	LK	G	colombotelegraph.com	A B C 's Buddhist monks amid concerns about their weight and health... " # Ha.. ha .. haaa! What rotten bullshit is this? This is yet another " laptop
875	3478671	LK	B	...ndufit.wordpress.com	A B C next to do. ok great, lets just remind how i started. ha ha # 1. Installing Tomcat - I have installed apache tomcat 6.0.24 exactly following same
876	922827	LK	G	espncricinfo.com	A B C in an opposing team when our boys tour these two countries in the future, ha ha ha, # Posted by on (November 09 2012, 08:12 AM
877	905637	LK	G	dbsjeyaraj.com	A B C Ya Ya it is TRUE. nowadays that is called bestiality. # Ha, Ha , Ha, Ha!!!!! Thanks RP. Big thanks!
878	913536	LK	G	transcurrents.com	A B C save them, who were we to save them from their saviours? # Ha ha ha why die when there are idiots willing to die instead? Meantime, the
879	921716	LK	G	defence.lk	A B C tonnes by 2016. Vegetable cultivation is presently undertaken in a land area of 30 ha . and is projected to be increased many-fold by 2016. Other methods for increasing
880	913200	LK	G	theflyslip.net	A B C ... maybe he listened to Damith, just when he said exactly that sentense! Ha
881	906263	LK	G	dbsjeyaraj.com	A B C The Wewegama Tank in the Hambanthota District is a small rain-fed reservoir, approximately 4.5 ha in extent and is surrounded by forest and situated on the border of the Mattala
882	919728	LK	G	colombotelegraph.com	A B C see your woman every day don't you (you see the conservative MIA Tamil ha ha). They make the cubicles in lines of hundred at any super market
883	919981	LK	G	colombotelegraph.com	A B C about it. # Block vote like the muzzie block vote of UK?? Ha ha that is good for the media blitz- when rajapakistan came recently just after the
884	909225	LK	G	lefroy.wordpress.com	A B C At least he did something... (I'll read Ambrose). # Ha ha , you still don't understand, do you, Lefroy? And getting all
885	923028	LK	G	fao.org	A B C the same area for farm production). In 2003, a total of 147 ha was planted as grass feed; only 82 ha was plannted a year later but
886	923028	LK	G	fao.org	A B C impeded the project's progression. # Box 8: Contract farming with Nestl in Ha Tay province # In 1998, Nestl cooperated with the Ha Tay People's Committee
887	3487227	LK	B	wht.lk	A B C to point out that although official records show that only 3,000 ha of the 21,000 ha of the Knuckles Forest Reserve are cultivated with cardamom, the crop is in fact
888	3483581	LK	B	lbt.lk	A B C TATA Global Beverages Ltd. The company manages a total land extent of over 12,000 Ha in Tea, Palm Oil and Rubber with a workforce of over 12,000 people.
889	919710	LK	G	colombotelegraph.com	A B C Tamil Nationalist. # dingiri - November 19, 2012 3:42 pm # Ha, ha , haaaa........ This guy Dingiri is extremely funny. He is talking about Sinhala
890	915452	LK	G	aimwell.org	A B C to harm him or her to the extent of causing death. General S? ha 's statement is that even to save his own life, he could not possibly
891	938661	LK	G	thesundayleader.lk	A B C president and Colombo campus president? The answer is JVP.Now they talk about human rights.Ha Ha Ha
892	907735	LK	G	gawaya.com	A B C . Adeline recently posted.. Side Trip to Barasoain Church in Malolos, Bulacan # Ha ha. Great post. I see people make these fashion sins all the time
893	938994	LK	G	...evacationgateway.com	A B C geared to providing nonstop range of highly exciting experiences # Universal studios Singapore provides 20 ha of nonstop fun and adventure in 7 exciting zones from Hollywood to New York City
894	938787	LK	G	thesundayleader.lk	A B C to when the Tamils were enjoying Mcdonald burgers! haaaaaa... haaaaa... haaaaaa... ha ... ha... haaaa.... At least he has a third world cave where he
895	3481427	LK	B	....gossiplankanews.com	A B C asked all those present to kneel down and one was shot dead saying that' Ha have you also come here to drink and eat'. After he was shot
896	3474144	LK	B	...glish.mahamevnawa.lk	A B C mind at the same time. Weren't you like that? # Me: Ha ha... Frankly, I think I am also a person like that. I
897	3861808	LK	B	groundviews.org	A B C not change your views. GV did it for you. How convenient..... ha ha ha!!! Cuckoo is not the word for it. # Here
898	918059	LK	G	buddhanet-de.net	A B C collection of P? li J? takas, edited by Fausbll: No. 502 Ha ? sa-j? taka?, No. 533 Cullaha? saj? taka?,
899	919968	LK	G	colombotelegraph.com	A B C ? and why it was not done? Is it not deliberate? Ha! Ha ! # We will see now whether the World body Can or Want to deal
900	919979	LK	G	colombotelegraph.com	A B C and very painful. Your own brother was very hurt by the whole episode, Ha , ha ha!! # Your group, " Tamils for Genocide " did
901	940313	LK	G	vgweb.org	A B C decide to consult the Buddha and one of the disputants V? se?? ha mentions several Brahmin schools (Addhariy?, Tittiriy?, Chandok?, Bavharij
902	907961	LK	G	groundviews.org	A B C it does not conform to the manufactured history of the recent past? # Ha ha haa so you prefer Quaroz to a document submitted to the Portuguese King? You
903	3472387	LK	B	...ragama.wordpress.com	A B C we can all join the JHU and jerk off on nimal and anuras asses. HA HA. Not funny anymore........ # Really not surprising you know, considering who
904	3473513	LK	B	...ncewire.blogspot.com	A B C # Goooood morning to all Sri Lankans and Obamajaculation for Intelligent Homo Thamiza monkeys! Ha ha ha I thought u guys have gone to extinction!!! seems like
905	928751	LK	G	lankaweb.com	A B C airports as Sri Lanka is a HUGE country to cut down on travel time! ha ha. Idiots!!! As I said before no one will stand up
906	3477681	LK	B	...lwakes.wordpress.com	A B C you?... # The End: You pay for MY education? he ha ha, you are not rich enough actually... can you afford Oxford? i
907	907891	LK	G	groundviews.org	A B C your answer is that, sometimes, actions are sufficient to infer intention. # Ha ha, Gehan, chill out. I assure you I haven't adjusted any
908	918104	LK	G	buddhanet-de.net	A B C prepared the magnificent vehicles, and had this proclamation made in R? jag? ha at the cross-roads and entrances (to the town): " The Awakened One
909	940430	LK	G	vipassana.com	A B C Neither the same nor another "), the famous line from the Milindapa? ha which Ven. Nyanaponika quoted to the editor when reviewing photographs of himself as a
910	937461	LK	G	sundaytimes.lk	A B C of tea per annum. This translates to an average yield of 1700 kg per ha . Most of the tea was seedling with some clonal plantings as well. With
911	922788	LK	G	espncricinfo.com	A B C wicket in the last Ashes series he captained, and the one before, ha ha ha! Aus have no-one near the quality of Ian Bell - and you know
912	3478460	LK	B	tamilweek.com	A B C to EPDP, TMVP etc. (No one can escape from that charge) ha ha # This kiling from LTTE, may be request from TNA, if other
913	925572	LK	G	infolanka.com	A B C . # After he finishes, he rips off his mask and shouts, " Ha , Ha! I'm not God, I'm a Hippie! " #
914	915520	LK	G	aimwell.org	A B C ra, and the ferry at which he crossed the river, Gotamati?? ha (Vin.i.226 30; D.ii.86ff). # The date at which P??
915	3861815	LK	B	groundviews.org	A B C my off the cuff challenge (should be easy for an intellectual like you.... ha ha haa) if you are not a Rabble Rouser? # Thanks for this
916	918012	LK	G	buddhanet-de.net	A B C name Dhammarakkhita he sent to Aparantik?. # To Mah? ra?? ha Now called Maharashtra. 07 he sent the Elder by name Mah? dhammarakkhita.
917	919654	LK	G	colombotelegraph.com	A B C , and by that time no one was left to speak up. " # Ha Ha.. It has not dawned on him yet that the president DOES NOT want
918	941089	LK	G	wisdomlib.org	A B C The name denotes the unembodied, or, more literally, the un-mummied, from ha , before, and mem or mum, the mummy. These are the future
919	915403	LK	G	agridept.gov.lk	A B C Lanka. The national average yield in world is 13.7 t/ha and 12.3 t / ha in Asia. # Flowers are purple in colour and high number of flowers can
920	918029	LK	G	buddhanet-de.net	A B C against the Sinhalese Buddha Jayanti (BJT) edition, the Burmese Cha?? ha Sa? g? yana (ChS) and the Royal Thai (Thai)
921	919789	LK	G	colombotelegraph.com	A B C been rejecting the claims of the Muslims throughout history in the traditional UNP style. Ha has advocated in his book that Islam was spread through violence and bloodshed. #
922	907956	LK	G	groundviews.org	A B C the way, let us look at what nonsense you are actually saying (ha ha ). You are saying, # they non-physical things can make physical things interact
923	3474938	LK	B	groundviews.org	A B C the difference between regime type and state form is something to think about. # Ha ha..... So this is Dr. Dayan Jayathilake's " exclusive " copy to GV
924	918051	LK	G	buddhanet-de.net	A B C Holy Writ of Northern Buddhism. The wording of this sentence in the original dharmo ha vai rak? ati dharmac? ri? am, is the exact Sanskrit counterpart
925	922827	LK	G	espncricinfo.com	A B C an opposing team when our boys tour these two countries in the future, ha ha ha, # Posted by on (November 09 2012, 08:12 AM GMT
926	907891	LK	G	groundviews.org	A B C more time on this when David has refuted his own arguments elsewhere? # Ha ha if you two took a break from congratulating yourselves on your claimed genius, you
927	906056	LK	G	dbsjeyaraj.com	A B C succeed with the innocent and very poor sinhala soldier how died for salary and house ha .. ha.. ha # On an occasion in London, in 1989, at
928	907862	LK	G	groundviews.org	A B C war went on without a stopkilling cattle is badkilling tamils is ok eh?? ha .. ha.. "
929	923015	LK	G	fao.org	A B C In 1995 the production-acreage of rose cut flowers was 300 ha, of which 100 ha were unprotected, and the annual production increased up to 200 million stems, accounting
930	3477675	LK	B	slrubberindustry.com	A B C early 2000, which translates into an annual rate of deforestation of more than 40,000 ha yr-1. This compares with a replanting rate of only 2000 ha yr-1. Parallel
931	3473524	LK	B	...ncewire.blogspot.com	A B C the Presidential election, is quiet on the post-war political structure. # ha ha ha ... what else uh? # Then, of course, as the born-loser RW
932	3484189	LK	B	news1st.net	A B C why don't polar bears like Penguins (8)? # Deadpan Ha, ha . # Thanks, Sir David. Don't worry, I'm going home
933	928496	LK	G	lankaweb.com	A B C of a group of forests called the " Sinharaja Adaviya " which is about 47,350 Ha : Includes the Kudumeriya, Dellawa, Morapitiya-Runakanda, Diyadawa, Walankanda and Delgoda forests
934	922788	LK	G	espncricinfo.com	A B C in the last Ashes series he captained, and the one before, ha ha ha ! Aus have no-one near the quality of Ian Bell - and you know it
935	911451	LK	G	ravana.wordpress.com	A B C ANYWHERE in my life! " Sun of a bitch " Hellooooo... ha ha ha ha... Sweet! Guess their English education is pretty miniature too! # Thanks
936	936955	LK	G	sundaytimes.lk	A B C coffers. # About this time Sam had to " go to jail ". Ha ! Ha! Ha! I laughed! I rapidly moved in to confiscate her
937	939311	LK	G	tipitaka.org	A B C ra Sutta # Prince Abhayar? jakum? ra was sent by Niga?? ha N?? aputta to ask the Buddha whether he uttered unpleasant words about the
938	931443	LK	G	oceangirl.org	A B C ? Superglue. She superglued my omelet.: Cass: Ha, ha, ha . Sucked in.: Jason: Let's get out of here.:
939	940503	LK	G	vipassana.info	A B C and Magadha were in the habit of holding a great annual sacrifice to M? ha Brahm? in which a fire was kindled with sixty cartloads of firewood. They
940	928942	LK	G	lankaweb.com	A B C involvement of the higher chair person in the CEA at that time. About 506 Ha of forest and tea estate bordering to the Sinharaja NHWA has been reserved for this
941	915765	LK	G	...t-buddhist-texts.net	A B C applied. The discourse on Causation to the self-made men of R? jag? ha is also right on target, appealing to their sense of dynamism. # Texts
942	3475268	LK	B	...ct-stories.aiesec.lk	A B C the help of locals. We visited the Vietnamese " Nuwara-Eliya " Sa Pa and Ha Long Bay with beautiful surroundings and Asia's biggest lime stone cave which is recognized
943	913753	LK	G	transcurrents.com	A B C of cricket which is from the West whom they constantly condemn and ridicule. # Ha ! ha! Quoting Ike at the end is rich!!! Despite all
944	928496	LK	G	lankaweb.com	A B C this project. And into above 506 Ha it has illegally been included the 436 Ha of the Ensalwattha forest that has to be taken under Sinharaja main protective network according
945	936179	LK	G	sundaytimes.lk	A B C examples from Kumaratunga writings took us back to the days when we recited' ha ha Hari haava' and reminded us of the " good old days " when the
946	3861808	LK	B	groundviews.org	A B C need to be careful, as you don't have clothes on... Ha ha ha!!! # Remember what I told you before, you look like
947	917977	LK	G	buddha-vacana.org	A B C ', and explained by the fact that whoever practices the ariya a?? ha ? gika magga enjoys its fruits now, in the visible phenomena, and does
948	918137	LK	G	buddhanet-de.net	A B C M? Bhagavanta? s? ta?, m? Bhagavanta? u? ha ?, " May the Gracious One not be cold, may the Gracious One
949	3476145	LK	B	lucycalder.com	A B C I reacted somewhat self-righteously to this: why should I, as a Christian ( ha !) have to suffer? I bought some biscuits in a small supermarket and
950	3487119	LK	B	web-seo-forum.com	A B C 7 idiots blow up a Humvee, then get obliterated by the MPs... HA HA HA # Check out smokinggun to see the Affidavits, boy these guys were STUPID
951	913756	LK	G	travel.baurs.com	A B C scrubland and open patches. Bundala National Park # Covers an area of 6216 ha , nearly a third of it shallow, brackish water lagoons. The rest is
952	907918	LK	G	groundviews.org	A B C Never mind not responding to difficult questions, they were not posed expecting answers. Ha ! Ha!! # Anyway it is good to hear that you have accepted
953	907956	LK	G	groundviews.org	A B C effects coming from nowhere. # See how smart I am? Now you can ha ha for all you want. But I've won the debate, and you
954	908197	LK	G	ianselvarajah.com	A B C have to ask my cousin if he actually went to lunch with the manager! ha ha
955	928496	LK	G	lankaweb.com	A B C involvement of the higher chair person in the CEA at that time. About 506 Ha of forest and tea estate bordering to the Sinharaja NHWA has been reserved for this
956	3863147	LK	B	wellknownplaces.com	A B C and public sources the center's 29 outdoor and indoor facilities are set in 6.6 ha . Some of the key performing arts groups that call the Lincoln Center home include
957	907862	LK	G	groundviews.org	A B C on without a stopkilling cattle is badkilling tamils is ok eh?? ha.. ha .. "
958	936935	LK	G	sundaytimes.lk	A B C a song you wrote, recorded and released over 20 years ago? # A. Ha ha! Makes me sound ancient but you're right. The song is'
959	907956	LK	G	groundviews.org	A B C not be a liar. you don't and hence must be the liar. Ha ! Ha!! # " and since we only know about physical things in
960	920467	LK	G	dailymirror.lk	A B C (Rs 3.1 Bn) spread over a period of 7 years. About 10000 Ha area of bamboo cultivation is envisaged, focusing on degraded lands. This is expected
961	3481517	LK	B	espncricinfo.com	A B C # Posted by on (May 09 2012, 03:20 AM GMT) # ha ha... here we go again. # Posted by on (May 08
962	905949	LK	G	dbsjeyaraj.com	A B C Champions of Credit card fraud! You really scored the match winning zinger! Ha Ha ! I thought you were one of the few Sinhalese who could post and respond
963	908998	LK	G	lankaenews.com	A B C else is history. # Posted By: Dickman # Ha ha ha ha ha ha Sri lanka shouldn't go this LOW.The God now punishes the Tamil's killilings in
964	3477675	LK	B	slrubberindustry.com	A B C The total land extent of rubber in Sri Lanka is forecast to increase to 140,000 ha by year 2021 and to 153,000 ha from the present extent of 127,000 ha.
965	3475159	LK	B	humanityashore.com	A B C . # " Here they come again son. run, run..... run faster Ha ..... ha..... ha..... Why are you looking at me, look at them
966	938661	LK	G	thesundayleader.lk	A B C and Colombo campus president? The answer is JVP.Now they talk about human rights.Ha Ha Ha
967	929328	LK	G	lawsofthenature.com	A B C a young boy playing in the dust of the road in R? jag? ha at the time of the Buddha. He offered a gift of dirt he was
968	3862461	LK	B	colomboherald.com	A B C and 2010, Sri Lanka lost 20.9% of its forest cover, or around 417,000 ha . This brings to question the worth of the words used in the Mahinda Chinthanaya
969	915805	LK	G	...t-buddhist-texts.net	A B C from an unknown antiquity without any variants of importance. The " Pada-p?? ha " text is now acknowledged to be an early commentary upon the Sa? hit
970	3862094	LK	B	...ciencenavigators.org	A B C plantation had been established between the year 2000 and 2005. About 52% (210 ha ) of belt was established after the tsunami. About 40-50 km of Casuarina belt
971	925572	LK	G	infolanka.com	A B C After he finishes, he rips off his mask and shouts, " Ha, Ha ! I'm not God, I'm a Hippie! " # The Nun
972	940313	LK	G	vgweb.org	A B C ' # The Buddha then concludes his discourse by giving V? se?? ha the correct path to salvation, and V? se?? ha becomes a
973	938787	LK	G	thesundayleader.lk	A B C own! haaaa. ha... ha... haaa.. hi... hie... ha... ha .. haaaa.. # USA and the west got their own " War Criminels "
974	906056	LK	G	dbsjeyaraj.com	A B C the innocent and very poor sinhala soldier how died for salary and house ha.. ha .. ha # On an occasion in London, in 1989, at a discussion
975	906031	LK	G	dbsjeyaraj.com	A B C process! Clearly, Gotabaya Rajapakse the great defense Secretary (ha, ha, ha ) is the biggest threat to human security, law and order in Lanka at
976	3482194	LK	B	...obalpeacesupport.com	A B C them you are a low caste, and find where your place will be? Ha ha! So, don?? t take all these negative and stupid
977	918012	LK	G	buddhanet-de.net	A B C 41-42) # The Seer Mah? dhammarakkhita went to Mah? ra?? ha and preached the Birth Story called Mah? n? radakassapa Ja 544. On
978	908041	LK	G	groundviews.org	A B C : Beyond The Wood II # According to the FAO, 28.8% or about 1,860,000 ha of Sri Lanka is covered by trees. Of this only 9.0% (167,000)
979	908103	LK	G	...lp.keymandesktop.com	A B C # ? # ? # ?? # Ef # ? # ?? # ha # ? # ?? # Ea # ? # ?? # hq #
980	3472378	LK	B	...ragama.wordpress.com	A B C chair, without knowing even the basic simplest HTML tags to build a simplest website. ha ha haaa... see his website hakuru.org another really ugly joke website linked to his
981	919744	LK	G	colombotelegraph.com	A B C profession... So pls do nt lecture to the world about failures. # Ha Ha Ha SJV with your bogus name do not poo poo. It's been a
982	3862586	LK	B	flysmart.lk	A B C , old quarter streets, three lined boulevards, brightly painted temples and pagodas. Ha Noi is one of Asia' s most charming cities. (If time permits
983	915805	LK	G	...t-buddhist-texts.net	A B C irregularity of metre is glozed glossed over. In these cases the Pada-p?? ha usually gives the short value, but this is only evidence of pronunciation of the
984	929015	LK	G	lankaweb.com	A B C Gotabaya means GOT NO FEAR. I wonder what my vote count would be ha ha not that I give a damn about it. # This is why I propose
985	3479058	LK	B	transcurrents.com	A B C . # Still unable to focus on anything beyond my birth, ISS? Ha ha . Now you have descended to name calling, like your " friend " Devinda
986	917977	LK	G	buddha-vacana.org	A B C ma right effort. It is the sixth constituant of the ariya a?? ha ? gika magga. See the definition given by the Buddha at SN 45.8:
987	939311	LK	G	tipitaka.org	A B C argument on certain aspects of the theory of kamma. Whereas the Niga?? ha stressed the physical and vocal actions being more productive of resultant effects, the Buddha
988	907961	LK	G	groundviews.org	A B C goose must be sauce for the Tamil gander as well, right? " # Ha ha haa, yes it proves one thing, but not what you have dreamt
989	3479058	LK	B	transcurrents.com	A B C from " good friend David " to accusing me of coming from the gutter. Ha ha. How things change when your " friends " inconvenience you with the truth
990	905950	LK	G	dbsjeyaraj.com	A B C people are seeking, you don't have to be concerned about conversions. # ha ha... writers are no better... they make mistakes too just like us....
991	915779	LK	G	...t-buddhist-texts.net	A B C prepared the magnificent vehicles, and had this proclamation made in R? jag? ha at the cross-roads and entrances (to the town): " The Awakened One
992	919815	LK	G	colombotelegraph.com	A B C The US # .... US government along with UK government pressurized this government... ha ha ha ha ha ha hok hik hik hik... Still worth a good laugh on
993	915801	LK	G	...t-buddhist-texts.net	A B C the whole of India was eventually united under King Asoka. 04 # So evam-? ha : " Aha? hime Vajj? eva? mahiddhike eva? mah? nubh
994	3481936	LK	B	ft.lk	A B C that most tea stock even in the smallholders are ageing. The allocation of 25,000 HA of land for small holder cultivation is the correct way forward. Now the challenge
995	919841	LK	G	colombotelegraph.com	A B C the country's Buddhist monks amid concerns about their weight and health... " # Ha .. ha.. haaa! What rotten bullshit is this? This is yet another
996	941087	LK	G	wisdomlib.org	A B C to say, it approached the foot-sore man who had brought it. "' Ha !' he exclaimed, with emotion;' see, it comes to me
997	919967	LK	G	colombotelegraph.com	A B C as well as the FRAUD Moulana supporting them... in the EP PC elections. ha ha... # Donald the thing is, elections in Sri Lanka do not reflect
998	913585	LK	G	transcurrents.com	A B C I do not need your approval or endorsement for what I write " # Ha ha I never asked you to seek my approval. I simply commented on your lack
999	907952	LK	G	groundviews.org	A B C consciousness and water is a being? Bookworm syndrome????? ha1 Ha !! # I appreciate the considerble and genuine effort you have made to defend
1000	915401	LK	G	agridept.gov.lk	A B C of the area to be transplanted and requires about 100 kg of seed paddy per ha . Seed rate should be adjusted for small grain varieties. Nursery site should be
