1	1036077	SG	G	dramabeans.com	A B C let-down... it was just as expected. # I would totally watch that! Ha ha ha! That would be very funny! And In-ah would be trying to
2	1026580	SG	G	sg.tripzilla.com	A B C joining with other tourists. At 08:15, leave Ha Noi at 8:15 am for Ha Long City by a modern bus. Get on Imperial Junk boat and enjoy a
3	1051726	SG	G	wilfridwong.com	A B C will not be rain. If just a bit to make the race exciting... ha ha ha. # I have seen some wet races and they are quite fun
4	3527508	SG	B	koalasplayground.com	A B C wall/take responsibility " scene! haay! I REALLY LOVE THESE TWO! # Ha ha ! I stayed up too and worse been checking knowing it raw version with no
5	1036059	SG	G	dramabeans.com	A B C it, implying incompetence while she regrets ever giving the " Flower Prosecutor " ( HA ) special treatment. # I do love this comical aspect of the character dichotomy
6	3527124	SG	B	...ngkeunsukforever.com	A B C already... kyaaa.... I think that yoon hee is even more aggressive than In Ha here. She's the one who asked In Ha to come closer under the
7	1036123	SG	G	dramabeans.com	A B C actress is better than the other, especially since I haven't actually watched any Ha Jiwon or Bae Doona kdramas/films recently. So I'm not a judge of who
8	1032442	SG	G	avirtualvoyage.net	A B C left, leaving the burdensome ring behind on the bench. More tears from Jae Ha . # Alice: Hmmm I don't really have much to say about Jae
9	1031024	SG	G	...addictsanonymous.com	A B C can mean for her daughter. # Hae Joo goes to the place where she ha her last date with Chang Hee and recalls their discussion about the whale they saw
10	1032442	SG	G	avirtualvoyage.net	A B C of the effect of that word on her? # And here I thought Jae Ha has some profound plan to help Joon Young out. His plan? Run away
11	1015699	SG	G	acimexplained.com	A B C fact that my name is pretty much linked with ACIM on the internet.. ha ha . I'm sure some of my friends think I'm a Jesus-freak but I
12	3527287	SG	B	joonni.com	A B C more in anticipation of future breakage thank you again for saving my life ha ha ha # hehe... i know, so sorry nutty... i have been searching but
13	1048125	SG	G	terrapinn.com	A B C non commercial organisations in order to increase access to the collection through digitisation. He ha ... more # Simon Bell # Head of Strategic Partnerships and Licensing # The British
14	3523511	SG	B	bizdaily.com.sg	A B C Price: S$0.19) # Global Palm Resources (GPR) has added just 33 ha of new plantings in 3Q12, bringing the YTD total to 292 ha. According
15	1036013	SG	G	dramabeans.com	A B C resign in disgrace, perhaps to undergo an investigation (by the Prosecutor Princess? ha ha). The new mayor, who saw the Last Concert, immediately starts
16	1036191	SG	G	dramabeans.com	A B C her into the pole. He instructs her to stay put and leaves. # HA -- did you sleep in Doc's office because you were afraid your hormones would
17	1032442	SG	G	avirtualvoyage.net	A B C her. heh. # Joon Young is at Da Eun's workplace. Jae Ha calls and they decide to meet tomorrow. # Next we have a nice scene
18	1047657	SG	G	sutrasmantras.info	A B C ? dhrak?? a Mountain, near the city of R? jag? ha , together with 1,250 great bhik? us and 32,000 Bodhisattvas. At the head
19	1036052	SG	G	dramabeans.com	A B C try out best... is what I can't bring myself to say. " HA ! She even has the accompanying facial expressions to fake her out. # Hye-mi
20	1850321	SG	G	sashafarina.com	A B C her not to look for it if it goes missing one of these days. Ha ! # 111/365 # While waiting for my SC box to come, I take
21	1021647	SG	G	...ngkeunsukforever.com	A B C PD Yoon made the rest of the crowd fade away!) At last In Ha gets to see the movie with her. He's tempted to " make a
22	3833083	SG	B	dadsforlife.sg	A B C toys and other little trinkets for his much beloved grandchildren, Muhammad Haikal and Muhammad Ha ? z. # The Role Model Rahmat Jasmani, who is now 32,
23	1047380	SG	G	streetdirectory.com	A B C ' hot jasmine tea. I want her to make me laugh (ha ha ha ), Make a point about touching me when she talks (uhhmm ho ho
24	3527517	SG	B	koalasplayground.com	A B C ... So against my better judgement I pushed on and watch episode 18.. ha ha ha... had a good laugh... not sure if the writer waging war on
25	3835796	SG	B	dramabeans.com	A B C team, Move aside bitchez! and goes for the ramyun. # girlfriday: Ha , he earned it, literally. The boat finally arrives, and then they
26	1019208	SG	G	...tainment.xin.msn.com	A B C Elvin) is in fact Huixian's nephew. When asked for more information, Ha Yu chuckled, " You'll just have to watch the show when it airs.
27	3522740	SG	B	...omakeup.blogspot.com	A B C we only popped enough water balloons for 2 toys, a plastic blowup hammer, ha , and a bottle of soapy bubbles thing, both of which we unloaded upon
28	1035997	SG	G	dramabeans.com	A B C promise of a happy ending for Ha Rim. She brings up the fact that Ha Rim's family is going through tough times (they had to close their hospital
29	1041916	SG	G	mefmobile.org	A B C and has extensive experience in working with companies in MENA and South Asia. He ha s been a part of the landscape ever since the industry's evolution. #
30	1849060	SG	G	dramabeans.com	A B C that they should go have a drink. Hae-ri buries her head in mortification. Ha . # Eye Candy rocks out, having a great time. As he sings
31	1036106	SG	G	dramabeans.com	A B C flaky on dates, and then show up like clockwork at times like this. Ha . Aw, poor Woo-kyung. # He doesn't see what's so embarrassing
32	3836710	SG	B	queerpinkfish.com	A B C done! No, I won't buy it again.. # AMPM Super Triple HA + B5 Repairing Complex This serum I've been using every day and night since
33	1849053	SG	G	dramabeans.com	A B C treated her, but reminds her that he already made amends with his butt. HA . # She's not here to roast him anymore though, and hands him
34	1036110	SG	G	dramabeans.com	A B C sure that she's alive, and okay, and seen her ugly face ( ha ), he says his goodbye... # But then a group of nurses comes
35	1850775	SG	G	thefightnation.com	A B C to face Eduard " The Landslide " Folayang were going to fight each other then HA ! I fooled you there, blind sided like a lazy man who doesn't
36	1026656	SG	G	sgforums.com	A B C u see any link between the 2 vocations? I cant see any. # Ha , then we have Ho Bing Chi (spell wrongly), Ho Ching's
37	1036127	SG	G	dramabeans.com	A B C finished this drama well and logic, do nt think there is a way Park ha and Yi Gak can be together coz they have different era but i want Yi
38	1018543	SG	G	...ngstar9.blogspot.com	A B C and part two. I hope part three can be produced soon, ha ha ha . # Ah Boys to Men, which secured the biggest opening weekend ever for
39	3834279	SG	B	parksihoo4u.com	A B C so I just can share with you all... thanks # Lilseoh , Ha! Ha ! Your sister is persistent. Good for her. Just out of curiosity,
40	3835796	SG	B	dramabeans.com	A B C how they work: " If it's there, we go in. " Ha . # girlfriday: So they decide to split up into OB/YB, and do
41	1016992	SG	G	bigbangupdates.com	A B C response to the PD's tweet, HaHa tweeted back, " Be quiet! Ha ... It's because I like them! Big Bang! I've always wanted
42	3536898	SG	B	sashafarina.com	A B C tables with poles attached in the clubs, told them what they're for. Ha ! All Nidhi said was " this place smells like unwashed people! " That
43	1032442	SG	G	avirtualvoyage.net	A B C she repeatedly asks why he was in there? Did he say something? Jae Ha tells her to calm down, what could he say to someone who has no
44	1036150	SG	G	dramabeans.com	A B C looking happy and NOT in murderous rages? Shunji... holding hands with Abe? Ha , is this proof of aegyo as acting coping mechanism? Or should we just
45	1042705	SG	G	mybeautysky.com	A B C wrong, and I say to her, but she only answered: Ha ha ha ...... " # past rumors that he is gay, Andy Lau says with a
46	1050814	SG	G	twnside.org.sg	A B C the majority of more than 200 million rice farmers, few farm more than 2 ha of rice make up the bulk of the rice produced by Asian small farmers.
47	3538087	SG	B	transitioning.org	A B C of your citizenship. You think even without foreigners you all would be happy? HA ! Some of you will still complain about other issues. Before the foreigner issue
48	1036050	SG	G	dramabeans.com	A B C it a fun watch. The acting, for sure, and the chemistry between Ha Ji-won and Hyun Bin, which I think was fabulous despite never fully warming to
49	1016860	SG	G	beautyfool.com	A B C you have big lips, red lipstick is a one way ticket to Jokerville, ha ! But I think these turned out OK, although in real life it was
50	3834108	SG	B	muzlimbuzz.sg	A B C of the hellfire because of his shahadah. This was the power of la illah ha illallah, and Habib Kadhim continued that we too, having listened to his story
51	1036189	SG	G	dramabeans.com	A B C . And then Hyun-jae leeaanns in and asks, " Is it me? " HA -- oh how I wish it was. # Eun-gyul says that his crush is
52	1036095	SG	G	dramabeans.com	A B C she goes to the bathroom, and begins to preen and doll herself up. Ha ! She goes farther and farther each time, even going so far as to
53	3530294	SG	B	singstock.com	A B C ! I'll show those mental giants that run our building who's smarter! HA ! It feels like I'm going to be traveling or staying home today,
54	3528997	SG	B	poachedmag.com	A B C said lady. (Peggy Heng is really fair, maybe that was why, ha ha ha okay not funny sorry) Would you be flattered, bewildered or disgusted
55	1036099	SG	G	dramabeans.com	A B C see her. She puts her finger to her forehead, like an antenna ( ha ) to no avail. She wonders if her powers are gone, or if
56	1036053	SG	G	dramabeans.com	A B C in circles, she just sticks her hand out and asks for the ring. Ha . # He's taken aback, not only because he's surprised she knows
57	1027210	SG	G	...ssident.blogspot.com	A B C money to travel while his wife is lying on the bed' dead'. Ha Ha Ha! Serve him right. **32;1053;TOOLONG # lol well said # very true
58	1049160	SG	G	tokyohive.com	A B C # ASHIDA MANA ON THE LIST? # SERIOUSLY LOL # Kamen Knight # Ha ha ha, for other people, it may be annoying. But for Acchan's
59	1036071	SG	G	dramabeans.com	A B C GET AWAY FROM SHIN!!! " like no other. Bo-woon arrives ( HA !) with the other Windflower girls to see this shocking scene. # Shin
60	1036180	SG	G	dramabeans.com	A B C , I find myself very accepting. Yeah, I've been fast forwarding, ha , but it's still fun. # I think ppl r harder on this
61	1036104	SG	G	dramabeans.com	A B C Ming Jie Jian/Kong Ming Borrows Arrows). That props up Yoo Bang with Chun Ha 's own money, pushes Chun Ha into a liquidity crunch and raises Chun Ha
62	1036038	SG	G	dramabeans.com	A B C ha ni got depressed, I felt down too) and shocked me (go ha ni attacked baek seung jo with that kiss at the wedding), but in
63	1848130	SG	G	...rrgirl.wordpress.com	A B C # I shall not reveal whom I think is MHC compatible with me though. HA ! This shall be a private conversation for close-friends only. *winks* # -- #
64	1036095	SG	G	dramabeans.com	A B C behind? " # He answers yes, and she starts sobbing. # Chun Ha 's stocks are falling, and it's pandemonium. The general public is even
65	1036026	SG	G	dramabeans.com	A B C the Spring blossoms. But instead, they get roped into doing this... # HA . But Sang-jun turns out not to be so good at the modeling, so
66	1036152	SG	G	dramabeans.com	A B C sets out to find her, with the police shield strapped to his back. Ha . I love the incongruity of it. And also the way his men marvel
67	1032445	SG	G	avirtualvoyage.net	A B C Gah! Notice how the doll and the the sand timer (given by Jae Ha ) has now switched position on her desk. The sand timer stands farther back
68	1040146	SG	G	jadeisabelle.com	A B C top coat (which I also use as a base coat -- I cheat, ha ha ha) in my beauty box. My current bottle is drying up like
69	1036128	SG	G	dramabeans.com	A B C point of the drama, it serves little for plot advancement. We know Jae Ha is gon na take out John Mayo so Shi Kyung's death would be redundant
70	1049160	SG	G	tokyohive.com	A B C ASHIDA MANA ON THE LIST? # SERIOUSLY LOL # Kamen Knight # Ha ha ha , for other people, it may be annoying. But for Acchan's fans
71	3535952	SG	B	nicefood.org	A B C say all the time at face nevertheless is, actually myself also very feel embarrassed ha , nevertheless, now, my 7 wind eventually pass a barrier, spend elder
72	3833305	SG	B	fatboo.com	A B C some of them were a little taken aback by our furious photo snapping, ha ha ! The yoghurt from The Yoghurt Shop, in particular, was exceptionally good.
73	1036001	SG	G	dramabeans.com	A B C . This site honestly makes my day at the office a little less dreary. Ha . # Hi, Dramabeans: I read your blog on a regular basis.
74	1036026	SG	G	dramabeans.com	A B C leaves, and Kae-in shoves the icepack in Jin-ho's gut as a response. Ha . Kae-in goes in her room and thinks evil thoughts of how she will wear
75	1049899	SG	G	tripadvisor.com.sg	A B C a negative it was that I paid quite a bit more for my trip to Ha Long Bay than other members of my tour but the security of knowing I had
76	1036174	SG	G	dramabeans.com	A B C Rude, Arrogant, Fastidious, Cold. No friends, no hobbies. " Ha I love her. Probably cause k-drama land rarely ever makes this kind of character
77	1036167	SG	G	dramabeans.com	A B C but takes a sharp left turn: " Is she a gumiho?! " Ha , wrong drama. Though admittedly I wouldn't rule out gumihos in this world
78	1052521	SG	G	...gaisforeveryone.info	A B C managed to squeeze into class by taking over the teacher's mat. # Ha ha ha... # For some strange reason, I made an effort to notice what
79	1036046	SG	G	dramabeans.com	A B C it's not a thing for a guy with uneven butt cheeks to say. HA ! # He points a finger at her perviness (yeah, takes one to
80	1032736	SG	G	basilmarket.com	A B C Daniel3b) on 1337! Last poster who got 1337 was (Mancartia). HA I still remember. E-Cookie for post 6969 kthx Gratz to Pulpit (Pulpit)
81	3527124	SG	B	...ngkeunsukforever.com	A B C ! My modern thoughts.... I want to tell In HA..... geezzz... In Ha , if you love her so much... tell her. What are you waiting
82	1046278	SG	G	spcnet.tv	A B C ? Love means never having to say you? re sorry.? # Park Yong Ha delivered a fine performance as Sang Hyuk. However, this character was very inconsistent
83	3535362	SG	B	maddinoasylum.com	A B C goes for the Professor's daughter -- she's only there as someone for In Ha to angst over. # Anyway, Deeno, I love your recaps, and
84	3835185	SG	B	viktorialove.com	A B C big role-models to me. # Do you laugh out loud by yourself? Ha ha Yes! Sometimes I can be reading something online and I have a huge smile
85	3525285	SG	B	dinoseoul.com	A B C ) wrapped up, the top three contenders -- winner Park Ji-min, runner-up Lee Ha Yi and second runner-up Baek Ah Yeon have all made their wide-eyed foray into the
86	3523511	SG	B	bizdaily.com.sg	A B C . Note that GPR also slashed its planting target last year from 1,600-1,7000 to 1,000 ha . Currently, it has about 2,600 ha available for planting. GPR adds that
87	1046224	SG	G	spcnet.tv	A B C beijing, shanghai, and another 15 and more cities. Outside of china? HA ! Australia: Relatives around all of australia. i know in victoria, she
88	1022208	SG	G	koalasplayground.com	A B C could stand some test of time and endurance, or to allow Kim Bum's Ha Min-jae some growth, or some room to play the field before returning/confirming his choice
89	1036131	SG	G	dramabeans.com	A B C 're trying to do, Doctor Jin. " Who could it be? # Ha ! Anonymous gave an anonymous donation. # The day is brighter, and everyone
90	3834063	SG	B	mmaphil.com	A B C whether or not Chad Mendes should be No. 3 is highly debatable. # Coach Ha as he is reverently called by his students came to the Philippines to corner his
91	3535358	SG	B	maddinoasylum.com	A B C ##3535359 # In Ha gets lectured by his younger self. His inner child tells him that he can
92	1047273	SG	G	streetdirectory.com	A B C someday And if I'm true to her then I'll agree, ha, ha , There's been a change in me... # (Cy Coben) When
93	3834063	SG	B	mmaphil.com	A B C food, the hotel, everything's on KTT. # So what motivates Coach Ha , even when there are months that his profit margin turns red? Plain and
94	3535952	SG	B	nicefood.org	A B C can accomplish this a little bit. Of course man except is breathed out, ha . Xue Wei SNOW shirleyuchinaren: Beautiful, my evaluation to your person Dan Ruju
95	1036104	SG	G	dramabeans.com	A B C Jang Ryang reveals how they've been managing to up the bonds price for Chun Ha -- by creating phantom bond holders, and thus phantom bonds. Apparently Hang-woo ca
96	1040106	SG	G	itslynnykansas.com	A B C have ever tasted. My pasta with shrimp and spinach was OK but very green ha ha! yummy tapas at bilbao pasta at la forketta Comments
97	1032441	SG	G	avirtualvoyage.net	A B C 's pocket, " Is jumping back and forth your habit? " # Jae Ha shuffles into the office while his assistant and other staff members are watching the recording
98	1036118	SG	G	dramabeans.com	A B C can. Their attention wavers when they see a newsflash on a jumbotron that Chun Ha has fallen into the first stage of bankruptcy. Bang tells Yeo-chi that now is
99	1020946	SG	G	...ebaking.blogspot.com	A B C about the strawberry facts during dinner time... they have fun time discussing it.. ha ... ha.. thnks! My daughter admire your very well taken pictures too!
100	1027210	SG	G	...ssident.blogspot.com	A B C to travel while his wife is lying on the bed' dead'. Ha Ha Ha! Serve him right. **32;1053;TOOLONG # lol well said # very true about
101	1036079	SG	G	dramabeans.com	A B C He teases, " Thinking about it myself, I really am sweet. " Ha . And modest! # Enter Bad Chaebol Daddy, who worries over Sae-kyung's
102	1036128	SG	G	dramabeans.com	A B C this with the others around or they will be discouraged, but he can with HA because he TRUSTS her, that she will not judge him or use it against
103	1036111	SG	G	dramabeans.com	A B C it, since the only people who knew were him, and the assassins. Ha . Yoon says it's his job to concern himself with the king's well-being
104	1036129	SG	G	dramabeans.com	A B C that with his power and influence, he's the REAL King, because Jae Ha and his family were just powerless figureheads. I think he wants to get rid
105	1036102	SG	G	dramabeans.com	A B C around the globe once and there'll still be half of them left. " Ha ! He knows it's an exaggeration, but it was made to prove his
106	3835796	SG	B	dramabeans.com	A B C leg fight, " I was determined to win it or die trying. " Ha , he got so lucky. # girlfriday: They go back to basecamp for
107	1026359	SG	G	sg.news.yahoo.com	A B C class ".! Well done MOE! Minister Heng is right.!... Ha Ha!.. Cheers! News For You #
108	1051710	SG	G	wilfridwong.com	A B C music reviews I wrote and the backlog I have. # Ivy -- Ha ha ha ... sorry, I intend to keep them for as long as possible. You
109	3535360	SG	B	maddinoasylum.com	A B C Mi smiles away. I think she's secretly laughing at him. # In Ha starts bribing Awesome Mommy. Ji Ho joins them and kills the conversation without saying
110	1018543	SG	G	...ngstar9.blogspot.com	A B C one and part two. I hope part three can be produced soon, ha ha ha. # Ah Boys to Men, which secured the biggest opening weekend ever
111	1047435	SG	G	streetdirectory.com	A B C , really paid my dues Fellows, tell them one more time. Ha, ha , ha. That's all right, fellows. Yeah!
112	1021647	SG	G	...ngkeunsukforever.com	A B C . He's tempted to " make a move "... but our shy In Ha chickens out. # A missed train! Oh no, will they have to
113	1032442	SG	G	avirtualvoyage.net	A B C Sul may become friends again. I just don't see the point of Jae Ha 's existence. Rose # Ok, JH seemed to lose some of his
114	1032446	SG	G	avirtualvoyage.net	A B C is impossible no matter what you do. Just like how you couldn't become Ha In Joo despite trying for 22 years. I'm tell you this to help
115	1032442	SG	G	avirtualvoyage.net	A B C to be after last week. Disappointed. # Back to In Joo as Jae Ha 's eyes widen in disbelief, " Just because she lost her memory, how
116	1036112	SG	G	dramabeans.com	A B C go. I am a litlle disappointed with how very little we get to see Ha Do Sung though considering how his story has a lot of conflict in it.
117	1018963	SG	G	e27.sg	A B C now scattered around Australia and New York; David Gillespie, Johny Mair, Ian Ha and Matthew Delprado. They claim they started the service to put a smile on
118	1022228	SG	G	koalasplayground.com	A B C . # Yeah, I think Boong Do (and to some extent, Jae Ha and Shi Kyung) ruined the rest of K-drama men for me. I'd
119	3527517	SG	B	koalasplayground.com	A B C a Kenny in South Park. # It's not Jae Hee only. Jun Ha also realised that Maru truthly love Eun Gi. If he want to tell Eun
120	3523359	SG	B	beautyfool.com	A B C you have big lips, red lipstick is a one way ticket to Jokerville, ha ! But I think these turned out OK, although in real life it was
121	1036038	SG	G	dramabeans.com	A B C to check out and when watched 1st epi, I felt in love to oh ha ni, then couldn't help myself to keep update.. I kinda dissappointed with
122	3833830	SG	B	koalasplayground.com	A B C Lee Hyun Woo that I'm thinking of that Suzy like too haha. # ha ha ha you're right ms. k. it seems like she got this " sweet
123	1849070	SG	G	dramabeans.com	A B C angry at Jae-gil for walking through the door, because he's not Eun-ki. Ha . # Luckily Jae-gil knows she went to her house, because the doctor told
124	3835790	SG	B	dramabeans.com	A B C Pictures will lie) gown. I love the detail on the straps. # Ha Jung-woo, I want to iron your pants or maybe swap them for ones that
125	1032442	SG	G	avirtualvoyage.net	A B C the rising tension radiating from both men, Joon Young agrees to go with Jae Ha . Do Yoon lets go of his grip and returns to the cooking studio where
126	1041813	SG	G	maybebaby.sg	A B C , I just picked my daughter's name like from a music CD cover! Ha ! It turns out my wife loves the name Trisha. # Yi Lin #
127	1036214	SG	G	dramabeans.com	A B C had possibly a special to tie the ending properly. Maybe actually explain why Joon Ha got put into a coma. What purpose did that serve? # Why did
128	3537478	SG	B	spcnet.tv	A B C own image of what they ought to look like from the novel. # PPS Ha ! Yingying, 13th is not the only one... # What wouldn't I
129	3533188	SG	B	...ookiesandcandies.com	A B C i gave up but paid more attention to portion and what i eat now.. ha . # Hahaha you are such a witty writer. Especially loved how you started
130	3532897	SG	B	burpandslurp.com	A B C 's hand because you know you'll lose them if you don't. Ah ha !! You've reached a vendor! Finally! You see food! But
131	1036085	SG	G	dramabeans.com	A B C generations really showed how a blended family works. # The Dong Joo / Joon Ha interaction was my first real look at bromance this year, and I really liked
132	3834063	SG	B	mmaphil.com	A B C . Perhaps honesty involves sucking your ego up and accepting responsibility, just like Coach Ha who didn't make excuses when Hyun-Gyu " Ace " Lim couldn't fight in
133	3528658	SG	B	nocturnal-abyss.com	A B C their (Notice how I said " their " and not " our " -- Ha !) office because I saw a post by John with flu meds. But
134	1036079	SG	G	dramabeans.com	A B C making Mom look pretty for her date and urges her to stay out late. Ha , I just love the parent-child reversals in this show, and how cute Yeon-jae
135	1848671	SG	G	burpandslurp.com	A B C but after researching on hoecakes on Google, it turns out I was RIGHT! Ha ! Hoecakes used to be made without leavening, and they were dense flat breads
136	1036163	SG	G	dramabeans.com	A B C looks up Tony oppa's birthday and tries it... and the door opens. Ha . Once a fangirl, always a fangirl. She gapes to find him walking
137	1849064	SG	G	dramabeans.com	A B C Drama presents one problem, makes you worry about it, then announces, " Ha , just kidding! It's really something else. " It's a cheat
138	3527279	SG	B	joonni.com	A B C gutter heaven and thud all day long and not get anything done at home.. ha . # Unfortunately, no. I'm currently on an out-of-town work assignment.
139	1045520	SG	G	sharesinv.com	A B C rather similar to the cost of Greenfield development, which amounts to around RM15,000 per ha up to maturity, which is spread over three years. This effectively means FGVH
140	1028704	SG	G	thisisnaive.com	A B C . I am curious, why are you reminded of Kosuth? # Sylee: Ha , happy that you said that. I love it. # nozknoz: I
141	3538425	SG	B	wilfridwong.com	A B C is still my dream to have my band playing gigs in Kuala Lumpur. Ha ha ha. # But seriously, all my answers are from the bottom of my
142	1036118	SG	G	dramabeans.com	A B C old men. The most hilarious part? Shin is holding a picture of So Ha , who's died of old age by this point. (Can not.
143	1036106	SG	G	dramabeans.com	A B C to do whatever he wants, like he's talking at a buzzing fly. Ha , I love that Seung-hoon's more invested in this rivalry than Ji-hyuk is,
144	3525141	SG	B	...uisebaitulongbay.com	A B C will be served with typically local seafood. Overnight on boat. Day 2: Ha Long Bay -- Cat Ba Island (Meals: B/L/D) Am: Morning breath
145	1050981	SG	G	ura.gov.sg	A B C are in Annex 1 and Annex 2. With a site area of about 1.14 ha , the land parcel is capable of yielding a large floor-plate space of about 10,000
146	1036020	SG	G	dramabeans.com	A B C guy. # Shin-young decides, " I'm sorry. I want to date Ha Min-jae. Even if we break up in a year, or two years,
147	1022227	SG	G	koalasplayground.com	A B C wastrel prince to an outstanding king, worthy of the love of an equally awesome HA . i didn't know he was so capable as an actor. K2H really
148	3535362	SG	B	maddinoasylum.com	A B C if the statute of limitations has passed for getting Rich Mommy acquitted. # In Ha tells his mother about the real state of affairs with the piano. He keeps
149	1032441	SG	G	avirtualvoyage.net	A B C . Once she's done, she realizes this cake is not meant for Jae Ha . She notices that someone is watching her outside the kitchen window and hurries after
150	3525285	SG	B	dinoseoul.com	A B C hip-hop, maybe reggae-influenced. That will be really cool, considering we all know Ha Yi best by her penchant for a more soulful sound. # Although the girls
151	3527609	SG	B	...ypinpin.blogspot.com	A B C pure coincidence but God speaking to us through the sermon or Bible verses. # ha , it gives me wonder how many attendees too faced similar scenario like you,
152	1024424	SG	G	...le-eats.blogspot.com	A B C to do the same and ended up splattering some sauce on my shirt. Ha ha ! What was I thinking? --' # chewy and springy well cooked noodles
153	1036077	SG	G	dramabeans.com	A B C spy is expected to wear black so I'm going for color! ". Ha ha ha! (0) # The 1st 10 eps of Spy Myung Wol
154	3535952	SG	B	nicefood.org	A B C you so, is this answer satisfactory not? Wheat asks oversight I reply this ha , who lets you asking first. Sit see the 00 pipi750505sohu since the cloud
155	3835796	SG	B	dramabeans.com	A B C of course. Dance is Jong-min, and trot is Tae-hyun. # javabeans: Ha , I almost thought for a second Joo-won would be trot leader, since he
156	1036128	SG	G	dramabeans.com	A B C shin. Here's hoping for more of that next week rawr: 3 # Ha ! Exactly!! Every time I hear John Mayer I get that weird Oscar
157	1028479	SG	G	...ngroad.wordpress.com	A B C McDairmant of Two Chiefs). Gardens by the Bay # The out-of-this-world 54 ha . Bay South Garden of the massive Gardens by the Bay was officially opened by
158	1017005	SG	G	bigbangupdates.com	A B C ?! then i realized Gaho is too big to fit into his pocket, ha silly me: P # http: //aye-ayeah.tumblr.com/ dinacha # band-aid after do skateboarding >.
159	3525141	SG	B	...uisebaitulongbay.com	A B C for 3.5 hour bus ride through the country side of the Red River Delta to Ha Long City. Upon arrival, aboard Halong Phoenix Cruiser, fresh seafood lunch (
160	1032440	SG	G	avirtualvoyage.net	A B C ##1032440 # Can anyone tell me the song played in Episode 9 when Park Ha was looking for Lee Gak's handkerchief in the mountain of clothes for donation.
161	3535362	SG	B	maddinoasylum.com	A B C the pianos for another month if she apologizes for killing his father. With In Ha 's added pressure she folds and admits that she fought with Rich Daddy and pushed
162	1036205	SG	G	dramabeans.com	A B C the investment. Go-eun gives him an incredulous look, but pockets the cash. Ha . # In Japan, a stretch limo awaits to take them to their lodgings
163	3525445	SG	B	dweam.com	A B C so next time, I won't get cold (wet?) feet. HA ! # The Underwater World Singapore Dive with the Sharks package is S$120/person and also
164	1016623	SG	G	asianfanatics.net	A B C will be the one that has to look over his/her shoulder he he he ha ha ha (very very evil laugh) # Office politics, what an interesting game
165	3533385	SG	B	cruzteng.com	A B C the people who texted me that day. Belated wishes don't get this. Ha .
166	3523013	SG	B	asia.cnet.com	A B C Android droid is not open, you can't do anything with them ha, ha , ha get a grip. Android IS an open source operating system, look
167	1047380	SG	G	streetdirectory.com	A B C Drinkin' hot jasmine tea. I want her to make me laugh (ha ha ha), Make a point about touching me when she talks (uhhmm ho
168	1036038	SG	G	dramabeans.com	A B C I wouldn't watched 2nd epi, you was really good in PK as oh ha ni! You have fresh beautyfull face! Very cute in how did you speak
169	1036049	SG	G	dramabeans.com	A B C is no ordinary tracksuit... and he unzips it and shows her the label. HA . # Ra-im swoops in for a hug, thanking him for coming by like
170	1049150	SG	G	tokyohive.com	A B C " Super idols "? " Wunderwaffe "? " Kaleidoscope of talent "? Ha , forget about that worthless bunch of hot air, that was just groundless pep
171	1016869	SG	G	beautyfool.com	A B C Costa Del Sol, Spain. 2002. Check out our ridiculous hair, ha ! # Now I am kicking myself because the beach was so beautiful -- look
172	1021647	SG	G	...ngkeunsukforever.com	A B C for her and eventually risk detention because he was out past curfew. If In Ha and Yoon Hee had just been honest with themselves, each other, and their
173	3535690	SG	B	mummyshomeschool.com	A B C sleep THAT much. And my mum only needed to prepare dinner for me, ha ! I called that my hibernation period
174	1847718	SG	G	sgdr.blogspot.com	A B C blog during these talks! Anyway they are not during the official office hours. Ha ! # Ok, I better get back to my work. Dr Og has
175	1048366	SG	G	thefightnation.com	A B C a market still very much in the thralldom of the Korean wave. Joining Kim Ha Yul at Destiny of Warriors was the equally stunning Ji Eun Han, who together
176	3836363	SG	B	maddinoasylum.com	A B C that he's normal # Rich Mommy looks for her missing son. # In Ha wins a composing competition. # Da Mi shows up at Stalker's company and
177	1036129	SG	G	dramabeans.com	A B C potential of Korean unification. But then Jae Kang riled him, and subsequently Jae Ha , and it became a vindictive mission to prove himself superior and get back at
178	1045198	SG	G	sapa-vietnam.com	A B C important market in the northwest region of Lao Cai Province. Very different from Bac Ha and Sapa market which lye inside the district townships, Muong Hum Market is set
179	1848340	SG	G	asianewsnet.net	A B C They took a brief from us and turned it into a full-length suit... ha ha ha ha! " # Alas, the joke is not that some politician whispered
180	1032442	SG	G	avirtualvoyage.net	A B C who doesn't remember what happened? " Which is when Do Yoon grabs Jae Ha 's wrist to stop him. # Ha, this scene would be perfect if
181	1022843	SG	G	...hialee.wordpress.com	A B C if it is any indication of sexual orientation, or just plain narcissism, ha ha . # 2. How does it FEEL (re sexual feelings) to be
182	1036104	SG	G	dramabeans.com	A B C Ha's own money, pushes Chun Ha into a liquidity crunch and raises Chun Ha 's borrowing cost since the public thinks they are a mismanaged company. Yoo Bang
183	1036104	SG	G	dramabeans.com	A B C holder from demanding a balloon payment before term is due, so even if Chun Ha owns majority of the bonds they may not force bankruptcy. That said I'm
184	1036129	SG	G	dramabeans.com	A B C and emotionally devestating. I sobbed. # I do love the relationship between Jae Ha and Hang Ah. I feel like it is grounded in the way a real
185	1036128	SG	G	dramabeans.com	A B C for my heart. # Btw, I was also thinking that the way Jae Ha left the room after kissing hang ah goodbye looked like he knew something was up
186	1036217	SG	G	dramabeans.com	A B C before getting doused with water. Conversely there's Jong-kook who's 90% dry. HA . # Watching this is downright hilarious. Suk-jin gets hit with plenty of water
187	3833887	SG	B	...lthings.blogspot.com	A B C for kindergarten kids... Clearly not many people's heeding the PM's advice. Ha ... # Oh, mud play sounds awesome! Noey's school has a weekly
188	3527124	SG	B	...ngkeunsukforever.com	A B C episodes finished which means the new generation story starts, I will definitely miss In Ha and Yoon Hee's story and I will rewind them sometimes again to open the
189	1036179	SG	G	dramabeans.com	A B C Tae-joon " away. She snaps, " I don't wan na! " HA -- this one be feisty. # He decides to cart her into the room
190	1036045	SG	G	dramabeans.com	A B C pissed: " Who's that girl? So, is she skinny? " Ha . She asks what the hell he's doing, and he just replies vaguely
191	1029298	SG	G	viktorialove.com	A B C home and asked me where I had bought them because they are really good. Ha ha! Then he got a mini chock when he found out I baked them
192	3833509	SG	B	harro-there.com	A B C friend, but, oh yeah, you too... are you okay too? Ha . A doctor interrupts their conversation. It turns out to be the Dorm 2
193	1019603	SG	G	findingnana.com	A B C to open the packing, hmmmm... don't know how to start it ha ha . # Kelly - It is not ugly at all! You crazy girl At
194	1036127	SG	G	dramabeans.com	A B C like... Pffttt... I really wanted him to be in the present with Park Ha ... That would have been a really nice ending. # On a side note
195	3836365	SG	B	maddinoasylum.com	A B C down at the airport and is about to toss him over a walkway when In Ha chases after him and asks stop. He even calls him hyung. Oh,
196	1036127	SG	G	dramabeans.com	A B C yes.. unfair for Lee Gak. I hope to see Lee Gak and Pak Ha by the ending.. not TY. I love this drama because of Lee Gak
197	1036041	SG	G	dramabeans.com	A B C She is a just call girl. I'm glad she did not win. ha ha ha. She deserved not to win because of her poor acting skill.
198	3535363	SG	B	maddinoasylum.com	A B C her if she pays him. He knows how to manage her because protecting In Ha always comes first. # 08:10 Ji Ho tells Stalker that he is going after
199	1032442	SG	G	avirtualvoyage.net	A B C smile brightly? I have to practice in front of the mirror. " Jae Ha places his hand over hers, asking, " You have an older brother too
200	1036058	SG	G	dramabeans.com	A B C got confused sometimes trying to figure out wait- am i watch the wrong episode. ha . Thanks for the recaps JB/GF! # SO. MANY. TEARS! I
201	3527390	SG	B	k-tvb.net	A B C without a scratch (even with direct contact with an explosion, lol) # HA ! im not the only one! i have to see the body before i
202	3535360	SG	B	maddinoasylum.com	A B C Da Mi is still dating Ji Ho. # Professor Ha's daughter warns In Ha that he is becoming an obsessed stalker. # Rich Mommy gets the name of
203	1029712	SG	G	wiki.d-addicts.com	A B C photographer) meets and falls in with the daughter of Kim Yoon Hee, Jung Ha Na, a cheerful and energetic girl who's personality is different from her mother
204	1036184	SG	G	dramabeans.com	A B C She suddenly smells something burning and Eun-gyul smugly acknowledges it as his burning heart. Ha -- taking a page from Eric, are we? # But no, it
205	1041500	SG	G	maddinoasylum.com	A B C . Lawyer Choi decides to team up with In Ha to destroy Stalker and In Ha . In Ha asks Rich Mommy to fight against Ji Ho once they prove that
206	1036129	SG	G	dramabeans.com	A B C , 2012 at 6:53 am # Yeah, I only cried during JS scene with HA and watching the video, but during the actual death scene, I was too
207	1849060	SG	G	dramabeans.com	A B C delivers his one line, but gets his head cut out of the frame. HA . # They die laughing. Poor Ha-jin slumps his head, while the boys
208	1036056	SG	G	dramabeans.com	A B C a skyscraper fire, due out later this year. Iiiinteresting. Move over, Ha Ji-won? # While I don't think Sohn will be going the Ha Ji-won
209	3834456	SG	B	ronneth76.com	A B C over. However, each sip also leave behind traces in the cup. Ah ha ... that is the tricky part. You will always leave behind traces! The
210	3531647	SG	B	...ianism.wordpress.com	A B C I wan na cry! # I sound like I feel deprived of love! HA HA HA. But no. He has been giving me lots of love even
211	1029665	SG	G	white-sun.com	A B C railway station, waiting for the train to arrive. # JiGong: Ha! Ha . All these chaps are going to Zhuan LunTai which means Transmigration Station. This
212	1021428	SG	G	infopedia.nl.sg	A B C housing and industrial development, but the land area was later increased to over 919 ha . Construction work began in 1977, prior to which some resettlement of the villages
213	1018543	SG	G	...ngstar9.blogspot.com	A B C part one and part two. I hope part three can be produced soon, ha ha ha. # Ah Boys to Men, which secured the biggest opening weekend
214	3834094	SG	B	...gsaysso.blogspot.com	A B C should toss the litter at the council office then they charge themselves. Ha Ha Ha # Here is where Singapore's " great " PR skills can learn a lesson
215	1032442	SG	G	avirtualvoyage.net	A B C Which is when Do Yoon grabs Jae Ha's wrist to stop him. # Ha , this scene would be perfect if Do Yoon and Joon Young hold hands behind
216	3525141	SG	B	...uisebaitulongbay.com	A B C good impressions of the bay after spending one night on cruise. He told me Ha Long Bay was beautiful and the local people were friendly and said that he would
217	1028061	SG	G	tabletennista.com	A B C paddler showed promising results and she is Yang Ha Eun. In Spain, Yang Ha Eun reached the finals before losing against her teammate Kim Kyung Ah and finished as
218	1032625	SG	G	bangkok.com	A B C 2001, and is among a pioneering group of hospitals to receive Hospital Accreditation ( HA ) from the Institute of Hospital Quality Improvement Accreditation. # Location: 488 Srinakarin
219	3835796	SG	B	dramabeans.com	A B C early career. He says he's hoping to make either ballad or trot. Ha , not so much with the dancing, this one. As we've seen
220	1036049	SG	G	dramabeans.com	A B C more kissing too... lol # I wish Hyun Bin is single. Him and Ha Ji Won will make a great pair.. so much chemistry...:))
221	3525285	SG	B	dinoseoul.com	A B C only huge, considering the group's history and discography, but it also marked Ha Yi as one of YGE's newest artistes alongside Epik High (' 99'
222	3832445	SG	B	asiancrunch.com	A B C bruises, they were minor. This time elders Anthony Wong Chau Sun and Pat Ha Man Jik participated. She honestly said that with Chau Sun on the set the
223	1046286	SG	G	spcnet.tv	A B C also able to switch the ruined company's reputation into a famous one again. Ha Yu has not changed much all these years and did quite well as this lustful
224	1036062	SG	G	dramabeans.com	A B C that scene for a long time. so beautiful. and so sad. # ha .. with that all said. i love' city hunter' to pieces.
225	1047435	SG	G	streetdirectory.com	A B C paid my dues # Fellows, tell them one more time. # Ha, ha , ha. That's all right, fellows. Yeah! # Everybody wants
226	1849047	SG	G	dramabeans.com	A B C the main male, she seems really day time family " oh oh oh ha ha ha " cheesyish in some scenes. # Detailed, informative, and a lot
227	1849053	SG	G	dramabeans.com	A B C , like Eat dirt or thereabouts. # Crotchety landlord gets a stuffed doggie ( HA ) with a note that says: " They say Malbokie is living well somewhere
228	1032442	SG	G	avirtualvoyage.net	A B C won't waste my calories then. # As she applies the medicine, Jae Ha takes this chance to repeat how hurt he is in the same words that Joon
229	3836363	SG	B	maddinoasylum.com	A B C playing a song at the restaurant. It has pieces of the song that In Ha submitted to the composing competition. In Ha realizes that he may be accused of
230	1050975	SG	G	ura.gov.sg	A B C complementary precincts -- Jurong Gateway and Lakeside. Occupying a total site area of 360 ha - which is about the size of Marina Bay, it will be a major
231	1850498	SG	G	stproperty.sg	A B C the last surface water sources to be developed in Singapore. It features a 45 ha park, fishing jetty and jogging track
232	1036121	SG	G	dramabeans.com	A B C say or do. # and i just love how Shi Kyung is the anti-Jae Ha . he's earnest and sometimes could not read the Prince's fake ramblings,
233	3537941	SG	B	thekife.com	A B C well! Its been a long while since you see me eh. HA HA HA HA. Actually Right now I'm still busy with my Internship. But because
234	1036026	SG	G	dramabeans.com	A B C Chang-ryul's fists aren't strong enough to do any damage to his face. Ha . So funny that he's still posturing when Chang-ryul's not around, and
235	1016490	SG	G	asianfanatics.net	A B C the opportunity to travel and work in Vietnam for two months. I traveled in Ha Noi, Da Nang and HCMC. Whatever the history Vietnamese people are warm and
236	1036050	SG	G	dramabeans.com	A B C way she made the banter flow. # Was never really a big fan of Ha Ji Won, but her character in this drama is easier to relate to compared
237	3834063	SG	B	mmaphil.com	A B C to each other, and more so addresses the coaches with honour. For Coach Ha , without respect, it is impossible for any student to learn. It makes
238	1036206	SG	G	dramabeans.com	A B C and whine -- and the voice that comes out is a godawful falsetto screech. HA ! She's Lina Lamont! It's awesome. # Bit-na complains that she
239	1036191	SG	G	dramabeans.com	A B C a little the life and sacrifices of a performance athlete. Sometimes I liked Kang Ha Neul play better than Min ho's. # And last but not least --
240	1036209	SG	G	dramabeans.com	A B C , hehe. Go Eun had a look of admiration, respect, and " ha ! You can't hide the truth from me. " Loved the contrast between
241	1849073	SG	G	dramabeans.com	A B C it fits better this year! Woot! I have this year's couture ( ha ha, not really a fashion horse) narrowed down to two: elegant or
242	1036129	SG	G	dramabeans.com	A B C matter what wrongs he did, to lose his son like this... and Jae Ha proves he is a King among men for his compassion and humanity towards the Euns
243	1036179	SG	G	dramabeans.com	A B C meat of the Jdrama version was the rivary between the 3 dorms. # Kang Ha Neul (Hyun Jae) is soo handsome... My favorite character besides Eun-gyeol &;
244	1036041	SG	G	dramabeans.com	A B C is a just call girl. I'm glad she did not win. ha ha ha. She deserved not to win because of her poor acting skill. Lee
245	1018536	SG	G	...hinesefoodathome.com	A B C . Saying I have been a bit busy and lazy is a good excuse? Ha ... well, apparently, there is a problem with google, where this blog
246	1036179	SG	G	dramabeans.com	A B C ... because he's going to be Eun-gyul's slave until he gets better. HA . # Omg, Hyun-jae looks like he's going to cry but yay for
247	1019474	SG	G	eytanuliel.com	A B C , but be careful, maybe it is too hot for your delicate taste, ha ha! ". # Rumours as to the cause of the delay continued to
248	1036026	SG	G	dramabeans.com	A B C out to meet Chang-ryul? Why didn't she ask him for his advice? Ha . Kae-in stutters an excuse that she didn't want to bother him. He
249	1021647	SG	G	...ngkeunsukforever.com	A B C apologize for something they've said or done. # In Chuncheon, ironically In Ha and Yoon Hee accidentally meet again in the rain. Under the marquee of a
250	1036127	SG	G	dramabeans.com	A B C New York, then what we saw would've been between Tae Yong and Park Ha . # Overall, i think this drama reaffirmed my love for Yoochun and Han
251	1027210	SG	G	...ssident.blogspot.com	A B C to travel while his wife is lying on the bed' dead'. Ha Ha Ha! Serve him right. # His 87 yrold wife is being kept alive
252	3533385	SG	B	cruzteng.com	A B C really comment if it was value-for-money, because I didn't pay a cent. Ha ! # I had a great 18.09. Thanks, guys! And no,
253	1032442	SG	G	avirtualvoyage.net	A B C knew everything but you still push her to fight? " Are you deaf Jae Ha ? He says' protect'! # Jae Ha continues his rage: "
254	3523265	SG	B	baccaratforums.com	A B C of a total of $180 bucks after 12 shoes. Too much going on! Ha ha ha... CES and the porn convention. Hehehehe... the porn convention....
255	1036128	SG	G	dramabeans.com	A B C and thank you writer for once again throwing so many unexpected twists. # Jae Ha , you're so worthy to be the King. Hang Ah, I want
256	1036095	SG	G	dramabeans.com	A B C bound to happen with this.) # Due to the unstable nature of Chun Ha 's management section, different executives from the company are beginning to gather their own
257	1022197	SG	G	koalasplayground.com	A B C early Vday present ockoala! Rewatching the PK episodes makes me love Seung Jo and Ha Ni even more. I love your descriptions on the pictures! I can't
258	1036110	SG	G	dramabeans.com	A B C This darned popularity of mine. Can't get rid of it anywhere. " HA . # She smiles as she thinks to herself that he hasn't changed,
259	1032442	SG	G	avirtualvoyage.net	A B C Joon Young walks along the wall of Arirang and slowly remembers the song that Jae Ha used to sing when they were little... as in 4 and 5. Okay
260	3836216	SG	B	jaynechua.com	A B C still have the energy or time to handle that after a day at Legoland! ha ! # Pulai Springs is another option if you want some pampering in a 5
261	1036127	SG	G	dramabeans.com	A B C family in jeopardy. The crown prince then did not' know' Bu Yong/Park Ha as he did after crossing over to the future. It would be ridiculous to
262	3835379	SG	B	anncoojournal.com	A B C tender.... to please the Oldies who do not have strong teeth! Ha, ha ! # Oh Ann, what a great recipe! I love dim sum steamed
263	1022221	SG	G	koalasplayground.com	A B C However, I highly doubt her skills can match those of Choi Ji Woo, Ha Ji Won, Song Ye Jin, and Song Hye Gyo. She's considered
264	1018536	SG	G	...hinesefoodathome.com	A B C Ok, coming to today's recipe, Tofu fried rice -- sounds strange? Ha ... It is one of my own recipes. # Years ago, when I
265	1046349	SG	G	spinorbinmusic.com	A B C helped me through a break-up, that says a lot, doesn't it? Ha .). A day after his fantastic show at MTV Sessions, we managed
266	3528720	SG	B	ohwailywaily.com	A B C looking for inspiration from these sporty types, and also need to know everything ha ha .. I have just finished a set of novels, so this month is non-fiction
267	3524434	SG	B	blogs.terrapinn.com	A B C of a Universal Influenza Synthetic Peptide Vaccine based on highly conserved regions of hemagglutinin ( HA ). The aim of this research is to provide broad and long lasting protection
268	1036046	SG	G	dramabeans.com	A B C shut his trap otherwise his jaw will come loose... and then decks him. Ha ! Love her driving Joo-won's body around. Such glee. # Ah-young comes
269	1036127	SG	G	dramabeans.com	A B C because that changes the past and the order of things. He wrote to Bak Ha that their love will stand the test of time. # Basically, Lee Gak
270	1021665	SG	G	...ngkeunsukforever.com	A B C the girl # thanks Tenshi, at least i am a little bit relieve ha ha . basta in love or not, with or without a girlfriend, for me
271	1046277	SG	G	spcnet.tv	A B C when Wong Yung was using the 9 Yum Jen Ging to heal Gwok Jing's Ha Mo Gung injury. # Well, if you put it that way, that
272	1036127	SG	G	dramabeans.com	A B C his coma, Fate allowed him to remember his memories as Yi Gak with Park Ha and we have the ending we have. The fact that Tae-Yong is standing the
273	1036176	SG	G	dramabeans.com	A B C , of Jae-hee's feminine products and runs to his classmates for some magazines. Ha -- I'm oddly impressed by the creativity of their hiding spots. Tae-joon stashes
274	1036182	SG	G	dramabeans.com	A B C he was doing pull-ups and it turned out he was standing on the shelf. HA ! Why so Cuuuuuute? # I think it's got a lot to do
275	1041812	SG	G	maybebaby.sg	A B C too well... # Alexandra # March 30th, 2011 at 1:02 am # Ha ha , I sang' ABC' and the 7 times table when I was preggars
276	3836365	SG	B	maddinoasylum.com	A B C . It's readily apparent from Rich Mommy's action, but she asks In Ha to keep his knowledge a secret. # Ji Ho looks at Rich Mommy's
277	3535366	SG	B	maddinoasylum.com	A B C 's fiance dumps him. Finally, a decision that makes sense! # In Ha tells his mother off for never asking forgiveness before the statute of limitation. She
278	1036122	SG	G	dramabeans.com	A B C ##1036123 # Add another North-South project to Ha Ji-won' s resum; in addition to her current drama The King 2 Hearts
279	1036096	SG	G	dramabeans.com	A B C ? # Both Hang-woo and Bang have focused their innovation projects on a struggling Chun Ha factory in Incheon, but they've got two radically different ideas for it.
280	1036102	SG	G	dramabeans.com	A B C ) # Cut to: Bang and Bun-kwae throwing themselves at Hang-woo's mercy. Ha ! They go from standing, to kneeling, to crawling, to hanging onto
281	1036121	SG	G	dramabeans.com	A B C a call from the team with the report that they're sleeping... together. Ha . # They lie there for a while and then Jae-ha gets up. She
282	1036138	SG	G	dramabeans.com	A B C soon cut to Jung Rok begging his friends to send Colin back to Japan. Ha . F44 calls Colin over to Do Jin's apartment to pressure him into revealing
283	1036135	SG	G	dramabeans.com	A B C kdrama. # I loved to bits the bitch from Personal taste, Jang Joon Ha (Nam Goong Min) in Can You hear my heart, Goo Ma Jun
284	1036104	SG	G	dramabeans.com	A B C was the one going for revenge). When yoo bang started to become chun ha to him that's when yoo bang also became the enemy. Hang woo is
285	1032445	SG	G	avirtualvoyage.net	A B C than the cold hatred she's been holding onto all these years? # Jae Ha &; his Investigation. Unfortunately, for Jae Ha, he's the opposite of
286	3835794	SG	B	dramabeans.com	A B C the revisions, and grudgingly acknowledges that Go-eun isn't half bad. # And ha , just when you think Hyun-min's mad about the changes, it's revealed
287	3536402	SG	B	poodumtattoo.com	A B C The first time I visited Ajarn Anek was to arrange to have a " Yan Ha Tel " the now famous five lines on Anjelina Jolie or as my daughter calls
288	1051726	SG	G	wilfridwong.com	A B C feel safe riding in one of those during the F1. # G -- Ha ha ha G. Imagine a F1 car does close to 300 km per hour in our
289	1051064	SG	G	vbtutor.net	A B C , evil, insane howl of laughter. " MWA HA HA HA HA HA HA !!!! " Thus the all mighty Evil Laugh of Doom (TM
290	1049595	SG	G	tremeritus.com	A B C decide to ask for demand better pay and they carry guns... # HA HA HA . Ask the supermarket go and settle la. The frog is deaf and busy
291	3833870	SG	B	...elilian.blogspot.com	A B C km wide, this arrangement means that any' LONG' ha, ha, ha , but it's no laughing matter to the poor daily commuters journey is thus
292	3533191	SG	B	...ookiesandcandies.com	A B C duck, duck, goose instead of duck, duck, grey duck. # Ha I like this post. Funny! For us, it'd most probably be
293	1015571	SG	G	10steps.sg	A B C healthiest country in the world and 93% of the pop. smoke!!! ha i should sue them for false advertisemnt drink=bad smoke=no harm nuff said. # Yael
294	3530875	SG	B	...autybox.blogspot.com	A B C damp brush wou ld make them very shiny and meta l lic! # These ha ve been swatched in layers dry with my fingers. In terms of app lication
295	1032442	SG	G	avirtualvoyage.net	A B C There should be one this year for most mismatched couple and Joon Young and Jae Ha will win uncontested. # I agree, this is worse episode so far.
296	1849741	SG	G	leithsociety.com	A B C of the cup, at Carnoustie. Could we bring it to its knees? HA ! Everyone was coached in for our 2:30 tee times, fortunately continuous for better
297	1024019	SG	G	...terman.wordpress.com	A B C which is off Old Upper Thomson Road. # The $66-million project will occupy 11 ha of land. Known as the central service reservoir, the above-ground concrete tanks will
298	1036096	SG	G	dramabeans.com	A B C be holding a contest for who can submit the most distinctive innovative strategy for Chun Ha -- and whoever wins, regardless of their rank within the company, will become
299	1850240	SG	G	rdasia.com	A B C ##1850241 Life Is All Ha Ha Hee Hee # From the only Indian girl in a Midlands mining village to a
300	1036121	SG	G	dramabeans.com	A B C just peers down, " It looks more like your stomach will pop. " Ha . # They continue down the hall and he sighs that she'd change her
301	1036116	SG	G	dramabeans.com	A B C sure dual contract in this case means gb didn't buy anything, and chun ha didn't sell anything they just helped each other cover up their slush funds.
302	1036115	SG	G	dramabeans.com	A B C me, a charity case until the show finally gives her a real job. Ha Sun was dense when she was with the perpetual student getting ready for the civil
303	1032445	SG	G	avirtualvoyage.net	A B C girls are his sisters. But then, as a friend, he wants Jae Ha to hang onto Joon Young, " If you two love each other, why
304	1050171	SG	G	tripadvisor.com.sg	A B C , " you are on a lucky draw which room are available ". Ha ha . # The hotel staff appears to be friendly but things are just too slow
305	3527124	SG	B	...ngkeunsukforever.com	A B C feelings. I think it's because of their first love. # Both In Ha and Yoon Hee didn't talk too much. But as we have the saying
306	1036118	SG	G	dramabeans.com	A B C to Bang and his full entourage (So Ha's been included) entering Chun Ha to the tune of all the employees wishing him long life as Chairman. Yeo-chi
307	1032441	SG	G	avirtualvoyage.net	A B C reincarnated Bad Seed, but her mom needs to get things together. # Jae Ha needs to take a hiatus from Joon Young. I totally agree you, Kap
308	3526601	SG	B	...ogcomms.blogspot.com	A B C put in his best effort into this whole PSLE endeavour (as have I, ha ha). I don't think I could have pushed him any harder...
309	1847340	SG	G	parksihoo4u.com	A B C .... it's called a gat, I hate it too,...... ha.... ha .... I agree with you, it gets in the way of kissing. Ehm
310	1036148	SG	G	dramabeans.com	A B C vowing that one day he'd make it real. He never fulfilled it ( ha and aw) but she entrusted her future to him that day. # Tae-kang
311	1849072	SG	G	dramabeans.com	A B C left me with the same reaction at the end " oh crap! O.o " Ha . it was just awesome watching this episode yesterday, I hope it will be
312	1022214	SG	G	koalasplayground.com	A B C remember everybody pleading that you go on with the recaps please, me included aha ha . Therefore, I actually loved you more for continuing on with it. #
313	1036116	SG	G	dramabeans.com	A B C foster discussions like these # I still believe Bang is doing this to return Chun Ha to Yeochi because how else did she get the resources to one-up Gabi at that
314	1029712	SG	G	wiki.d-addicts.com	A B C met in the 1970s, managed to meet and fall in love. Seo In Ha and Kim Yoon Hee, an art student and a shy beauty, met and
315	1036207	SG	G	dramabeans.com	A B C she angrily asks him why he jumped in when he can't even swim. HA . Way to totally throw that would-be heroic moment on its head. This is
316	3530130	SG	B	...oremind.blogspot.com	A B C governments appreciate Singaporeans so much that Singaporeans don't come back to Singapore. Ha ha ha... # A Goatherd, driving his flock from their pasture at eventide,
317	1021647	SG	G	...ngkeunsukforever.com	A B C if a bit oblivious to his friend. I found it quite frustrasting the In Ha chose not to step forward. I considered him a bit of coward at first
318	3527287	SG	B	joonni.com	A B C I don't mind crying like crazy as long as it has good ending ha ha ha can't afford depression at the moment too much work to do # imja
319	3538397	SG	B	...heresidewalksend.com	A B C guy knew me, this would be an AWESOME first date! Ha ha ha ha Pam recently posted.. 4 Apps to Keep You Connected While Travelling # Knowing your
320	1021979	SG	G	kavenyou.com	A B C series A Gentleman's Dignity, CNBLUE's guitarist Lee Jong Hyun will meet Kim Ha Neul at a club. In the pictures, which were released online, Lee
321	3535363	SG	B	maddinoasylum.com	A B C He need to find the baby now. # The time has come for In Ha to pay back the money he borrowed, but the situation isn't good.
322	3833783	SG	B	...temate.wordpress.com	A B C If you don't want, call me, I'll take him! " Ha , good to know. # I have really loved having a dog here.
323	1020426	SG	G	....hardwarezone.com.sg	A B C graphic on the CIEM. (Im not sure if you can do it for HA as i never seen it before, Just all the stone etc etc.)
324	3535362	SG	B	maddinoasylum.com	A B C seriously, she made In Ha cry. How mean! Don't worry In Ha . I'll give you some cotton candy and flowers. It will make you
325	3535363	SG	B	maddinoasylum.com	A B C baby to. Awesome Mommy tells her that it can't be. # In Ha begs on his knees again, but Da Mi still refuses so he moves on
326	1036104	SG	G	dramabeans.com	A B C require official documents and declaration of intent- which a company shouldn't do. chun ha is also using slush fund money, which is why the investment jang ryang mentions
327	3527517	SG	B	koalasplayground.com	A B C last scene in this episode, I realy couldn't understand. what did Jun Ha and Maru plan?? why did it seem like Maru care enough for Jae
328	1026580	SG	G	sg.tripzilla.com	A B C get on bus to Tuan Chau Island for lunch. After lunch, return to Ha Noi and arrive in Ha Noi at 16.00 p.m. Overnight in Hanoi. Day
329	1036127	SG	G	dramabeans.com	A B C friends, and Chi-san even plugs in his iPod to ignore Man-bo's nagging. Ha . What're you gon na do when those batteries die, huh? #
330	1049487	SG	G	tremeritus.com	A B C you all will be able to be happy everyday.!!!! Ha ha ha 60% V 40% we are still the minority got screw hahaha!!! Goodnight
331	1849059	SG	G	dramabeans.com	A B C if I comment again -- I really have to chew on this episode... # Ha ha ha, I was thinking I would not be able to resist not reading
332	1040822	SG	G	kloudiia.com	A B C means you have to bring her to this site to see what smoochie you left ha
333	1036134	SG	G	dramabeans.com	A B C blinks an eye and raises a heel at him as he cowers in terror. HA . # After he sees Ji-an nod off during a morning meeting and chooses milk
334	1036129	SG	G	dramabeans.com	A B C a sincere determination and faith for everyone -- he was one of the reasons Jae Ha pulled through. One of the reasons princess pulled through -- in a way,
335	3835790	SG	B	dramabeans.com	A B C wear tha!! *uff fan myself* then Hahaha... that fall.. hahaha*wipe tears*ha ha im bad i know but cant help it, i wonder how she goes through
336	1028435	SG	G	...reatsze.blogspot.com	A B C Dude when was this taken? don't remember it... musta been totally wasted ha ... " writes Wannabe X. Oh really? You don't remember? I took
337	3533387	SG	B	cruzteng.com	A B C that day. I tried my best to make those talkative people keep quiet. Ha . # I was tasked to receive and entertain the heads of foreign stations.
338	1036116	SG	G	dramabeans.com	A B C 's mission to steal his thunder at every turn while they discuss the case. Ha ! # Hang-woo tells his team that they can no longer use creative accounting under
339	1040655	SG	G	...rningkeepsmiling.com	A B C I just feel like cracking open ten eggs just for the fun of it. Ha ! Next time I'll have to give this method a try. Great suggestions
340	1849069	SG	G	dramabeans.com	A B C , though, and we lit the fireplace, which makes me happy. # Ha , it's so weird having a full conversation about what ranchers wear! And
341	1036034	SG	G	dramabeans.com	A B C walking. Only... remember that pig Mi-ho mentioned? It comes back. # HA !! What is it with the Hong sisters and their pig-fearing men? (
342	1036128	SG	G	dramabeans.com	A B C loved ones, they can let down their guard. JH does this often with HA . For eg, on the way to the island during the WOC, at
343	1028061	SG	G	tabletennista.com	A B C Kyung Ah and finished as a semifinalist in Chile. In the ranking, Yang Ha Eun jumped 12 places to the 17th spot. # After displaying a powerful performance
344	1036128	SG	G	dramabeans.com	A B C moments # My favorite scene in this episode is when Hang ah thinks that Jae ha hugs her in jail. I cried just watching it! But I barely open
345	1036127	SG	G	dramabeans.com	A B C scene was Tae Yong, with the feelings of their timeless love, and Bak Ha making that connection again. # I truly loved this drama. The chemistry between
346	1025721	SG	G	...ertainment.yahoo.com	A B C ,... more Rescued tiger cubs at a police station in Vietnam's Ha Tinh province last month. A Thai man has been arrested with 16 tiger cubs
347	1032442	SG	G	avirtualvoyage.net	A B C " Are you deaf Jae Ha? He says' protect'! # Jae Ha continues his rage: " I warned you didn't I? Don't put
348	1040623	SG	G	kaedejun.com	A B C . He has to go to the doctor to get it checked out (ha ha !) and because his arm is pretty much paralyzed for now, Yeol Mae
349	1036116	SG	G	dramabeans.com	A B C it's all due to the Eternal Youth drug he took a while back. Ha . Well that answers all of our questions, doesn't it? (Sort
350	1041500	SG	G	maddinoasylum.com	A B C kill him and that it must have been Rich Daddy's doing. # In Ha 's company goes bankrupt. Ji Ho offers to buy it. Zombie nervous watches
351	1036095	SG	G	dramabeans.com	A B C she drunk-dialed Hang-woo -- er, King Kong -- way too excessively last night. Ha . # Chairman Jin is working hard to clear his granddaughter's name -- even
352	1850079	SG	G	orientexpat.com	A B C Tiz said, would be a bit shallow indeed. # This is the popular ha taew (five rows). I can't see whether it is Thai or
353	1032446	SG	G	avirtualvoyage.net	A B C become meaningless. If she didn't appear, I could become your daughter, Ha In Joo. " # Doo Hee gets on the floor with her, tears
354	3535366	SG	B	maddinoasylum.com	A B C Grumble. Grumble. Grumble. # Ji Ho does his driving thing. In Ha does his stalking thing. Da Mi does her sitting and waiting thing. Ji
355	1036069	SG	G	dramabeans.com	A B C of them waiting for their racing hearts to calm down from the fright. # Ha . I suppose he couldn't have asked for a better excuse to end up
356	1036052	SG	G	dramabeans.com	A B C group of fangirls (with posters that say: " Jin-gook Over Flowers. " Ha . They refuse to let her pass because they assume she's just a crazy
357	3535952	SG	B	nicefood.org	A B C Object without the person, should not delay me only on time feed they, ha . Chess - child Tmskyywsohu: Beautiful, you like what to take to feed
358	1849072	SG	G	dramabeans.com	A B C since they don't have much time, and they get to work writing. Ha , one Woo-chi clone is beset with a coughing fit, which merits an annoyed
359	1850442	SG	G	spcnet.tv	A B C , i can't speak chinese). everyone else would call me " Bang Ha Thanh Nu " (means ice goddess). as my name i' d
360	3527279	SG	B	joonni.com	A B C LMH. Need to think of a plan ***Gukja's hair-o-meter is in deep thoughts*** ha . # his flight got delayed, so he'll be arriving later this afternoon
361	3833305	SG	B	fatboo.com	A B C , publishers... and now I can haughtily call myself a winemaker too! Ha ha ha! # We spent the evening in style, with a fine dinner,
362	1036207	SG	G	dramabeans.com	A B C smiles, while on the other end, Hyun-min is literally trembling with anxiety. HA . It's been less than a minute and he's already freaking out about
363	1042705	SG	G	mybeautysky.com	A B C right and wrong, and I say to her, but she only answered: Ha ha ha...... " # past rumors that he is gay, Andy Lau says
364	1045198	SG	G	sapa-vietnam.com	A B C talking, chatting and also drinking a lot. * Simacai is 27km from Bac Ha , 98km from Lao Cai City and 135km from Sapa
365	1051064	SG	G	vbtutor.net	A B C all out, evil, insane howl of laughter. " MWA HA HA HA HA HA HA!!!! " Thus the all mighty Evil Laugh of Doom
366	3834726	SG	B	...leisure.blogspot.com	A B C th at soon wilt after their most brilliant burst of glory, the same price ha s to be paid by the leav es. # Success is paid by what
367	1036128	SG	G	dramabeans.com	A B C they were sitting on the floor by the bed and JH was pretending to comfort HA and his fingers were touching hers oh so slowly, all their hand holding scenes
368	1036103	SG	G	dramabeans.com	A B C misses Bang, and is dismayed when she doesn't find him protesting outside Chun Ha 's doors. She ends up overhearing a conversation between custodians about a rumor going
369	3836799	SG	B	sashafarina.com	A B C *I'm a grown woman for goodness sake* I just felt it was inappropriate. Ha ! Brought a Nora Robert instead.:) # I'm vocal. If
370	1036049	SG	G	dramabeans.com	A B C good laugh over it and Joo-won gets pissy, asking if they're friends. Ha . # She does the same thing she did the first time he set a
371	1032442	SG	G	avirtualvoyage.net	A B C plan, " I'm going to do it. Because I want to beat Ha In Joo. A person who uses food to harm others has no right to
372	3536402	SG	B	poodumtattoo.com	A B C little over awed, so I went first. Ajarn Anek also touched up my Ha Tel I must have scratched some of it off when it was first done.
373	1032442	SG	G	avirtualvoyage.net	A B C , as a child she was playful, smiled easily, and would follow Jae Ha around because he was the second kid around Arirang (first is her brother,
374	1036116	SG	G	dramabeans.com	A B C don't like him, he's annoying. I would love to see Chun Ha get returned to Yeo Chi and Bang to run the company. Love Woo Hee
375	1035598	SG	G	cruiseasean.com	A B C 1969 beautiful stone islands rising from the sea. UNESCO endorses the premium value of Ha Long Bay by recognising it twice as a World Natural Heritage (first in1994 and
376	3523045	SG	B	asia.cnet.com	A B C how is dude bill 27k and he only runs his aircon at night? ha ha I run my aircons 24/7 as Im home most of the time... so I
377	1036116	SG	G	dramabeans.com	A B C sit back and close his eyes as she clamps her hairpin onto his lips. Ha ! And aww. No kiss? Come on, Salaryman, you are breaking
378	3537505	SG	B	spcnet.tv	A B C say, this doesn't help him much in the role. # 24. Ha Hou Chun -- Lo Lok Lam He is the big general and is Yong's
379	3835790	SG	B	dramabeans.com	A B C and ended up revealing more of herself? </3 # When I saw the tumble Ha Na-kyung took and how it is now all splashed on the interwebs, i felt
380	3537941	SG	B	thekife.com	A B C ! Its been a long while since you see me eh. HA HA HA HA . Actually Right now I'm still busy with my Internship. But because I
381	1018539	SG	G	...hinesefoodathome.com	A B C in me energetically. Probably it is him who is not really into eating. Ha ... -- But, how can that be? As we both love eating.
382	1033229	SG	G	basilmarket.com	A B C took me 45 seconds as a Blaze Wizard. How hard can it be? Ha ! Once you have the Proof of Qualification, take it back to your job
383	1032440	SG	G	avirtualvoyage.net	A B C find it so far. It played in Episode 12 when Lee Gak and Park Ha were walking together with their footsteps in sync as they were reminiscing about what happened
384	1032445	SG	G	avirtualvoyage.net	A B C other option is never meeting her family, which is the worst feeling. Jae Ha raises his hand to touch the wound on her face but Joon Young's eyes
385	3527517	SG	B	koalasplayground.com	A B C She asks him to tell him everything now since she regained her memory. Joon Ha doesn't reveals what really happened, remembering how he was told that if he
386	1036121	SG	G	dramabeans.com	A B C rhyme or reason. # He gulps and tells her to lead the way. Ha . I love how both of them need to save face so desperately. He
387	3531529	SG	B	utwt.blogspot.com	A B C men who don't have balls? # Of course not. # HA HA HA you, you pathetic losers. Foreign men are continue to come to this
388	1031024	SG	G	...addictsanonymous.com	A B C . # 10 more episodes for the writers to redeem themselves. (Ha, ha , yeah right) # The part where KS got the job at the restaurant
389	1850967	SG	G	tremeritus.com	A B C once now looking like an ah pek like all of us ha! ha! ha ! Need some laughters in our life or we will end up falling onto the
390	1036102	SG	G	dramabeans.com	A B C is having to pack up his office after all his years of service to Chun Ha , and Bang can do nothing to help. Jang Ryang takes a positive outlook
391	1033454	SG	G	bjj-culture.com	A B C saw something unique and special in their game before they were famous. And he ha s been trying to understand and uncover more about their style. Yes we met
392	1036224	SG	G	dramabeans.com	A B C in one of his earliest roles, featuring an extremely young and new Shim Eun Ha ! Spawned the sports-drama trend. I loved this drama. To an embarrassing degree
393	1849047	SG	G	dramabeans.com	A B C main male, she seems really day time family " oh oh oh ha ha ha " cheesyish in some scenes. # Detailed, informative, and a lot of
394	1018543	SG	G	...ngstar9.blogspot.com	A B C part one and part two. I hope part three can be produced soon, ha ha ha. # Ah Boys to Men, which secured the biggest opening weekend
395	1021647	SG	G	...ngkeunsukforever.com	A B C to the East Sea solves the dilemma, and provides some private time for In Ha and Yoon Hee to develop even more feelings for each other. # I had
396	1848182	SG	G	adam-khoo.com	A B C (<- A little early for me to read, don't you think? Ha ha.) In school, many of my peers and friends think that I
397	1020923	SG	G	hangtuah-malacca.com	A B C ##1020923 Hang Tuah or Tuah the Legendary Warrior # The Keris # Ha ng Tuah was a legendary warrior during the reign of Sultan Mansur Shah (1457
398	3527284	SG	B	joonni.com	A B C I thought they must not like it and later cowered a bit. " # Ha ! I wonder what happened on the film site for people to agree that a
399	1051064	SG	G	vbtutor.net	A B C isn't it? The more the merrier!! MWA HA HA HA HA HA !! " This was greeted with gagging noises and mutters of' This guy
400	1036129	SG	G	dramabeans.com	A B C a clue and I'm still confused. # I still remember JH said to HA that if there's something happened to SK he will blame himself for the rest
401	1032447	SG	G	avirtualvoyage.net	A B C one another. She takes the sand timer in hand and recalls the words Jae Ha told her about using it to wait for him, and how he'll come
402	1022197	SG	G	koalasplayground.com	A B C above, let's go on a trip down memory lane with Seung Jo and Ha Ni! # Pretty in pale forest garb. # Complementary in pink and grey
403	1019436	SG	G	expatbostonians.com	A B C whatnot, could be construed as a strike against the terrorists. As in, ha ha, you thought you could hurt us, but we're going to make
404	3836363	SG	B	maddinoasylum.com	A B C Ho is vague and asks if In Ha has opened his gift yet. In Ha storms away and decides to get married to his fiancee as soon as possible because
405	3527281	SG	B	joonni.com	A B C am weird, but very soon my sister &; brother became crazy like me... Ha ha ha.... In a week they started pestering me for BOF songs and other
406	3837188	SG	B	tokyohive.com	A B C in Japan; they are bringing something that Jpop doesn't have. " # HA . You make me laugh. You obviously know nothing about J-Pop if you are
407	1032442	SG	G	avirtualvoyage.net	A B C bed, the dolls, and the pretty clothes, she accepted everything. Jae Ha listens attentively and speaks in a neutral tone, " But you're now a
408	1032442	SG	G	avirtualvoyage.net	A B C Jo insist she is the real one, reciting proofs of childhood memories to Jae Ha that she thinks will strengthen her claims and insisting JY is just a child who
409	1850677	SG	G	streetdirectory.com	A B C like, like a sheik Party Monday through Sunday, every day of the week Ha , I take life in the fast lane zoom And the joint don't pop
410	1036116	SG	G	dramabeans.com	A B C her stocks and management rights restored but I don't think she should manage chun ha for some reason. # that is of gabi dosnet sell those stocks to pay
411	1016992	SG	G	bigbangupdates.com	A B C into laughter. # On March 2nd,' Infinity Challenge' member Jung Jun Ha tweeted to singer HaHa, " By the way, your song' Love'
412	3835790	SG	B	dramabeans.com	A B C . That bright smile! Man, she is lookin' so VAVAVOOM. # Ha Na-kyung -- surprised that there wasn't a nip slip accident considering the cut was
413	3535363	SG	B	maddinoasylum.com	A B C mother car that took in Ji Ho. # Rich Mommy finds out that In Ha lied about Da Mi's father being a thief and scolds her. Da Mi
414	3533562	SG	B	donnadaritan.com	A B C . I was thinking to myself. This is one troublesome activity ever. I ha d to wear a full body suit as they didn't have any other in
415	1036127	SG	G	dramabeans.com	A B C Lee Gak and rooftop family but I disappointed on the writer... he made Pak Ha did stupid. I think the last ep was too short. I do not
416	1023329	SG	G	myfatpocket.com	A B C , Park Ji Min won! I was torn between the remaining two, Lee Ha Yi who have a really unqiue voice and Park Ji Min whose voice is simply
417	1036165	SG	G	dramabeans.com	A B C reasoning behind all those suspense) having spent too much time investing on this drama ha ! # Thanks a bunch Dramabeans.. Im enjoying reading all the recpas since ep1
418	3834063	SG	B	mmaphil.com	A B C exaggerates. In the simplest of things, like the paying of fees, Coach Ha trusts his students to do the right thing. Perhaps honesty involves sucking your ego
419	1036068	SG	G	dramabeans.com	A B C my co-workers sided with me and even staged a walk out after I left ( HA !), but that doesn't discount all the shit I had to deal
420	1022214	SG	G	koalasplayground.com	A B C for Han Kang (not to mention, the actor as well, nya ha ha ). I was also amazed at Lee Yo Won as she has the chemistry
421	1036095	SG	G	dramabeans.com	A B C his predictions for the future of the group. What are the chances that Chun Ha will recover? " Unless an innovative management method is introduced, it's very
422	1021662	SG	G	...ngkeunsukforever.com	A B C whole 20 episodes of LR. # Gandang gabi Daryl Lade, Pinay ka pala ha ? Mga ilan na kaya tayong eels sa Pilipinas? he he, anyway thank
423	3533188	SG	B	...ookiesandcandies.com	A B C a week in HK. No idea how you've survived this long. # Ha ha ha ha..... 1st of all you have NO jiggly bits I'm sure
424	1849048	SG	G	dramabeans.com	A B C , but nevertheless, kim kang woo, park ki woong, park yong ha , amazing! # btw if you've watched that many dramas this year...
425	1036082	SG	G	dramabeans.com	A B C of worms -- but it's just funny at this point. # girlfriday: Ha . Perhaps he's figured out a way to spin the PR machine while he
426	1036117	SG	G	dramabeans.com	A B C forging the signatures. He's unaware that he's being watched by the Chun Ha security cameras he helped to install, and calls Moon-soo with some last minute worries
427	3836365	SG	B	maddinoasylum.com	A B C up and the first thing she panics about is Ji Ho's safety. In Ha gets jealous and throws a hissy fit before leaving. Awesome Mommy tries to convince
428	1020941	SG	G	...ebaking.blogspot.com	A B C touched the surface a little (mine rough hand can stand the heat. ha ha !), it was pretty soft and in fact looked " beautiful " with
429	3535064	SG	B	kiasuparents.com	A B C up and do something for Singaporean. # Your comments should be look into. Ha , I am a Singaporean. My child is also a Singaporean. We have
430	1045002	SG	G	roslinorphanage.org	A B C car if you can afford to use the public transports (like me ha ha ha , I do not have any car in Singapore because the public transport is so
431	1016909	SG	G	...ce-oops.blogspot.com	A B C a few " friends ". # (Notice that there is a "? Ha , you will know why soon) # From that orientation, I met Stacey
432	1021918	SG	G	k-tvb.net	A B C TVB Chinese New Year MV's (like the one with from last year with Ha Yu, Michelle Yim, Myolie, etc. and there was one in 2004 with
433	1036159	SG	G	dramabeans.com	A B C to think what she wants, does a little fake turn on his heel ( ha ), and leaves. # Eun-gyul watches with a look of disgust as Jae-hee
434	1032446	SG	G	avirtualvoyage.net	A B C . But DY's revelation as Haemil gives him more of an opportunity than Jae Ha . Did you notice JH is not mentioned anywhere in the previews? I'M
435	1035997	SG	G	dramabeans.com	A B C It's also hinted that she's sort of an Eun Chan version 2.0 -- Ha Rim's reaction to her appearance echoes the very words he first said about Eun
436	1036123	SG	G	dramabeans.com	A B C Jiwon looks like an interesting pair. thanks for the info/clip/pics. # i love ha ji won. and it's really refreshing to see a popular s korean actress
437	1038611	SG	G	goodybooks.com	A B C my options, I stood up and said sarcastically, " Ha, ha, ha . " Then I sat down and buried my head under my hands. #
438	1029735	SG	G	wiki.d-addicts.com	A B C course, there's the rest of the family. Their father (Jung Joon Ha ), a full-time stock investor since being laid-off from work, nevertheless optimistic and
439	3526392	SG	B	goseasia.about.com	A B C in Vietnam.) From Hanoi, we'll be making a day trip to Ha Long Bay, after which my cousin will fly home and I'll be on
440	1036093	SG	G	dramabeans.com	A B C . We talk about years, not days, weeks, or months. # Ha Ji Won is a goddess actress to me and I sympathise with Lee Seung Gi
441	3525285	SG	B	dinoseoul.com	A B C Hyun Suk wasted no time in signing all of them on, but it's Ha Yi who's getting the first taste of stardom. # Getting to be the
442	3535362	SG	B	maddinoasylum.com	A B C a hissy fit in his room after his fight with Rich Mommy. # In Ha 's fiancee covers him up. He's working in the office super late and
443	3535665	SG	B	mrbrown.com	A B C but felt that it was nice to hear them anyway! " # Ha, ha !. Happy 47th National Day! # Not many haha-ed with him and told
444	3836764	SG	B	roslinorphanage.org	A B C , from lunch, hot chocolate, coffee, finger food, snack and soup ha ha ha. # At 18:15 pm I realize that I must be at a
445	3836365	SG	B	maddinoasylum.com	A B C her a visit. He comes inside and Rich Mommy assumes that he's In Ha until she trips and he catches her. She runs away. Awesome Mommy watches
446	1036116	SG	G	dramabeans.com	A B C 's what us companies are always trying to do to avoid taxes- I guess chun ha offered a better deal than a cayman bank this time. # Personally, I
447	3835796	SG	B	dramabeans.com	A B C parade, he shrinks back, " I don't sing without Shinji. " HA . # javabeans: They finally arrive on the island, and find their car
448	1032446	SG	G	avirtualvoyage.net	A B C recapping may also help save your keyboard from getting smashed. If I see Jae Ha 's twitching-wishy-washy face in the altar instead of DY, I will be extremely disappointed
449	3527281	SG	B	joonni.com	A B C weird, but very soon my sister &; brother became crazy like me... Ha ha ha.... In a week they started pestering me for BOF songs and other dramas
450	1036128	SG	G	dramabeans.com	A B C Hang-ah who's engaged to the king of South Korea? Yeah right. " HA . There is a certain irony to fame working against you. # The guy
451	1022249	SG	G	koalasplayground.com	A B C I recently saw this video which includes an interview with Yoo Seung Ho and Kim Ha Neul about their movie Blind that came out last year. He's always been
452	1036128	SG	G	dramabeans.com	A B C my breath away. Seung-gi depicted Jae-ha's raw emotions &; the fear of losing HA splendidly. When Young-bae averted his eyes at our King's breakdown I aww'ed since
453	1036121	SG	G	dramabeans.com	A B C and gravity, and relates to themselves as family and public figures. JH and HA ramblings are mainly for their cutesy romance budding slowly. i feel that way,
454	1036095	SG	G	dramabeans.com	A B C this drug, so Hang-woo must be successful in taking down Chairman Jin and Chun Ha . # Woo-hee has invited Bang out for another " date ", and she
455	1017292	SG	G	blog.ningin.com	A B C personalities between the two leads Baek Seung Jo (Kim Hyun Joong) and Oh Ha Ni (Jung So Min) # The fifth k-drama on the list is...........
456	1041500	SG	G	maddinoasylum.com	A B C and try to kill her. Remember. # Rich Mommy returns home and In Ha is waiting for her. He doesn't say a word about the new revelation
457	1032442	SG	G	avirtualvoyage.net	A B C moment she holds onto his hand, she will never regain her rightful place as Ha In Joo because they would go back to Udo Island and she would continue to
458	3527517	SG	B	koalasplayground.com	A B C , then he will be willing to sell himself to Jae Hee. # Joon Ha has put Eun Gi in bed and sits beside her watching her sleep. Maru
459	1032441	SG	G	avirtualvoyage.net	A B C overshadowing the meaning of the scene. # No, I don't blame Jae Ha for what happened to Joon Young because it's not his fault. But his
460	1036044	SG	G	dramabeans.com	A B C , and he admits to having her meet him just to piss off Joo-won. HA . He tells her that he's dated a LOT of women, but still
461	1036127	SG	G	dramabeans.com	A B C the Yi-Gak reincarnation felt a bit cheap. # No, i feel that Park Ha will love Tae Yong, not for himself, but for Yi Gak. Forever
462	3522872	SG	B	...ncemore.blogspot.com	A B C ##3522873 # What Shaykh Nuh Ha Mim Keller says, is that there are two kinds of salasil, one authentic
463	3834094	SG	B	...gsaysso.blogspot.com	A B C , they should toss the litter at the council office then they charge themselves. Ha Ha Ha # Here is where Singapore's " great " PR skills can learn
464	3527124	SG	B	...ngkeunsukforever.com	A B C As you said, it's difficult to define the right answer. Regarding In Ha and Yoon Hee, they often began to regret just after what they said to
465	3538088	SG	B	transitioning.org	A B C they know what they did or have is not anything good. # Anon : HA ! You see how it is? Someone called me a third world country pumpkin
466	1021835	SG	G	joonni.com	A B C every bite of korean. My hubby is my CY, everyone!! # Ha ha, chikoku, love your comments! For months the cleaner ajusshi has been
467	3527287	SG	B	joonni.com	A B C ? I don't mind crying like crazy as long as it has good ending ha ha ha can't afford depression at the moment too much work to do #
468	1846769	SG	G	...o4ever.wordpress.com	A B C which she interprets as " I must not be good enough for him. " HA ! Girl, you've got a doting husband now, so watchoo complainin'
469	1051710	SG	G	wilfridwong.com	A B C signed copy to you. To up that number from 4 to 5... ha ha ha! # Lani -- You know. I haven't really counted how much
470	1047435	SG	G	streetdirectory.com	A B C 've really, really paid my dues Fellows, tell them one more time. Ha , ha, ha. That's all right, fellows. Yeah!
471	1849043	SG	G	dramabeans.com	A B C shower, flexing his muscles and letting his towel drop to the floor. # Ha . Mu-yeol. What a babe! The boyfriends are hilarious in this eppie.
472	1026580	SG	G	sg.tripzilla.com	A B C shapes, have a look at Hon Gai market, Poet Island. Arrive in Ha Long City at 11.30 Am and get on bus to Tuan Chau Island for lunch
473	3833305	SG	B	fatboo.com	A B C ... some of them were a little taken aback by our furious photo snapping, ha ha! The yoghurt from The Yoghurt Shop, in particular, was exceptionally good
474	1036127	SG	G	dramabeans.com	A B C And the ending, Yi Gak's forever lonely missing Park Ha, and Park Ha has happy ending with Tae Yong. With all the time travelling and all the
475	1032442	SG	G	avirtualvoyage.net	A B C Hee doesn't want to hear her excuses any longer and steps away. Jae Ha shakes his head, " It's no use. She doesn't remember.
476	1036127	SG	G	dramabeans.com	A B C those circumstances that the future would be different. As it is, since Park Ha met Tae Yong the way he is now, I can only hope that maybe
477	3530130	SG	B	...oremind.blogspot.com	A B C foreign governments appreciate Singaporeans so much that Singaporeans don't come back to Singapore. Ha ha ha... # A Goatherd, driving his flock from their pasture at eventide
478	3538402	SG	B	...heresidewalksend.com	A B C posted.. Sak Yant: Getting inked the ol' fashioned way in Thailand # Ha ! Stevo!!! It was indeed, my friend! I didn't
479	3525141	SG	B	...uisebaitulongbay.com	A B C come back to visit the bay in the future. # Option 1: Lan Ha Bay insight Day 1: Hanoi -- Cat Ba Island -- Lan Ha Bay (
480	1041500	SG	G	maddinoasylum.com	A B C didn't have to watch them moping about for however many episodes. # In Ha decides to fight Ji Ho alone even if his mother isn't fighting anymore.
481	1036129	SG	G	dramabeans.com	A B C , " And what if Kim Bong-gu appears? I'm sooooo scared. " Ha . He breaks into a laugh. # Jae-ha: " I'm sorry.
482	3531012	SG	B	...ngroad.wordpress.com	A B C with relatives, and not forgetting enjoying the hawker foods. Ha! Ha! Ha ! On I-S Magazine
483	1036592	SG	G	edvantage.com.sg	A B C done so badly since, and I suppose I could be a poster child ( ha ha) for the concept that the PSLE is not the be-all-and-end-all. # SINGAPORE
484	1019627	SG	G	flowerpod.com.sg	A B C so hard!!!! enjoying yourself n acting like a local... ha ha ... sometimes the enjoying look will give you away... # Whether you're travelling
485	1032442	SG	G	avirtualvoyage.net	A B C for being beside mom during this tough transition period. # At work, Jae Ha is informed of Joon Young being Sanarae's representative through his assistant. He hurries
486	1036127	SG	G	dramabeans.com	A B C somehow, this is pretty much how i feel with the Lee Gak -- Park ha -- Bu yong -- tae yong thing.. it has always been the two of
487	1021647	SG	G	...ngkeunsukforever.com	A B C a similar situation with Yoon Hee and umbrellas! # I was proud of In Ha for wanting to face Dong Wook alone, to confess his feelings for Yoon Hee
488	1036158	SG	G	dramabeans.com	A B C ) for a hug to document his victory for his fans with a selca. HA . # The fangirls eat it up as they await their oppas at the gate
489	1848340	SG	G	asianewsnet.net	A B C a brief from us and turned it into a full-length suit... ha ha ha ha ! " # Alas, the joke is not that some politician whispered this into
490	1036117	SG	G	dramabeans.com	A B C 's minion, who comes bearing the (forged?) dual contract between Chun Ha and the Golden Brothers. Moon-soo submits it as evidence that Gabi covered up her
491	1041686	SG	G	marinabaysands.com	A B C the signature Pepper Rice series and a select range of steak dishes. Ph Ha Noodle Soup # Ph Ha, the largest Vietnamese chain in the world, specializes
492	3524975	SG	B	...ice-rentals.5ver.com	A B C " Ranked 4.39 / 5 5895 views 0 comments WARNING: Mild Nudity ( ha Ha Ha.... just Self-tanning) # since asked how to apply self-tanner: here
493	1029665	SG	G	white-sun.com	A B C at a railway station, waiting for the train to arrive. # JiGong: Ha ! Ha. All these chaps are going to Zhuan LunTai which means Transmigration Station
494	1036063	SG	G	dramabeans.com	A B C Shin isn't really listening to her -- he's just staring at her. HA . He's also bored by it all. Frustrated, she tells him to
495	1036090	SG	G	dramabeans.com	A B C was off with that hussy... and Dad hurriedly hushes her, conceding defeat. HA . # Mom turns the conversation to her son's love life, telling him
496	3535362	SG	B	maddinoasylum.com	A B C angry faces at him? # Fluffy Deeno: Like seriously, she made In Ha cry. How mean! Don't worry In Ha. I'll give you
497	3836363	SG	B	maddinoasylum.com	A B C Ha suffer for a year like Ji Ho did. He wants to ruin In Ha and Rich Mommy in the same manner that they ruined him. # Rich Mommy
498	1021003	SG	G	harro-there.com	A B C extra guilty. " Fine, we'll say you WERE N'T then. " HA ! They both argue back and forth. She gets up to take a shower
499	3832473	SG	B	...reanson.blogspot.com	A B C of each post, not that there is much quality in the first place. Ha ha. Seeya in Guild Wars II buddy. If any of you are playing
500	3527287	SG	B	joonni.com	A B C on screen STAT. getting into another drama with sizzling LMH is my best chance.... ha ! # I totally agree, Gukja. He has to get back, asap
501	1044172	SG	G	preventmyopia.org	A B C Myopia Myth: The Truth About Nearsightedness And How To Prevent It. " He ha s dedicated his life to preventing myopia in children. # In 2005, we
502	1036127	SG	G	dramabeans.com	A B C and perhaps his soul). It makes me question their relationship, because Park Ha is essentially loving two different man. # (Which is fine -- people have
503	3527275	SG	B	joonni.com	A B C with looking at the screen for extended time (beyond 8hrs). Ha ha ha !! # Hey girls I was just thinking if LMH had had a shirtless
504	1048570	SG	G	thelittleteochew.com	A B C . For those of you on Twitter and Instagram, you're in luck ( HA !) since you are more likely to catch me over there than over here
505	1036097	SG	G	dramabeans.com	A B C drama and its inability to confirm a cast? Upcoming MBC drama The King starring Ha Ji-won (supposedly, since that's yet to be confirmed too) has now
506	3535363	SG	B	maddinoasylum.com	A B C since they aren't related by blood. He'd already been abandoned. In Ha wants to stop him, but Awesome Mommy reminds him that this wouldn't have
507	1036116	SG	G	dramabeans.com	A B C the easy prey. # While Yeo-chi keeps a sharp eye on the secret Chun Ha files, Gabi readies herself for her court summons with a little war paint makeup
508	1036209	SG	G	dramabeans.com	A B C going to see your mother... You were being serious? " she asks. HA . He doesn't even remember at first, but then he remembers how he
509	1034840	SG	G	...hinahistoryforum.com	A B C but it's a good way to try the common ones, like shrimp ( ha gao) or pork (siu mai) dumplings, roast pork buns (cha
510	1032441	SG	G	avirtualvoyage.net	A B C to her hands than her injured foot. # At wits' end, Jae Ha seeks help from Baek Sul, and is treated with a long wait in the
511	1022228	SG	G	koalasplayground.com	A B C have watched, I haven't laughed out loud in a long time, Kim Ha Neul is believable as a teacher that hasn't got a boyfriend and you would
512	1036061	SG	G	dramabeans.com	A B C interesting. Reminds me of an interview he said couple of years back about how Ha Jung-woo's psychopath killer in The Chaser fascinated him. He's not there yet
513	1032446	SG	G	avirtualvoyage.net	A B C to get lost. " Rather than waiting for the answer to come, Jae Ha asks directly, " Perhaps... have you allowed Kim Do Yoon into your heart
514	1036190	SG	G	dramabeans.com	A B C asks if he's heard the rumor about a girl hiding in Genie High. Ha -- now half of me wishes this rumor mill also doubled as a game of
515	1847909	SG	G	tabletennista.com	A B C both players finally achieved success and will be playing in the London Olympics. Seok Ha Jung won against Nanthan Komwong while Sayaka Hirano overcame the North Korean Ri Mi Gyong.
516	1036123	SG	G	dramabeans.com	A B C based on true event.... ok.. that heightens my interest... Bae Doona n Ha Jiwon looks like an interesting pair. thanks for the info/clip/pics. # i love
517	1849060	SG	G	dramabeans.com	A B C don't want to be called an egomaniac. You'll be terrorized. " Ha , I love that this is her convoluted way of saying you're hot.
518	1036116	SG	G	dramabeans.com	A B C while Yoo and Hang finish fhe final test to see who will take over Chun Ha company. Grandpa retires. Yuh and Yoo marry, Yoo becomes President, and
519	1028078	SG	G	tabletennista.com	A B C ##1028078 # Asia dominated the U18 event as Koki Niwa from Japan and Yang Ha Eun from South Korea are at the top of the World Ranking List. However
520	1036127	SG	G	dramabeans.com	A B C he had to do was look under the veil to see that BY had Park Ha 's face. If only wishes could come true...... # it's... an
521	3836363	SG	B	maddinoasylum.com	A B C Ha drink and Ji Ho tells In Ha that it is only fair that In Ha suffer for a year like Ji Ho did. He wants to ruin In Ha
522	1036102	SG	G	dramabeans.com	A B C it was a ghost writer. # Chairman Jin calls an emergency meeting of Chun Ha executives, and Yeo-chi once again proves her merit as she poses a question to
523	1032441	SG	G	avirtualvoyage.net	A B C despite her aching heart. Joon Young also attempts to bake a cake for Jae Ha but her hands and heart naturally thinks of someone else. She reminisces her days
524	3835790	SG	B	dramabeans.com	A B C she was pulling her dress up so she wouldn't trip. # Woah. Ha na kyung... I do feel bad about her fall, but she was just
525	1036050	SG	G	dramabeans.com	A B C he was going to snap a pic of RI and JW in the lift. Ha ! Also, was anybody else shivering along when they saw Seul and Oska's
526	3834279	SG	B	parksihoo4u.com	A B C in YouTube was merely listening to his sexy voice and continuous laughter' Ha, Ha , Ha' and of course looking at his gorgeous face and physique because I
527	3836363	SG	B	maddinoasylum.com	A B C that Ji Ho was the one who framed him so he punches him. In Ha makes the same argument about how much music means to him that Ji Ho once
528	3532679	SG	B	...eauty-box-online.com	A B C shopping for a month and declared he still didn't get my beauty addiction -- ha . # Day 2 Sat Oct 27: Flew from NYC to Tokyo. Just
529	3534924	SG	B	...biesinthedaisies.com	A B C you didn't know I was going to post this here, Mr Lin. Ha ! # Thankfully, Baby Jayne didn't fall asleep in the cab home.
530	1036038	SG	G	dramabeans.com	A B C and sweet, but not so memorable since everything felt rushed. # Ha.. ha ... ha, what a super fast recap. I've just watched the drama
531	1036111	SG	G	dramabeans.com	A B C cut him with his own sword if he comes out any sooner than ordered. Ha . # Hwon says that though he can't give Woon any higher honors,
532	1036057	SG	G	dramabeans.com	A B C mean, people like Secret Garden, even though it's easily the worst show Ha Ji Won has done since she became a big star. But, Secret Garden
533	1036163	SG	G	dramabeans.com	A B C doesn't know! " # Aaaand, Yoon-jae is standing right behind her. Ha . He came to pick her up after his dinner, and joins them.
534	1042705	SG	G	mybeautysky.com	A B C and wrong, and I say to her, but she only answered: Ha ha ha...... " # past rumors that he is gay, Andy Lau says with
535	1036102	SG	G	dramabeans.com	A B C comeback. i think in the end Yoo Bang will win the war against Chun Ha , but by that time the stakes would be so high, I feel Hang
536	3528732	SG	B	onekpop.com	A B C response to the PD's tweet, HaHa tweeted back, " Be quiet! Ha ... It's because I like them! Big Bang! I've always wanted
537	1045198	SG	G	sapa-vietnam.com	A B C headgears including silver chains and bells. There are also many Zay, Tay and Ha Nhi people joining the market who wear less colorful clothes but no less beautiful.
538	1036097	SG	G	dramabeans.com	A B C . # Same here but do nt worry! Nthg is finalized it... even Ha Ji Won has nt confirmed yet. So everythng is like in' maybe'
539	1036093	SG	G	dramabeans.com	A B C for herself. She's jjang! # It just make me remember about how Ha Ji Won acted with Jang gen Seuk (when he is a new comer)
540	1021830	SG	G	joonni.com	A B C But I could just stare at his screen shots and drool over them. Ha ha ha! # Thanks, Jooni, for indulging us (romantic fools) as
541	1036194	SG	G	dramabeans.com	A B C was wondering, " What's that about? Where are they headed? " Ha . I guess their " great inheritance " nature trip should show a bit more
542	1036121	SG	G	dramabeans.com	A B C character. both his Shining Inheritance and Gumiho characters are just ignorant, but Jae Ha isn't. right from the first episode, you can tell his character will be annoying
543	3533191	SG	B	...ookiesandcandies.com	A B C at this point I do not watch this programme anymore... promise:) # Ha Ha love this post, I suppose we don't really think about it,
544	3835799	SG	B	dramabeans.com	A B C " The owner of the house I lived in was a total jerk. " HA . # Go-dong gets an earful from a shouty Lee Joon when he finds Kang-hwi
545	1036095	SG	G	dramabeans.com	A B C of the murder rumors circulating around, which only spells bad news bears for Chun Ha . To top it all off, Hang-woo ends up on the news, and
546	3537505	SG	B	spcnet.tv	A B C . Bak Fu has to find evidence to rescue others himself. # 23. Ha Hou Yong -- Yeung Ming He is a boorish general who is interested in Ting
547	1029082	SG	G	...ledicko.blogspot.com	A B C (Hah Su Hiang), Amin (Ha Fu Kong) and Hussin ( Ha Hun San). The first 3 named brothers left Guangdong in the middle of
548	3527124	SG	B	...ngkeunsukforever.com	A B C it up by watching YAB a million times up to now. # Watching In Ha struggling with his love and inner self, frustrated and broke my heart!!
549	1045198	SG	G	sapa-vietnam.com	A B C spend few hours to join local for a life experience. # 2 -- Bac Ha Market Opened every Sunday at the center of Bac Ha township, this is the
550	3526835	SG	B	ieastasia.com	A B C can not afford to buy their homes. # According to Chung-Ang University Professor Seong-Kyu Ha 's in " The Urban Poor and Housing Regeneration in Seoul, " home ownership
551	3535952	SG	B	nicefood.org	A B C I think forever concubinage goes down, meet each other be cherished more so. Ha , the person that does not know, ask oversight to breath out. Attractive
552	1022022	SG	G	keisbay.blogspot.com	A B C think of it, I've never paid for any concerts my whole life. Ha . I wasn't only hyped up about seeing Yunho and Changmin in the flesh
553	1020941	SG	G	...ebaking.blogspot.com	A B C I touched the surface a little (mine rough hand can stand the heat. ha ha!), it was pretty soft and in fact looked " beautiful "
554	1045198	SG	G	sapa-vietnam.com	A B C to spend few hours earlier to see the people along the trail to the Bac Ha Market. It is worthwhile to spend at least a day and night here to
555	1032447	SG	G	avirtualvoyage.net	A B C one desiring to express their inner feelings. Do Yoon steals her wrist from Jae Ha . Having enough for the day, she wriggles out of his grip, looks
556	1032446	SG	G	avirtualvoyage.net	A B C that Joon Young is fired, she's cleaning up all her stuff when Jae Ha drops by and offers to help. While he's busy packing her stuff,
557	3537927	SG	B	...ehungryexcavator.com	A B C fact, I still prefer eating Koroke (Japanese croquettes) more than this... Ha . # Now, this was actually my first time eating Hapuka (from the
558	1036208	SG	G	dramabeans.com	A B C they have well. # 2.2.1.3 reeen November 26th, 2012 at 2:48 pm # Ha ! I'm also helping to sub this drama (although I just try to
559	1036093	SG	G	dramabeans.com	A B C 'm not exactly a Lee Seung Gi fan (although, between him &; and Ha Ji Won, he's definitely the reason I'd even consider watching THE KING
560	1032440	SG	G	avirtualvoyage.net	A B C i want to know the instrumental song in EP 15 when lee gak following park ha , and the instrumental song in EP1, when bu yong firstly appear with masker
561	1022228	SG	G	koalasplayground.com	A B C being really fascinated in seeing how he intersects with what we know of how Yi Ha Eung will become Heungseon Daewongun, the father of the Emperor Gojung. I'm
562	3527287	SG	B	joonni.com	A B C 10 more in anticipation of future breakage thank you again for saving my life ha ha ha # hehe... i know, so sorry nutty... i have been searching
563	3528940	SG	B	...ephilia.blogspot.com	A B C concours around the globe. # Chopin also fared well. South Korea' s Ha Gyu Tae (15) lent gravity and solemnity to the C Minor Nocturne (
564	1030573	SG	G	apec.org	A B C 2010. # 2006 - Ha Noi, Viet Nam APEC Economic Leaders endorsed the Ha Noi Action Plan which identifies specific actions and milestones to implement the Bogor Goals and
565	3538788	SG	B	zitseng.com	A B C cyclists should think about educating themselves first, before they go make a big hoo ha about the plight they are in. # I don't cycle anymore. I
566	3535356	SG	B	maddinoasylum.com	A B C Jumpie, runs off to his fancy CF and he totally botches his jump. Ha ! Ha! I mean he's devastated and I'd never laugh at his
567	1040654	SG	G	...rningkeepsmiling.com	A B C eat if he has to do it Hope you try out soon. # A ha ! Very clever. I've never actually bought a whole pineapple as I did
568	1049544	SG	G	tremeritus.com	A B C the nation wants to move forward with for the foreseeable future. # Ha ha ha you want us to buy your book? Hello, you were a dog.
569	3524975	SG	B	...ice-rentals.5ver.com	A B C Ranked 4.39 / 5 5895 views 0 comments WARNING: Mild Nudity (ha Ha Ha.... just Self-tanning) # since asked how to apply self-tanner: here we
570	1022924	SG	G	michael.otacoo.com	A B C the questions I got, well there were a lot of things about failure and HA , nothing really on performance or feature: # What to do if you have
571	1032441	SG	G	avirtualvoyage.net	A B C , not knowing that he follows her back home as well. She meets Jae Ha again, thinking that maybe they could rekindle their love. In Joo apologizes for
572	1026580	SG	G	sg.tripzilla.com	A B C Chau Island for lunch. After lunch, return to Ha Noi and arrive in Ha Noi at 16.00 p.m. Overnight in Hanoi. Day 5 Hanoi - Singapore (
573	1036206	SG	G	dramabeans.com	A B C is aware, as he also happens to be a person in this business. Ha . I love CP Nam for sticking to his guns, and I love Anthony
574	3836363	SG	B	maddinoasylum.com	A B C 's nice it see Rich Mommy on the defense. # Ji Ho confronts In Ha about the music and show In Ha the evidence that he didn't use last
575	1022214	SG	G	koalasplayground.com	A B C love for Han Kang (not to mention, the actor as well, nya ha ha). I was also amazed at Lee Yo Won as she has the
576	1036128	SG	G	dramabeans.com	A B C , except that I was grousing why they didn't give us a shot of HA lying in JH's arms. First shot in that scene showed her sitting bolt
577	1036128	SG	G	dramabeans.com	A B C my mouth was agape and I was holding my head, hahaaaa. # When HA was working out in the prison I was enthralled! HJW's so badass!
578	1028061	SG	G	tabletennista.com	A B C Kim Kyung Ah, another South Korean paddler showed promising results and she is Yang Ha Eun. In Spain, Yang Ha Eun reached the finals before losing against her
579	3529532	SG	B	sengkangbabies.com	A B C . # Through outdoor activities like kayaking, wall climbing, and even campfire. HA hopes to build up confidence, independence, resiliency and leadership skills into the young
580	3833826	SG	B	koalasplayground.com	A B C version of 7th Level Civil Servant (a remake of the movie version with Kim Ha Neul and Kang Ji Hwan, though the drama version went through multiple names such
581	1051758	SG	G	witching-hour.net	A B C are in for a treat... You guys are in for a surprise! Ha ha ha... (I must be getting delirious) Read More # Folks, if
582	1036164	SG	G	dramabeans.com	A B C with him: " You know he really doesn't lift a finger? " Ha . She says Yoon-jae will still be sad to know he's moving out,
583	1036128	SG	G	dramabeans.com	A B C keeps going. She keeps fighting. Just a thought of being enveloped in Jae Ha 's reassuring arms was enough for her because " they give each other the strength
584	1017313	SG	G	blog.ningin.com	A B C most popular dramas in 2010-2011 was " Secret Garden ". Starring Hyun Bin and Ha Ji Won, the drama took home numerous awards as well as the hearts of
585	1036128	SG	G	dramabeans.com	A B C with live recaps again. # I love how JH helped himself into bed beside HA . =) # TK2H has such awesome characters -- HA pretty much helped to
586	3837243	SG	B	valuebuddies.com	A B C will likely underperform, whereas stocks are driven mainly by fundamentals. # Ha! Ha ! i beg to differ. i think the social-economical &; political climate of a
587	1036128	SG	G	dramabeans.com	A B C you too' kiss is better than an all consuming passionate kiss like JH and HA . She needed confirmation, and he needs to try to get over his hang-ups
588	1036127	SG	G	dramabeans.com	A B C sense b/c there was still a murder to solve. AND then we have Park Ha . There seems to be some implication with the costume changing that she was "
589	1036045	SG	G	dramabeans.com	A B C " What? That means we can't kiss for a whole week? " Ha . # Ra-im wonders how he ever endured all this time NOT kissing her,
590	1022023	SG	G	keisbay.blogspot.com	A B C bike, pedalists obviously struggling (and obviously Singaporeans) and yet spouting Korean. Ha . Very fun.
591	1036104	SG	G	dramabeans.com	A B C a heart (although we knew this before), she wonders if having Chun Ha destroy a small company like Paeng Seong is really the right thing to do.
592	1046101	SG	G	smallworldgroup.com	A B C not a time machine so that my mistakes can not be written about tomorrow. Ha ! # On Friday, December 9, 2011, Small World Group Incubator received
593	3836363	SG	B	maddinoasylum.com	A B C In Ha the evidence that he didn't use last year. He tells In Ha to come to a press conference and admit that Ji Ho was innocent last year
594	3525285	SG	B	dinoseoul.com	A B C album under the company). Yesterday and today, YGE also released photos of Ha Yi (one for every number in her new track) for her upcoming album
595	1036179	SG	G	dramabeans.com	A B C thinks so too... until he pulls out his birthday gift: BB cream. HA . # I'm afraid he's going to pulverize his roommate but Eun-gyul aegyo
596	1036089	SG	G	dramabeans.com	A B C My favorite was the kind gangster Hwang Yong, played by the awesome Jo Sung Ha . How can you not like a loan shark who gives you candy and love
597	1036127	SG	G	dramabeans.com	A B C lot yesterday, today though I was too sad to even be happy for Park Ha . # OH gosh.. its over.. No more episodes!!! the
598	3834063	SG	B	mmaphil.com	A B C top contender in the PXC. # Despite his accomplishments as a coach, Coach Ha remains down to earth, friendly to everyone he meets, fatherly to his students
599	1021830	SG	G	joonni.com	A B C I could just stare at his screen shots and drool over them. Ha ha ha ! # Thanks, Jooni, for indulging us (romantic fools) as well
600	1036128	SG	G	dramabeans.com	A B C vulnerable in front of is waiting for her with open arms. Brilliant acting from Ha Ji-won (and Seung-gi!) in this scene. # Yes, yes,
601	1036217	SG	G	dramabeans.com	A B C : " I can't lie either. " He puts her at gunpoint ( ha ) and repeats himself -- is she armed? # She turns her back towards
602	1032446	SG	G	avirtualvoyage.net	A B C parents' house? " She doesn't think it's possible. # Jae Ha turns around to leave and that's when Do Yoon emerges from the shadows.
603	1036028	SG	G	dramabeans.com	A B C ? It's worth it just for the ridiculous expression on Hyun-seok's face. HA ! # Affronted, Ji-won sputters that he's the sunbae (and therefore deserves
604	1850241	SG	G	rdasia.com	A B C Syal has written two best-selling novels, Anita and Me and Life Isn't All Ha Ha Hee Hee, the first of which became a major film and the latter
605	1042716	SG	G	mybentolicious.com	A B C Little A. The size just perfect for their lunch portion. Love it! # Ha ! You just had an hour and a half and you were worried? That
606	1036194	SG	G	dramabeans.com	A B C 's actually excited that this means they get to see Seung-woo in action again. Ha . # girlfriday: Hee, they're not the only ones. # javabeans
607	1036127	SG	G	dramabeans.com	A B C slight changes in the past, that the " future ", a.k.a. Park Ha 's " present " would have changed, and she wouldn't have remembered Yi
608	1046278	SG	G	spcnet.tv	A B C up and acted stupidly by begging Joon Sang to leave Yu Jin. Park Yong Ha really needs a different hairstyle and a new wardrobe stylist. Throughout the series,
609	1036104	SG	G	dramabeans.com	A B C is the only somber one at the table, torn between her loyalty to Chun Ha as an employee and her friendship to Bang. # Woo-hee and Yeo-chi run into
610	3527516	SG	B	koalasplayground.com	A B C day, her loyalty is still with Eun Gi) # It wasn't Joon Ha . He was the one who decided to lie to Eun Gi in the first
611	3836076	SG	B	hellokpop.com	A B C cute kangaroos! Or Even go over seas and party like it's 1999! ha ... and go cray cray? anywhere will be amazing! # But going on
612	1036191	SG	G	dramabeans.com	A B C . What a riot that the Doc goes off to find his thing in fashion- ha ! This was 16 episodes of just plain kdrama cuteness. Probably not one that
613	1047857	SG	G	techinasia.com	A B C admit I bought my friends (I'm like a frat guy in a way HA !) Nobody is going to join your page if you have 2 fans,
614	1036049	SG	G	dramabeans.com	A B C and I, as viewer) certainly DID N'T. And neither did RA-IM via Ha Ji won. LOL # Also, I now hate that drugged wine! arrgghh
615	1036121	SG	G	dramabeans.com	A B C SK chooses the North Korean agent, over his fellow South Korean. I love Ha Ji Won, been a fan of her for years, even before Secret Garden
616	1036116	SG	G	dramabeans.com	A B C besiege Wei to rescue Zhao', which is used against an enemy (Chun Ha ) that is too strong to be attacked directly. They'll find a gap
617	3527281	SG	B	joonni.com	A B C and often says' since when did i get a Korean wife?'.. HA ! I also love the fact that he still calls me' my Imja'
618	1032441	SG	G	avirtualvoyage.net	A B C I'm Go Joon Young's boyfriend. " He says that to spike Jae Ha into action but the latter simply sneers and turns around. Do Yoon wonders where
619	1028595	SG	G	...monger.wordpress.com	A B C really didn't want them to know that their daughter was a lovesick puppy. HA !). # And so, we spent the very best times with each
620	1036103	SG	G	dramabeans.com	A B C it, and she's able to sneak the data out by flashing her Chun Ha badge. # Once she's home, she places a call to Yeo-chi.
621	1032446	SG	G	avirtualvoyage.net	A B C sorry. " # On their way back to Joon Young's house, Jae Ha wonders where Haemil is since he hasn't gone to any of his cooking events
622	3535362	SG	B	maddinoasylum.com	A B C hands and make pretty music. # Deeno: Or Ji Ho can watch In Ha dig his own grave with his false promise to cut costs for 1000 pianos in
623	1036166	SG	G	dramabeans.com	A B C Eun-oh: " If you're that curious, come when I die! " Ha . It's funny, but don't tempt the reaper! # But then
624	1850321	SG	G	sashafarina.com	A B C eat them everyday if I somehow figure out how not to gain 500 lbs? Ha ! Do you see butterflies? LOL. They're not only on my scrapbook
625	1036014	SG	G	dramabeans.com	A B C the angst factor =) # I've seen most of the recommended list. Ha ! (maybe since I've frequently used your list to pick dramas XD)
626	1036092	SG	G	dramabeans.com	A B C , " CUT! " and berates Ri-an for not being able to cry. HA . Is this the drama version of Sam-dong's life? Yup. Someone drops
627	3837243	SG	B	valuebuddies.com	A B C property market will likely underperform, whereas stocks are driven mainly by fundamentals. # Ha ! Ha! i beg to differ. i think the social-economical &; political climate
628	3535360	SG	B	maddinoasylum.com	A B C signs over the company, but decides to keep building his piano. # In Ha wishes that Da Mi was his girlfriend. # Awesome Mommy tries to go on
629	1045198	SG	G	sapa-vietnam.com	A B C night. The market is right on the hillside near the main road between Bac Ha and Can Cau with some thatched huts where at the corner they tie animals.
630	1049595	SG	G	tremeritus.com	A B C two company decide to ask for demand better pay and they carry guns... # HA HA HA. Ask the supermarket go and settle la. The frog is deaf
631	1046286	SG	G	spcnet.tv	A B C act in similar roles due to this. # 9. Ma Chun Yau - Ha Yu He is Hang Nam's husband. I don't think Hang Nam deserves
632	1036095	SG	G	dramabeans.com	A B C crazy person while 98% of Yeo-chi's words are bleeped out in the background. Ha . # At least Hang-ryang feels remorse for Ho-hae's accidental murder, as his
633	1036107	SG	G	dramabeans.com	A B C do at school that the teachers are glad you'll be attending less? " Ha . # The manager warns that if they break rules, they'll find more
634	1036180	SG	G	dramabeans.com	A B C most no-logic story line went pass me kekeke (only realised after reading your recap ha ha) # BUTTTTT this and that said, I REALLY AM ENJOYING the drama
635	1036178	SG	G	dramabeans.com	A B C her looks (a limitation of subbing perhaps) I took it that she meant Ha Nas best expression of herself is on that floor and to fight for it #
636	1036116	SG	G	dramabeans.com	A B C accounting under such scrutiny, and that they'll settle their deficits by selling Chun Ha stocks to institutions abroad. We cut straight back to Bang's team working through
637	1036194	SG	G	dramabeans.com	A B C face all marked up in red and black: He's a trauma patient! Ha . It's funny because it's unexpected. # girlfriday: Okay, Tae-woong
638	1016669	SG	G	...reanson.blogspot.com	A B C start a blog dedicated to helping Newbies from the Red Dot to settle down.... HA HA # I have just submitted my application for class 175. I wonder which
639	1850677	SG	G	streetdirectory.com	A B C , like a sheik Party Monday through Sunday, every day of the week # Ha , I take life in the fast lane zoom And the joint don't pop
640	3535366	SG	B	maddinoasylum.com	A B C murder, stole a company from, and ruined the career of. # In Ha 's fiance dumps him. Finally, a decision that makes sense! # In
641	1050975	SG	G	ura.gov.sg	A B C located within the Jurong Gateway precinct. With a total land area of about 70 ha , the Jurong Gateway precinct will be the biggest commercial hub outside the city centre
642	1049544	SG	G	tremeritus.com	A B C direction the nation wants to move forward with for the foreseeable future. # Ha ha ha you want us to buy your book? Hello, you were a dog
643	1847243	SG	G	mydramalist.com	A B C two I haven't watched) Great article! # I still see Gu Yong Ha as a second choice to a second lead, lol. If Moon Jae Shin
644	1028604	SG	G	...monger.wordpress.com	A B C really didn't want them to know that their daughter was a lovesick puppy. HA !). # And so, we spent the very best times with each
645	1036128	SG	G	dramabeans.com	A B C that long. Mia walks into the room, and minion starts crying instantly. Ha . # Shi-kyung and Dong-ha are hiding outside the compound, and Dong-ha worries about
646	1036027	SG	G	dramabeans.com	A B C lined up. She shows him the picture and he falls for her instantly. Ha . This scene is as much to show the change in Kang-sook as it is
647	1036127	SG	G	dramabeans.com	A B C didn't have to wait long in his time to pop up again in Bak Ha 's time. # Or what about if Yi Gak's consciousness gets swapped with
648	3525141	SG	B	...uisebaitulongbay.com	A B C overnight in your simple draft house just above the water. Day 2: Lan Ha Bay -- Cat Ba Island -- Hanoi (B/L) Am: Coffee and breakfast
649	1850321	SG	G	sashafarina.com	A B C those cupcakes looks AMAZING!! I'll take a dozen;) Ha, ha :) # OMG! SO much to comment on... First I hope your
650	1032441	SG	G	avirtualvoyage.net	A B C , until Do Yoon calls him outside for a quick talk. He gives Jae Ha the address to Joon Young's hospital. Aw. You fool! Why did
651	3834063	SG	B	mmaphil.com	A B C ? We spoke the very next day they arrived in Manila, and while Coach Ha begged off a formal, sit-down interview, he obliged in chatting with us.
652	1036128	SG	G	dramabeans.com	A B C twists plucked from thin air or limping along due to insufficient plot. # When HA was shot, I really thought that she was going to die. It was
653	3835796	SG	B	dramabeans.com	A B C , and they all mill about for handshakes. Tae-hyun... hugs his armpits? Ha , they must be friends. # javabeans: Okay, Shi-kyung must really be
654	1032447	SG	G	avirtualvoyage.net	A B C 's only a hurt girl in this house, no one in the name of Ha In Joo. # Impatient, Doo Hee searches for her daughter and finds In
655	3535363	SG	B	maddinoasylum.com	A B C or help him. # 07:33 Da Mi decides to starve herself. # In Ha tells Rich Mommy to stop worrying about the company and start taking care of her
656	1036205	SG	G	dramabeans.com	A B C years, the formerly tear-less Anthony has found himself randomly assailed with crying fits. Ha , he would think it was random, though the doctor points out that whenever
657	3525141	SG	B	...uisebaitulongbay.com	A B C to the Southern end of Halong bay to anchor in the tranquil beauty of Lan Ha , away from the overcrowded water area. Learn some basic paddling techniques, then
658	1030573	SG	G	apec.org	A B C trade transaction costs by a further five per cent by 2010. # 2006 - Ha Noi, Viet Nam APEC Economic Leaders endorsed the Ha Noi Action Plan which identifies
659	3835796	SG	B	dramabeans.com	A B C that if he does well, it'll ruin his " character " persona. Ha , is that to lower our expectations? Though Su-geun quips that they have plenty
660	1050559	SG	G	twnside.org.sg	A B C project. Over 10 years they planted more than 550,000 trees and reconstructed about 850 ha of terraces and 173 ha of drainage and infiltration canals. The end result is
661	1018875	SG	G	dougleschan.com	A B C will not go wrong from joining Linkedin. # 4) Using Email Marketing -- Ha !! This is my favourite because I have used this over 20 years and
662	1016795	SG	G	baccaratforums.com	A B C my real pet peeves with Ellis who equates the 25% profit as proof that the HA is much greater than the 1.2%. If he can't understand this relationship how
663	1036215	SG	G	dramabeans.com	A B C doors in anger and frustration!! What's next for JCW after this? Ha , not telling... # And speaking of which, I got ta get back
664	1032442	SG	G	avirtualvoyage.net	A B C to fight but to protect her mother from President Baek's scheme. " Jae Ha : " You crazy bastard! You knew everything but you still push her to
665	3533387	SG	B	cruzteng.com	A B C call in most incidences and didn't screw up on my first adventure there. Ha .
666	3536900	SG	B	sashafarina.com	A B C sticking them everywhere. In the car, maybe? Will Sam freak out? Ha ! I also misted a couple of the plain journaling cards - for fun.
667	1016220	SG	G	asia.cnet.com	A B C new models throughout 2012 and hopefully updating this FAQ more than once per year ( ha !). In the meantime feel free to add a
668	1036045	SG	G	dramabeans.com	A B C son, because if they're not together, he might die of lovesickness. Ha . # He tells Mom that she doesn't have the right to fire Ah-young
669	1050171	SG	G	tripadvisor.com.sg	A B C time around. Just not in the room where we broke the sink. Ha ha . # Room Tip: Get higher floor if possible. Suites are much nicer
670	1036117	SG	G	dramabeans.com	A B C replying that it was the " chairman " of his neighborhood morning soccer club. HA . Crisis temporarily averted. # Bang writes a secret message to Moon-soo after seeing
671	1036092	SG	G	dramabeans.com	A B C in time, and he goes flying into the glass window like a pancake. Ha . JB gives her a smile. # COMMENTS # In some respects it's
672	1022228	SG	G	koalasplayground.com	A B C are cringe-inducingly ridiculous, and the ladies fare no better. # This is Kim Ha Neul's second outing in a Kim Eun Sook drama, and it speaks volumes
673	3522860	SG	B	...ncemore.blogspot.com	A B C and replaced it with " Ya Majid " by adding the dot under the' ha of Muhammad to make itjim and two dots under the second mim of Muhammad to
674	1024082	SG	G	parksihoo4u.com	A B C ) is a PSH fan, or does he even have one? Ha! Ha ! # Of course JJY's acting is superb in COM, as always.
675	3537505	SG	B	spcnet.tv	A B C She is beside her at all times. # 8. Wah Hung San -- Ha Yu He is a wealthy and kind to make donations but is a timid merchant
676	3532574	SG	B	avirtualvoyage.net	A B C ladies in the same place!), accompanied by Thai Actor Mario Maurer. Ha . It's so random pairing these two together. They exchanged a friendly conversation
677	1017289	SG	G	blog.ningin.com	A B C be one-upped Jay, because Leehom actually went to Africa on a missions trip! HA ! His handwriting is so childish. Lol. I'm lucky my parents were
678	1036167	SG	G	dramabeans.com	A B C Emperor explains that he's developed a tea whose taste expresses one's emotions ( ha , mood rings and now mood teas?) -- so if Mu-young doesn't
679	1035997	SG	G	dramabeans.com	A B C but I suppose she's there to give some promise of a happy ending for Ha Rim. She brings up the fact that Ha Rim's family is going through
680	1020948	SG	G	...ebaking.blogspot.com	A B C when I took out my tart... I felt like a great baker! ha ha .. It taste just right if you eat the' 3-layers' together. Unfortunately
681	3528720	SG	B	ohwailywaily.com	A B C am looking for inspiration from these sporty types, and also need to know everything ha ha.. I have just finished a set of novels, so this month is
682	3835604	SG	B	buy-diablo3-item.com	A B C navigation Diablo 3 equipment system analytic give you hope to teach you live # Ha ha after two are suction eye, thank you for inclusion, finish writing this
683	1036166	SG	G	dramabeans.com	A B C you really okay? Okay then, " and socks him in the gut. HA . For kissing her? He pulls the CPR card on her again and she
684	3522536	SG	B	1023rs.com	A B C member of 1023? what are requirements? i'm really a big fan of ha ji won i've watch all her movie and drama i admire her so much
685	1022197	SG	G	koalasplayground.com	A B C birthday, and herald many more birthdays to come. # To Seung Jo and Ha Ni -- thank you for sharing such a delightful love story with us. Re-watching
686	1045198	SG	G	sapa-vietnam.com	A B C every Thursdays. It is not as big and colorful as the markets in Bac Ha and Muong Hum and crowded on some moths from September to April but is worth
687	3535665	SG	B	mrbrown.com	A B C but felt that it was nice to hear them anyway! " # Ha, ha !. Happy 47th National Day! # Not many haha-ed with him and told
688	1036097	SG	G	dramabeans.com	A B C another drama role, but I'm not sure if I can see him and Ha Ji-won being all romantic &; comedic with one another. Well, this is,
689	1026580	SG	G	sg.tripzilla.com	A B C overnight in Imperial Junk Boat. Go fishing. Day 4 Ha Long Bay - Ha Noi (Breakfast / Lunch) Breakfast. Keep cruising. Visit the VAGIA floating
690	1036129	SG	G	dramabeans.com	A B C him, stands up, and pins him down in all of three seconds. HA . # She introduces herself as the king's fiance, and then leans in
691	1036118	SG	G	dramabeans.com	A B C lol He used his higher status in the company to order her around (she ha to call him everyday early in the morning!) and asking for hugs with
692	3835796	SG	B	dramabeans.com	A B C was angling for Jong-min instead. Then it's the OB's turn, and HA , it's over super-quick. Jong-shin actually goes on the attack right off the
693	1021665	SG	G	...ngkeunsukforever.com	A B C with your Mom for the rest of your life, single and alone. # ha ha Libby not when he is 50 years old... he needs to produce an
694	1040918	SG	G	koreaboo.com	A B C artists. # So why exactly did U-Kiss switch members? After " Man Man Ha Ni, " their hits started to go down once more. " Round and
695	1036093	SG	G	dramabeans.com	A B C guys doesn't need to do this,....: # LOL some of Ha Ji Won's fans, Jo In Sung's fans, Cha Seung Won's
696	3527517	SG	B	koalasplayground.com	A B C wants to know but he can not ask because he will be hurt if Joon Ha says Eun Gi is alright. Maru then says that he'll be hurt if
697	3527287	SG	B	joonni.com	A B C ordered 10 more in anticipation of future breakage thank you again for saving my life ha ha ha # hehe... i know, so sorry nutty... i have been
698	3834063	SG	B	mmaphil.com	A B C are late, they are punished. More so for the professional fighters. Coach Ha still punishes his fighters the traditional way, by flogging them. (Cultural differences
699	3836112	SG	B	...owdownloadmovies.com	A B C came out... Kennedy: I know! SC: 18 April. Kennedy: HA ! How do you know that!? " When I was " Son of
700	1024424	SG	G	...le-eats.blogspot.com	A B C tried to do the same and ended up splattering some sauce on my shirt. Ha ha! What was I thinking? --' # chewy and springy well cooked
701	1036176	SG	G	dramabeans.com	A B C Joon! and I also liked the scene with the porn magazines!! lol ha that was funny! still, she doesn't get it!!! duh
702	1022230	SG	G	koalasplayground.com	A B C . Sometimes I have to write things out to wrap my brain around them ha ha . Ahhh I was starting to hope and look forward to the whole him forgetting
703	1036163	SG	G	dramabeans.com	A B C Dad admits now that he always thought Yoon-jae one marble short for marrying Shi-won. HA . # Mom still fawns over Joon-hee, asking if he's married yet and
704	3530007	SG	B	...ypolar.wordpress.com	A B C Pants and I chose Spread My Cheeks. # Looks like I guessed correctly ha ha ! # After dinner Redhead brought us to a nearby?????
705	1036097	SG	G	dramabeans.com	A B C soon removed by them. So it looks like it's another rumor. # Ha ji-won is a great actress and she creates wonderful chemistry with her on-screen partners.
706	3527287	SG	B	joonni.com	A B C (funny, cute and pointy), Damo (sageuk, beautiful-sad and has Ha Ji-Won from Secret Garden and plus I love the male lead character, Hwangbo Yoon
707	3533187	SG	B	...ookiesandcandies.com	A B C drool) too! This are the times when a girl dream of having stilettos ha ha.I wish I could steal them in better price like you do. # You
708	3533601	SG	B	dramabeans.com	A B C tells them, " We're clapping because we don't understand either! " HA . # The group is divided into two teams (Hyun-jin, Jong-kook, Gary
709	1036038	SG	G	dramabeans.com	A B C really cute and sweet, but not so memorable since everything felt rushed. # Ha .. ha... ha, what a super fast recap. I've just watched
710	3834624	SG	B	shannenprijatna.com	A B C reading: they always tell me that IB will be more relaxing than university. HA BIG JOKE. My business studies book that we use for one semester this year
711	3538397	SG	B	...heresidewalksend.com	A B C ... if the guy knew me, this would be an AWESOME first date! Ha ha ha ha Pam recently posted.. 4 Apps to Keep You Connected While Travelling
712	1036174	SG	G	dramabeans.com	A B C there's gon na be plenty of bloody torture with body-count by the end. Ha , I was going to try my best to ignore this drama since hearing about
713	1036118	SG	G	dramabeans.com	A B C seems like he's helping to man the helm of a sinking ship. Chun Ha in certainly in crisis mode, and if they don't come up with ten
714	1036121	SG	G	dramabeans.com	A B C ... Idk why but this episode did NOT help me in getting to like Jae Ha 's character. I was actually hoping for him to do more to earn her
715	3531529	SG	B	utwt.blogspot.com	A B C to men who don't have balls? # Of course not. # HA HA HA you, you pathetic losers. Foreign men are continue to come to
716	1048037	SG	G	telecomasia.net	A B C only a fool would trust a five-nines High Availability network with it. # Ha ha . # So I suppose the outcome could have been very different in the end
717	1038710	SG	G	grooveasia.com	A B C in new series THC2 and the crew is collaborating with the HK Hospital Authority ( HA ), so it is very likely Candy will be taken out of the case
718	1030573	SG	G	apec.org	A B C 2010. # 2006 - Ha Noi, Viet Nam APEC Economic Leaders endorsed the Ha Noi Action Plan which identifies specific actions and milestones to implement the Bogor Goals and
719	1045198	SG	G	sapa-vietnam.com	A B C . # 2 -- Bac Ha Market Opened every Sunday at the center of Bac Ha township, this is the biggest ethnic market in Lao Cai Province and probably among
720	1036127	SG	G	dramabeans.com	A B C and kept Yi Gak in her heart for he was as an individual. Park Ha instantly falling for Tae Yong because of the Yi-Gak reincarnation felt a bit cheap.
721	3833824	SG	B	koalasplayground.com	A B C she knows the other driver is Maru. She asks whether Secretary Hyun, Joon Ha , and Maru have all been together in lying to her? # Maru happily
722	3535363	SG	B	maddinoasylum.com	A B C comes first. # 08:10 Ji Ho tells Stalker that he is going after In Ha next. Stalker leaves after finding something out of the phone. # Ji Ho
723	3529859	SG	B	shellybryant.com	A B C secondary to the preaching. That is, sadly, often the case with Bene Ha Elohim. There are, in addition, some awkward points caused by typos and/or
724	1036097	SG	G	dramabeans.com	A B C the role as one of the earlier choices. Seeing him acting with the fabulous Ha Ji Won would be a dream but perhaps the timing wasn't right plus the
725	3529859	SG	B	shellybryant.com	A B C about where the Nephilim came from, taken as fact in the world of Bene Ha Elohim. Those creatures get a mention in the Old Testament, but without elaboration
726	1051758	SG	G	witching-hour.net	A B C in for a treat... You guys are in for a surprise! Ha ha ha ... (I must be getting delirious) Read More # Folks, if you
727	1849073	SG	G	dramabeans.com	A B C again, after all that couch hanging and watching Gilmore Girls with my mom, ha . # Agreed! I think the recaps for FBRS were the ones I was
728	3832445	SG	B	asiancrunch.com	A B C the chance to pick up a few tricks. She also said that working with Ha Man Jik was very pleasant. Although she could be her daughter, they had
729	3535359	SG	B	maddinoasylum.com	A B C stalker that will bring ruin to himself and all his loved ones. # In Ha finds out that Ji Ho found a key in the piano. He realizes that
730	3836071	SG	B	hellokpop.com	A B C , Juniel at present is in a cutthroat competition against the other outstanding rookies Lee Ha Yi and Ailee. With an approval rating of close to 40%, it has
731	1033318	SG	G	...autysketchbyjacq.com	A B C I prefer the dropper-oil type of fast-dry products. # Naruko, Rose and Botanic HA Aqua Cubic Makeup Removing Oil Cleansing Oil - Okay - At first I really hated
732	1032442	SG	G	avirtualvoyage.net	A B C of parental love and care. Their conversation is interrupted with a call from Jae Ha . # Meanwhile, Baek Sul meets with Manager Cha at the Ministry of Food
733	1040106	SG	G	itslynnykansas.com	A B C food critics or something because I was annoying Graham by taking pictures of the food ha ha! (That's all your fault Stephanie!) Anyway, it was
734	1041500	SG	G	maddinoasylum.com	A B C she did it too and takes Ji Ho's side. Rich Mommy confronts In Ha about the stolen pianos. He tells her that he knows Ji Ho is her
735	1036127	SG	G	dramabeans.com	A B C saw blossom was between Yi Gak and Park Ha and not Tae Yong and Park Ha . The memories created by them will not carry over to Tae Yong, which
736	3527517	SG	B	koalasplayground.com	A B C Joon Ha, who arrives to pick her up from the river banks. Joon Ha takes Eun Gi to a hotel and she asks him to stay and keep her
737	1036046	SG	G	dramabeans.com	A B C they've learned quite some stuff for themselves. I just love Hyun Bin &; Ha Ji Won's couple in the drama that I sometimes find the parts with Oska
738	1848732	SG	G	cengti.com	A B C . Just to see a weight loss articles and paste them to share with you Ha ! # weight loss is not thin down the three key: # Reason One
739	1036095	SG	G	dramabeans.com	A B C in their grasp, Chairman Oh gives Hang-woo the okay to proceed in bringing Chun Ha down. Now that Hang-woo's successfully completed a murder cover-up, he's free
740	3529859	SG	B	shellybryant.com	A B C otherworldly beings and happenings might intersect with events in our own physical world. Bene Ha Elohim is all about this sort of interaction. In this sense, it is
741	1036096	SG	G	dramabeans.com	A B C or less forced to reluctantly accept Hang-woo. # And just like that, Chun Ha 's stocks begin a meteoric rise. Hang-woo's only complaint is that both he
742	1036056	SG	G	dramabeans.com	A B C , Ha Ji-won? # While I don't think Sohn will be going the Ha Ji-won Kickass Heroine route, she will be playing something different from her repertoire of
743	1032441	SG	G	avirtualvoyage.net	A B C bed empty. He rushes outside and drives off. This is also when Jae Ha comes to the hospital and receives Do Yoon's call about Joon Young's disappearance
744	1028873	SG	G	...paholic.blogspot.com	A B C these Molton Brown stuff - Handwash, hand lotion, shower gel and all. Ha ! One more tip - If you are staying outside the EU like me,
745	1036004	SG	G	dramabeans.com	A B C ), the atmosphere of the series -- which is one strike against it ( ha , pun), but those should be tolerable if the story rises above those
746	1036050	SG	G	dramabeans.com	A B C at the hearts, and Oska retaliates by signing the document like an autograph. Ha . # They head to Joo-won's house first, to decorate his room for
747	3527124	SG	B	...ngkeunsukforever.com	A B C be such a Noble Idiot. LOVE is all fair and game. If In Ha does as I said, then LOVE RAIN would never existed. # LOVE RAIN
748	1036116	SG	G	dramabeans.com	A B C such a questionable woman, and shoves her aside to give Hang-woo the bag. Ha . I love this girl. # He orders all the women out, and
749	3523144	SG	B	...reanson.blogspot.com	A B C our own opinions on the matter. # Nix - Thanks for your reply! ha may be abit of exam talking but in physiotherapy our lecturer tells us that newspapers
750	3834063	SG	B	mmaphil.com	A B C for the realization of your dream. " What is your goal? " Coach Ha asks.
751	1050819	SG	G	twnside.org.sg	A B C used, most pests could be reduced. The harvest increased to 8-9 tons per ha compared to 4-5 tons per ha before applying the organic SRI method. The number
752	1036052	SG	G	dramabeans.com	A B C gives her a kiss on the cheek, and then runs for his life. Ha . # Jin-gook witnesses the kiss, and his face falls. Dude, you
753	1035026	SG	G	chinesecurrents.com	A B C ruler's Chinese advisor Liu Bingzhdong in 1256. Over a surface area of 25,000 ha , the site was a unique attempt to assimilate the nomadic Mongolian and Han Chinese
754	3833737	SG	B	joonni.com	A B C day I will know the entire dialgoue by heart without knowing what I am saying ha ha ha. This is so beautiful. # I love how Faith turned out
755	3532832	SG	B	br-avo.com	A B C Always trust a beer referred to as' the green grenade', ha ha ha # And of course back to work now! This morning's coffee on the
756	1036158	SG	G	dramabeans.com	A B C , the prettier you get. Not you. Your Achilles' heel. " HA . Tae-joon appears to be fully healed to the Doc but they still need clearance
757	1051064	SG	G	vbtutor.net	A B C , isn't it? The more the merrier!! MWA HA HA HA HA HA!! " This was greeted with gagging noises and mutters of' This
758	3523511	SG	B	bizdaily.com.sg	A B C just 33 ha of new plantings in 3Q12, bringing the YTD total to 292 ha . According to management, the delay was due to the " increasingly more difficult
759	3535363	SG	B	maddinoasylum.com	A B C he's finally being recognized and can't be sure if he can trust In Ha and turns In Ha down. In Ha keeps asking as he starts crying.
760	1036129	SG	G	dramabeans.com	A B C more unbelievable. i mean the king having date and all being lovey dovey with HA as if nothing bad happened looked weird to me. It was so gross to
761	1018529	SG	G	...hinesefoodathome.com	A B C practice my Spanish for food, instead, I spoke Chinese all the time. ha ... # # I slept till' naturally' woke up, it was half
762	1036097	SG	G	dramabeans.com	A B C arrange a marriage between its king and a North Korean intelligence agent, played by Ha Ji-won. There pretty much isn't a hallyu star's name that hasn't
763	1036128	SG	G	dramabeans.com	A B C hold my liver cause I got a snitch in my side from laughin at Jae Ha stupid (and backfiring) pranks, my brain wouldn't hurt so much from
764	1032442	SG	G	avirtualvoyage.net	A B C , we have another brooding session. Joon Young looks at the sand timer Jae Ha gave her and reaches for her cell. Jae Ha stands in front of her
765	1032442	SG	G	avirtualvoyage.net	A B C give her a chill pill. She breathes out a sigh of relief when Jae Ha nods that Joon Young doesn't know yet. She begs him to let this
766	3533601	SG	B	dramabeans.com	A B C even registers to Ji-hyo. He yells, " We've won! " # HA -- then Haha screams out, " The power to see the future! "
767	1041500	SG	G	maddinoasylum.com	A B C lost brains, they move on and send the pianos to the purchaser. In Ha is shocked that Ji Ho founds them and Ji Ho tells him that he ought
768	3836363	SG	B	maddinoasylum.com	A B C they competed and Ji Ho wonders if In Ha is his competitor now. In Ha reminds Ji Ho that he's been blocked from the music community. Ji Ho
769	1050819	SG	G	twnside.org.sg	A B C now harvest 6.8 to 7 tons of rice per ha per season from about 15 ha of fields that are allocated especially for organic rice of local varieties. Farmers also
770	1051710	SG	G	wilfridwong.com	A B C the music reviews I wrote and the backlog I have. # Ivy -- Ha ha ha... sorry, I intend to keep them for as long as possible.
771	3836363	SG	B	maddinoasylum.com	A B C Woo Jin. Stalker clears things up. # Da Mi is shocked that In Ha is the murderer. She wants to find the perfect evidence and turn Rich Mommy
772	3833870	SG	B	...elilian.blogspot.com	A B C at 40 km wide, this arrangement means that any' LONG' ha, ha , ha, but it's no laughing matter to the poor daily commuters journey
773	1021647	SG	G	...ngkeunsukforever.com	A B C that he's always liked her alone I counted at least 3 times that In Ha said he was sorry! # I think the writer's obsession with the movie
774	1040146	SG	G	jadeisabelle.com	A B C (which I also use as a base coat -- I cheat, ha ha ha ) in my beauty box. My current bottle is drying up like crazy,
775	1032446	SG	G	avirtualvoyage.net	A B C hope I had left -. - " Why do I get this feeling that Jae Ha is now making his " comeback " as Joon Young's man..... gaaaah....
776	3528732	SG	B	onekpop.com	A B C into laughter. # On March 2nd,' Infinity Challenge' member Jung Jun Ha tweeted to singer HaHa, " By the way, your song' Love'
777	1022706	SG	G	...gtaiwan.blogspot.com	A B C you ask me by using the orientation, you probably would be lost. Ha Ha ! The pronunciation of the temple in Taiwanese is " Hing-an-kiong. " It would
778	1026218	SG	G	sg.news.yahoo.com	A B C . To night I am bringing some beers and roast ducks to entertain them, ha , ha! I actually feel sad to have said that, but just ca
779	1021665	SG	G	...ngkeunsukforever.com	A B C 'm the girl # thanks Tenshi, at least i am a little bit relieve ha ha. basta in love or not, with or without a girlfriend, for
780	3834063	SG	B	mmaphil.com	A B C his own gym after he retires. " This makes me happy, " Coach Ha confessed. # As Coach Ha' s students grow and mature as fighters,
781	1036166	SG	G	dramabeans.com	A B C is the key to recovering Seo-rim's memories, not getting close to Joo-wal. Ha . # Arang arrives at the dressmaker's in a happy mood, and runs
782	1032445	SG	G	avirtualvoyage.net	A B C the bar. In Woo wonders what Do Yoon does as a career and Jae Ha honestly says he doesn't know much about Do Yoon either, " But he
783	1021835	SG	G	joonni.com	A B C bite of korean. My hubby is my CY, everyone!! # Ha ha , chikoku, love your comments! For months the cleaner ajusshi has been on
784	1026580	SG	G	sg.tripzilla.com	A B C cabin. Dinner and overnight in Imperial Junk Boat. Go fishing. Day 4 Ha Long Bay - Ha Noi (Breakfast / Lunch) Breakfast. Keep cruising.
785	1032447	SG	G	avirtualvoyage.net	A B C interesting to analyze, I'll do so in my afterthought. # In the Ha 's household, Young Bum enters his bedroom and sees Doo Hee looking at their
786	1019436	SG	G	expatbostonians.com	A B C , could be construed as a strike against the terrorists. As in, ha ha , you thought you could hurt us, but we're going to make money
787	3526813	SG	B	...abstract.onsugar.com	A B C and battling with backaches, leg aches and all sorts of final term pains. ha ! # If you ask me prior to this, I probably would say that
788	1032446	SG	G	avirtualvoyage.net	A B C his name plate. She's preoccupied with Do Yoon to the point that Jae Ha mumbles, " His stuff... tell him to get it himself, " which
789	3531647	SG	B	...ianism.wordpress.com	A B C wan na cry! # I sound like I feel deprived of love! HA HA HA. But no. He has been giving me lots of love even when
790	1045206	SG	G	sashafarina.com	A B C the nearby hawker center. Came home barely breathing because I was so full. Ha ! # Good Morning Kata! The photos on the layout are not so great
791	3533185	SG	B	...ookiesandcandies.com	A B C ... I looked like a stunned mullet unless I'm dancing or moving around. Ha ha... the challenges! # Oh dear oh dear, I guess I must
792	1049160	SG	G	tokyohive.com	A B C Valiente # ASHIDA MANA ON THE LIST? # SERIOUSLY LOL # Kamen Knight # Ha ha ha, for other people, it may be annoying. But for Acchan
793	1036127	SG	G	dramabeans.com	A B C still, that would have been great if Yi Gak could end up with Park Ha . Since TY was not dead (ie. YG could not come to the future
794	3523350	SG	B	beautyfool.com	A B C naturally, but after the facial it looked like it was really pointing out, ha . I think this would be great before a photo shoot or anytime you'd
795	3528842	SG	B	parksihoo4u.com	A B C love, or even when I'm playing, I can be very crazy. Ha ! Ha! # It took me 10 years to get a substantial part in
796	1017215	SG	G	blog.insead.edu	A B C they need a multi-million dollar budget to build... wait for it... mind-space. Ha ! # So what can marketing do to regain respect? Simple: contribute to
797	1849067	SG	G	dramabeans.com	A B C men to join in the search party. They shoot him a betrayed look, ha . # Since Hyung-bang was our murderous Bang, I'm not entirely certain whose
798	1047380	SG	G	streetdirectory.com	A B C ' hot jasmine tea. I want her to make me laugh (ha ha ha ), Make a point about touching me when she talks (uhhmm ho ho
799	3832509	SG	B	b-muses.blogspot.com	A B C eyes first thing in the morning. I bought a bottle of eye drop and ha , I didn't even bother cos I couldn't really move. And now
800	1021387	SG	G	indonesia.travel	A B C pointed tip with a flat upper part and slight ascending lower part represents the letter Ha . # The Rencong is generally divided into four parts: the Rencong's eyes
801	1044512	SG	G	qinatthedisco.com	A B C to wear if you ever want to dress up like the Spice Girls! # HA AMAZING! I'm just writing a Spice Girls blast from the past fashions post
802	1036127	SG	G	dramabeans.com	A B C in the Library? And the ending, Yi Gak's forever lonely missing Park Ha , and Park Ha has happy ending with Tae Yong. With all the time
803	1035655	SG	G	d-addicts.com	A B C heard the story, then 2nd time, and so on. Just saying? Ha ??? Nn??? Ho?? to show that you are
804	1036104	SG	G	dramabeans.com	A B C for someone special and tough/mean to others. # I'd say bang became chun ha to hang woo when he tried to stop him from lighting the fire. if
805	1049485	SG	G	tremeritus.com	A B C Singaporean want to work as maid meh? cleaner? sell shirt at OG? ha ! eh, sell vcd if can ask prc, i oso want. walau
806	1038813	SG	G	...anoitoursvietnam.com	A B C ##1038814 # Ha Noi is the capital of Socialist Republic of Vietnam. Ha Noi lies in Red
807	1019627	SG	G	flowerpod.com.sg	A B C just so hard!!!! enjoying yourself n acting like a local... ha ha... sometimes the enjoying look will give you away... # Whether you're
808	1036104	SG	G	dramabeans.com	A B C . Now that Bang is evening out the playing field, taking hold of Chun Ha doesn't seem like such a pipe dream after all. # I take it
809	1036038	SG	G	dramabeans.com	A B C in acting, be more natural okey?! # to JSM, if oh ha ni wasn't you, maybe I wouldn't watched 2nd epi, you was
810	3834063	SG	B	mmaphil.com	A B C They have a lot of good trainers, right? Black belt? " Coach Ha asked. In KTT, the color of your belt is unimportant. Because they
811	3537470	SG	B	spcnet.tv	A B C personally think they're all fake.. It's just the camera and computer-editing.. ha ha ha ha # no matter how touch up a picture is, the distance
812	1040620	SG	G	kaedejun.com	A B C Following the recent spate of romances involving North and South Korean " enemies ", Ha Ji Won and Jo In Sung were supposed to star as a North Korean spy
813	1044755	SG	G	rdasia.com	A B C ,'' says the seer, gazing into her crystal ball.'' Ha ! That's what you think,'' says the man scornfully.'
814	1036121	SG	G	dramabeans.com	A B C seem happy during their engagement annoucement in the preview either and I feel that Jae Ha is forcing a smile). # that gun shot took me by surprise too
815	3525141	SG	B	...uisebaitulongbay.com	A B C in the serene bay. Keep paddling to the other side of the awaking Lan Ha bay, you will visit a dark cave for a lagoon behind (tidal permission
816	1032441	SG	G	avirtualvoyage.net	A B C Sul watch nervously in the audience, hoping that she'd make it. Jae Ha 's assistant informs him of something and he's forced to leave the auditorium.
817	1036091	SG	G	dramabeans.com	A B C the prowl for drunken men. Yeon Joo pinpoints the target, and then signals Ha Geun over. He goes in the alley way and tries to steal the target
818	1047791	SG	G	tat-ology.com	A B C so that at least I did not injure myself with that hook any more. HA ! # Ouch Fox! I have to tell you that I did that once
819	1036093	SG	G	dramabeans.com	A B C 's height because he is leaving KBS soon " and all that crap. # Ha , this is exactly how netizens ruin someone's career that I've seen several
820	3537946	SG	B	thelittleteochew.com	A B C . For those of you on Twitter and Instagram, you're in luck ( HA !) since you are more likely to catch me over there than over here
821	1847340	SG	G	parksihoo4u.com	A B C , ah.... it's called a gat, I hate it too,...... ha .... ha.... I agree with you, it gets in the way of kissing
822	1051710	SG	G	wilfridwong.com	A B C copy to you. To up that number from 4 to 5... ha ha ha ! # Lani -- You know. I haven't really counted how much my
823	3523144	SG	B	...reanson.blogspot.com	A B C from there. He keeps telling us to look for more quality reference sources. ha ha i reckon even the Australian, or sydney morning herald or the Advertiser in
824	1032442	SG	G	avirtualvoyage.net	A B C heart out, thinking about his confrontation with Jae Ha from earlier. # Jae Ha sits idly on a bench. Joon Young comes back and applies medicine on his
825	1036170	SG	G	dramabeans.com	A B C are 3- and 4-year-old little kids who see me and run away. " # Ha , but is that because you're so famous, or because they're afraid
826	3835796	SG	B	dramabeans.com	A B C Keeper(s), which means that Yoo Hee-yeol is the only name they'll remember. Ha . Sly. # girlfriday: All ten guys squeeze into a van and chatter
827	1036050	SG	G	dramabeans.com	A B C that they cast someone to play the younger her, but Oska plays himself. Ha . Oska winks at her as she watches from the monitor, and she smiles
828	3527517	SG	B	koalasplayground.com	A B C Gi's door for a long time afterwards. # Eun Gi meets with Joon Ha and discusses how Jae Hee and lawyer Ahn was at the house when he died
829	3835789	SG	B	dramabeans.com	A B C a story to tell. kim sarang and yoon sang hyun can rephrase their roles. ha jiwon and hyun bin maybe not so much.... since hyun bin will be going
830	3836799	SG	B	sashafarina.com	A B C , I would ask my children to please reserve the talking until after 10:30am. Ha ! # The quilt I have been talking about for the past two years?
831	1849052	SG	G	dramabeans.com	A B C should have been tailing Kang-woo all these episodes but got lazy. # girlfriday: Ha . Maybe her daddy managed to ground her. # javabeans: Oh I know
832	3525141	SG	B	...uisebaitulongbay.com	A B C for 3.5 hour bus ride through the country side of the Red River Delta to Ha Long City. Upon arrival, aboard Halong Phoenix Cruiser, fresh seafood lunch (
833	1049517	SG	G	tremeritus.com	A B C .. more like jus finish doing something with his " iron man lady ".. ha ! # PAP government under the leadership of LHL is like a prostitute so desperate
834	1036121	SG	G	dramabeans.com	A B C . You COULD say that, if we all didn't already know that Jae Ha and Hang Ah will get married. # This episode made me so emotional its
835	1850694	SG	G	sutrasmantras.info	A B C corresponds to text 973, which is a ceremonial practice translated by? ubhakara-Si? ha (???, 637 -- 735), who went to China in
836	1052537	SG	G	yoursdp.org	A B C it. Because if you did, you would produce them. # LKY: Ha . The simple answer really is between the competing NGOs, one for HR,
837	1045000	SG	G	roslinorphanage.org	A B C , we wish that a day will be like 48 hours rather than 24 hours ha ha ha). To our friends and guests, please do not be discourage
838	3836363	SG	B	maddinoasylum.com	A B C down to who filed the copyright first and that wasn't In Ha. In Ha realizes that Ji Ho was the one who framed him so he punches him.
839	1032446	SG	G	avirtualvoyage.net	A B C Sung, has turned against his word to testify against Baek Sul. Oh Jae Ha , you think your pea-sized position can outdo Baek Sul when it comes to threat
840	3527517	SG	B	koalasplayground.com	A B C his noona alone. Lawyer Ahn leaves and is looking really pissed. # Joon Ha goes to knock on the bathroom door to call for Eun Gi and finds it
841	3533185	SG	B	...ookiesandcandies.com	A B C try to do it. The flip of your hair, oh my! ha ha ! I just can imagine how you and your friend loose calories while laughing too
842	1026981	SG	G	sheylara.com	A B C London, it's a museum of execution and torture from the Middle Ages. Ha . # I did visit Christchurch, but only for a couple of hours in
843	3527124	SG	B	...ngkeunsukforever.com	A B C Hee this time, for you can actually feel that she's quietly reciprocating In Ha 's unverified feelings.. only to be told not to misunderstand him.. tsk..
844	1849064	SG	G	dramabeans.com	A B C though Soo-kyung hasn't said anything, it seems like she might have someone. Ha . # I love that Soo-kyung acts all put-out upon hearing it from Hee-jin in
845	1027210	SG	G	...ssident.blogspot.com	A B C travel while his wife is lying on the bed' dead'. Ha Ha Ha ! Serve him right. # His 87 yrold wife is being kept alive thru
846	1036176	SG	G	dramabeans.com	A B C the first thing that pops into her head and pushes Tae-joon off the bed. HA . # Poor Eun-gyul returns to his room, pale-faced and glum. He climbs
847	1036128	SG	G	dramabeans.com	A B C !! # How awesome was Shi Kyung calling the King by his name. HA ! So smart and just adorable. Those two really have formed an amazing bond
848	1850321	SG	G	sashafarina.com	A B C ) Yes, we eat out a lot because I'm a lousy cook. Ha ! # Finished this piece finally. I have been stitching this bit by bit
849	3835790	SG	B	dramabeans.com	A B C silver dress Versace Lucy Liu wore. # I don't know, but Kim Ha Neul's look is my favorite. And I think it is more to do
850	1032442	SG	G	avirtualvoyage.net	A B C " Tears filled those desperate eyes and In Joo begins listing off the characteristics of Ha In Joo like she's reading from a profile page. She catches her breath
851	1036205	SG	G	dramabeans.com	A B C As soon as the limo pulls away, he heads straight for a taxi. HA . # Now that there are no witnesses, he takes them to a cheap
852	3537505	SG	B	spcnet.tv	A B C others laugh. All tried very hard not to get N.G. when with him. Ha Yu helped her in intonation to make her natural in her role. # Interesting
853	3527281	SG	B	joonni.com	A B C , but very soon my sister &; brother became crazy like me... Ha ha ha .... In a week they started pestering me for BOF songs and other dramas:
854	3535773	SG	B	mylittlestitches.com	A B C more studying..... hopefully, she will be able to pick up skills. # Ha ! Today, she asked me to send her for ballet dances. So that
855	3527275	SG	B	joonni.com	A B C up with looking at the screen for extended time (beyond 8hrs). Ha ha ha!! # Hey girls I was just thinking if LMH had had a
856	3527517	SG	B	koalasplayground.com	A B C why does everyone keep getting Maru to do their hard work for them? Joon Ha , you need to have some balls and tell Eun Gi the truth like she
857	1036191	SG	G	dramabeans.com	A B C i light up whenever i see eun gyul onscreen. - looking out for kang ha neul and lee hyun woo's next projects, though also kim ji won and
858	1049568	SG	G	tremeritus.com	A B C will have to be kick out for d good of the country. # HA HA HA!!! More and MORE of LKYism's backside is being revealed as
859	1027210	SG	G	...ssident.blogspot.com	A B C travel while his wife is lying on the bed' dead'. Ha Ha Ha ! Serve him right. **32;1053;TOOLONG # lol well said # very true about CPF
860	1032446	SG	G	avirtualvoyage.net	A B C # Actually, I'm quite glad Joon Young didn't grow up in the Ha 's family. I could only imagine a crybaby if she were. # I
861	1036118	SG	G	dramabeans.com	A B C been one year, and we cut to Bang and his full entourage (So Ha 's been included) entering Chun Ha to the tune of all the employees wishing
862	1036121	SG	G	dramabeans.com	A B C grooming Jae-ha to be king. Hmmmmm.... # I think you're right. Ha Ji Won played that scene where she's told about the war by her general
863	1018803	SG	G	dinoseoul.com	A B C awkward dancing and great vocals for' 1.2.3.4? # With Lee Hi (Lee Ha Yi' s new moniker) bursting out onto the scene all High School Musical
864	1016623	SG	G	asianfanatics.net	A B C be the one that has to look over his/her shoulder he he he ha ha ha (very very evil laugh) # Office politics, what an interesting game!
865	3834063	SG	B	mmaphil.com	A B C as KTT is considered as the best gym in all of Korea. # Coach Ha ' s dream goes beyond KTT and sending as many of his fighters to the
866	1017292	SG	G	blog.ningin.com	A B C although I don't think the releationship between the two supporting characters, Goo Yong Ha (Song Joong Ki) and Moon Jae Shin (Yoo Ah In) would
867	1036127	SG	G	dramabeans.com	A B C 's how he was able to approach PH. # I also wondered why Park Ha didn't just take the persimmons with her instead of eating all of them,
868	1849062	SG	G	dramabeans.com	A B C which was packed full of random medical supplies by Cabbage Patch Thief. Oh, HA , he pulls out a ballpoint pen and drops it into the bowl of hot
869	1022227	SG	G	koalasplayground.com	A B C Please keep us posted Ms. K on what's next to our four leads especially Ha Ji Won which I'd live to see in a drama all year around and
870	1032445	SG	G	avirtualvoyage.net	A B C Knight (as opposed to Do Yoon's black Knight). However, Jae Ha doesn't want further rumors with him protecting Joon Young, so he launches into
871	3535692	SG	B	mummysreviews.com	A B C If he's in the mood, he drinks straight from the pot too. Ha , very multi-purpose! # (c) Quality:???? The
872	1032443	SG	G	avirtualvoyage.net	A B C didn't come here for her sake, " So go. " # Jae Ha secretly watches the girls as they cook, specifically his eyes only spare moments for
873	1036117	SG	G	dramabeans.com	A B C agent. Hang-woo is working to amass the best legal team in Korea for Chun Ha 's defense, and Bang takes the live updates he gets from Shin straight to
874	1049568	SG	G	tremeritus.com	A B C have to be kick out for d good of the country. # HA HA HA !!! More and MORE of LKYism's backside is being revealed as the
875	3535359	SG	B	maddinoasylum.com	A B C # Ji Ho and In Ha face off again. Ji Ho wonder why In Ha follows him around nipping at his heels and trying to create the mermaid piano.
876	1036091	SG	G	dramabeans.com	A B C drunk guy catches him in the act, so he hurriedly tries to escape. Ha Geun pushes the drunk guy away, but a little too hard. The drunk
877	1016605	SG	G	asianfanatics.net	A B C not know yet. She might have to work that day. # Wan Bik ha two nights ago appeared in a low cut dress. She admitted that she was
878	1029726	SG	G	wiki.d-addicts.com	A B C becomes friends with the intelligent and upright Lee Sun Joon, the playboy Goo Yong Ha and rebellious Moon Jae Shin.
879	3836363	SG	B	maddinoasylum.com	A B C . She has nothing to do besides involved into Ji Ho's line, In Ha 's line, Woo Jin's line and the restaurant scenes. This drama have
880	1036092	SG	G	dramabeans.com	A B C as Yoo-jin sets up shop... to sell his songs for 10 bucks apiece. HA . # THE STORY # The inciting incident that sets everything in motion is one
881	1032446	SG	G	avirtualvoyage.net	A B C her wrist and turns around. And there he is, our slowpoke. Jae Ha : " Move aside! " Do Yoon: " Let go of that hand
882	1047783	SG	G	tastehongkong.com	A B C hear the waiter or waitress send your order to the open kitchen by shouting' Ha For??', literally lowering fire. Nick-named such, because this savory
883	1038814	SG	G	...oitriumphalhotel.com	A B C , but it is embraced by about 100 km of the Red River dykes. Ha Noi has nine inner precincts (Hoan Kiem, Ba Dinh, Hai Ba Trung
884	1019208	SG	G	...tainment.xin.msn.com	A B C main families. Joining the cast of local artistes is veteran Hong Kong star, Ha Yu. Speaking to xinmsn in between takes, he shared, " I'm
885	1036121	SG	G	dramabeans.com	A B C genius. Quick, look like you're running hard. Be dire. " HA . # The officer steps out of the car and alerts them to their 60km
886	1036127	SG	G	dramabeans.com	A B C travelling and all the impossible in this drama, can't they just bring Park Ha to Joseon? or like you said Yi Gak find his way to Park Ha
887	3834678	SG	B	singapore-mega.com	A B C and something chocolate. Separate, not lemon and chocolate together. # RS: Ha , ha. I will attest that your lemon tart is fantastic. # TK
888	3531012	SG	B	...ngroad.wordpress.com	A B C , a happy get-together with relatives, and not forgetting enjoying the hawker foods. Ha ! Ha! Ha! On I-S Magazine
889	1036116	SG	G	dramabeans.com	A B C considering that he was the one forced to stay overnight for this investigation party. Ha . (*The name is a reference to a legendary secret royal inspector of the
890	1028061	SG	G	tabletennista.com	A B C defeated by the host Shen Yanfei in the quarterfinals in Spain and lost to Yang Ha Eun also in the quarterfinals in Chile. Despite this, Feng Tianwei moved one
891	3531647	SG	B	...ianism.wordpress.com	A B C na cry! # I sound like I feel deprived of love! HA HA HA . But no. He has been giving me lots of love even when I
892	3535363	SG	B	maddinoasylum.com	A B C identity as Alvin Kim. Stalker decides to pay him off instead. # In Ha decides to go to the police and lie about seeing Da Mi's father stealing
893	3836363	SG	B	maddinoasylum.com	A B C if he doesn't want to lose his career as a musician. # In Ha goes to the press conference and says Ji Ho is innocent and tries to maintain
894	1036038	SG	G	dramabeans.com	A B C ... though we all know she was just acting) and the other one was Ha Ni's dad drinking alone... he had no one left... not ever JG
895	1040918	SG	G	koreaboo.com	A B C their 3rd mini album " Conti U-Kiss " hit the jackpot with " Man Man Ha Ni. " It wasn't a gigantic hit in the industry, but it
896	1049553	SG	G	tremeritus.com	A B C times is this reporting of the taxi driver " fair and objective ". Ha Ha # I have dealt with reporters from Straits Times, Shin Min and Wan Bao
897	1036104	SG	G	dramabeans.com	A B C so that it bleeds money, because money seems to be the only thing Chun Ha has against Paeng Seong. Now that Bang is evening out the playing field,
898	1035598	SG	G	cruiseasean.com	A B C apparent in the many Vietnamese treasures found around the country. # Port City of Ha Long -- Quang Ninh # Ha Long City is the central city of Quang Ninh
899	1036131	SG	G	dramabeans.com	A B C " So is that why you tried to sell me to someone else? " HA . Please just keep these two together. # He gives Hyuk all the money
900	1022249	SG	G	koalasplayground.com	A B C did an awesome job with that crying scene, made me shiver. Her and Ha Ji Won -- fave K- actor. # I think one of the reason they
901	1036116	SG	G	dramabeans.com	A B C the story. I bet the final will be a firework. Just blow Chun Ha building already, and let the all team restart something fresh and honest with good
902	1036223	SG	G	dramabeans.com	A B C in My Girl, Jo Hyun Jae in Only You, Lee Ji Hoon and Ha Seok Jin in Hello! Miss. They can be female, such as Hye
903	1020953	SG	G	...ebaking.blogspot.com	A B C I heard this word... yes, I'm one of " SAHM "... ha ! My HB is away n work in Abu Dhabi for 2 years, we
904	1036127	SG	G	dramabeans.com	A B C like the whole **32;4950;TOOLONG deal. Since technically Yi Gak is Tae Yong, Park Ha is still with him... the reincarnated version of him at least. # It
905	1051064	SG	G	vbtutor.net	A B C the better, isn't it? The more the merrier!! MWA HA HA HA HA HA!! " This was greeted with gagging noises and mutters of
906	3527287	SG	B	joonni.com	A B C don't mind crying like crazy as long as it has good ending ha ha ha can't afford depression at the moment too much work to do # imja yogi
907	3832447	SG	B	asiancrunch.com	A B C Wai (Si Nga). In one scene mob big sister Irene Wan Bik Ha sent her subordinate to teach her a lesson and slap her. She was injured
908	1051726	SG	G	wilfridwong.com	A B C be rain. If just a bit to make the race exciting... ha ha ha . # I have seen some wet races and they are quite fun to watch
909	3535363	SG	B	maddinoasylum.com	A B C taking down the Rich Mommy, but Stalker doesn't really care. # In Ha hires someone to break into Ji Ho's office and steal Ji Ho's piano
910	1041500	SG	G	maddinoasylum.com	A B C a bit or two of his brains during that back hug attack. # In Ha gets his retribution and fires rich Mommy after taking over the company. # Awesome
911	3834268	SG	B	...odcast.wordpress.com	A B C looking to avenge that terrible result, but this time under a different coach. Ha Seok-Ju came in midway through last month and got two wins out of three during
912	3835790	SG	B	dramabeans.com	A B C no overwhelming black dresses or sparkles. That's a plus. # OMG! Ha Na Kyung's stylist must have hated her so much! They must have hid
913	1019474	SG	G	eytanuliel.com	A B C but be careful, maybe it is too hot for your delicate taste, ha ha ! ". # Rumours as to the cause of the delay continued to circulate
914	1036097	SG	G	dramabeans.com	A B C 'm not so sure about Seung-gi's *acting* ability yet. I'm relatively sure Ha Ji-won could generate chemistry with a brick wall, though. I think between his
915	1026132	SG	G	sg.news.yahoo.com	A B C handle these SMRT BUS DRIVER STRIKE!!!!!!!.. Ha Ha !... Cheers! # Hope the Government starts to wake up. The time
916	3527517	SG	B	koalasplayground.com	A B C even be with her if that means she'll leave EG alone. # Joon Ha , I love you, I was even kind of hoping you'd have a
917	3535117	SG	B	kpopnews.info	A B C Oanh told us: " I have translated for many Korean artists before like Kim Ha Neul, Song Seun Hung, Vietnam-Korea Film Festival... but translating for a famous
918	1026132	SG	G	sg.news.yahoo.com	A B C PAP handle these SMRT BUS DRIVER STRIKE!!!!!!!.. Ha Ha!... Cheers! # Hope the Government starts to wake up. The
919	1036094	SG	G	dramabeans.com	A B C together forever? # Woo-hee attends a secret meeting with the two co-conspirators of Chun Ha -- Bum-jeung and Ho-hae. She's upheld her end of the agreement by swiping
920	3525141	SG	B	...uisebaitulongbay.com	A B C where a little boat takes you to a floating house at a corner of Lan Ha Bay. Afterward, we relax on the comfortable draft house, just above the
921	1849060	SG	G	dramabeans.com	A B C it sort of fits his reserved, careful character. so i quickly accepted. ha . (plus his little ending with woo-kyung at the hair salon was so...
922	1036096	SG	G	dramabeans.com	A B C punches... # ... And ends up with a bloody nose for his troubles. Ha ! I like this version of Hang-woo, the one that pops up whenever he
923	1019642	SG	G	food-4tots.com	A B C hands, make a ball and start " throwing " the whole fish paste. HA HA! Time to " de-stress ". But make sure you throw it right
924	1036182	SG	G	dramabeans.com	A B C " aka their porn stash. And then the two idiot teams scare each other HA . # Outside, Coach Baek attempt to impress Teacher Lee about his Marine days
925	3535366	SG	B	maddinoasylum.com	A B C in one room, reveal the secret, and then... MWHEHEHEHEHEHEHE! # In Ha goes to Da Mi's house. He wants to ring the doorbell, but
926	3835796	SG	B	dramabeans.com	A B C all magic-markered-up with mustache and goatee.' Cause his persona is a rapper, ha . # javabeans: LOL. He gets his three X's just as fast
927	1036167	SG	G	dramabeans.com	A B C to her army? Anyway, stuffs to think about, time for sleeps. Ha , this is an essay, sorry. # Lol, her faces bugs me
928	1051726	SG	G	wilfridwong.com	A B C safe riding in one of those during the F1. # G -- Ha ha ha G. Imagine a F1 car does close to 300 km per hour in our Singapore
929	3526815	SG	B	...abstract.onsugar.com	A B C mascara but I do miss how that really' opens up my eyes'. ha ! Didn't mean to use that cliche statement. # Anyhoo, I hope
930	3832700	SG	B	blog.omy.sg	A B C transports riding at anchor were my sole lines of support. # that is called ha 10 meters adidas outlet stores Ann holy lang really god, taste is also very
931	3834063	SG	B	mmaphil.com	A B C bags as soon as the UFC bosses call. # I was surprised that Coach Ha still rents a place for his family, and doesn't own a house or
932	1050171	SG	G	tripadvisor.com.sg	A B C met, " you are on a lucky draw which room are available ". Ha ha. # The hotel staff appears to be friendly but things are just too
933	1050986	SG	G	ura.gov.sg	A B C Lakeside: New waterfront playground # Spread over 220 ha of land and 70 ha of water, Lakeside is envisaged to be developed into a major leisure destination for
934	3523511	SG	B	bizdaily.com.sg	A B C target last year from 1,600-1,7000 to 1,000 ha. Currently, it has about 2,600 ha available for planting. GPR adds that it is still exploring various opportunities for acquisitions
935	1036077	SG	G	dramabeans.com	A B C ... it was just as expected. # I would totally watch that! Ha ha ha! That would be very funny! And In-ah would be trying to learn
936	1036140	SG	G	dramabeans.com	A B C parents. The coupon: " Borrow anything you want for a day. " HA . He borrowed her parents? At the same time, she graduates from her
937	1027642	SG	G	...oo-sean.blogspot.com	A B C The last morning before I checked out, I walked further up to the Mong Ha hill. There was a small public park where I saw a lot of old
938	1036138	SG	G	dramabeans.com	A B C . # from the last recap some comments were made about how JDG and kim ha neul are sometimes so stiff and awkward with each other that maybe she hated him
939	1045198	SG	G	sapa-vietnam.com	A B C of a mountain, looking down a picturesque valley about 20 km north of Bac Ha . It is every Saturday morning when hundreds of ethnic peoples mainly Flower H'mong gather
940	3525285	SG	B	dinoseoul.com	A B C individual activities. Thoroughly impressed by the raw talent that SuPearls had, along with Ha Yi and Seung-hoon, Yang Hyun Suk wasted no time in signing all of them
941	3834678	SG	B	singapore-mega.com	A B C chocolate. Separate, not lemon and chocolate together. # RS: Ha, ha . I will attest that your lemon tart is fantastic. # TK: (
942	3527517	SG	B	koalasplayground.com	A B C ARGHHHHHHH!!!! # Eun Gi borrows Maru's phone and calls Joon Ha , who arrives to pick her up from the river banks. Joon Ha takes
943	1016992	SG	G	bigbangupdates.com	A B C though... Nevermind, the song is just good. " # After seeing Jun Ha 's tweet to HaHa,' Infinity Challenge' PD Kim Tae Ho replied,
944	3837399	SG	B	...idelor.wordpress.com	A B C something in their window catches my fancy. I like pretty nice things though. Ha . # I have an extraordinarily large gap between my first and second toe.
945	1036102	SG	G	dramabeans.com	A B C sets up the future conflict he'll have with Hang-woo, and all of Chun Ha . # FIRST! I love the metaphor about how Bang saw Yeo Chi first
946	1045198	SG	G	sapa-vietnam.com	A B C joining the locals for the best market for a memorable experience. # * Bac Ha is located 70 km, northeast of Lao Cai City and take about 2 hours
947	1038814	SG	G	...oitriumphalhotel.com	A B C is situated in a tropical area having a strong monsoon influence. The name of Ha Noi (Interior side of a river) has been derived from an ancient language
948	3522534	SG	B	1023rs.com	A B C I suggest Dalee for Vietnamese leader (because She is really active updating all about Ha Ji Won). I wish that could help... Best regards # Dear Julia
949	1036127	SG	G	dramabeans.com	A B C intrigue. # " And the ending, Yi Gak's forever lonely missing Park Ha , and Park Ha has happy ending with Tae Yong. With all the time
950	1036127	SG	G	dramabeans.com	A B C help from from his past incarnation... Though, didn't Tae-Young already liked Park Ha ? Oh fate, you need to do a better job there... # I
951	1050975	SG	G	ura.gov.sg	A B C National Environment Agency (NEA). # With a site area of about 1.9 ha , the land parcel has a potential yield of 107,098 m 2 of gross floor
952	1020946	SG	G	...ebaking.blogspot.com	A B C strawberry facts during dinner time... they have fun time discussing it.. ha... ha .. thnks! My daughter admire your very well taken pictures too! # Hi
953	1036217	SG	G	dramabeans.com	A B C the chair. And how does Suk-jin mess up on the first syllable? # Ha -- " Skyfall " really is an appropriate song to this game as the teams
954	3525285	SG	B	dinoseoul.com	A B C I don't feel that they particularly stand out in any way. Aside from Ha Yi, I wouldn't say Ah Yeon and Ji-min are wowing me with their
955	1032441	SG	G	avirtualvoyage.net	A B C no place to go. She thinks he's joking around again. # Jae Ha returns home, and Fake dad smells alcohol from his. He knows that Joon
956	3833824	SG	B	koalasplayground.com	A B C to her (eventhough that's for her own sake). even park joon ha . and she still unsure about MR intention to her.. just hope the best
957	1849062	SG	G	dramabeans.com	A B C that if the police catch him now, he doesn't get his reward. Ha . True enough. He does chuckle, " Just kidding, " saying that
958	1032442	SG	G	avirtualvoyage.net	A B C Young. " Bravo, In Joo. I agree with you. Did Jae Ha simply love the name In Joo? Or is he a better person than that
959	1036104	SG	G	dramabeans.com	A B C don't see you going around announcing it. You're forgetting that the chairman/chun ha started it with hang woo (he was the one going for revenge).
960	1849860	SG	G	methodist.org.sg	A B C His presence ". # A young adult from Grace Methodist Church, Mr Vincent Ha , said one should focus on God while attending a church service. # The
961	3533185	SG	B	...ookiesandcandies.com	A B C right? But I also laugh in double seeing you pose like her too! ha ha. It's really hard to do it when you are not use doing
962	1036056	SG	G	dramabeans.com	A B C Son Ye Jin... In fact someone should get on making a movie with her Ha , and Kim So Yeon all kicking ass... maybe they can form a trio
963	1850396	SG	G	singaporebrides.com	A B C clarify some issues nor initiate breakup of anything serious as that. " # Ha ha .. that is Short messaging by definition. But unfortunately that is your view on
964	1021662	SG	G	...ngkeunsukforever.com	A B C this movie, in order to make his master Ji En (played by Kim Ha Neul) happy, In Ho exhibits all his talent and cuteness. Just like
965	1040147	SG	G	jadeisabelle.com	A B C decide when the time comes! # 26. Meet Tom Felton. # Ha ha ! As if this will ever happen. Draco Malfoy is undoubtedly my favourite character
966	1036127	SG	G	dramabeans.com	A B C , I would've MUCH preferred for Yi Gak to return to be with Park Ha himself. # So while I don't HATE the ending, it's definitely
967	3834279	SG	B	parksihoo4u.com	A B C his interviews in YouTube was merely listening to his sexy voice and continuous laughter' Ha , Ha, Ha' and of course looking at his gorgeous face and physique
968	1036217	SG	G	dramabeans.com	A B C clips of Seung-gi full of confidence earlier now set to sad, moody music. HA . # Everyone gathers together again and man, I totally forgot that Seung-gi's
969	1030573	SG	G	apec.org	A B C trade transaction costs by a further five per cent by 2010. # 2006 - Ha Noi, Viet Nam APEC Economic Leaders endorsed the Ha Noi Action Plan which identifies
970	3535359	SG	B	maddinoasylum.com	A B C asks his helper to keep it secret. The helper gets a call from In Ha and he doesn't say anything so Ji Ho thinks that he's still going
971	3523144	SG	B	...reanson.blogspot.com	A B C there. He keeps telling us to look for more quality reference sources. ha ha i reckon even the Australian, or sydney morning herald or the Advertiser in adelaide
972	1036179	SG	G	dramabeans.com	A B C ! " He shouts back, " It's not on my butt! " HA . # Seung-ri suggests that they become friends and promises to make her laugh whenever
973	1032446	SG	G	avirtualvoyage.net	A B C she is and stop letting others distort her value as a person. The name Ha In Joo turns out to be a curse more than a blessing, after all
974	1036091	SG	G	dramabeans.com	A B C SMITTEN. # Jae Hun's friends, Yeon Joo (the girl) and Ha Geun (the guy) are on the streets of Seoul, now one less
975	1036127	SG	G	dramabeans.com	A B C what Park Ha did) And the whole illness thing with Se Na and Park Ha 's real mother, the shares of the company going to one of them...
976	1848931	SG	G	citynomads.com	A B C the reception from Asian audiences? Are you feeling the luv?:) # HA , as of this interview I haven't started the tour yet but my crew
977	1850967	SG	G	tremeritus.com	A B C . A cool guy once now looking like an ah pek like all of us ha ! ha! ha! Need some laughters in our life or we will end
978	1021665	SG	G	...ngkeunsukforever.com	A B C your Mom for the rest of your life, single and alone. # ha ha Libby not when he is 50 years old... he needs to produce an heir
979	1036037	SG	G	dramabeans.com	A B C , really, really, really like you. " Complete with finger guns. Ha . # Byung-soo has come up in the world too, making his own movies
980	1849055	SG	G	dramabeans.com	A B C on, it's also the night of Hades' concert. Hades, or HA DO SUNG (Daesung) is one of those pop idols whose mystique lies in
981	1029323	SG	G	viktorialove.com	A B C wakes up before all the stores close since he went out partying last night. Ha ha! He needs to get a new iPhone because he lost his and has
982	3836799	SG	B	sashafarina.com	A B C quite good nowadays, we can probably last for 5 hours before tantrum #1. Ha ! long enough for me. Then we get home and shower and collapse on
983	3527275	SG	B	joonni.com	A B C for a while bec. I needed some major catching up on work. Ha ha ! I know I said before that Joonni's recaps, the 2 videos w/
984	1036041	SG	G	dramabeans.com	A B C have been majorly upset. Seung Jo was mean to (or dismissive of) Ha Ni for like, 98% of the time. Talk about taking a highly problematic
985	1020953	SG	G	...ebaking.blogspot.com	A B C thru it, and I am also proud and happy to a SAHM. # Ha ! ya.. my friends, sis and mil are also afraid of my brains
986	1036219	SG	G	dramabeans.com	A B C . I'm hoping he might get cast in rival drama Elegant Revenge 2 ( ha , that name...). # javabeans: I don't know if any
987	3527517	SG	B	koalasplayground.com	A B C him, she misses him, she misses him..... Eun Gi says to Joon Ha " oppa, what can I do? " Joon Ha cries as he listens
988	3833737	SG	B	joonni.com	A B C I will know the entire dialgoue by heart without knowing what I am saying ha ha ha. This is so beautiful. # I love how Faith turned out,
989	1036093	SG	G	dramabeans.com	A B C him in this drama.He doesn't have enough experience under his belt to work with Ha Ji won.... I am saying this with the best intention but i think this
990	1041812	SG	G	maybebaby.sg	A B C it too well... # Alexandra # March 30th, 2011 at 1:02 am # Ha ha, I sang' ABC' and the 7 times table when I was
991	3527283	SG	B	joonni.com	A B C Yoon-chul (My Name is Kim Sam-soon; Que Sera Sera) # Writer: Ha Myung-hee # Episodes watched: 2/6 # I have pretty mixed feelings about this drama
992	1036137	SG	G	dramabeans.com	A B C has targeted the Tiger. On that word alone, Suk-jin is taken out. HA -- and underneath his, it says, " Race Start! " After Ji-sung
993	1037468	SG	G	fridae.asia	A B C , it will become the first Asian nation to do so. # Justice Minister Ha Hung Cuong # Not only were gay rights advocates in Vietnam, a one-party Communist
994	1035996	SG	G	dramabeans.com	A B C Chan. If anyone should be such a close hyung-dongsaeng relationship, it should be Ha Rim, not Eun Chan. # Sun Ki to Ha Rim: " You
995	3836799	SG	B	sashafarina.com	A B C see someone inside. Why don't they lock the damn door?!! Ha !! Ew! # I shy away from political posts, anywhere. When
996	1848340	SG	G	asianewsnet.net	A B C ! They took a brief from us and turned it into a full-length suit... ha ha ha ha! " # Alas, the joke is not that some politician
997	1035996	SG	G	dramabeans.com	A B C , it should be Ha Rim, not Eun Chan. # Sun Ki to Ha Rim: " You're so unperceptive. Can't you see the boss likes
998	1032442	SG	G	avirtualvoyage.net	A B C to joke and laugh, which is how Doo Hee sees them and chides Jae Ha for his display of affection, " There are still others who think you're
999	3522534	SG	B	1023rs.com	A B C I'm Jandra from Philippines and of course a vivid fan of our beloved Unni Ha ji won, may i know who was the representative from my country, if
1000	1036592	SG	G	edvantage.com.sg	A B C so badly since, and I suppose I could be a poster child (ha ha ) for the concept that the PSLE is not the be-all-and-end-all. # SINGAPORE -
