1	1756206	NZ	G	heaven.net.nz	A B C the first time in your life, of other peoples opinions. " # " Ha ! Not me. " His response is immediate. # " The woman who
2	1731445	NZ	G	...ressf1.pcworld.co.nz	A B C skills. # They did not ban laptops or computers or calculators though. # Ha , ha, same here. When I started Grammar School, ball point pens
3	3793878	NZ	B	mademois-elle.com	A B C well, I never seem to look as good as you in them, ha ha . and I don't think I would ever be able to cut out sugar
4	3788144	NZ	B	...heyogalunchbox.co.nz	A B C Yoga Animals or Yoga Statues where they will be frozen forever! Ha Ha Ha Ha Ha Ha (evil laugh)! # The real point here is that you
5	1718015	NZ	G	...ronicle.chris.net.nz	A B C funny things -- I'm typing one-handed on an iPad with a bleeding nose. Ha . # I just typed a lengthy comment, one handed with a bleeding nose
6	3869924	NZ	B	...en-maid.blogspot.com	A B C loved to see your face when you found the egg and liver stuff - ha ha ha! This egg recipe sounds very like something my mum used to do in
7	1784754	NZ	G	studio14denia.com	A B C the Ready-to-wear industry. Unlike it's industrial counterpart, it uses household needles, HA x 1SP super stretch needles to give excellent results to all types of material.
8	3793877	NZ	B	mademois-elle.com	A B C .... skirt + tucked in equipment top + cardigan + tights and boots, ha ha ) http: **29;825;TOOLONG # LOVE LOVE LOVE this combo. KW is IT for
9	1781820	NZ	G	seafriends.org.nz	A B C in the Gulf of Mexico, lasting 8 months each year while covering a million ha (7700sqMi). Thought to be caused by nutrients from the Mississippi River.
10	3789774	NZ	B	anyonegirl.com	A B C ? x sorry Im getting carried away. # Tale to tail!! Ha ha ! I love it!! Well, I have a kind of strange way
11	3869113	NZ	B	frugalkiwi.co.nz	A B C of the Melt and Pour Cupcake bottoms. Ha! I say to you, HA ! # The Melt and Pour cupcake bottoms were easy to make. We heated
12	1716422	NZ	G	blog.greens.org.nz	A B C market had been allowed to operate allowing new sections at $50,000 or less # Ha ha ha. There is no market that is going to operate that will result in
13	1721106	NZ	G	guymcpherson.com	A B C bush trail is for the determined seeker, however, wilderness is for fools! HA ! # Hahaha, thanks for that, Ozman. If I'd known the
14	1724303	NZ	G	...umeracyforadults.com	A B C you to come, hello? Hello? She hung up on me man. Ha , yah, I shoulda known it was another one of those days,
15	1758820	NZ	G	interest.co.nz	A B C institutions of democracy could not keep up. Look for history to repeat. Ha ha ha! some people will only learn the hard way. Sad thing is the
16	1730459	NZ	G	onewaiheke.org	A B C servant of the public. Public servants those othere call themselves ha ha ha ha ha # Well done, Alan, I think you've more than captured the spirit
17	3798742	NZ	B	...liticalscientist.org	A B C throw National (not ACT) an unexpected long-term lifeline. The key (ha ha ) to this, if I understand it correctly, is a strange aspect of
18	1715634	NZ	G	...reteplayground.co.nz	A B C Hawking who, as it turns out, has an IQ of only 160. Ha ! That puts him 20 whole smart points behind James Woods, who dropped out
19	1734978	NZ	G	...lbloke.wordpress.com	A B C the engineers have a better understanding of the engineering behind the data. Ha ha ha ha! # The orange plot IS the solar spectrum. It does not have
20	1749234	NZ	G	dramatix.org.nz	A B C (still, no response) Ok, have it your way. Ha, ha . Laugh it up now! You won? t be laughing when God has
21	1754562	NZ	G	goalhole.com	A B C , which kinda blows my mind. # Do you read all the posts? Ha , no. I do remember a time when that was actually possible. #
22	1790847	NZ	G	therock.net.nz	A B C because it was the first song my hubby played for me! (romantic.. ha !) He still plays it regularly and now I find myself' air guitaring
23	1725095	NZ	G	meatexportnz.co.nz	A B C to 165 percent ". # Today, Bonavaree has 1,500 hectares owned and 280 ha leased which will be wintering 13,000 stock units this year (5,000 sheep, 1,650
24	3787762	NZ	B	thecorner.co.nz	A B C ! Die! Die! history. Almost, um, ironic even? # Ha , I actually got asked this question on BFM this morning. # Oh,
25	1795471	NZ	G	whatthefolk.net	A B C tears of sadness They're tears of joy I'm just laughing Ha ha ha-ha ha Sitting at this table called love Staring down at the irony of life How come
26	1786263	NZ	G	stuff.co.nz	A B C top class productive land. # Hamilton City Council's Rototuna Structure Plan covered 1200 ha , with Variation 12 rezoning a further 490ha, to the north of existing development
27	3797277	NZ	B	stuff.co.nz	A B C Santa Monica " - or is there more to it than that? # " Ha , well, you know, that is the best description - still. Because
28	1765915	NZ	G	musicofsound.co.nz	A B C A very entertaining tale. " plugged all those ridiculous cables back in " -- ha ha ha! Sounds familiar. It must be an awesome relief to be back
29	3797300	NZ	B	stuff.co.nz	A B C team, I'll just give this message to the players on both sides: Ha ! Did you see Scotland beat Australia earlier this week? Priceless! # So
30	1795472	NZ	G	whatthefolk.net	A B C These aren't tears of sadness They're tears of joy I'm just laughing Ha ha ha-ha ha Sitting at this table called love Staring down at the irony of
31	1732341	NZ	G	puregolf2010.com	A B C we'd " picked up " at a golf course on our adventure yet. HA ! Two things: (1) we have girlfriends whom we're very lucky
32	1785760	NZ	G	stuff.co.nz	A B C of the lack of calories and nutrient intake making me tired-er or something, ha ha ! Who knows?!). # " Aside from all that, I
33	1721115	NZ	G	guymcpherson.com	A B C his broard thesis require an understanding of other areas of his broard thesis, ( ha !) if you get my drift. But as a well experienced reader of
34	3791590	NZ	B	financebuddies.com	A B C , so he's under strict instructions not to die before then! # Ha ha ! I too have a goal to be debt free in under 5 years but
35	3799096	NZ	B	travelblog.org	A B C just brought up our bags - remember we are staying in a treetop place, ha ha - so he is panting like a good one! # I have also
36	1718551	NZ	G	craigbulloch.co.nz	A B C that is that obsessed with sports to think that that is a perfect weekend! Ha # Anyway I hope this finds you all well and not to soaked from the
37	3783514	NZ	B	...ge.mmmarshmallow.com	A B C (bay;)) and a half! On ya, Marshy! # ha ! looks great. in san francsico we have a race called " Bay to
38	1748721	NZ	G	doc.govt.nz	A B C ha of pastoral lease, divided into 304 leases, ranging in area from 1,200 ha to 74,000 ha # 20,000 ha divided into five pastoral occupation licences # 180,000 ha
39	1791002	NZ	G	...garirocrossing.co.nz	A B C on the 23 September 1887. Originally 2,630 ha, the park now covers 79,598 ha . # The Tongariro Alpine Crossing is a one way track, requiring transport to
40	1715713	NZ	G	...oodblog.blogspot.com	A B C up to you in the bedroom later, if they can muster the energy ( ha ha ha, but actually on the whole vegetarians who eat widely have more energy
41	1721114	NZ	G	guymcpherson.com	A B C just this meat-body... " Down and dirty mantra for the post collapse age... Ha ! # If I speak in the tongues of men and of angels, but
42	3792342	NZ	B	...annahtunnicliffe.com	A B C 'm really lucky, getting some sleep and washing my hair. (Pah ha ha ! As if I get time to wash my hair! That was so funny
43	1735712	NZ	G	thestandard.org.nz	A B C can duck roun to Warren Buffets for a hambureger and coke. ha ha f8cking ha . what a joke. who did Buffet buy the new zealand franchise off?
44	3780820	NZ	B	...mobiles.blogspot.com	A B C The bay features thousands of limestone karsts and isles in various sizes and shapes. Ha Long Bay is a center of a larger zone which includes Bi T? Long
45	1732634	NZ	G	...rchive.lincoln.ac.nz	A B C generally disperse long distances, and occupy seasonally stable home ranges of at least 176 ha , allows precise estimates to be made of the source of infection when a Tb-infected
46	1758716	NZ	G	interest.co.nz	A B C 64%, to NZ$3.26 billion. (got ta be a typo) Ha ha ha ha. Why do nt they increase rates to cover the increase in spending-- because
47	1735717	NZ	G	thestandard.org.nz	A B C he has to come out and front foot an effective response. " Bwah hah ha ha! He hasn't to come out and front footed an effective response on
48	1795865	NZ	G	winetour-france.com	A B C A small collection of very special vineyards in a total area of just over 6000 ha in Northern Burgundy produce a unique wine from Chardonnay grapes, Chablis. CLICK HERE
49	3779934	NZ	B	...rliesgolftours.co.nz	A B C Park in a couple of days time. The Monkey Sanctuary is set in 12 ha of natural bush and the 400 odd monkeys who call it home looked very happy
50	1733089	NZ	G	...binmckinleysblog.com	A B C would tell you to read the fine print, where it says ha ha ha ha sucker, and if you hold one of his contracts over a heat source three
51	1740371	NZ	G	alaskanrebel.com	A B C about when we will fly. The home page actually says 18 months! ha ha ! I leave that on there for laughs. This time I feel strongly about
52	3795051	NZ	B	odt.co.nz	A B C year there would be more trees planted than cut down, building up to 5000 ha next year. # " We are actually seeing net afforestation occurring for the first
53	1764651	NZ	G	mfat.govt.nz	A B C The signing of the ASA was witnessed by Prime Minister Clark during her visit to Ha Noi in October 2003. Official Development Assistance (ODA) # The New
54	1727648	NZ	G	nz.answers.yahoo.com	A B C of your speech. (Don't bring a gun and shoot yourself) Ha Ha . Closee your speech by this method; America is still the greatest at inventing
55	3791389	NZ	B	expatexposed.com	A B C to them the cop shop is closed.. hang on sounds like the uk ha ha .. still cops do nt want to get involved.. they are counting down the
56	1723297	NZ	G	kateswaffer.com	A B C at the march. Just wondering if those nits have been annoying you today ( ha ha!!) -- I am the one who loaned you my hairbrush.
57	1791727	NZ	G	tpk.govt.nz	A B C . Forestry was seen as providing a significant opportunity in relation to blocks of 1,500 ha and larger. c. Aspirations to take Land Utilisation in New Directions #
58	1791729	NZ	G	tpk.govt.nz	A B C # Area/size # Number of blocks # Total area (ha) # > 100 ha # 5 # 1706 # 50< <100 # 2 # 151 # 1 < <
59	1784837	NZ	G	stuff.co.nz	A B C ##1784838 Religion no longer the wedding norm # Ha . No surprises to see the Church sticking its nose into the marriage equality debate
60	1763357	NZ	G	mademois-elle.com	A B C to shop that much because I don't have a regular income anymore, ha ha ... I do pretty well and only slipped up while I was in the city
61	3783145	NZ	B	...ngstock.blogspot.com	A B C do you say now? It's a win for Collins? Ha bloody ha ha ! Let's go back and read what you were posting then, shall we
62	3795805	NZ	B	radiolive.co.nz	A B C a National meeting of Maori Leaders this week at Turangawaewae Marae. The King movement ha been based in the Waikato since the appointment of the first King in 1858.
63	3799098	NZ	B	travelblog.org	A B C and also if we should not go somewhere - see I do learn, ha ha . # The trek today was 15 km in total. We started in the
64	3791195	NZ	B	eatherenow.co.nz	A B C Let me know if you know of any good references on the subject. # Ha ! Yes, we did ring to check because it was a bit unclear to
65	1717166	NZ	G	...design.wordpress.com	A B C easier to wear anywhere. Now I find glasses to be quite... fashionable. ha . Once I had to wear them at school for an entire week, and
66	1765345	NZ	G	monarch.org.nz	A B C the silk dot. # Teesh26, Yup, I have done this too. Ha ha. I had a' pillar that was too lazy to make a decent
67	3777807	NZ	B	...ive.indymedia.org.nz	A B C be happy with, but they put up with it all the time! Ha ha ! Could think of thousands of better places than this paddock! # nz may
68	1793080	NZ	G	v48hours.co.nz	A B C years to prove me wrong and everyone will have long forgotten what i said.. HA ! # Thanks for that link fallback, that's a pretty horrendous list of
69	1758882	NZ	G	interest.co.nz	A B C number of sizable apartments, shops, school, parks and an univeristy for 16 ha of land **26;9600;TOOLONG # All most posters seem to want is for everyone to be
70	1782344	NZ	G	sillybeliefs.com	A B C in these things. There was no note on the last page saying,' Ha Ha. It's all a joke. We don't actually believe in this
71	1730920	NZ	G	pc.blogspot.com	A B C good laugh and a big, HA!, HA!, HA!, HA !, HA!, HA! with a baritone voice. # P.C is
72	1720811	NZ	G	globalpets.co.nz	A B C so was quite annoyed with me when I got up this morning and woke him ha ha. Thank you for your help in getting him to China, we really
73	1715713	NZ	G	...oodblog.blogspot.com	A B C to you in the bedroom later, if they can muster the energy (ha ha ha, but actually on the whole vegetarians who eat widely have more energy than
74	1772208	NZ	G	nzonscreen.com	A B C ##1772209 # Ha ha - well to be fair, it's our Rights Clearance person Kim Baker
75	1795797	NZ	G	wildhealthfood.com	A B C Well if it is, it must be a very slow-acting one ". Ha ha ) Barley Grass Powder # Sometimes I feel like something powerful and green.
76	1716701	NZ	G	blog.spevi.net	A B C , 22 June 2012 All about The Voice # After previously blogging about Christine Ha , who is blind and who auditioned for Master Chef USA, of course I
77	1792090	NZ	G	trailofants.com	A B C would take such a cheap blow at my awesomeness, unbelievable. harrumph! # Ha ! wait did I get them all? I've started to notice words that
78	3782942	NZ	B	jtc.blogs.com	A B C can not be hidden behind trusts etc, and can not be enormous. # Ha this is hilarious. Labour got the biggest donation of all - $500,000 from a
79	1723297	NZ	G	kateswaffer.com	A B C the march. Just wondering if those nits have been annoying you today (ha ha !!) -- I am the one who loaned you my hairbrush. Would
80	1734008	NZ	G	snow.co.nz	A B C Altitude # 1943 m Vertical Drop # 357 m Skiable Area # 220 Ha Annual Snowfall # . Average Snow Depth # 89 cm About The
81	1754461	NZ	G	globalfresh.co.nz	A B C orchard. # They are also involved in the ownership and development of an 18 Ha avocado orchard in Pikowai and as such have hands on knowledge of grower's needs
82	1761036	NZ	G	kiwiblog.co.nz	A B C including beginners. Remarkables, top 1943, 7 lifts, 357 drop, 220 Ha . Hutt, 683 drop from 2086 metres, 4 lifts, 365 Ha.
83	3868963	NZ	B	fautedemieux.com	A B C time keeping in touch in 2010. Another decade... wow i feel old ha ha
84	1752174	NZ	G	...oursnewzealand.co.nz	A B C anyone is ever planning on visiting New Zealand. " Continued... # Ha ha ha! That was funny. We have traveled a lot in Europe and hotels
85	1719715	NZ	G	equinestaff.co.nz	A B C your business or horse for sale with us. # View our Monthly Newsletter # Ha rness Racing News # Ever wondered how to get a foot into Harness Racing?
86	1749116	NZ	G	...mestic-executive.com	A B C , Jasmine Dragon Pearl tea and Kawakawa Fire. # The Dumpling Queen, Vicky Ha , showed us her no nonsense way of making dumplings. Dumpling House is a
87	3874787	NZ	B	interest.co.nz	A B C go nowhere -- even not from Auckland to Wellington - in a decent time -- ha -- third world! Public transport, especially the important planning, manufacturing and maintenance
88	1787229	NZ	G	stuff.co.nz	A B C like -- could be seen as a commercial no-brainer. Has Tamanui sold out Ha Ha ? # " But the whole idea of the show is it's all about
89	3869748	NZ	B	jtc.blogs.com	A B C the people poor and dependent on welfare - he can rule forever - morrr ha ha ha ha. # TV1 National leads Liarbour by 55 to 29%, your biggest
90	1783257	NZ	G	solopassion.com	A B C . # ".. poncing about? I doubt it... " Oh gosh, ha ha, now I suggest you really should spend some time in New Zealand,
91	3788144	NZ	B	...heyogalunchbox.co.nz	A B C the kids into Yoga Animals or Yoga Statues where they will be frozen forever! Ha Ha Ha Ha Ha Ha (evil laugh)! # The real point here
92	1721110	NZ	G	guymcpherson.com	A B C are they? Isn't that why they say " rest in peace "? ha ! # oz man Even when dead, trees can be cut down and burned
93	1730459	NZ	G	onewaiheke.org	A B C a real servant of the public. Public servants those othere call themselves ha ha ha ha ha # Well done, Alan, I think you've more than captured
94	1728087	NZ	G	nz.finance.yahoo.com	A B C your taxes also so we can further enjoy our lifestyle. ha ha, ha , ha, ha, ha. Quotes are real-time
95	1766017	NZ	G	...arlinglemonthyme.com	A B C myself now! Especially since it serves as a little nostalgia.:) # Ha , we have all been there with the constant changes (or at least I
96	1747082	NZ	G	cowdy.co.nz	A B C stricter. As a non-resident, you can buy a property on up to 5 ha -- 12.5 acres of land, as long as it is not waterfront or in
97	3787553	NZ	B	...lbloke.wordpress.com	A B C much paper and pencil, than pushing buttons for a long time. (ha ha ) I wanted to understand where the planetary orbits of Neptune, Uranus and Jupiter
98	3778876	NZ	B	blog.labour.org.nz	A B C at but you are also playing the " if one person does it, then HA , I am right " game which actually changes nothing and advances nothing other than
99	1747203	NZ	G	crichq.com	A B C odd after-match party would have added to the thrill. I emphasise on odd. Ha ha, " he said. # Shastri, was also asked about the future
100	1778750	NZ	G	refugee.org.nz	A B C if necessary to make changes to domestic law which is not in harmony with the HA . However, HAs do not have the quality of immediately binding law. Though
101	1782598	NZ	G	silverstripe.org	A B C makes sense, I've been killing myself over this for 2+ months. # Ha , in two years working with Silverstripe I never realized it did just what I
102	1733044	NZ	G	...binmckinleysblog.com	A B C to last mention of Christmas stuff on the blog: # Ha ha ha ha ha . Because then we'd have to have CHRISTMAS here and YOU WOULD N'T LIKE
103	3875413	NZ	B	megweaves.co.nz	A B C was joking with a jewelry maker that all mine would costs thousands of dollars! Ha ha.. And I'm happy to say, they are selling quite well.
104	3791389	NZ	B	expatexposed.com	A B C talk to them the cop shop is closed.. hang on sounds like the uk ha ha.. still cops do nt want to get involved.. they are counting down
105	1718649	NZ	G	...iouskai.blogspot.com	A B C , rewena bread, man i think thats why my teeth are falling out ha ha hope my misses doe " nt read dis, any way im looking foerward to
106	3799095	NZ	B	travelblog.org	A B C well that is what I think anyway to all you opera aficionados out there, ha ha). # We were sorry to leave our little studio apartment in Darlinghurst
107	1754143	NZ	G	getfrank.co.nz	A B C l happen to miss a few days, my body certainly lets me know ( ha , maybe it's in the mind). But it all comes down to
108	1728387	NZ	G	nz.news.yahoo.com	A B C a December debut in a highly competitive market where the lack of a new model ha ...
109	1783287	NZ	G	solopassion.com	A B C the recent nuptials, old chap! Just what you always wanted, eh? Ha ha! Well, you won't have a teenaged husband for very long,
110	1721096	NZ	G	guymcpherson.com	A B C optimistic, I think if elders and policy makers, (nice cultural discriminator, ha ), know the issues well enough then there may be, can be,
111	3790558	NZ	B	cazhancock.com	A B C felt it this time and i feel as if i am still chasing my tail HA HA. So on my list of to do's is go through the 2500
112	1732641	NZ	G	...rchive.lincoln.ac.nz	A B C kgha? 1 P treatments were over 20, 15, 2.5 and 0.8 t ha ? 1 respectively. Percent P, Sand N was less than 0.29, 0.12
113	1793567	NZ	G	virtualtourist.com	A B C strange formations. Punakaiki is the service centre for the Paparoa National Park - 30,000 ha of varied landscape from lush West Coast native rainforest and mountain tops, to expansive
114	1729854	NZ	G	nzgamer.com	A B C I soon progressed onto every Sega console under the sun (or on Saturn! Ha ha!) but remained a PC gamer at heart. # I didn't
115	3777807	NZ	B	...ive.indymedia.org.nz	A B C comfortable with this solution. Let others worry about the revolution! Good Luck! Ha ha, Leon and' I am Leon',' Lentil 1, 2,3
116	3788388	NZ	B	transportblog.co.nz	A B C and trying to pay for nuclear power stations, and other schemes including Rapid Rail- Ha ! Now there's a
117	1785666	NZ	G	stuff.co.nz	A B C is to own both a dog and a SUV (you murderer!) ( ha I'm just kidding a little) # yvonne #259 11:43 pm Nov 13 2009
118	3777794	NZ	B	architecture.org.nz	A B C and Roger Walker had done something interesting in their buildings were clearly wrong...; ha , ha just kidding -- but seriously an app that reconstructed demo-ed buildings could be
119	3799084	NZ	B	travelblog.org	A B C thinking our garden shed looks promising and it will remind me of our travels, ha ha # So we walk into Napier for some food and wine and decide that
120	3867787	NZ	B	....eternalvigilance.me	A B C to do with Atheism, and now talk of' Abiogenesis'.... HA HA HA ! Despite their protests. Despite their claims to be applying more modern ideas...
121	1740177	NZ	G	ahappyadventure.com	A B C , *inspired* me! # Hi Erin! So glad you are feeling inspired! Ha ! I didn't realise that no one else calls it a lounge... hmmm
122	3780394	NZ	B	cqae.co.nz	A B C -46.413056 168.356885 Share this: Like this: # Ha , I wondered whether that would come up. Some cynics have even suggested that
123	1728087	NZ	G	nz.finance.yahoo.com	A B C we can further enjoy our lifestyle. ha ha, ha, ha, ha , ha. Quotes are real-time
124	3799706	NZ	B	weatherwatch.co.nz	A B C , " wrote Matt James Tiberius Kazan. # Again, a far jump ( ha ha) from anything Baumgartner and Cameron have done, and more in the realm
125	1733418	NZ	G	sameichblatt.com	A B C at the front gate armed with club. Has anyone ever hit her? " Ha ha, of course not! " she scoffs. " I'm a nun
126	3784423	NZ	B	mistea.edublogs.org	A B C the luge was when this crazy Asian man went zooming past me yelling' HA HA HA WEEE!,' as if he was stirring me up. We then
127	1742265	NZ	G	bambusero.co.nz	A B C Huge biomass production - depending on species this varies between 50 and 100 tons per ha per year. # Bamboo is very good at erosion control, the rhizomes and
128	1781794	NZ	G	seafriends.org.nz	A B C by a small earth quake, a small section of soil (up to 1 ha ) slides downhill, often over several hundred metres. In the process, much
129	1771789	NZ	G	...ingandshooting.co.nz	A B C would go with them dis loyal bitch if you got a gun shes yours # Ha ha samba you re not alone there.Mine would lick you to death first though..
130	1785695	NZ	G	stuff.co.nz	A B C watch sport while you have sex maybe you should put more effort in... ha ha # Lady #92 11:40 am Feb 08 2012 # AJ #47: fair enough.
131	1747298	NZ	G	critic.co.nz	A B C Clint Eastwood on your side. # Proponents of the system argue it works ( ha ), as to be able to gain power a party needs to be well
132	1782338	NZ	G	sillybeliefs.com	A B C Levy I'm asking Margaret. She has to find out you know. Ha ha . " # Where is Margaret Kaye going to go to find out the name
133	1740371	NZ	G	alaskanrebel.com	A B C update about when we will fly. The home page actually says 18 months! ha ha! I leave that on there for laughs. This time I feel strongly
134	1716422	NZ	G	blog.greens.org.nz	A B C the market had been allowed to operate allowing new sections at $50,000 or less # Ha ha ha. There is no market that is going to operate that will result
135	3791458	NZ	B	familytimes.co.nz	A B C sounds e.g. " I see. ", " Mmm. ", " Ah ha . " Let them get everything off their chest first, then together look for
136	1727433	NZ	G	nz.answers.yahoo.com	A B C want your sh! tty nail buffing set that's worth maybe $15 dollars. Ha ha okay, find another sucker. Bye! " # The moral of the
137	1791729	NZ	G	tpk.govt.nz	A B C 2 # 151 # 1 < < 50 # 22 # 180 # < 1 ha # 23 # 7 # Unspecified # 1 # NA # Note that in the
138	3791636	NZ	B	fionamotherof8.com	A B C many kids we had, " Don't you have a television? " # Ha ha, never heard that before... # I didn't know my father-in-law,
139	1775180	NZ	G	ourfarsouth.org	A B C stories you will be telling them... like not having to hunt for food.... ha ! ha! ha! Go straight home! # From Maria - Thorndon #
140	3796479	NZ	B	...impleandloveable.com	A B C my year in London and was sent a message from another school friend (' ha ha I'm a vet and you're not') which made me laugh
141	1795875	NZ	G	wingmakers.co.nz	A B C with sound can also be effective and enjoyable Aum, AH El EE Oh, Ha , being only a minute fraction of sounds that work for clearing playing healing music
142	1733053	NZ	G	...binmckinleysblog.com	A B C to amaze him with my profound aural empathy with Orfeo mourning his lost Eurydice. Ha . Frelling ha ha ha. About 95% of all that rich, blossoming cornballery
143	1757335	NZ	G	huggies.co.nz	A B C after birth? # My hubby and i have just had our first cuddle ( ha ha) since our second son was born, and i asked him if it
144	1761102	NZ	G	kiwiblog.co.nz	A B C -- it could have waited until people were back on deck. # Ha ha ha , now I'm really laughing. You Nationals make me laugh. Pretending crime
145	1715713	NZ	G	...oodblog.blogspot.com	A B C you in the bedroom later, if they can muster the energy (ha ha ha , but actually on the whole vegetarians who eat widely have more energy than meat
146	1724786	NZ	G	makecashblogging.com	A B C , by all means do it, but if you want to make money you ha ve to blog about things that matter to other people, and the more popular
147	1734009	NZ	G	snow.co.nz	A B C Altitude # 2300 m Vertical Drop # 420 m Skiable Area # 550 ha Annual Snowfall # 240 cm Average Snow Depth # 166 cm About
148	1720634	NZ	G	...thmorganofficial.com	A B C 'd love it! It would take some of the pressure away from me ha ha !:) # Hey Gareth I would say I have seen both kinds of
149	1787990	NZ	G	stuff.co.nz	A B C with the conductor). # gbsmama #7 11:51 am Jul 17 2012 # Ha ha love your comment about maps - hard copy GPS! I told my son an
150	3780790	NZ	B	...impost.wordpress.com	A B C JC -- If a medium density model of somewhere between 40 and 80 dwellings per ha were applied at city fringes (rather than between 15 and 30 that is the
151	1720566	NZ	G	...therthanyouthink.com	A B C jump in and help rustle up the sheep that had gone on the lam ( HA !). It was all kind of madcap, and I wish they had
152	1782911	NZ	G	skeptics.org.nz	A B C . Later that night a quick light shower passes through and the weatherman says " ha , told you so! ". Would you feel he had lived up to
153	1778102	NZ	G	...hanwinereviews.co.nz	A B C Kirk Bray, winemaker at Sandihurst, and his wife Alison. They have 8 ha of vines on Georges Road, Waipara, planted to 4 ha Riesling and 2
154	1785758	NZ	G	stuff.co.nz	A B C that I am only going to have to share them with one other person. HA ! # The first dish to make it to the table is a wooden board
155	3782947	NZ	B	jtc.blogs.com	A B C just entered politics. Oh how precious HC's experience must be. HA HA HA # Type cast: think left and right, instead of blue and red,
156	1745803	NZ	G	...rchinterfaith.org.nz	A B C the recipe should be accompanied by a short explanation as to why this specific food ha become connected to this specific day. It is going to be an Interfaith Cook
157	1721742	NZ	G	homepages.ihug.co.nz	A B C , " When you'd been given up for dead? " # " Ah ha ! I found a bucket. " said the cat " And so I went
158	1766597	NZ	G	ndcricket.co.nz	A B C You could start a crche at Seddon Park. Help each other out? # Ha ha, yeah a little preschool. Me, G, James, Hamish,
159	1796889	NZ	G	www2.everybody.co.nz	A B C newborn, your neighbours would hate me! They need to get a life ha ha , you should just say, actually babies cry! # I fed c some
160	1722392	NZ	G	...geland.wordpress.com	A B C thing to be. Sensible people wouldn't ever dare to be women. Ha ha ha! " # You can imagine it with guffaws or snickers, or snide
161	3784423	NZ	B	mistea.edublogs.org	A B C visiting the luge was when this crazy Asian man went zooming past me yelling' HA HA HA WEEE!,' as if he was stirring me up. We
162	3799098	NZ	B	travelblog.org	A B C should listen to briefings! hey ho sometimes it pays not to listen, ha ha . # So after getting to the Pampoloma Lodge we settled in for the night
163	3869080	NZ	B	forums.sidhe.co.nz	A B C receiver. It's an excellent way to make quick meters. # Ha, ha , yea, I was put at ease with this issue, because of your
164	1723242	NZ	G	just-cassie.com	A B C 's air popper sits. He may have to find new digs for it, ha ha. # I am most definitely looking forward to November, heh heh.
165	1781820	NZ	G	seafriends.org.nz	A B C is dropping by more than 1m every year. # China: in millions of ha of northern China, the water table is dropping by 1m a year. Whereas
166	3793880	NZ	B	mademois-elle.com	A B C now and no one cared if they wore the same things multiple times, ha ha . But it is nice to have more options http: **29;918;TOOLONG
167	1716389	NZ	G	...rasshopperrock.co.nz	A B C 1972 -- 1975) # Master Po: after easily defeating the boy in combat Ha , ha, never assume because a man has no eyes he can not see
168	3874628	NZ	B	hungryandfrozen.com	A B C a very dear friend in Auckland NZ named Laura who also loves to cook! Ha ! I'm definitely bookmarking your blog and hope to try this Lindt Chocolate Pudding
169	1729253	NZ	G	nzetc.victoria.ac.nz	A B C , marked in with a sharp stone flake the outline of the mer Pahikaur. Ha ! So that was the " carving " which was to decorate the post!
170	1729868	NZ	G	nzgeek.org	A B C # geekmojo49 # Aug 25, 2009, 12:15 pm # #20 # Ha ha ha I've got a job, coincidentally I spend all day on aComputer. I
171	3778518	NZ	B	...rsboys.wordpress.com	A B C , and I am making certain that he knows it. Over and over. Ha ! # What a show! From the flashing wristbands we were all given as
172	1785005	NZ	G	stuff.co.nz	A B C mid-December, with LIC to receive at least half of that. The interest rate ha s been increased on the balance of the loan. Agria is able to repay
173	1757335	NZ	G	huggies.co.nz	A B C birth? # My hubby and i have just had our first cuddle (ha ha ) since our second son was born, and i asked him if it feels
174	3872513	NZ	B	transportblog.co.nz	A B C intentions on this site. Bye for now. # As for conflict of interest Ha ! That's funny. How exactly might we profit from advocating public transport?
175	3878515	NZ	B	whaleoil.co.nz	A B C class. Welcome to the shit heap folks!!! # Red # Ha Ha -- Yes -- we saved all of you a place! Bloody hard to continue
176	3873792	NZ	B	danbolton.co.nz	A B C on top our game, right? Don't want to be a heretic. Ha ! # Thanks a ton for the comment, Rowan! I know what you
177	3799084	NZ	B	travelblog.org	A B C other side of the world - I know I need to get out more, ha ha. # We are off to Napier today and have booked another place through
178	3794251	NZ	B	...eyscountrygarden.com	A B C new David Austin roses) with another. Ooooh. What to do first? Ha ! Beautiful sunshine. Put on some sunblock. Lunchtime... # So far
179	1763357	NZ	G	mademois-elle.com	A B C not to shop that much because I don't have a regular income anymore, ha ha... I do pretty well and only slipped up while I was in the
180	3795392	NZ	B	paisleyjade.com	A B C too small to bite us - so to us they are completely harmless! # ha I was just thinking what Ana said;) I have a serious white tail
181	3793071	NZ	B	jennichong.com	A B C tinsels and ribbons, and of course, world peace... ha... ha... ha ... and now it is time to sing... tra... la... la...
182	3780050	NZ	B	...chkids.wordpress.com	A B C the Australian cover too! I think the ground should be green though. Ha ha ! How funny, that in your book your main character is called Ella and
183	3794242	NZ	B	...eyscountrygarden.com	A B C foliage (the little ornamental Maples) - guess what I'll be doing? Ha ! What a daft time of year to get a brick-laying mania! Wednesday
184	1733059	NZ	G	...binmckinleysblog.com	A B C is already in more rose trouble than she realises. Mwa ha ha ha ha ha . # Snork. I would have been devastated if one of you had guessed
185	1734972	NZ	G	...lbloke.wordpress.com	A B C why would you even attempt to defend AGW? Are you just trolling? # Ha Konrad 3:56 am -- Easy huh? I really can't improve on my net
186	1731549	NZ	G	...ressf1.pcworld.co.nz	A B C been posted here once before;) # cfodder # 17-11-2006, 12:05 AM # Ha ha.That is funny!. It's a shame that there is nowhere else to
187	3787195	NZ	B	spokemagazine.com	A B C a map and a shuttle up to the start of the ride. Word ( ha ) on the street is that the course record is 37 minutes for this 17
188	1749295	NZ	G	dramatix.org.nz	A B C ) Zion J-7000. Arnie: (Shivers) Oooh! Far out dude! Ha ha! You call that a rod? Now this is a rod! Sam
189	1768317	NZ	G	nz.open2view.com	A B C 450 m² (4842 sq.ft.) # 8,791 m² (2.17 Acres, 0.88 Ha ) # 1999 # Enjoy the Views and Peace in Plenty... # The fresh
190	1734074	NZ	G	...aikatoregion.govt.nz	A B C a very detailed scale, say 1:5000 (where 1 cm2 of map represents 0.25 ha ), several different soils would probably be able to be shown within a single
191	3792565	NZ	B	hungryandfrozen.com	A B C my head that I'd be able to blog more than ever. Well, ha ! I certainly learned a thing or two since then. Like I wouldn't
192	1729305	NZ	G	nzetc.victoria.ac.nz	A B C and there, or subsequently, rewarded your fair rescuer -- ha, ha, ha ! -- by making her the offer of your hand and heart, as we
193	1736328	NZ	G	transportblog.co.nz	A B C people who are are pro PT and walkable, living cities. Support for PT ha grown beyond railfan's and he finds that a threat to Auckland's car culture
194	1732505	NZ	G	rebeccahulse.com	A B C Real -- both are great because you get the same effects even a lame ha ha ha will do the trick. As long as you get your belly moving it
195	3799313	NZ	B	vegemitevix.com	A B C or Brisbane Australian with a little bit of Tassie thrown in? # expatmum # Ha ha ha ha. I can completely sympathise with anyone having problems with those ruddy
196	1754461	NZ	G	globalfresh.co.nz	A B C Industries. He lives in Katikati with wife Jo and four sons on their 2 Ha avocado orchard. # They are also involved in the ownership and development of an
197	1740654	NZ	G	allergyclinic.co.nz	A B C . # In New Zealand there is a Nestle Infant formula available, called NAN HA 1, which is a 100% partially hydrolysed whey protein. It offers better formula
198	1732505	NZ	G	rebeccahulse.com	A B C or Real -- both are great because you get the same effects even a lame ha ha ha will do the trick. As long as you get your belly moving
199	3874867	NZ	B	jamesrford.com	A B C # JRF: If my show was in two weeks time I would be panicking ha ! I've settled a bit in NZ now and, after Primera Disaster,
200	1716340	NZ	G	...newinedelivery.co.nz	A B C " soft, silken, fragrant and perfumed. " # Grown on the 4 ha McCreanor Vineyard, Princess Street, from 24-year-old vines. It was fermented with 40%
201	3782890	NZ	B	...ansell.wordpress.com	A B C if we can persuade enough New Zealanders to look forward, and (ha ha ha ) agree on a goal. Or at least democratically decide on a goal.
202	1777119	NZ	G	publicspeaking.co.nz	A B C truth is a very small thing like " everyone knows Jennifer likes to shop, ha ha ha ". Honestly, I think you're better off going for something
203	3792916	NZ	B	interest.co.nz	A B C the strength of democracy, probably its undoing as well. regards # ... ha ha ... no one has ever called me a greenie before! I like to think
204	1720171	NZ	G	flatrock.org.nz	A B C Lamb', what do you want to do to it? " # " Ha ha, throw it in an oven, mate, with loads of potatoes.
205	3799084	NZ	B	travelblog.org	A B C of you who are too young to remember this TV programme wikipidia is amazing, ha ha). We met up with an old acquaintance of Mike's where she
206	1759868	NZ	G	jps.auckland.ac.nz	A B C difficulty, suggested " Sawaiori, " a compound word derived from Sa-(vai'i), ( Ha ) -waii, and (Ma) -ori. But it has never come into
207	3791590	NZ	B	financebuddies.com	A B C years, so he's under strict instructions not to die before then! # Ha ha! I too have a goal to be debt free in under 5 years
208	3792130	NZ	B	...reatfun4kidsblog.com	A B C good. Within the first few minutes my hard-to-impress hubby was chuckling and saying, Ha , this is good! Arthur is the family nerd, which is rather awkward
209	3779011	NZ	B	blog.polkadots.co.nz	A B C toy or I may go as far to say,' Friend!' ha ha ! While Ashton was waiting for the water to boil he was playing with the
210	1795472	NZ	G	whatthefolk.net	A B C tears of sadness They're tears of joy I'm just laughing Ha ha ha-ha ha Sitting at this table called love Staring down at the irony of life How come
211	3873715	NZ	B	contest.co.nz	A B C ?!?! I guess if its to hard others will give up ha ha more prizes for us!
212	1759869	NZ	G	jps.auckland.ac.nz	A B C the average is between 2,000 and 3,000. # But none of these things are ha mena tuai -- things of old, but are modern, since the introduction of
213	3799313	NZ	B	vegemitevix.com	A B C Brisbane Australian with a little bit of Tassie thrown in? # expatmum # Ha ha ha ha. I can completely sympathise with anyone having problems with those ruddy voice
214	1765345	NZ	G	monarch.org.nz	A B C as the tucker gets short, just about anything is up for grabs (ha ha ). Wind can knock them off too. Anywayz if youre careful, you
215	1764730	NZ	G	mfe.govt.nz	A B C . If using NZMS 1:50,000 maps note that one square on the map equals 100 ha . # Locate the catchment on the rainfall maps and identify the rainfall band.
216	3799096	NZ	B	travelblog.org	A B C Fox Glacier (everytime I say it or see it I think of mints, ha ha - I wonder if the mints were named after this place!).
217	3782946	NZ	B	jtc.blogs.com	A B C Rich. Bite the hand that feeds you just a little bit more. # Ha ha you don't know me do you IP! I'm a happy top
218	1730937	NZ	G	pc.blogspot.com	A B C Is it the allegation that he had it sweet in Nth Vietnam? # JC Ha ha.. oh gosh Peter, this is highly amusing. # Somehow I think
219	3874323	NZ	B	...tflightlessbirds.com	A B C of native forest, according to satellite imagery; between 1990 and 2008 over 50,000 Ha was deforested, and a similar amount naturally regenerated. So the FAO data look
220	1740654	NZ	G	allergyclinic.co.nz	A B C suitable for the treatment of cow's milk allergy. # Clinical trials show NAN HA 1 helps to reduce the onset of some allergic symptoms. # Synthetic Amino acid-based
221	3782881	NZ	B	...ansell.wordpress.com	A B C hat. I'm thinking Waitangi. # Peter C -- " Treaty Fraud " Ha , thanks for pointing out the irony, it made me smile. # Very
222	1726970	NZ	G	nz.answers.yahoo.com	A B C just feels so darned good they don't care what they look like, ha ha # It means she has worms. If you want you can take her to
223	3871117	NZ	B	pc.blogspot.com	A B C , and always just prior to the discovery of a massive new oilfield! HA HA HA!! # Last book I enjoyed was on Rudolf Nureyev. I have
224	3868801	NZ	B	...odhacks.blogspot.com	A B C , assam laksa, finishing off with ang ku kuih for dessert. # Vicky Ha , the dumpling queen herself (The Dumpling House) demonstrated her famous prawn and
225	3799220	NZ	B	twomotokiwis.com	A B C ... again just an observation and suggestion from an outsider, who will listen... ha no one.!!!!... but now I am lighter very venting it
226	3781556	NZ	B	forums.sidhe.co.nz	A B C latter are going to be much lower which means a more frequent release cycle ( ha !) would be possible. # Why are people arguing with the creators of
227	1765133	NZ	G	...eralswestcoast.co.nz	A B C be granted for up to 40 years. The annual fee payable is $10.00 per ha (GST inclusive). Where production is valued at more than $100,000 pa the
228	3794089	NZ	B	mediapeople.co.nz	A B C Waiapu catchment, under the East Coast Forestry Project. An area of about 28,000 ha of grassland within the catchment still requires work to prevent sediment yields from increasing.
229	3795823	NZ	B	radiowiki.org.nz	A B C Once some time One other awesome matter: A number of the charm bracelets ha # A second great inescapable fact: Lots of the expensive jewelry are inter-changeable,
230	1732649	NZ	G	...rchive.lincoln.ac.nz	A B C , 1000 mg/kg) in the presence and absence of biosolids (400 kg nitrogen ha ? 1 yr? 1). Ryegrass (Lolium perenne) was sown on
231	1763090	NZ	G	lodestarmedia.co.nz	A B C him is information on radio carbon dating of up to 16 sites in a 242 ha area with nearly 2000 stones structures. His book, The Secret Land, is
232	1734978	NZ	G	...lbloke.wordpress.com	A B C engineers have a better understanding of the engineering behind the data. Ha ha ha ha ! # The orange plot IS the solar spectrum. It does not have to
233	1734724	NZ	G	stylebabystyle.com	A B C and Daniel (a half) she's got a lot on her plate ( ha !) and is planning to return to her job as a Toxicologist for a
234	1734027	NZ	G	social.kidspot.co.nz	A B C of' how much mess can I make in a few minutes?' ha ha . I call him the hurricane! He's super busy and his favourite things
235	1772473	NZ	G	nzqa.govt.nz	A B C annually which has put a huge strain on this natural environment which is only 22,500 ha . There are two main viewpoints which are that DoC should limit the total number
236	3778146	NZ	B	aucklandjetaa.org	A B C for their " Ra " line # 2nd place: Kristin School for their " Ha " line # 3rd place: Ramarama school for their " Ta line ".
237	1719607	NZ	G	...ishonline.tki.org.nz	A B C : Do you put them face down - hang on # H: Oh - ha # C: Then we get one ballot card each and you put them aside
238	1734972	NZ	G	...lbloke.wordpress.com	A B C every day. # Trick says: November 15, 2012 at 4:30 am " Ha Konrad 3:56 am -- Easy huh?... And your answer is... ".
239	1756460	NZ	G	historic.org.nz	A B C the country's worst railway disaster. Notable Features # Registration includes the 1.7130 ha of land comprised in the Tangiwai Historic Reserve as described in New Zealand Gazette 1994
240	3782859	NZ	B	...onwoman.blogspot.com	A B C coming back to haunt all the people who blasted past me on the downhills - ha ! There was carnage everywhere - people stopped and lying down at the corners were
241	3783075	NZ	B	katemullarkey.com	A B C doubt it this: Like this: One Response # Ha ha Mullarkey, nice write up, sounds like you are in for next year
242	1734909	NZ	G	...ristine.blogspot.com	A B C na say,' We'll track it down soon.' Get it? ha ha) 1 comment: # I remember talking to Phil when he was
243	1765193	NZ	G	mission.net	A B C children, all of them boys except for the last eight. (Ha, Ha ) Bio courtesy of Les Howe # Dean D. Baxter (1986 to 1989)
244	3799096	NZ	B	travelblog.org	A B C to be Heinz. Now as I mentioned earlier Fox Glacier (mint, ha ha ) is only a very small town and they only had one convenience store so
245	1740806	NZ	G	amiria.co.nz	A B C the information they have to hand. Forgive everyone. Even you. # ( Ha , you thought I was an art teacher, but it turns out I am
246	3799297	NZ	B	vegemitevix.com	A B C my very first real job was working for Radio Otago. # Di # Ha ha . Yes, I hear you! I have been in South Africa for nearly
247	1758831	NZ	G	interest.co.nz	A B C the yanks... out source all their industries to China....... ha ha... bluddy ha .... and never pay the Bill of rights. Then complain that they can not
248	1754461	NZ	G	globalfresh.co.nz	A B C always keen to meet suppliers. # Steve and his wife Tracey own an 8 ha organic apple orchard in Hastings where they reside together with teenage son Ben. #
249	1781853	NZ	G	seasonaljobs.co.nz	A B C ? I replied,? it would be nice if we find something today, ha ?? # ? Yes, that would be cool. So we can finally
250	1759360	NZ	G	isaaclikes.com	A B C bowling trophies. " Needless to say, there was no third date. # Ha ! When I was in NYC 3 weeks ago, what did I stumble across
251	3787304	NZ	B	stinkyjim.com	A B C 'll be on around 12.30 and it's free to get in... hoo and ha ! (Probably don't need to say this but you can expect to hear
252	1733086	NZ	G	...binmckinleysblog.com	A B C as he did so his eyes got brighter and brighter and he went um, ha , hmm, and then he said, Why don't you just get it
253	1748721	NZ	G	doc.govt.nz	A B C , and the inland ranges of Marlborough. # The high country comprises 2.37 million ha allocated as at 1998 into: # 2.17 million ha of pastoral lease, divided
254	1758785	NZ	G	interest.co.nz	A B C (Flogging orf our heritage and the Maori voted for the wrong PARTY.... ha ha ... not) Seems we are to assume that Winsome Peters knows what he is
255	3790157	NZ	B	beretta-online.com	A B C picks up the Bible, points to something like the conquest and says " Ah HA ! Gotcha! " # As for what law Jeremiah refers to, Jeremiah can
256	1794555	NZ	G	...lkontheotherside.com	A B C Kerikeri I found out that McFlurry is totally not-done over here (" McFlurry? Ha ! That was like ages ago...). Then I went on to Paihia
257	1778326	NZ	G	realestate.co.nz	A B C , ponds, spring water and lush native bush on this attractive, manageable 2.5 ha block. # This property is under 5 ha and may therefore be purchased by
258	1714505	NZ	G	24fridays.com	A B C nerds. I think. Well, Nic certainly is an EU nerd. (ha ha , nerd). I can't think of a decent bit of it to
259	3793145	NZ	B	just-add-sugar.com	A B C bad. It seems like I now gag every time I brush my teeth. Ha ! And is it my imagination or am I already getting wider?! #
260	1779130	NZ	G	riffraffstatue.org	A B C the era that are accessible on land in New Zealand ". # Accessible. Ha . # When we moved to the city 10 years ago, the kids had
261	3799098	NZ	B	travelblog.org	A B C were and also if we should not go somewhere - see I do learn, ha ha. # The trek today was 15 km in total. We started in
262	1734027	NZ	G	social.kidspot.co.nz	A B C no, it turns out he can fling a t-shirt halfway across the room. Ha ha. # My Grandson loves playing at being an explorer. He holds his
263	1758793	NZ	G	interest.co.nz	A B C the criminal enterprise of lenders, originally bailed out by 2012 Taxpayers and those.. ha ha... Savers.... in 2010. 1 million Property Tycoons and 3 million Beneficiaries now
264	1782414	NZ	G	silverstripe.org	A B C , so all the tools are certainly there to do it. # Ah, ha . I thought that when I saw the " Back to Dashboad " button in
265	1720277	NZ	G	folksong.org.nz	A B C tune which was popular in the 1950s, (Ha E Re Mai - " Ha Airy My, " Ev'rything is ka pai - " Ev'rything is k'pie ")
266	3799084	NZ	B	travelblog.org	A B C our garden shed looks promising and it will remind me of our travels, ha ha # So we walk into Napier for some food and wine and decide that we
267	3777808	NZ	B	...ive.indymedia.org.nz	A B C , BEBEL, ROSA LUXEMBURG, KARL LIEBKNECHT UND DEM GANZEN GESCHWADER! HA HA HA wake up little germinating lentil, you may discover life and growth and something totally
268	1761102	NZ	G	kiwiblog.co.nz	A B C time -- it could have waited until people were back on deck. # Ha ha ha, now I'm really laughing. You Nationals make me laugh. Pretending
269	1760989	NZ	G	kiwiblog.co.nz	A B C richer pricks " as their Labour leaders do as a default position. # Ha ha screw you unionists -- you lost, she won, eat that (to paraphrase
270	1733059	NZ	G	...binmckinleysblog.com	A B C with one # Kes is already in more rose trouble than she realises. Mwa ha ha ha ha ha. # Snork. I would have been devastated if one
271	1738842	NZ	G	3news.co.nz	A B C beautifully goaded. # 20/11/2011 9:29:56 p.m. # Kevin Middleton wrote: # Hah ha ha (man food laugh) stake &; garlic # 20/11/2011 8:23:21 p.m. #
272	1777119	NZ	G	publicspeaking.co.nz	A B C is a very small thing like " everyone knows Jennifer likes to shop, ha ha ha ". Honestly, I think you're better off going for something from
273	1786592	NZ	G	stuff.co.nz	A B C and use the land for something else. Instead of paying up to $13,000 per ha , they are paying only about $2000. # Expect also to see Maori seek
274	1723224	NZ	G	juha.saarinen.org	A B C match "... materazzi says " id prefer your whore of a sister! " ha !! Finally the truth... # Comment by G. Palazzi, on 11-Oct-2011 00:08
275	1734979	NZ	G	...lbloke.wordpress.com	A B C , is that the newbies think its a mistake (or blooper). ha ha ha
276	1791729	NZ	G	tpk.govt.nz	A B C # Unspecified # 1 # NA # Note that in the class greater than 100 ha one block is 719 ha and another is 464. # the use of the
277	1782839	NZ	G	...impleandloveable.com	A B C daughter (one of them) continues the family tradition of geekiness. # Ha ha thanks Brian! Paul, Geek Girl Dinners are hardly undercover! They are well
278	1792169	NZ	G	travelblog.org	A B C in 6 weeks of travelling and Christine hasn't done that in 6 months! ha . I arrived at Wanaka at around 4.15pm and stayed at The Purple Cow again
279	1742961	NZ	G	beretta-online.com	A B C so that when the other person gets sick of it you can say " a HA ! You fully addressed the first million objections, but you didn't answer objection
280	1771653	NZ	G	nzhistory.net.nz	A B C controversial claim of the New Zealand Company to some 20 million acres (8.1 million ha ) in central New Zealand, 30% of the country. Some missionaries, against
281	1724078	NZ	G	lifestyle.msn.co.nz	A B C saw your comment about " the most natural beautiful women in the world " ha ha are we really talking about nz here?!!! comeee on!!
282	1751449	NZ	G	expatforum.com	A B C house 13km from Wellington with all the mods cons like heating and double glazing ha ha !!! you would be amazed but not a lot of this about.
283	3794436	NZ	B	naturallyleah.com	A B C motivations do you use to get out and get exercising? # Week Four # HA ! After all that preaching about getting up early, getting it done... my
284	1749247	NZ	G	dramatix.org.nz	A B C I want to be the Scrooge of your Saturday night. # 1: AH HA ! # 2: What is wrong with you? # 1: I am
285	1742749	NZ	G	bc.org.nz	A B C growing on a bit of framing that was at 15% (" accurate " - Ha !). # At the other end of the scale, I have sent
286	3874783	NZ	B	interest.co.nz	A B C going to be yours, all yours! " When I'm debt free " ha ha ha and a he he he, Jamman's only chance, is to
287	1733874	NZ	G	shyranger.com	A B C addition for me and it was for Power Rangers. My first thought was " HA ...... How cool would that be! " # HJU: So what's it
288	3868643	NZ	B	danishbird.com	A B C to rearrange my house too! I am not very good at sitting still ha ha
289	1730920	NZ	G	pc.blogspot.com	A B C HA!, HA!, HA!, HA!, HA!, HA ! with a baritone voice. # P.C is right when he decries philosopher's
290	1732295	NZ	G	pundit.co.nz	A B C at some comedy festival to crack jokes and draw a polite - or genuine - ha ha from the audience. # In which John Key plays the part of the
291	1732343	NZ	G	puregolf2010.com	A B C the left. Just go ahead and stroke one down the middle then son... Ha ! In fairness the shot is less demanding than it looks, because the fairway
292	1761667	NZ	G	last-in-line.info	A B C with AAS. I stopped using AAS on a regular daily basis for Daisy, ha ! Not a good move. She started to slide back into old habits...
293	1739428	NZ	G	3news.co.nz	A B C are very reasonable priced homes in Auckland. # 23/11/2012 11:42:40 a.m. # Ha ha (Nelson Simpsons) wrote: # I agree with Sharon and Davide. There
294	1783287	NZ	G	solopassion.com	A B C , civil union); a teenaged husband - just what I always wanted ha ha ! Elijah " # I would like to point out a couple of things for
295	3869921	NZ	B	...en-maid.blogspot.com	A B C . When it gets colder here, we keep our beer (and champagne, ha !) outside, and have to just hope it doesn't freeze. If
296	1745583	NZ	G	chelsey.co.nz	A B C of my mans chev! (now replaced with a people mover, ha! ha !) parked up at one tree hill, once we had just finished,
297	1792297	NZ	G	treasures.co.nz	A B C ok with it in some lights/ positions, others I find totally unflattering. Ha ha . The good news is that it does get better -- my stomach improved all
298	1734978	NZ	G	...lbloke.wordpress.com	A B C in fact the engineers have a better understanding of the engineering behind the data. Ha ha ha ha! # The orange plot IS the solar spectrum. It does
299	1716389	NZ	G	...rasshopperrock.co.nz	A B C 1975) # Master Po: after easily defeating the boy in combat Ha, ha , never assume because a man has no eyes he can not see. Close
300	1791926	NZ	G	trademe.co.nz	A B C are looking for an entry-level lifestyle property on the outskirts of Darfield, this 4 ha property may be the answer. Very good quality Templeton soils, 4 paddocks,
301	1728087	NZ	G	nz.finance.yahoo.com	A B C also so we can further enjoy our lifestyle. ha ha, ha, ha , ha, ha. Quotes are real-time
302	1758896	NZ	G	interest.co.nz	A B C shaking too much from laughter to hold a needle or a specimen bottle...... haha ha haaaaaaaa, cobberdiggermate! # This article really is a bit of a mess.
303	1736043	NZ	G	...omuchpersonality.com	A B C saying. And what if I got it wrong? Does wind have language? Ha ! I'm not sure I want it explained to me. Ha! We
304	1761167	NZ	G	kiwicakes.co.nz	A B C for 100+ guest.... ARGHHH # Mags # 14-09-2011, 12:06 PM # Ha.. ha .. I would be scared of butter cream.... fondant are more " user friendly
305	1796889	NZ	G	www2.everybody.co.nz	A B C him in bed with me, he was not up or me not feeding him ha ha he spat the dummy so to speak! Shots today: (just giving
306	3874783	NZ	B	interest.co.nz	A B C to be yours, all yours! " When I'm debt free " ha ha ha and a he he he, Jamman's only chance, is to flee
307	1749295	NZ	G	dramatix.org.nz	A B C Zion J-7000. Arnie: (Shivers) Oooh! Far out dude! Ha ha ! You call that a rod? Now this is a rod! Sam:
308	1782344	NZ	G	sillybeliefs.com	A B C criticising my ideas please get correct what I claim. Every single object?? Ha ha. # " why do you keep trying to differentiate your astrology with'
309	3799098	NZ	B	travelblog.org	A B C I should listen to briefings! hey ho sometimes it pays not to listen, ha ha. # So after getting to the Pampoloma Lodge we settled in for the
310	1729305	NZ	G	nzetc.victoria.ac.nz	A B C thankfulness, you then and there, or subsequently, rewarded your fair rescuer -- ha , ha, ha! -- by making her the offer of your hand and
311	1716340	NZ	G	...newinedelivery.co.nz	A B C 's, combining power, structure and complexity. " # From Escarpment's 1.8 ha . close planted vineyard on Te Muna Road. Established from the outset to grow
312	1776709	NZ	G	...callyperfectblog.com	A B C going to do a filling, I need to mention this to him! # Ha . MY husband didn't go to the dentist FOR YEARS over there. YEARS
313	1787229	NZ	G	stuff.co.nz	A B C space Inc in Collingwood, Melbourne. Run through the influential Blender Studios where Ha Ha and other artists worked, it's cited as Australia's first street art gallery
314	3783371	NZ	B	...idutch.wordpress.com	A B C fell for it and I got the one and only shot I needed. Ah ha ... a full ten second delay before he was happily eating. # Kiwi Daughter
315	1795471	NZ	G	whatthefolk.net	A B C aren't tears of sadness They're tears of joy I'm just laughing Ha ha ha-ha ha Sitting at this table called love Staring down at the irony of life
316	3869080	NZ	B	forums.sidhe.co.nz	A B C to the receiver. It's an excellent way to make quick meters. # Ha , ha, yea, I was put at ease with this issue, because
317	1747714	NZ	G	daimenhutchison.com	A B C ##1747715 # Ha ! I was going to post this
318	1725265	NZ	G	...ndsetdestination.com	A B C need to go to the emergency room? No? Then everything's fine. Ha .) # Hi Deonne -- yip on " will it kill me ".
319	1793192	NZ	G	venturepet.co.nz	A B C just end up sleeping outside with the possums, snakes and spiders! (ha ha ha). But seriously though apart from the early morning wake up calls it
320	1772141	NZ	G	nzmusician.co.nz	A B C , is that the right word (I was going to say? stigmata? ha ha), with the classical world that they? re really academic and all
321	3787570	NZ	B	tanyagray.co.nz	A B C man I have seen around at meetups but do not know personally butted in ( ha , pun) and said " You've got a cute little butt, you
322	3799098	NZ	B	travelblog.org	A B C a plot was hatched by the Fairbairns with me as the Chief Executive, ha ha . The plot went as such; go and get as much newspaper as possible
323	3872374	NZ	B	thestandard.org.nz	A B C lagoon is 1350 hectares (ha), the catchment is approx 20,000 hectares ( ha ) More than 80 different species of bird have been recorded in the wetland complex
324	3792528	NZ	B	...dateanasianwoman.org	A B C . and they have some of the hottest legs I've ever seen! ha ha . But I say, the way you act as a women.... then you
325	1730920	NZ	G	pc.blogspot.com	A B C the Christmas period. Always a good laugh and a big, HA!, HA !, HA!, HA!, HA!, HA! with a
326	3799299	NZ	B	vegemitevix.com	A B C You say fill out in' black pen in capital letters'? # Ah ha ! I brandish my blue biro like the sword of rebellion that it truly is
327	3872123	NZ	B	...lbloke.wordpress.com	A B C day. Thinking I might be trying to pull a fast one on them, ha . So I got ta' reorder it. Stuff happens. # tallbloke 11:00pm
328	1787532	NZ	G	stuff.co.nz	A B C we had a lot of laughs and got to know everyone so so well ha ha . # Also loved getting phone calls on a Monday night from my staff whom
329	1716135	NZ	G	bipolarbear.co.nz	A B C Challenge the crappy behaviour. Maybe he has very good reasons for his behaviour ( HA !) and that's fine. You might agree with his reasons. That
330	3799096	NZ	B	travelblog.org	A B C brought up our bags - remember we are staying in a treetop place, ha ha - so he is panting like a good one! # I have also booked
331	1735712	NZ	G	thestandard.org.nz	A B C so they can duck roun to Warren Buffets for a hambureger and coke. ha ha f8cking ha. what a joke. who did Buffet buy the new zealand franchise
332	1772535	NZ	G	nzrun.com	A B C your tickets now boys before the word is out! # Rating: Five Stars Ha , that's actually where I grew up, but I'm fortunate these days
333	1761167	NZ	G	kiwicakes.co.nz	A B C a cake for 100+ guest.... ARGHHH # Mags # 14-09-2011, 12:06 PM # Ha .. ha.. I would be scared of butter cream.... fondant are more "
334	1724549	NZ	G	lucymacale.com	A B C know there's a strict NO MOUSE POLICY. Didn't you know... ha ha Ha. " The black knight's cackle was muffled by the sound of his
335	1787229	NZ	G	stuff.co.nz	A B C it's pretty cool ". # If there was a spray paint called Ha Ha : " It would be apricot-coloured. Apricot makes an image look warmer.
336	1762266	NZ	G	life.org.nz	A B C " You can take your pants down now, but you shoulda -- ha, ha -- left' em on before. " # " But ever since 1973,
337	3869305	NZ	B	haimonangata.com	A B C , people to talk to, and of course, beers to drink! ha ha ha! I'm in detox at the moment, for the next few days
338	3872518	NZ	B	transportblog.co.nz	A B C road. # Ah yes, of course for the night cart man..... ah ha that's why they are such a feature of the classic terrace street landscape.
339	3780680	NZ	B	dedepuppets.com	A B C us... " lectured Clay Head, but was interrupted by a short sharp " Ha ! " from Bobby. We both looked at him " Juvenile joke!...
340	1734963	NZ	G	...lbloke.wordpress.com	A B C affecting surface cooling at night (that which must not be mentioned by some, ha ). # Also the albedo would not feature H2O clouds (assume liquid oceans
341	3796095	NZ	B	ruraldelivery.net.nz	A B C . # The farm consists of approximately 80 paddocks with an average area of 4 ha , with approximately 66% of the area on the eastern side of Tumunui Road;
342	3782881	NZ	B	...ansell.wordpress.com	A B C Anakereiti -- imagine a banner on Waitangi Day drawing attention to the Littlewood document. Ha -- might be a bit of a bunfight. # On October 13, 2012
343	1787229	NZ	G	stuff.co.nz	A B C tins of paint each night... and if you get caught? Ha ha. Ha ha. " # That was then. Tonight Ha Ha stands in an Auckland
344	1724549	NZ	G	lucymacale.com	A B C bolts been slid across! Montie was trapped in the outlaw cell! # " Ha ha ha HA ha, " an evil cackle was drifting through the wall and
345	1733002	NZ	G	...twinter.blogspot.com	A B C its way out of a paper bag, I remain to be convinced that it ha woken up enough to know it's in the bag in the first place.
346	3878441	NZ	B	wellington-photo.com	A B C " Oh my God. Oh my GOD! " Which was rather gratifying, ha ha. But also it was a really good reminder for me: she said
347	1726970	NZ	G	nz.answers.yahoo.com	A B C it just feels so darned good they don't care what they look like, ha ha # It means she has worms. If you want you can take her
348	1778750	NZ	G	refugee.org.nz	A B C definition. Member states take care that individual state policy stands in harmony with the HA . HAs oblige the governments if necessary to make changes to domestic law which is
349	1771773	NZ	G	nzhistory.net.nz	A B C a town acre (0.4 ha) and an accompanying 100 country acres (40 ha ). There were 1100 one-acre town sections in the plan for Port Nicholson.
350	1785732	NZ	G	stuff.co.nz	A B C , so we assume they know they should not be barking and getting excited. Ha ! Your dogs are going to get excited, but our yelling gets them frustrated
351	1748721	NZ	G	doc.govt.nz	A B C high country comprises 2.37 million ha allocated as at 1998 into: # 2.17 million ha of pastoral lease, divided into 304 leases, ranging in area from 1,200 ha
352	1726667	NZ	G	nz.answers.yahoo.com	A B C he's ok with it. As long as it just stays make-out sessions.. ha . And yeah she definitely knows about him. She knows EVERYTHING about me.
353	3875479	NZ	B	...eyscountrygarden.com	A B C happy in a garden, with things to do and things to see. # Ha ! Here's a disguised list of some of today's achievements: I've
354	1762523	NZ	G	linda-jenkinson.com	A B C funny uncle James! Wait till I tell you about him. HA HA HA HA ! # Bracken! # P.S. Guess what! Sunday is a very big day
355	1781792	NZ	G	seafriends.org.nz	A B C ha, decreasing further to 0.15 ha by 2050. It is estimated that 0.5 ha per person will just give an adequate amount of food and cooking fuel (Americans
356	1758866	NZ	G	interest.co.nz	A B C you allow 1 unit you will have regular NZ suburbia, with 12 households per ha . (Each household being suitable a large family - say up to 5 with
357	1781792	NZ	G	seafriends.org.nz	A B C people having to share the same land, the available cropland per capita was 0.3 ha in 1986 and is now 0.23 ha, decreasing further to 0.15 ha by 2050
358	1733114	NZ	G	...binmckinleysblog.com	A B C pointed out on the forum, I enjoy your pain. Mwa ha ha ha ha . # Also, in the final crunch to finish SHADOWS I haven't written
359	1792013	NZ	G	trademe.co.nz	A B C Additional Property Information: # CV $790,000 as at July 2011 Size of Land 2,1782 ha about 5.45 acres Zoning 2A LIM Report available
360	1730459	NZ	G	onewaiheke.org	A B C be a real servant of the public. Public servants those othere call themselves ha ha ha ha ha # Well done, Alan, I think you've more than
361	1730920	NZ	G	pc.blogspot.com	A B C this person over the Christmas period. Always a good laugh and a big, HA !, HA!, HA!, HA!, HA!, HA
362	1729271	NZ	G	nzetc.victoria.ac.nz	A B C to take no heed. Outside, all around, the electric city hums and ha 's, unable to decide on its choice of jewellery. The lips move a
363	3786361	NZ	B	rise-worldwide.co.nz	A B C interacting with them " thing? # I know you have -- silly question! Ha ha # Also, now that you're aware of the Halo Effect can you
364	3792705	NZ	B	imperatorfish.com	A B C to TV3 they told me I didn't have enough of a public profile. Ha ! # " Do you watch my show, or are you a follower of
365	1787229	NZ	G	stuff.co.nz	A B C around town and I'd do it really repetitively in certain areas. " # Ha Ha identifies with the outlaw. " Ned Kelly was a criminal. Just like
366	1783422	NZ	G	sounzgood.co.nz	A B C fun to watch. # BC: Aside from visiting our parents? Leaving.... Ha ha! Just kidding Cambridge! There's a great farmer's market there in
367	3797441	NZ	B	stuff.co.nz	A B C contributes to premature mortality. # Dave454 #16 08:23 pm Jul 05 2012 # Ah ha #2. Don't ask her about Prof David lloyd. Well it certainly fits
368	3798628	NZ	B	thefieldsofblood.com	A B C , new warmachines, and lots of new ways to sit in a corner... HA ! # The night goblins are nice, very nice, but I already have
369	1781796	NZ	G	seafriends.org.nz	A B C land is 6 million ha per year, from a world-wide total of 1200 million ha (0.5%/y). These are compelling reasons for improving the way humans manage their
370	1717060	NZ	G	brendonfry.com	A B C meant horrendous hours on buses. Nature was calling, so to speak. # Ha ha so you are having to play my role of pissed off traveler being pushed
371	1755129	NZ	G	greenfleet.org.nz	A B C stock of around 500 tC/hectare for some forest types. Assuming around 2,500 trees per ha for a forest of indigenous species this equates to a sink of 1kg C (
372	1730967	NZ	G	pc.blogspot.com	A B C n't eh? And that's an example of REAL knowledge eh? # Ha ha fucking ha! # Not circling the milky way after all. # So,
373	1795506	NZ	G	wheelers.co.nz	A B C at his sideand seemingly blind to the impossible odds stacked against him, the Captain ha ... # A series of werewolf sightings have terrified a small coastal town and threatened
374	3779011	NZ	B	blog.polkadots.co.nz	A B C new toy or I may go as far to say,' Friend!' ha ha! While Ashton was waiting for the water to boil he was playing with
375	3792663	NZ	B	ifonlytheytoldme.com	A B C watch a movie or go to bed early if you know what I mean... ha ha ha. # Would you hire someone to help you organise or de-clutter your
376	3786361	NZ	B	rise-worldwide.co.nz	A B C with them " thing? # I know you have -- silly question! Ha ha # Also, now that you're aware of the Halo Effect can you think
377	1776921	NZ	G	...erty-investors.co.nz	A B C ##1776925 Amazing value Ohineiti - 1438 ha What a cracker Established beyond location! Home making is complete
378	1733176	NZ	G	ross.mcwhannell.com	A B C come back to UK more often... obvioulsy its where the magic happens!! ha ha:
379	3790113	NZ	B	beingfrank.co.nz	A B C of service of solemnizing marriage! Phew! I'm sure glad that we might ha one time in our life when the State will allow us to have a text
380	1756349	NZ	G	...ecomesthesunblog.com	A B C the simplest of things can be the most inspiring. Like reading a book! Ha ha:) Thank you for sharing your inspiration # I think when you're
381	1721093	NZ	G	guymcpherson.com	A B C then you quote a man talking about living a life so we die satisfied? Ha ! There is no end to experience so those looking for experience will live like
382	3782113	NZ	B	helenlowe.info	A B C here before and kissed my tit. Got his wife to take a picture. Ha ha, look at me, I'm kissing Pania's boob. Like that
383	1761969	NZ	G	legislation.govt.nz	A B C order has been made under section 37(6) of the Receiverships Act 1993: # ( ha ) a person who would, but for the repeal of section 188A or section
384	1792245	NZ	G	travelskite.com	A B C northern Viet Nam with World Expeditions and saw this motorbike parked at a viewpoint in Ha Giang province, I snapped it. See how the angle of the bamboo the
385	3799095	NZ	B	travelblog.org	A B C mum and dad - next time she may even have her own private jet, ha ha # So we arrive in Christchurch and even have to declare at customs that
386	1756823	NZ	G	homeofpoi.com	A B C bit, no tricks, since I wasn't accustomed to fire at all. HA ! What a joke that was. I was doing weaves and behind backs stuff
387	1762523	NZ	G	linda-jenkinson.com	A B C my funny uncle James! Wait till I tell you about him. HA HA HA HA! # Bracken! # P.S. Guess what! Sunday is a very big
388	1794409	NZ	G	...aikatoregion.govt.nz	A B C Thames, which is currently consented for mussel aquaculture only (total area about 1200 ha ). For eco-physiological and economic reasons, the yellowtail kingfish (Seriola lalandi lalandi
389	1759868	NZ	G	jps.auckland.ac.nz	A B C : cit.) says: " Ko Pal? ki, ko e uho foki ha mautolu a Pal? ki. Ko Pal? ki mo Liua-lagi; ko e
390	3868643	NZ	B	danishbird.com	A B C me to rearrange my house too! I am not very good at sitting still ha ha
391	1764981	NZ	G	mikelee.co.nz	A B C 27 sister regional parks, with their beautiful lyrical names, cover more than 40,000 ha of forested ranges, natural areas, farmlands, and 180 km of outstanding coastline
392	1720811	NZ	G	globalpets.co.nz	A B C was quite annoyed with me when I got up this morning and woke him ha ha . Thank you for your help in getting him to China, we really missed
393	1718485	NZ	G	costabotes.com	A B C ; but it is the end of the beginning. or something like that. ha ha. # Nobody tells you at film school that making movies is actually the
394	1726762	NZ	G	nz.answers.yahoo.com	A B C he'll get the 10 points. Thanks everyone! As for spell check, ha ! It says I spell every work wrong even' a', so much
395	1752970	NZ	G	forestandbird.org.nz	A B C over 3.8 million hectares of land, and goat and deer control over 4.6 million ha , but pest control is carried out on just a fraction of that area.
396	3793071	NZ	B	jennichong.com	A B C . Even toilet paper has to be taken into consideration... ha... ha... ha # One of the best things about Christmas is the music. Do you love
397	3869305	NZ	B	haimonangata.com	A B C Cup awards. The whole Las Vegas leg of the trip was a blur! ha ha! From there we flew to Philadelphia, then caught a connecting flight to
398	1720277	NZ	G	folksong.org.nz	A B C doodly-doo, " echo-the-leader style of tune which was popular in the 1950s, ( Ha E Re Mai - " Ha Airy My, " Ev'rything is ka pai -
399	3792604	NZ	B	idealog.co.nz	A B C over 169,000ha of land. This land area has increased, by more than 10,000 ha since the 2008/09 season. The average herd size has also increased. # Forestry
400	1759941	NZ	G	just-add-sugar.com	A B C got a little overly excited at one point and zoomed in way too close. Ha ! # If you didn't catch that last part in the video, we
401	3783084	NZ	B	kateswaffer.com	A B C 4ish just sitting around reading and the eyes get very tired that time of day ha . im sure if you do happen to miss a day or 2 or even
402	1781792	NZ	G	seafriends.org.nz	A B C was 0.3 ha in 1986 and is now 0.23 ha, decreasing further to 0.15 ha by 2050. It is estimated that 0.5 ha per person will just give an
403	3790558	NZ	B	cazhancock.com	A B C it this time and i feel as if i am still chasing my tail HA HA . So on my list of to do's is go through the 2500 pictures
404	3875568	NZ	B	nativecreatives.com	A B C before work, morning break, lunch time, afternoon break and after work. Ha ! I'm quite happy where I am with this job and could ultimately stay
405	1746047	NZ	G	civicwagon.com	A B C To the other side # So im making the move to the other side ha ha . Meaning old american cars pre 59' to a wagon. ve always liked
406	3786434	NZ	B	...binmckinleysblog.com	A B C sorts of repressed memories of those horrible and yet sweet first few weeks. # Ha . Horrible and yet sweet. And repressed. Yes. Exactly. As I
407	3799084	NZ	B	travelblog.org	A B C admit living in someone's garden I felt like one of the borrowers, ha ha (for those of you who are too young to remember this TV programme wikipidia
408	1783287	NZ	G	solopassion.com	A B C am getting old " seemed somewhat bizarre. For once I was literally speechless ha ha . # That biblical quotation thingy on that link seemed very nice, thank you
409	3791636	NZ	B	fionamotherof8.com	A B C kids we had, " Don't you have a television? " # Ha ha , never heard that before... # I didn't know my father-in-law, he
410	3786306	NZ	B	rhysevans.co.nz	A B C to Cardiff. Everyone on the bus was really friendly and' welsh' ha ha . We took the back roads to cardiff to avoid traffic but was making me
411	1730457	NZ	G	onewaiheke.org	A B C Waiheke. We shall win. This much is certain. 4 Responses # Ha ! Basil Holmes enters the fray at last! I was wondering where you were
412	1737673	NZ	G	...lkontheotherside.com	A B C Kerikeri I found out that McFlurry is totally not-done over here (" McFlurry? Ha ! That was like ages ago...). Then I went on to Paihia
413	3792886	NZ	B	interest.co.nz	A B C # i thought the reserve bank was supposed to be independent of political pressure -HA HA ! at least Key should try to preserve the illusion of independence a bit like
414	1783257	NZ	G	solopassion.com	A B C , or Newmarket, or Parnell and elsewhere in the last two or three years ha ha. # ".. Elijah please point me in the direction of someone asking
415	1719911	NZ	G	evolutionnews.co.nz	A B C Thus there is movement but no progress or Pragati. # Praks? t? ha gati ityarthe pragati. # That is, that which leads to betterment is progress
416	1750215	NZ	G	electricscotland.com	A B C are unnecessary in sub-tropical Waipu. Then the aged father reached for the " Big Ha ' Bible " from off the shelf and, speaking in Gaelic, said,
417	1783257	NZ	G	solopassion.com	A B C moan about shortly. Let me think about it for a while... # Ha ha ... I knew this was going to get me into trouble... *sigh*... the
418	1735650	NZ	G	thestandard.org.nz	A B C phrase as he was getting his own way in the first half of story- " Ha ha ha, you lose, Loser. " The last frame of the week
419	1787229	NZ	G	stuff.co.nz	A B C town and I'd do it really repetitively in certain areas. " # Ha Ha identifies with the outlaw. " Ned Kelly was a criminal. Just like graffiti
420	3779525	NZ	B	...viewsnz.blogspot.com	A B C leave. The worst was a young Maori solo mum who had good references ( ha ha) from the day she moved in we had an endless succession of partys
421	1755086	NZ	G	...reatfun4kidsblog.com	A B C good. Within the first few minutes my hard-to-impress hubby was chuckling and saying, Ha , this is good! Arthur is the family nerd, which is rather awkward
422	1745583	NZ	G	chelsey.co.nz	A B C the back of my mans chev! (now replaced with a people mover, ha ! ha!) parked up at one tree hill, once we had just
423	1781792	NZ	G	seafriends.org.nz	A B C built their cities over the most valuable and productive soils. In the USA 0.8 ha per person has been paved by cities and roads. # Modern agriculture is characterised
424	1722392	NZ	G	...geland.wordpress.com	A B C the idea of laughing at Helen Clark because she's a woman. " Ha ha ho ho! Isn't this funny? This is person is a woman!
425	1730459	NZ	G	onewaiheke.org	A B C to be a real servant of the public. Public servants those othere call themselves ha ha ha ha ha # Well done, Alan, I think you've more
426	1734909	NZ	G	...ristine.blogspot.com	A B C say,' We'll track it down soon.' Get it? ha ha ) 1 comment: # I remember talking to Phil when he was writing
427	1721096	NZ	G	guymcpherson.com	A B C it is mostly consumer choices that lead to FUBARing the planet with climate change. Ha ! I'm gon na have a cuppa tea and let the steam out.
428	1716396	NZ	G	blog.greens.org.nz	A B C big bro # Posted February 7, 2008 at 11:59 AM # BJ # Ha ha ... very droll. # It will be interesting to hear the justification for these
429	1787584	NZ	G	stuff.co.nz	A B C and a cat and I love my cat.. ha ha the girlfriend however... ha ha # Alex #7 12:07 pm May 08 2012 # Hi Trace#3 you may think
430	1758803	NZ	G	interest.co.nz	A B C is very difficult to accept for anyone -- of any political persuasi on -- who ha ppen to be in power. " # " To date, the required response
431	1758815	NZ	G	interest.co.nz	A B C I suppose your metric of inflation is simply gas and commodity prices, right? Ha ! Inflation is measured by the CPI, which is in the low single digits
432	1787229	NZ	G	stuff.co.nz	A B C through two tins of paint each night... and if you get caught? Ha ha . Ha ha. " # That was then. Tonight Ha Ha stands in
433	1762154	NZ	G	lettingspace.org.nz	A B C that accounts for our gloom. Perhaps that accounts for the drops in productivity. Ha ! Oh Laura, things are getting weary for this old husk. # Guests
434	1734028	NZ	G	social.kidspot.co.nz	A B C love to play outside! Rainy days they watch movies and fight with each other ha . They love toys. They really really want some lego/duplo and are getting some
435	3782534	NZ	B	...ationreclamation.com	A B C yarn, something like that (one time while traveling I used a shoestring, ha there's a pun waiting in there) # -pen, marker, paint,
436	1777180	NZ	G	pundit.co.nz	A B C but-what-can-we-dooooooo? But then out comes another bottle of Syrah and the Angus prime ha ha ha, love to have the recipe, darling. # My point is,
437	3799096	NZ	B	travelblog.org	A B C Fox Glacier (mint, I know you just have to say it, ha ha ) and they had to be Heinz. Now as I mentioned earlier Fox Glacier
438	1781794	NZ	G	seafriends.org.nz	A B C 62 Mha potential cropland and 138 Mha unsuitable. Per capita this amounts to 0.68 ha , compared to 0.23 ha per person worldwide (year 2000). World land
439	1787889	NZ	G	stuff.co.nz	A B C in my head, plenty of space for it to fly around etc, ha ha -- yeah, I know, have a good laugh, thanks. # After
440	3782113	NZ	B	helenlowe.info	A B C before and kissed my tit. Got his wife to take a picture. Ha ha , look at me, I'm kissing Pania's boob. Like that has
441	1758820	NZ	G	interest.co.nz	A B C the institutions of democracy could not keep up. Look for history to repeat. Ha ha ha! some people will only learn the hard way. Sad thing is
442	1733044	NZ	G	...binmckinleysblog.com	A B C conveyor belt has slowed. Nothing else is going to get there before Christmas # Ha ! Mine just arrived yesterday. And when I opened Deerskin to read a random
443	3873817	NZ	B	...esignassembly.org.nz	A B C and running within' 2 or so months' for the last year... ha ha , and they're still no closer. Don't get me wrong... there
444	1730967	NZ	G	pc.blogspot.com	A B C ? And that's an example of REAL knowledge eh? # Ha ha fucking ha ! # Not circling the milky way after all. # So, is this
445	1765915	NZ	G	musicofsound.co.nz	A B C entertaining tale. " plugged all those ridiculous cables back in " -- ha ha ha ! Sounds familiar. It must be an awesome relief to be back to quietness
446	3867457	NZ	B	...ion2006.blogspot.com	A B C and produced some of the best original literature ever written by Australians. # Ha ha . I couldn't imagine you would live in filth but I am guessing that
447	1787229	NZ	G	stuff.co.nz	A B C Early space Inc in Collingwood, Melbourne. Run through the influential Blender Studios where Ha Ha and other artists worked, it's cited as Australia's first street art
448	3783504	NZ	B	lanisays.com	A B C # Fave show I walked in (i.e the only show I walked in, ha !): Miromoda # I walked for Pia Boutique, Shona Tawhiao and Surface
449	3794138	NZ	B	megweaves.co.nz	A B C always have trouble understanding the O's and X's. I had an ah ha moment with overshot os and xs when putting samples on the loom for woven shibori
450	3867787	NZ	B	....eternalvigilance.me	A B C nothing to do with Atheism, and now talk of' Abiogenesis'.... HA HA HA! Despite their protests. Despite their claims to be applying more modern ideas
451	1717699	NZ	G	charlesmpt.co.nz	A B C might just quit. But, if you stepped on the scale with a " ha ! It's going to be ONE HECK of a journey I'm going to
452	1756218	NZ	G	heaven.net.nz	A B C is the sound of the trumpet. He saith among the trumpets, Ha, ha ! and he smelleth the battle afar off, the thunder of the captains,
453	1740793	NZ	G	americaninexile.com	A B C not going to let that change my love of the root beer float. # Ha ! I've only been' in country' a month, living and working
454	1718483	NZ	G	costabotes.com	A B C # Well, the experience was... er... not quite like that. Ha ha . It was frequently very, very tedious. Or cold, windy, and
455	3871406	NZ	B	...themaps.blogspot.com	A B C babblings of idle men " and deplored such speculations as fruitless and unprofitable. ( Ha !) # I like " Near Taupiri " and " Huntly " best.
456	1739191	NZ	G	3news.co.nz	A B C domestic and milk comes out of the bottle and meat comes from the freezer. HA mayby in LALA land. Got any non lethal alcohol or tobacco in there,
457	1763330	NZ	G	maddgear.com	A B C a huge oversized check for officially 8th place for $150. I'm rich! Ha . The place didn't matter to me. I didn't once view it
458	1733053	NZ	G	...binmckinleysblog.com	A B C profound aural empathy with Orfeo mourning his lost Eurydice. Ha. Frelling ha ha ha . About 95% of all that rich, blossoming cornballery went away the moment Oisin
459	1790163	NZ	G	thebigidea.co.nz	A B C choirs with the State Philharmonic Orchestra, Halle, for the final concerts of the HA , NDEL FESTIVAL in Germany. # Uwe Grodd enjoys the role of Musical Director
460	1721106	NZ	G	guymcpherson.com	A B C rambling. I am definitly not needed, at least not in this condition, Ha ! # Robin Datta # Yes I agree. I am over the' force
461	1733175	NZ	G	rosamirabooks.com	A B C fact, I think these...' I lifted out the slimmest package,' Ha , yes, look, I even labelled them: Letters from Boys. I
462	1778345	NZ	G	realestate.co.nz	A B C the country. Surrounded by farms this is a rare opportunity to own a 1 HA block five minutes from Matakana Village. Several outbuildings and a stand- alone large workshop/office
463	1758716	NZ	G	interest.co.nz	A B C not afford it or are not prepared to pay for it. Ha ha ha ha , you are stuffed. When has a council ever reduced its expenditure? #
464	3875480	NZ	B	...eyscountrygarden.com	A B C a click of a button... # Bee on a Forget-Me-Not Later... # Ha ! A minor triumph of sorts - I've weeded for an hour and a
465	1748738	NZ	G	doc.govt.nz	A B C almost 70%. Where does DOC use 1080? # DOC does around 560,000 ha of pest control annually. Most of this is ground based (trapping and poisoning
466	1787990	NZ	G	stuff.co.nz	A B C poker with the conductor). # gbsmama #7 11:51 am Jul 17 2012 # Ha ha love your comment about maps - hard copy GPS! I told my son
467	1792072	NZ	G	tradescarves.com	A B C . Silk and cotton scarves are ideal for both any occasion. # Our company ha s a high level of production team and experienced designers, all the goods are
468	1735650	NZ	G	thestandard.org.nz	A B C bully getting his come uppance -- to most people's relief. No' ha ha ha' now and balance had been restored, for that week at least.
469	1727115	NZ	G	nz.answers.yahoo.com	A B C same? # This is a bit of a random question, but the answer ha sbeen bugging me for a long time. Ok so... # On a microwave
470	1758716	NZ	G	interest.co.nz	A B C million for asset impairments, legacy costs and provisions including for leaky homes. Ha ha ha ha. However, total expenditure rose NZ$1.26 billion, or 64%, to
471	1758785	NZ	G	interest.co.nz	A B C . (Flogging orf our heritage and the Maori voted for the wrong PARTY.... ha ha... not) Seems we are to assume that Winsome Peters knows what he
472	1718649	NZ	G	...iouskai.blogspot.com	A B C favourite, rewena bread, man i think thats why my teeth are falling out ha ha hope my misses doe " nt read dis, any way im looking foerward
473	1787229	NZ	G	stuff.co.nz	A B C # Funny peculiar. And funny ha ha. # BIOGRAPHY # Regan " Ha Ha " Tamanui -- street artist # Born: 1973, Hamilton # Educated: Fraser
474	3795822	NZ	B	radiowiki.org.nz	A B C good. Related articles: # Just how much inexpensive winter weather apparel you must ha # Do you need inexpensive wintertime functions you'll want in # May be budget-friendly
475	1735650	NZ	G	thestandard.org.nz	A B C Could you please stop prefacing your rather provocative and often unpleasant comments with' ha ha ha'. It reminds me of the comics I used to read as a
476	1721479	NZ	G	...ollandroadyarn.co.nz	A B C in fingering/4ply. But same needle size should make it work (she says, ha !). I like that it doesn't fully enclose the body, has
477	1778750	NZ	G	refugee.org.nz	A B C Though they can be helpful in the interpretation of the law. # 26 In HA of 3-4-1996 21 the Council has dealt with the refugee concept in article 1 of
478	1724556	NZ	G	lumiere.net.nz	A B C to deal with. # Tell me how you employed Stanislavsky method acting? # Ha ! There wasn't a great deal of time for such things, obviously.
479	3783884	NZ	B	...itches.wordpress.com	A B C Like a big old pregnant ewe. My husband used to joke (ha... ha ...) about " getting the prying stick " to get me out. Once
480	1733093	NZ	G	...binmckinleysblog.com	A B C . " How's it going? The van's great, right? Ha ha . Those hicks wouldn't dare mess with someone driving that van. " Another
481	1732317	NZ	G	pundit.co.nz	A B C at some comedy festival to crack jokes and draw a polite - or genuine - ha ha from the audience. I mean the person who, when one is feeling
482	3780712	NZ	B	delvespot.com	A B C of info. I think our lovely pets deserve a nourishing diet too x # Ha , thanks MIchele -- I'm rather biased but I think so, too!
483	3789758	NZ	B	anonlineuniverse.com	A B C of the shortest running times for any film released this year. # T: Ha ! Well, the plan from the get go was to make an around 90
484	1727227	NZ	G	nz.answers.yahoo.com	A B C poor non-white people for them, and they think the government is their servant... ha ! It's hilariously sick. # As soon as the punitive and the progressive
485	1758716	NZ	G	interest.co.nz	A B C can not afford it or are not prepared to pay for it. Ha ha ha ha, you are stuffed. When has a council ever reduced its expenditure?
486	1753166	NZ	G	...lselfimprovement.com	A B C when the real man does show up, whether YOU CAN HANDLE IT... ha ha # Stay tuned till next week and we will address the next 4 questions:
487	1773394	NZ	G	nzwood.co.nz	A B C per annum, growing to over 170,000 m3 by 1988. Today, about 113,000 ha of Douglas-fir is grown in New Zealand -- mostly in the South Island -- supplying
488	1787584	NZ	G	stuff.co.nz	A B C links # I have a girlfriend and a cat and I love my cat.. ha ha the girlfriend however... ha ha # Alex #7 12:07 pm May 08 2012
489	3869366	NZ	B	hellotanya.net	A B C I better bring it everywhere or else I'll feel guilty for buying it, ha ! And water is like crazy good for you and stuff. # 16.
490	1734972	NZ	G	...lbloke.wordpress.com	A B C Oh, and ending your sentences in a preposition is not good form either, ha . Try iNet form: " The radiant energy flux is the result of the
491	3779534	NZ	B	...viewsnz.blogspot.com	A B C As I recall, the dispute around the 507-day occupation of Bastion Point, 5.3 ha of land that was taken under the Public Works Act in 1886 for military use
492	1758866	NZ	G	interest.co.nz	A B C 2 and you will have adequate sized townhouses for living in and 24 households per ha . (Each household being suitable at least a small family - say up to
493	1763363	NZ	G	mademois-elle.com	A B C of those choices are great! I wouldn't be able to choose, ha ha . http: **29;3188;TOOLONG # Completely agree! Bather, jeans and bra shopping would
494	1782344	NZ	G	sillybeliefs.com	A B C my ideas please get correct what I claim. Every single object?? Ha ha . # " why do you keep trying to differentiate your astrology with' Women
495	1747778	NZ	G	danijustis.com	A B C was smart cuz i had a HUUUUGE book and they would leave me alone ( ha . right, i was smart' aye). anyway, so i picked
496	1730920	NZ	G	pc.blogspot.com	A B C this person over the Christmas period. Always a good laugh and a big, HA !, HA!, HA!, HA!, HA!, HA
497	3778919	NZ	B	...xuryadventures.co.nz	A B C the UK and how did this influence the' You vs Wild' product? Ha ha, this is quite often asked. Our past always catches up with us
498	3777807	NZ	B	...ive.indymedia.org.nz	A B C with this solution. Let others worry about the revolution! Good Luck! Ha ha , Leon and' I am Leon',' Lentil 1, 2,3,
499	1755097	NZ	G	...reatfun4kidsblog.com	A B C the 90s, because he couldn't do what I wanted him to do. Ha ! Thank you for helping out and saving my marriage.; -) #
500	1785537	NZ	G	stuff.co.nz	A B C a manned mission to the planet Mars. Get it? Life on Mars! Ha HA! # Battlestar Galactica (2009): BSG is arguably the greatest sci-fi
501	1768618	NZ	G	nzcpr.com	A B C had no idea what they were voting for. How intelligent is that, ha ha ha. George # *I hope any referendum has proper questions, not ambiguous or
502	1721339	NZ	G	...trollop.blogspot.com	A B C proportion to my upper body and knowing they're controllable at the gym xx # Ha ! Never mind Eva's booboids, look the set on that gorgeous bint in
503	1761517	NZ	G	lairweb.org.nz	A B C replied the ermine, " I have already eaten. " # " Ha, ha ! " laughed the fox. " You ermines are the most prudish animals in
504	1790473	NZ	G	...eadlandscaping.co.nz	A B C horticultural highlights of my 35 years in the nursery industry. The show covered 22 ha with something for everyone's tastes and interests in gardening and landscaping. The show
505	1738842	NZ	G	3news.co.nz	A B C goaded. # 20/11/2011 9:29:56 p.m. # Kevin Middleton wrote: # Hah ha ha (man food laugh) stake &; garlic # 20/11/2011 8:23:21 p.m. # mandy
506	1757335	NZ	G	huggies.co.nz	A B C birth? # My hubby and i have just had our first cuddle (ha ha ) since our second son was born, and i asked him if it feels
507	3788144	NZ	B	...heyogalunchbox.co.nz	A B C Animals or Yoga Statues where they will be frozen forever! Ha Ha Ha Ha Ha Ha (evil laugh)! # The real point here is that you must
508	1715303	NZ	G	...arctic.homestead.com	A B C McMurdo Station was informed and although we all knew that the guy was dead we ha to wait until the weather cleared before his death could be confirmed. His name
509	1786263	NZ	G	stuff.co.nz	A B C productive land is now occupied by lifestyle blocks and 29 per cent of the 25,000 ha of new urban areas developed between 1990 and 2008 were on top class productive land
510	1755520	NZ	G	harcourts.co.nz	A B C Mel today. # Approx Floor Area # 238 sqm # Land Size # 2.727 Ha # Approx year built # 1970 # Property condition # Renovated, Good # Property
511	3792930	NZ	B	interest.co.nz	A B C #4), Singapore (#5), and Norway (#6). Singapore ha ha ha! I'm no longer certain we deserve that top ranking, either
512	3875305	NZ	B	mademois-elle.com	A B C hate how boot cut looks on me (but I do love huge flares, ha ha) http: **29;112;TOOLONG # I love that you seem to be in the
513	1732634	NZ	G	...rchive.lincoln.ac.nz	A B C by observing the fate of 40 possum carcasses placed at random locations in a 400 ha section of the study area. Feral pigs scavenged 32 carcasses within six weeks,
514	1720277	NZ	G	folksong.org.nz	A B C women, young men uplift your Maori prestige to float on high I a ha ha All the tribes Welcome welcome. First one then later three weapons as a protection
515	1729854	NZ	G	nzgamer.com	A B C soon progressed onto every Sega console under the sun (or on Saturn! Ha ha !) but remained a PC gamer at heart. # I didn't know
516	1733089	NZ	G	...binmckinleysblog.com	A B C . Rick would tell you to read the fine print, where it says ha ha ha ha sucker, and if you hold one of his contracts over a heat
517	1760937	NZ	G	kiwiblog.co.nz	A B C 1 maths and pass it. That should clean out most of them. # Ha ha charlie tan, the best and only worthwhile thing in your statement is...
518	1739428	NZ	G	3news.co.nz	A B C there are very reasonable priced homes in Auckland. # 23/11/2012 11:42:40 a.m. # Ha ha (Nelson Simpsons) wrote: # I agree with Sharon and Davide.
519	3799297	NZ	B	vegemitevix.com	A B C and my very first real job was working for Radio Otago. # Di # Ha ha. Yes, I hear you! I have been in South Africa for
520	1732295	NZ	G	pundit.co.nz	A B C some comedy festival to crack jokes and draw a polite - or genuine - ha ha from the audience. # In which John Key plays the part of the scarecrow
521	1765345	NZ	G	monarch.org.nz	A B C silk dot. # Teesh26, Yup, I have done this too. Ha ha . I had a' pillar that was too lazy to make a decent dot
522	3796615	NZ	B	sounzgood.co.nz	A B C ). Do you have any music videos in the works? # SW: Ha , thanks! The next video will be for the song " Coherence " which
523	1786448	NZ	G	stuff.co.nz	A B C all rights all non-maori should be expecting apologies for having a racially selected team. Ha , that would be the day. Life should not be about giving maori second
524	1747203	NZ	G	crichq.com	A B C after-match party would have added to the thrill. I emphasise on odd. Ha ha , " he said. # Shastri, was also asked about the future of
525	1761036	NZ	G	kiwiblog.co.nz	A B C Treble, a massive 700 metre drop from 1960 metres, 4 lifts and 550 Ha . Let's ignore Cardrona and a host a club fileds, the top 4
526	1772208	NZ	G	nzonscreen.com	A B C ##1772209 # Ha ha - well to be fair, it's our Rights Clearance person Kim Baker who
527	1773664	NZ	G	odt.co.nz	A B C and you can just take that and buy your drinks or whatever', ha ha ! I was a bit of a rebel back then. " # One night
528	1733059	NZ	G	...binmckinleysblog.com	A B C # Kes is already in more rose trouble than she realises. Mwa ha ha ha ha ha. # Snork. I would have been devastated if one of you
529	1723813	NZ	G	lancewiggs.com	A B C money created out of air. You can keep your house- you own it. Ha ! Ha! I'm being sarcastic of course, but I truly think your
530	1734074	NZ	G	...aikatoregion.govt.nz	A B C not very detailed, such as 1:50000 (where 1 cm2 of map represents 25 ha ), it is very difficult if not impossible to show all of the soils
531	3872123	NZ	B	...lbloke.wordpress.com	A B C 0.983 think it was, see how that disturbs things. Got all weekend, ha . Need 1 or 2 more ref. texts to arrive. # This thread seems
532	1796889	NZ	G	www2.everybody.co.nz	A B C a newborn, your neighbours would hate me! They need to get a life ha ha, you should just say, actually babies cry! # I fed c
533	3782890	NZ	B	...ansell.wordpress.com	A B C is if we can persuade enough New Zealanders to look forward, and (ha ha ha) agree on a goal. Or at least democratically decide on a goal
534	3778762	NZ	B	...newinedelivery.co.nz	A B C -- " Dense, deep, balanced and complete ". Grown on the 1.1 ha Barton Vineyard, Huangarua Road from 20-year-old vines. It was fermented with 40% whole
535	1758793	NZ	G	interest.co.nz	A B C criminal enterprise of lenders, originally bailed out by 2012 Taxpayers and those.. ha ha ... Savers.... in 2010. 1 million Property Tycoons and 3 million Beneficiaries now homeless
536	1731633	NZ	G	...ressf1.pcworld.co.nz	A B C want to visit from the selection below. There is a god # Ha ha parents being dickheads get their comeuppance. Poor public schools just have to put
537	1768618	NZ	G	nzcpr.com	A B C no idea what they were voting for. How intelligent is that, ha ha ha . George # *I hope any referendum has proper questions, not ambiguous or slanted
538	3799084	NZ	B	travelblog.org	A B C has a garden studio/shed/apartment please let me know as I need to book it, ha ha. I do not know how I am going to be when we get
539	3792930	NZ	B	interest.co.nz	A B C ), Singapore (#5), and Norway (#6). Singapore ha ha ha! I'm no longer certain we deserve that top ranking, either.
540	3874718	NZ	B	infonews.co.nz	A B C 24 November) is aimed at those interested in becoming more involved with the 360 ha property that features one of the world's most diverse collections of rhododendrons, nestled
541	1732322	NZ	G	pundit.co.nz	A B C " gals " putting a Bayer aspirin between their legs. # Oh ha, ha , ha. On so many levels is he so inappropriate, but most important
542	1758866	NZ	G	interest.co.nz	A B C only a single or a couple say an average of 1.5 = 72 persons per ha ). # So allowing 3 units on such a site rather than 2,
543	1732322	NZ	G	pundit.co.nz	A B C " putting a Bayer aspirin between their legs. # Oh ha, ha, ha . On so many levels is he so inappropriate, but most important of all
544	1730920	NZ	G	pc.blogspot.com	A B C HA!, HA!, HA!, HA!, HA!, HA ! with a baritone voice. # Cheers, to all the Waikato consumers out
545	1717750	NZ	G	...orthnz.wordpress.com	A B C commenting back ok.why are you even on this site which im wondering # Ha ha ha Marsden.. We all have copies of this the offending missing data screenshot, the
546	1787229	NZ	G	stuff.co.nz	A B C concrete floor. " Where's Uncle Regan? " # Regan Tamanui, aka Ha Ha, credited as Melbourne's most prolific street artist, has gone legit.
547	3793071	NZ	B	jennichong.com	A B C I soon realised that Santa was actually Daddy. What a let down!... ha ... ha... ha... # Coming back to shopping; what should I buy
548	1720277	NZ	G	folksong.org.nz	A B C Young women, young men uplift your Maori prestige to float on high I a ha ha All the tribes Welcome welcome. First one then later three weapons as a
549	3796087	NZ	B	ruraldelivery.net.nz	A B C is a 560 cow dairy farm near Winton. The property is just under 220 ha effective. They're producing around 250,000 kg/ms. # The farm is owned by
550	1778330	NZ	G	realestate.co.nz	A B C roller doors and 3 windows. Lock up and secure. Rates $1,274.54 Land 3.0035 ha 2009 GV $144,100 Shed 12.5 X 7 m2
551	3782890	NZ	B	...ansell.wordpress.com	A B C , is if we can persuade enough New Zealanders to look forward, and ( ha ha ha) agree on a goal. Or at least democratically decide on a
552	3788144	NZ	B	...heyogalunchbox.co.nz	A B C kids into Yoga Animals or Yoga Statues where they will be frozen forever! Ha Ha Ha Ha Ha Ha (evil laugh)! # The real point here is
553	3876399	NZ	B	robyngallagher.com	A B C was ritually decapitated on the last day of filming in Dunedin. " Nya ha ha ! " the production crew no doubt evilly cackled as the explosives were detonated,
554	3794243	NZ	B	...eyscountrygarden.com	A B C exciting - I feel that I've turned the corner, so to speak, ha ha... And I've finally realised that the pointy bit of the bricklaying tool
555	3875305	NZ	B	mademois-elle.com	A B C how boot cut looks on me (but I do love huge flares, ha ha ) http: **29;112;TOOLONG # I love that you seem to be in the same
556	1791729	NZ	G	tpk.govt.nz	A B C the land blocks involved i.e. # Area/size # Number of blocks # Total area ( ha ) # > 100 ha # 5 # 1706 # 50< <100 # 2 #
557	1758716	NZ	G	interest.co.nz	A B C , to NZ$3.26 billion. (got ta be a typo) Ha ha ha ha . Why do nt they increase rates to cover the increase in spending-- because the
558	3872387	NZ	B	thestandard.org.nz	A B C , at least it's warm and fuzzy), then a washing machine ( Ha ! Look, it dealt to the sock and let National make as many suds
559	1787584	NZ	G	stuff.co.nz	A B C # I have a girlfriend and a cat and I love my cat.. ha ha the girlfriend however... ha ha # Alex #7 12:07 pm May 08 2012 #
560	3799095	NZ	B	travelblog.org	A B C is probably going to get worse, I will be crying buckets soon, ha ha . # I can not get used to seeing Christmas stuff everywhere. We were
561	1784638	NZ	G	strandsofmylife.com	A B C an empty wallet. The disappointment for all the work must be immense. Ha ha ! # Now I laugh in the face of the hackers because they will never
562	3784423	NZ	B	mistea.edublogs.org	A B C Being a jerk I did the same thing he did to me' HA HA HA WEE!' T # I have been there too and have seen others on
563	3780820	NZ	B	...mobiles.blogspot.com	A B C mountain). link, map # 8. Ha Long Bay, Vietnam # Ha Long Bay is a UNESCO World Heritage Site, and a popular travel destination,
564	1761977	NZ	G	legislation.govt.nz	A B C is admitted to the no asset procedure, the date of admission: # ( ha ) if P is discharged from the no asset procedure under section 377, the
565	1721303	NZ	G	helenlowe.info	A B C . What genre does your book fall under? # Again, with the " ha ! " because I think I already answered this question under 2) -- but
566	1736002	NZ	G	...dayiateabaguette.com	A B C to check, just in case. # " You dropped my heart, ah ha you do speak English where you from? " I hightail it for the sanctuary
567	1756460	NZ	G	historic.org.nz	A B C Location Description Legal Description Extent of Registration # Registration includes the 1.7130 ha of land comprised in the Tangiwai Historic Reserve as described in New Zealand Gazette 1994
568	3793071	NZ	B	jennichong.com	A B C for bio-degradable wrappers, tinsels and ribbons, and of course, world peace... ha ... ha... ha... and now it is time to sing... tra...
569	3799095	NZ	B	travelblog.org	A B C and dad - next time she may even have her own private jet, ha ha # So we arrive in Christchurch and even have to declare at customs that we
570	1787532	NZ	G	stuff.co.nz	A B C , we had a lot of laughs and got to know everyone so so well ha ha. # Also loved getting phone calls on a Monday night from my staff
571	1755096	NZ	G	...reatfun4kidsblog.com	A B C firmer. At least you care enough to worry about not being consistant! # ha ha Simone, great post! God made you exactly as He wanted you by
572	1718483	NZ	G	costabotes.com	A B C . # Well, the experience was... er... not quite like that. Ha ha. It was frequently very, very tedious. Or cold, windy,
573	3874323	NZ	B	...tflightlessbirds.com	A B C know that's not true: between 1997 and 2002 we lost at least 2000 Ha of native forest, according to satellite imagery; between 1990 and 2008 over 50,000
574	3780588	NZ	B	danishbird.com	A B C explore some more. I guess I can start planning that trip when we retire ha ha! Well not so.. not with ASO BOY! Arigat?! #
575	1730937	NZ	G	pc.blogspot.com	A B C it the allegation that he had it sweet in Nth Vietnam? # JC Ha ha .. oh gosh Peter, this is highly amusing. # Somehow I think Mr
576	3777808	NZ	B	...ive.indymedia.org.nz	A B C KARL MARX, BEBEL, ROSA LUXEMBURG, KARL LIEBKNECHT UND DEM GANZEN GESCHWADER! HA HA HA wake up little germinating lentil, you may discover life and growth and
577	1776703	NZ	G	...callyperfectblog.com	A B C and then gulping when I saw the cost and hurriedly pushing the stroller along, ha ha). # Gloomy, eh? But still nice. # We trekked
578	3794242	NZ	B	...eyscountrygarden.com	A B C Thursday 11th October # And how did I spend today in the garden? Ha ! I spent the morning cleaning more bricks. I spent the afternoon buying more
579	1768858	NZ	G	nzembassy.com	A B C ##1768861 New Zealand Embassy Ha Noi, Viet Nam Driving and obtaining a Drivers License # Vietnamese driving licenses
580	1722392	NZ	G	...geland.wordpress.com	A B C conveys the idea of laughing at Helen Clark because she's a woman. " Ha ha ho ho! Isn't this funny? This is person is a woman
581	3792663	NZ	B	ifonlytheytoldme.com	A B C a movie or go to bed early if you know what I mean... ha ha ha. # Would you hire someone to help you organise or de-clutter your home
582	3795643	NZ	B	...callyperfectblog.com	A B C then gulping when I saw the cost and hurriedly pushing the stroller along, ha ha ). # Gloomy, eh? But still nice. # We trekked on
583	1779130	NZ	G	riffraffstatue.org	A B C in all theatres of war 1939-1945 in defence of our freedom. # Freedom. Ha . # You can read the words if you look between the solid steel bars
584	3799095	NZ	B	travelblog.org	A B C been homesick. I think it is the scenery and freezing cold and wet, ha ha # We are off to Dunedin tomorrow which is supposed to be like Edinburgh
585	1735717	NZ	G	thestandard.org.nz	A B C has to come out and front foot an effective response. " Bwah hah ha ha ! He hasn't to come out and front footed an effective response on anything
586	3781975	NZ	B	haimonangata.com	A B C a happy place, and wait for him to start dishing it out! ha ha ! # Here's a couple of things I just recently finished up! The
587	1725814	NZ	G	...athan.torkington.com	A B C 4 Responses to " Judge Harvey, Kim Dotcom, and The Press " # Ha , I remembered my login... anyway, I know both the journalists you mention
588	3790686	NZ	B	...tion.wordshine.co.nz	A B C the greens and other fellow travellers and in the rush to exploit carbon credits 1.7m ha of forestry land has come under foreign control. The irony here is the greens/labour
589	3874928	NZ	B	just-add-sugar.com	A B C 30th, Ryan's 30! and then a picture of Ryan's face. Ha ! # I loved all the details that Victoria came up with. I could
590	3777799	NZ	B	...ive.indymedia.org.nz	A B C You think living under talitubbie rule was a bowl of sunshine for the Afghans? Ha ! Use your brain. You support the people you protest against, and it
591	1716340	NZ	G	...newinedelivery.co.nz	A B C " Dense, deep, balanced and complete ". # Grown on the 1.1 ha Barton Vineyard, Huangarua Road from 20-year-old vines. It was fermented with 40% whole
592	1717750	NZ	G	...orthnz.wordpress.com	A B C nt bother commenting back ok.why are you even on this site which im wondering # Ha ha ha Marsden.. We all have copies of this the offending missing data screenshot
593	1783287	NZ	G	solopassion.com	A B C I am getting old " seemed somewhat bizarre. For once I was literally speechless ha ha. # That biblical quotation thingy on that link seemed very nice, thank
594	1787229	NZ	G	stuff.co.nz	A B C go through two tins of paint each night... and if you get caught? Ha ha. Ha ha. " # That was then. Tonight Ha Ha stands
595	1722390	NZ	G	...-the-back-of-the.net	A B C But it is, in fact, a random Admiral in the Italian Navy. Ha ! ZEALANDIA # Zealandia, daughter of Britannia, is an old symbol of
596	1792269	NZ	G	trc.govt.nz	A B C Welcome to Pukeiti # Renowned for its rhododendron collection, Pukeiti is a 360 ha rainforest property located between Mount Taranaki and the coast, just south of New Plymouth
597	3795827	NZ	B	radiowiki.org.nz	A B C iteration,, and wool. " Bolton showed his teeth in something that might ha Related articles: Long smooth strokes, and they are those of Catherine Earnshaw. but
598	1760391	NZ	G	kawhia.maori.nz	A B C , and, to give vent to his feelings, he exclaimed, # Aha ha ! # Kikiki kakaka kauana! # Kei waniwania taku tara # Kei tarawahia,
599	1724786	NZ	G	makecashblogging.com	A B C " making money online game " if you want to call it so. I ha ve had two sites built for me, one is: MoneyBlogIdeas.com and the other
600	1735664	NZ	G	thestandard.org.nz	A B C assuage National Party member who are concerned that the Party is betraying its principles ( ha !) and giving too much to the Maori Party: # " On any
601	1719718	NZ	G	...kablog.wordpress.com	A B C wife does for the people. Hey your the king of Huntly aye kingipakaru. Ha your name suits you greedy crooked whinger.
602	1728969	NZ	G	...zchinasociety.org.nz	A B C your chance without leaving home!! # Students making fruit juices at Chan Chun Ha School English Club # Chan Chun Ha secondary school, located in Hong Kong's
603	1724078	NZ	G	lifestyle.msn.co.nz	A B C i saw your comment about " the most natural beautiful women in the world " ha ha are we really talking about nz here?!!! comeee on!
604	1718485	NZ	G	costabotes.com	A B C snow in the far south here and the whole country comes to a stop. Ha ha. # Wow, what a great job! I've never heard about
605	3878051	NZ	B	travelblog.org	A B C let me add you as a friend.. so it's nothing personal! ha ha .. anyway, it sounds like yer having an amazin time, am glad to
606	3792818	NZ	B	infonews.co.nz	A B C well as the illegal pet trade. # * Indonesia alone converts 3,400km2 (340,000 ha ) of forest annually -- that's 54 rugby fields every hour. At this
607	1748721	NZ	G	doc.govt.nz	A B C into 304 leases, ranging in area from 1,200 ha to 74,000 ha # 20,000 ha divided into five pastoral occupation licences # 180,000 ha special lease in South Marlborough -
608	1795471	NZ	G	whatthefolk.net	A B C These aren't tears of sadness They're tears of joy I'm just laughing Ha ha ha-ha ha Sitting at this table called love Staring down at the irony of
609	1761036	NZ	G	kiwiblog.co.nz	A B C 220 Ha. Hutt, 683 drop from 2086 metres, 4 lifts, 365 Ha . Treble, a massive 700 metre drop from 1960 metres, 4 lifts and
610	1736043	NZ	G	...omuchpersonality.com	A B C probably the good side of it all!..... all seeing and knowing, double HA !...... but let's not forget the dung collectors and the traveling Carnies!
611	3780684	NZ	B	dedepuppets.com	A B C go on the Internet and luckily find a program on the first try. # Ha , ha -- Note! Luck on a puppet day! I have to point
612	1748739	NZ	G	doc.govt.nz	A B C soil or waterways # It's cost effective - a recent 1080 operation covering 30,000 ha in the Cascade South Westland, put the cost at $17 per hectare and the
613	1732505	NZ	G	rebeccahulse.com	A B C -- both are great because you get the same effects even a lame ha ha ha will do the trick. As long as you get your belly moving it will
614	3789489	NZ	B	actionmanadam.com	A B C would appreciate that. I'm glad it's working for you though man! Ha ha. # http: //roostertails, wordpress.com SJ Orchard # Aaah, yes.
615	3876316	NZ	B	radiowiki.org.nz	A B C law enforcement group, one or the document in Tangxia Town the Hirayama community Hayashida Ha lychee garden waste oil processing shack clearance, the destruction of processing tools, and
616	1742489	NZ	G	...yofplentytimes.co.nz	A B C Point businesses wanting to quit short-term leases on port company-owned land. # The 1.3 ha site was purchased from the Bay of Plenty Regional Council for $4.2 million after the
617	3793879	NZ	B	mademois-elle.com	A B C n't even want to think about bathing suits right now! Too cold, ha ha (Love your outfit too, so pretty) http: **29;887;TOOLONG # Oh,
618	1716396	NZ	G	blog.greens.org.nz	A B C # big bro # Posted February 7, 2008 at 11:59 AM # BJ # Ha ha... very droll. # It will be interesting to hear the justification for
619	1760742	NZ	G	kingwatch.co.nz	A B C of sin; they are redemptive institutions. The family is a pre-redemptive institution. Ha d sin never entered, there would still have been families, but no church
620	1730967	NZ	G	pc.blogspot.com	A B C doesn't eh? And that's an example of REAL knowledge eh? # Ha ha fucking ha! # Not circling the milky way after all. # So
621	3777807	NZ	B	...ive.indymedia.org.nz	A B C not be happy with, but they put up with it all the time! Ha ha! Could think of thousands of better places than this paddock! # nz
622	1721094	NZ	G	guymcpherson.com	A B C I'm doing now) # I also read on a website, (Ha HA ), that the first supercomputer chips manufactured in near Earth orbit on the ISS
623	3788419	NZ	B	transportblog.co.nz	A B C the flight to Australia... how they doing with those' promises'? # Ha yes, perhaps they see this promise as the only one they CAN deliver on
624	3869361	NZ	B	helenlowe.info	A B C . What genre does your book fall under? # Again, with the " ha ! " because I think I already answered this question under 2) -- but
625	3869748	NZ	B	jtc.blogs.com	A B C people poor and dependent on welfare - he can rule forever - morrr ha ha ha ha. # TV1 National leads Liarbour by 55 to 29%, your biggest slump
626	1720236	NZ	G	...cskasy.wordpress.com	A B C parents while having chemo for breast cancer, on hubby's suggestion.) # Ha ! Yes, I've noted that phenomenon too -- plucky solo dads who get
627	1735650	NZ	G	thestandard.org.nz	A B C as he was getting his own way in the first half of story- " Ha ha ha, you lose, Loser. " The last frame of the week's
628	3793880	NZ	B	mademois-elle.com	A B C do now and no one cared if they wore the same things multiple times, ha ha. But it is nice to have more options http: **29;918;TOOLONG
629	3867305	NZ	B	...erturepriority.co.nz	A B C not need and MM... hmm, doesn't seem to be working. # Ha ..... your in trouble! Ok, I had also convinced myself I could make
630	1727578	NZ	G	nz.answers.yahoo.com	A B C fantasy " thing (lol Bella - Beauty and Beast actually my fav Disney, ha !). The perfect prince charming and marriage etc. # So yeah if
631	1721107	NZ	G	guymcpherson.com	A B C vulture -- a dog running around or a dog flattened on the road? # Ha ! This reminds me of one of my favorite sayings. It comes from the
632	1758716	NZ	G	interest.co.nz	A B C asset impairments, legacy costs and provisions including for leaky homes. Ha ha ha ha . However, total expenditure rose NZ$1.26 billion, or 64%, to NZ$3.26 billion
633	3799096	NZ	B	travelblog.org	A B C Glacier (everytime I say it or see it I think of mints, ha ha - I wonder if the mints were named after this place!). Anyway
634	3782946	NZ	B	jtc.blogs.com	A B C . Bite the hand that feeds you just a little bit more. # Ha ha you don't know me do you IP! I'm a happy top rate
635	1721086	NZ	G	guymcpherson.com	A B C or to anyone you'd like to have a good opinion about you, ha ha . Most people, when they hear that maybe it would be better if humans
636	1760989	NZ	G	kiwiblog.co.nz	A B C " richer pricks " as their Labour leaders do as a default position. # Ha ha screw you unionists -- you lost, she won, eat that (to
637	3786639	NZ	B	salient.org.nz	A B C . " I remember when Walter Nash was Prime Minister, none of this who ha went on " another laments. They shuffle over on their zimmer frames and give
638	3790685	NZ	B	...tion.wordshine.co.nz	A B C as evidence. # BTW Mike, sorry you had to take the heat ( Ha !) -- but it was worth it (for me anyway). Hopefully
639	1795797	NZ	G	wildhealthfood.com	A B C " Well if it is, it must be a very slow-acting one ". Ha ha) Barley Grass Powder # Sometimes I feel like something powerful and green
640	1752174	NZ	G	...oursnewzealand.co.nz	A B C is ever planning on visiting New Zealand. " Continued... # Ha ha ha ! That was funny. We have traveled a lot in Europe and hotels in
641	1714994	NZ	G	all-geo.org	A B C years ago when people were lauding the inclusion of blogging into MSM journalism. # Ha ! I remember having that discussion with you (and others) afterwards. So
642	3783145	NZ	B	...ngstock.blogspot.com	A B C Collins. What do you say now? It's a win for Collins? Ha bloody ha ha! Let's go back and read what you were posting then
643	3791873	NZ	B	gayexpress.co.nz	A B C Chicago victory party by getting engaged. # Newly engaged couple Keesha Patterson &; Rowan Ha # Richard Tankersley of The UpRising Trust says " It was very pleasing to hear
644	1756218	NZ	G	heaven.net.nz	A B C that it is the sound of the trumpet. He saith among the trumpets, Ha , ha! and he smelleth the battle afar off, the thunder of the
645	1740727	NZ	G	...sometimesanytime.com	A B C . TGIF, kind of. Not to go on about myself or anything ( ha ha) but I get paid monthly and this is the last few days before
646	3876431	NZ	B	ruraldelivery.net.nz	A B C and sell it direct to consumers via the internet. # The property is 30 ha -- a small farm by anyone's measure. Colin and Keryn had had lifestyle
647	1796412	NZ	G	...oofinternational.org	A B C organic agriculture activities. Overall, West Africa has a total of 733 359 000 ha of land (FAO, 2000), of which 50 568 ha is under
648	1787798	NZ	G	stuff.co.nz	A B C Special Problems are a dead cert to take out the Best Music Video Award ( ha , of course) and I hope Whirimako Black and Richard Nunns take out the
649	1765846	NZ	G	....orconhosting.net.nz	A B C earn my wealth. And they want to tax me the same as you. Ha ! " Then a clever and wealthy land owner remarked. " I have for
650	1768301	NZ	G	nz.open2view.com	A B C m² (4196 sq.ft.) # Approx 3,476 m² (0.86 Acres, 0.35 Ha ) # 2007 # Business and Pleasure You can have them both with this wonderful
651	1787889	NZ	G	stuff.co.nz	A B C moth in my head, plenty of space for it to fly around etc, ha ha -- yeah, I know, have a good laugh, thanks. #
652	3786798	NZ	B	sciblogs.co.nz	A B C # I divorced the mother some time back... # Ross 56 days ago # Ha !!!! Found it. I have been searching for this Richard Feynman
653	1724549	NZ	G	lucymacale.com	A B C there's a strict NO MOUSE POLICY. Didn't you know... ha ha Ha . " The black knight's cackle was muffled by the sound of his big
654	3799096	NZ	B	travelblog.org	A B C in Fox Glacier (mint, I know you just have to say it, ha ha) and they had to be Heinz. Now as I mentioned earlier Fox
655	1758866	NZ	G	interest.co.nz	A B C family - say up to 5 with an average of 4 = 48 persons per ha ) # Allow 2 and you will have adequate sized townhouses for living in and
656	1758785	NZ	G	interest.co.nz	A B C 's lead when addressing economic models in need of overhaul. http: **35;4252;TOOLONG... Ha .... too funny and a little embarrassing at the same time...! # When
657	3783011	NZ	B	just-cassie.com	A B C further. Oh too much fun. # I had another one of those' ha , I should write this!' moments the other day, the ones that
658	1782338	NZ	G	sillybeliefs.com	A B C . Levy I'm asking Margaret. She has to find out you know. Ha ha. " # Where is Margaret Kaye going to go to find out the
659	3876434	NZ	B	ruraldelivery.net.nz	A B C for 7%). # The science says native forest and tussock leaches 3kg per ha per annum in pumice soils around Taupo. (Mike says this level is likely
660	1750540	NZ	G	enz.org	A B C what an awful way to treat a visitor, it left me thinking America, ha you can keep it! # The face presented at your airports is such a
661	1724549	NZ	G	lucymacale.com	A B C slid across! Montie was trapped in the outlaw cell! # " Ha ha ha HA ha, " an evil cackle was drifting through the wall and into Montie
662	3869924	NZ	B	...en-maid.blogspot.com	A B C to see your face when you found the egg and liver stuff - ha ha ha ! This egg recipe sounds very like something my mum used to do in the
663	1721340	NZ	G	...trollop.blogspot.com	A B C posts. Have a safe journey and have lots of fun. dee xxx # Ha I thought the same thing as Louise! I thought you were double bagging it
664	3876434	NZ	B	ruraldelivery.net.nz	A B C soils like Canterbury Plains). # Sheep and beef farms leach around 17kg per ha per annum. Dairy farms leach around 55kg per ha plus. # The Waikato
665	3870008	NZ	B	lakshmigosyne.com	A B C -- no work or email or anything. " # Silence. # " Ha ha , it's a joke, right? " she responded. # " I
666	1733044	NZ	G	...binmckinleysblog.com	A B C and wife in response to last mention of Christmas stuff on the blog: # Ha ha ha ha ha. Because then we'd have to have CHRISTMAS here and
667	3783741	NZ	B	littlesister.co.nz	A B C you have a spare hour or two in your last few days in Auckland ( ha ! fat chance!) and feel like grabbing coffee or a drink, give
668	1787453	NZ	G	stuff.co.nz	A B C one uses anymore. We stream them (usually embedded) from websites. Ha ha sucks to be you. # If you want to make the law good,
669	1761966	NZ	G	legislation.govt.nz	A B C periods. # (8) Where regulations have been made under section 360(1) ( ha ) deeming rules to be included in a regional coastal plan or proposed regional coastal
670	1767592	NZ	G	newzealandwars.co.nz	A B C Confrontation # The party that travelled out from Nelson was led by Police Magistrate HA Thompson and Captain Arthur Wakefield. Arthur was one of the four Wakefield brothers (
671	3780420	NZ	B	....ausa.auckland.ac.nz	A B C how terrible it was bringing a child into a lecture. Really that bad, ha people? I had no idea. I have quite young siblings, so bringing
672	3869113	NZ	B	frugalkiwi.co.nz	A B C soap to pipe some icing on top of the Melt and Pour Cupcake bottoms. Ha ! I say to you, HA! # The Melt and Pour cupcake bottoms
673	1727842	NZ	G	nz.answers.yahoo.com	A B C . i regularly look at the weather forecasts there (cos im sad, ha ha ). # devon certainly IS a wet place to live. while the north
674	1739846	NZ	G	activateincite.com	A B C also known as the Jewish Messiah; that is led and guided by the Ruach Ha Kadesh (The Holy Spirit) and that honours God The Father and His Word
675	3778168	NZ	B	auturoaartists.com	A B C and there was the mark of Manaia the pukepoto! Tomowhare then said, " Ha ! it was I who went to her house first, and then she came
676	1793147	NZ	G	vegemitevix.com	A B C odd. # can i dance? hell no. can my fella? ha ha ha ha no. # Anonymous # No idea about the left wrist or how that
677	1717060	NZ	G	brendonfry.com	A B C horrendous hours on buses. Nature was calling, so to speak. # Ha ha so you are having to play my role of pissed off traveler being pushed through
678	1728969	NZ	G	...zchinasociety.org.nz	A B C # Students making fruit juices at Chan Chun Ha School English Club # Chan Chun Ha secondary school, located in Hong Kong's New Territories, is looking for New
679	3784423	NZ	B	mistea.edublogs.org	A B C luge was when this crazy Asian man went zooming past me yelling' HA HA HA WEEE!,' as if he was stirring me up. We then approached
680	3783987	NZ	B	...angibay.blogspot.com	A B C my " 1962 reunion ") just about the time you and Bronwyn were coming ha Lobby - I'm sure of it as I have a kind of certainty I
681	1734074	NZ	G	...aikatoregion.govt.nz	A B C most common soil would be shown as if it were occupying the entire (25 ha ) area. # Nevertheless, less detailed soil maps showing only the generalised soil
682	1761212	NZ	G	kiwifamilies.co.nz	A B C but all came back negative im begging to think that theres something wrong with me ha x
683	1765459	NZ	G	...eyscountrygarden.com	A B C There is no more to say. More Than Five Hours Later... # Ha ! How can I possibly get the garden sulks when the pink Camellias below the
684	1721119	NZ	G	guymcpherson.com	A B C much as you hate them, and the prospect of more of them. # Ha ! But there sure as hell is an internet connection..... your lifeline. My
685	3799095	NZ	B	travelblog.org	A B C an old Sunny Nissan but hey ho it runs (well at the moment, ha ha) and go through to the centre of Christchurch will be posting photos of
686	3786682	NZ	B	saltgypsy.com	A B C in Hilo has great brekky, great coffee and a nice vibe. Cocktails, ha , this would be a cooler of well, whatever you like, with a
687	3778959	NZ	B	...mikeriversdale.co.nz	A B C having stayed up almost all night chatting and making themselves a feast - ha ha ha # Towards the end of the month Meg will also become a " morning Kindy
688	1796883	NZ	G	www2.everybody.co.nz	A B C (along with peanut) its one of the worst ones for causing anaphylaxis. Ha ! - I think I have Nervous Allergy Mum Syndrome too! # Maybe take
689	1730967	NZ	G	pc.blogspot.com	A B C n't eh? And that's an example of REAL knowledge eh? # Ha ha fucking ha! # Not circling the milky way after all. # So,
690	1761086	NZ	G	kiwiblog.co.nz	A B C in parliament after the next election or else they will have to listen to " ha ha we won, you lost " from the Labour-Gween-NZ First government. # The
691	1727046	NZ	G	nz.answers.yahoo.com	A B C told me that I needed to ask my wife's permission to marry again! ha ! Is she my mother? Why do I need to ask her permission?
692	1787229	NZ	G	stuff.co.nz	A B C over the world so I made stencils... " # Funny peculiar. And funny ha ha. # BIOGRAPHY # Regan " Ha Ha " Tamanui -- street artist #
693	3874928	NZ	B	just-add-sugar.com	A B C , you get the idea. I should have gotten a discount on it. Ha ! But this cake is sooo Ryan. Mountain Dew is just about the only
694	1730920	NZ	G	pc.blogspot.com	A B C a big, HA!, HA!, HA!, HA!, HA !, HA! with a baritone voice. # P.C is right when he
695	1730967	NZ	G	pc.blogspot.com	A B C ? And that's an example of REAL knowledge eh? # Ha ha fucking ha ! # Not circling the milky way after all. # So, is this
696	3792905	NZ	B	interest.co.nz	A B C do you even start. 1.) Yay for infomercials!!! HA HA HA No. 2.) Women in their homes? Did we warp to 1962
697	3789774	NZ	B	anyonegirl.com	A B C tail? x sorry Im getting carried away. # Tale to tail!! Ha ha! I love it!! Well, I have a kind of strange
698	1718485	NZ	G	costabotes.com	A B C , did I really say there were just a few little revisions to go? ha ha. # I suppose in the grand scheme of things, my fiddling since
699	3868642	NZ	B	danishbird.com	A B C 's awesome coiffure! I am sure that took all morning to achieve.. ha ha
700	3871307	NZ	B	....madeinengland.co.nz	A B C , then you can do so but are required to either use something like VMware HA or a windows cluster with a SQL server for the RD Session Broker database (
701	1730967	NZ	G	pc.blogspot.com	A B C doesn't eh? And that's an example of REAL knowledge eh? # Ha ha fucking ha! # Not circling the milky way after all. # So
702	3781201	NZ	B	eyeofthefish.org	A B C a decent wobble?;) Maximus # 26 - 09 - 12 # Ha ! Thanks -- yes, might need a bit more than that! The
703	1765458	NZ	G	...eyscountrygarden.com	A B C and pine trees. And who keeps her paths so well trimmed and raked! Ha ! # Well, that shower seems to have done the trick - now I
704	3797364	NZ	B	stuff.co.nz	A B C increasingly popular at the moment, so we're working in 2D, ha ha ha . Low-tech is the new high-tech. If you want your work to stand out
705	1763363	NZ	G	mademois-elle.com	A B C Both of those choices are great! I wouldn't be able to choose, ha ha. http: **29;3188;TOOLONG # Completely agree! Bather, jeans and bra shopping
706	3778729	NZ	B	....eternalvigilance.me	A B C they will accept these findings simply because they conveniently integrate with their Materialistic faith.... Ha ha.... Think about that! Blind leading the Blind... # I ask you
707	1787229	NZ	G	stuff.co.nz	A B C the world so I made stencils... " # Funny peculiar. And funny ha ha . # BIOGRAPHY # Regan " Ha Ha " Tamanui -- street artist # Born
708	1733053	NZ	G	...binmckinleysblog.com	A B C my profound aural empathy with Orfeo mourning his lost Eurydice. Ha. Frelling ha ha ha. About 95% of all that rich, blossoming cornballery went away the moment
709	1785439	NZ	G	stuff.co.nz	A B C with dogs and wake up with fleas. And as for ACT, ha ha ha ha. Pathetic showing. Bye bye Brash. # Matt #1 07:36 am Nov
710	3789501	NZ	B	adelebarlow.com	A B C # Mark and I had dinner on Saturday night (at an Italian restaurant, ha ) and we were bitching about London winters, about how it gets dark super
711	1761086	NZ	G	kiwiblog.co.nz	A B C parliament after the next election or else they will have to listen to " ha ha we won, you lost " from the Labour-Gween-NZ First government. # The Labour
712	3795636	NZ	B	...callyperfectblog.com	A B C else, have limited shelf lives. Boy I sound like my Mom and Grannie ha ! As for me, I just started blogging more. It used to be
713	1792297	NZ	G	treasures.co.nz	A B C 'm ok with it in some lights/ positions, others I find totally unflattering. Ha ha. The good news is that it does get better -- my stomach improved
714	1732317	NZ	G	pundit.co.nz	A B C some comedy festival to crack jokes and draw a polite - or genuine - ha ha from the audience. I mean the person who, when one is feeling blue
715	1787229	NZ	G	stuff.co.nz	A B C floor. " Where's Uncle Regan? " # Regan Tamanui, aka Ha Ha , credited as Melbourne's most prolific street artist, has gone legit. The
716	3799095	NZ	B	travelblog.org	A B C homesickness is probably going to get worse, I will be crying buckets soon, ha ha. # I can not get used to seeing Christmas stuff everywhere. We
717	1730920	NZ	G	pc.blogspot.com	A B C . Always a good laugh and a big, HA!, HA!, HA !, HA!, HA!, HA! with a baritone voice.
718	3799321	NZ	B	venusclubs.co.nz	A B C We have loyalty cards, " you might be mentally responding. # Loyalty? Ha . # Don't fool yourself. Who has loyalty nowadays? I have no
719	1735712	NZ	G	thestandard.org.nz	A B C Omaha so they can duck roun to Warren Buffets for a hambureger and coke. ha ha f8cking ha. what a joke. who did Buffet buy the new zealand
720	1719407	NZ	G	...denernz.blogspot.com	A B C an irresistible array of fruit and cream filled slices. These include a slice I ha ve never seen before -- Lambada Cake. You can find lots of recipes for
721	1714505	NZ	G	24fridays.com	A B C EU nerds. I think. Well, Nic certainly is an EU nerd. ( ha ha, nerd). I can't think of a decent bit of it
722	3871563	NZ	B	...hreport.blogspot.com	A B C TIM &; PAM: Will that be an archeological dig!? # BARRY: Ha ! I might find some old bones! All I can say is I'm
723	1746047	NZ	G	civicwagon.com	A B C To the other side # So im making the move to the other side ha ha. Meaning old american cars pre 59' to a wagon. ve always
724	1724788	NZ	G	makecashblogging.com	A B C , by all means do it, but if you want to make money you ha ve to blog about things that matter to other people, and the more popular
725	1775262	NZ	G	...ercoming-bulimia.com	A B C mind.:) I hope you are feeling goo and feeling positive. Everyone ha ups and downs emotionally but this CAN be beaten and life is so good without
726	1734027	NZ	G	social.kidspot.co.nz	A B C consists of' how much mess can I make in a few minutes?' ha ha. I call him the hurricane! He's super busy and his favourite
727	1748377	NZ	G	dia.govt.nz	A B C for $400 to buy his air ticket so he could come home to me - ha I've never met the guy and I sure as hell was not sending him
728	1781820	NZ	G	seafriends.org.nz	A B C of the bilharzia disease. # India: between 1955 and 1985, 13 million ha (the size of Greece) had to be withdrawn from cultivation due to salinisation
729	1719717	NZ	G	equusloco.com	A B C ##1719718 # Ha that all you can come up with kingipakaru? More lies about Tania. Now
730	1791729	NZ	G	tpk.govt.nz	A B C NA # Note that in the class greater than 100 ha one block is 719 ha and another is 464. # the use of the same WTT for different blocks
731	1723612	NZ	G	...idutch.wordpress.com	A B C you can get a bound paper copy edition printed and sent to you... ah ha good intentions I know them well, I've been having those good intentions for
732	1785695	NZ	G	stuff.co.nz	A B C to watch sport while you have sex maybe you should put more effort in... ha ha # Lady #92 11:40 am Feb 08 2012 # AJ #47: fair enough
733	1796357	NZ	G	writerfind.com	A B C in turn resulted in his publisher pushing his novels harder. # Department stores # Ha ! I'll bet that one caught you off guard. As unlikely as it
734	1755096	NZ	G	...reatfun4kidsblog.com	A B C . At least you care enough to worry about not being consistant! # ha ha Simone, great post! God made you exactly as He wanted you by the
735	1744623	NZ	G	campbell2012.com	A B C New Zealand islands in the region as follows: 877-005 Campbell Island S52.33 E169.09 11331 Ha 1998 # The island holds the distinction of being the most remote location (on
736	1784638	NZ	G	strandsofmylife.com	A B C stealing an empty wallet. The disappointment for all the work must be immense. Ha ha! # Now I laugh in the face of the hackers because they will
737	1760335	NZ	G	...therinemansfield.net	A B C brain is too feeble to feel a loss. How can I get it? Ha ! that's the question. One can't fight an old man..
738	1735650	NZ	G	thestandard.org.nz	A B C getting his come uppance -- to most people's relief. No' ha ha ha ' now and balance had been restored, for that week at least. #
739	3869305	NZ	B	haimonangata.com	A B C people to talk to, and of course, beers to drink! ha ha ha ! I'm in detox at the moment, for the next few days I
740	3799084	NZ	B	travelblog.org	A B C must admit living in someone's garden I felt like one of the borrowers, ha ha (for those of you who are too young to remember this TV programme
741	3788492	NZ	B	truebluenz.com	A B C doctor tell me I got to put it in something warm. " Ha, ha , ha... I said, " Oh yeah... ha, ha... why
742	1733521	NZ	G	sci.waikato.ac.nz	A B C a few grams per hectare, and has resulted in the addition of about 250,000 Ha of productive farmland to New Zealand's stock. This one discovery has paid for
743	1733114	NZ	G	...binmckinleysblog.com	A B C blondviolinist pointed out on the forum, I enjoy your pain. Mwa ha ha ha ha. # Also, in the final crunch to finish SHADOWS I haven't
744	1749256	NZ	G	dramatix.org.nz	A B C turns toward Yogurt, who is several feet away... speaks to audience) Ah Ha ! There is a creature that may know where I can find the great Yogurt
745	1745317	NZ	G	ceresfarm.co.nz	A B C to overcome the impact of CRW will have to cost farmers less than $250 per ha , assuming that fertiliser nitrogen is the cheapest and most practical strategy. # The
746	3790695	NZ	B	...tion.wordshine.co.nz	A B C " with " the losers of an infamous tax-dodging trial. " # Ha, ha , very funny. The Coalition isn't even part of the Court case --
747	1724372	NZ	G	liturgy.co.nz	A B C Gli Amici di Ges " raccoglie alcuni brani tratti dalle Udienze generali che Benedetto XVI ha dedicato agli Apostoli e a san Paolo. (It is a course that leads
748	3796028	NZ	B	...heworldadventure.com	A B C travels have begun at last -- let the adventures begin! Comments # Ha ha ha, that reminds me of being in a Ryanair queue with a check-in nazi
749	3876434	NZ	B	ruraldelivery.net.nz	A B C the north western side of Lake Taupo where he and his wife own a 142 ha beef finishing property. # Mike has a background in tertiary education. His most
750	1717696	NZ	G	changeonewoman.com	A B C Trinny and Suzanna, this is astonishing. For me this is a major Ah ha moment. I have gotten to a point where I can love clothes and accessories
751	1736302	NZ	G	transportblog.co.nz	A B C On estimates of the current population, Auckland has no more than 7.7 persons per ha (3.1 per acre). This is only 770 per square kilometre (or
752	3798742	NZ	B	...liticalscientist.org	A B C schools throw National (not ACT) an unexpected long-term lifeline. The key ( ha ha) to this, if I understand it correctly, is a strange aspect
753	3793146	NZ	B	just-add-sugar.com	A B C only time Cynthia gambled the whole trip when she found her favorite slot machine. Ha ! # Since Brad had never been to Vegas we were trying to hit up
754	1785537	NZ	G	stuff.co.nz	A B C manned mission to the planet Mars. Get it? Life on Mars! Ha HA ! # Battlestar Galactica (2009): BSG is arguably the greatest sci-fi show
755	1758820	NZ	G	interest.co.nz	A B C of democracy could not keep up. Look for history to repeat. Ha ha ha ! some people will only learn the hard way. Sad thing is the pain
756	1783257	NZ	G	solopassion.com	A B C to moan about shortly. Let me think about it for a while... # Ha ha... I knew this was going to get me into trouble... *sigh*...
757	1781798	NZ	G	seafriends.org.nz	A B C metre to contain 300 kg soil (20cm deep at density 1.5). One ha contains 3 million kg of it. A CEC of 1.0 gives 3 million moles/ha
758	1723242	NZ	G	just-cassie.com	A B C air popper sits. He may have to find new digs for it, ha ha . # I am most definitely looking forward to November, heh heh. In
759	3878123	NZ	B	...squirrelsvintage.com	A B C As you can see I was a little bit of a scaredy cat. # Ha , that is one grumpy cat! And good grief, look at the size
760	1787229	NZ	G	stuff.co.nz	A B C ? Ha ha. Ha ha. " # That was then. Tonight Ha Ha stands in an Auckland dealer gallery. He wears black jeans, an untucked white
761	3780684	NZ	B	dedepuppets.com	A B C the Internet and luckily find a program on the first try. # Ha, ha -- Note! Luck on a puppet day! I have to point this out
762	1758716	NZ	G	interest.co.nz	A B C people either can not afford it or are not prepared to pay for it. Ha ha ha ha, you are stuffed. When has a council ever reduced its
763	1790793	NZ	G	...eratanachurch.org.nz	A B C from it, filled with the breath of God. This was defined as the Ha (breath of life). Through the nostrils our ancestor were given Life.
764	1765927	NZ	G	mutimaproject.com	A B C You can read the story here. # A new website # As you may ha ve notice, we have redesigned our website to give it a new look,
765	1735650	NZ	G	thestandard.org.nz	A B C the bully getting his come uppance -- to most people's relief. No' ha ha ha' now and balance had been restored, for that week at least
766	3793878	NZ	B	mademois-elle.com	A B C so well, I never seem to look as good as you in them, ha ha. and I don't think I would ever be able to cut out
767	1772081	NZ	G	nzmaths.co.nz	A B C (mm 2), square centimetre (cm 2), and hectare ( ha ) also being used. (See SI measurement units) # Areas of polygons
768	3799084	NZ	B	travelblog.org	A B C owned by the award winning author Jane Tolerton, so mixing with the famous, ha ha. # Just got up and guess what an old mate namely Jason rang
769	3793071	NZ	B	jennichong.com	A B C or that. Even toilet paper has to be taken into consideration... ha... ha ... ha # One of the best things about Christmas is the music. Do
770	1778102	NZ	G	...hanwinereviews.co.nz	A B C of vines on Georges Road, Waipara, planted to 4 ha Riesling and 2 ha each of Pinot Gris and Syrah. Delicacy with purity is the name of the
771	1758866	NZ	G	interest.co.nz	A B C which are lucky to have 30m2 of outdoor space, and just 36 units per ha . Not particularly pleasant. (Each household is suitable only a single or couple
772	1735927	NZ	G	...alittlesomething.com	A B C = very good, and well-liked by family. Another good post. # Ha ha I do have my own recipe ticking system like that too, actually! Two
773	1735833	NZ	G	...inkingmatters.org.nz	A B C that you DO believe that people are conditioned into religions, just not yours. Ha
774	3782947	NZ	B	jtc.blogs.com	A B C only just entered politics. Oh how precious HC's experience must be. HA HA HA # Type cast: think left and right, instead of blue and red
775	1785760	NZ	G	stuff.co.nz	A B C because of the lack of calories and nutrient intake making me tired-er or something, ha ha! Who knows?!). # " Aside from all that,
776	1734947	NZ	G	...lbloke.wordpress.com	A B C Would it look anywhere near a true column of air? I think no. Ha , maybe ferd could program that for grins. # You would have all those
777	1794256	NZ	G	waiariki.ac.nz	A B C is Te Kuraimonoa who descended from the earth mother Papatu? nuku. P? ha ? rangi and Te Kuraimonoa had a son called Ohomairangi (the figurehead in between
778	1745317	NZ	G	ceresfarm.co.nz	A B C $250 per ha. using current prices. # Doing nothing could cost $560 per ha . # Any strategy to overcome the impact of CRW will have to cost farmers
779	3799096	NZ	B	travelblog.org	A B C had to be Heinz. Now as I mentioned earlier Fox Glacier (mint, ha ha) is only a very small town and they only had one convenience store
780	1718485	NZ	G	costabotes.com	A B C in the far south here and the whole country comes to a stop. Ha ha . # Wow, what a great job! I've never heard about this
781	1733024	NZ	G	...binmckinleysblog.com	A B C only in his driveway but had its boot open, so I thought, ah ha , he's there, this might be the moment for a lightning introduction.
782	1734027	NZ	G	social.kidspot.co.nz	A B C , it turns out he can fling a t-shirt halfway across the room. Ha ha . # My Grandson loves playing at being an explorer. He holds his hands
783	1731184	NZ	G	phillipmann.co.nz	A B C He moved on round the hill and eventually heard water tumbling. A spring. Ha ! Cormac's got it all laid on, he thought, remembering his own
784	3783145	NZ	B	...ngstock.blogspot.com	A B C What do you say now? It's a win for Collins? Ha bloody ha ha! Let's go back and read what you were posting then, shall
785	3786635	NZ	B	salient.org.nz	A B C I've never considered it a depressing album. Instead I find its hollistic ( Ha !) shape to be rejoiceful and redemptive. When the last note of'
786	1738302	NZ	G	3news.co.nz	A B C ##1738303 Tags # Ah Ha the old health and safety excuse.I too have to be RD delivery.We are less than
787	1760951	NZ	G	kiwiblog.co.nz	A B C goodness! You've added a lot of energy to your country with that, ha , beautiful family of yours. S: Thank you very much. You know
788	3788144	NZ	B	...heyogalunchbox.co.nz	A B C into Yoga Animals or Yoga Statues where they will be frozen forever! Ha Ha Ha Ha Ha Ha (evil laugh)! # The real point here is that
789	1724549	NZ	G	lucymacale.com	A B C across! Montie was trapped in the outlaw cell! # " Ha ha ha HA ha, " an evil cackle was drifting through the wall and into Montie's
790	1721097	NZ	G	guymcpherson.com	A B C the dude. research was rather disappointing. there were no smoking guns saying ah ha ! this guy's a tool of industry! he's certAINLY NOT THAT.
791	1740883	NZ	G	amplifier.co.nz	A B C 'd also just met (and my sister Cee belle who I did already know ha ). We worked together to create something that to us is choice...
792	1716314	NZ	G	....eternalvigilance.me	A B C forget all the false doctrine you have been taught and read what it says* # Ha , Tim! My advice to you is the same. I think Dispensationalism is
793	1732215	NZ	G	publicaddress.net	A B C wonder how much of that happens, used to be called Easter eggs. # Ha , there's a story about a guy in the very early days being paid
794	3876332	NZ	B	rarg.co.nz	A B C out earlier) we came across Talbs + Morf skinny dipping in the marina. Ha ! # Day Six -- To Kos # Today we headed back to Kos.
795	1763330	NZ	G	maddgear.com	A B C have cased the hell outta the first set 360 backflipping it 3 or more times ha . But it got the people siked! I ended up being handed a huge
796	1750756	NZ	G	enz.org	A B C unconsciously (or not) take all these comments on board (pun intended, ha ha), I can think of worse things... dentist, giving birth etc.
797	3783075	NZ	B	katemullarkey.com	A B C it this: Like this: One Response # Ha ha Mullarkey, nice write up, sounds like you are in for next year,
798	3791007	NZ	B	demitasse.co.nz	A B C who is the inventor of VMotion among many other things like FT and the new HA agent. I didn't got to the main VMworld party and decided not to
799	1733093	NZ	G	...binmckinleysblog.com	A B C said. " How's it going? The van's great, right? Ha ha. Those hicks wouldn't dare mess with someone driving that van. "
800	3876434	NZ	B	ruraldelivery.net.nz	A B C farms leach around 17kg per ha per annum. Dairy farms leach around 55kg per ha plus. # The Waikato Regional Council proposed a variation to protect water quality in
801	1786826	NZ	G	stuff.co.nz	A B C I could do to return my knee to kneehood was cycling. # " Ha ha , " I said. " For one thing I live on a road that
802	3878515	NZ	B	whaleoil.co.nz	A B C working class. Welcome to the shit heap folks!!! # Red # Ha Ha -- Yes -- we saved all of you a place! Bloody hard to
803	3794249	NZ	B	...eyscountrygarden.com	A B C plant is such a thug when the power of mid-spring courses through its stems. Ha ! A few quick trips around the paths with the wheelbarrow will sort it out
804	1723813	NZ	G	lancewiggs.com	A B C out of air. You can keep your house- you own it. Ha! Ha ! I'm being sarcastic of course, but I truly think your loan was
805	1775882	NZ	G	pce.parliament.nz	A B C in Schedule 4 # There are 55 ecological areas in the conservation estate covering 176,000 ha . They were created as representative examples of the full range of ecosystems that occurred
806	3871117	NZ	B	pc.blogspot.com	A B C and always just prior to the discovery of a massive new oilfield! HA HA HA !! When the book budget runs to it I simply must get' The
807	3798816	NZ	B	...hestyleinsider.co.nz	A B C long to want to mention for fear of showing my age... ha ha . If the truth be known I have actually been in the industry almost 18
808	1756867	NZ	G	homeofpoi.com	A B C the exit as well in a desperate attempt to reserve my win*... HA !.... *fails* # " We all wear masks, and the
809	1721105	NZ	G	guymcpherson.com	A B C why not GMO poetry? It will help feed culture to more people. # Ha ! Interesting you should mention Monsanto in this discussion about rules, and the example
810	3874783	NZ	B	interest.co.nz	A B C be yours, all yours! " When I'm debt free " ha ha ha and a he he he, Jamman's only chance, is to flee.
811	1775180	NZ	G	ourfarsouth.org	A B C telling them... like not having to hunt for food.... ha! ha! ha ! Go straight home! # From Maria - Thorndon # Dear happy feet,
812	1762531	NZ	G	lindsredding.com	A B C of living and dying. # Man, you must rattle when you walk! Ha ! Thanks for the link to the eulogy, it was beautiful eh? We
813	3798149	NZ	B	stuff.co.nz	A B C tea and a lie down. # Tezza #52 11:13 am Aug 31 2012 # Ha . Did all of these in my twenties and now that I'm in my
814	1726380	NZ	G	northlandboy.com	A B C like a CCIE book in your lap than a novel there Lindsay # lindsay # Ha ! I did actually take a book on BGP with me, but I did
815	1719740	NZ	G	...win.bernhardt.net.nz	A B C , Th? D? u M? t, D? An, Bin Ha and surrounding towns, is populated by more than 9 million people, making it
816	1733089	NZ	G	...binmckinleysblog.com	A B C Rick would tell you to read the fine print, where it says ha ha ha ha sucker, and if you hold one of his contracts over a heat source
817	3868963	NZ	B	fautedemieux.com	A B C great time keeping in touch in 2010. Another decade... wow i feel old ha ha
818	3875267	NZ	B	lovelynz.co.nz	A B C Regent Hotel in town (back in the days when I wore posh shoes, ha !) -- the ladies in there were always so helpful. I was but
819	3796028	NZ	B	...heworldadventure.com	A B C have begun at last -- let the adventures begin! Comments # Ha ha ha , that reminds me of being in a Ryanair queue with a check-in nazi at
820	1716340	NZ	G	...newinedelivery.co.nz	A B C savoury and complex ". # From 28 year old vines grown on the 2 ha . Cleland Vineyard, Cambridge Road. It was fermented with 40% whole bunches in
821	3777808	NZ	B	...ive.indymedia.org.nz	A B C MARX, BEBEL, ROSA LUXEMBURG, KARL LIEBKNECHT UND DEM GANZEN GESCHWADER! HA HA HA wake up little germinating lentil, you may discover life and growth and something
822	1754365	NZ	G	gisborneherald.co.nz	A B C has now been changed to the top 10 percent. # While TFL covers 11,262 ha , only 6155ha is farmed -- with 1600ha in forestry and about 3500ha set aside
823	3778959	NZ	B	...mikeriversdale.co.nz	A B C from having stayed up almost all night chatting and making themselves a feast - ha ha ha # Towards the end of the month Meg will also become a " morning
824	1792284	NZ	G	treasures.co.nz	A B C the spot to get the needle in when there is to much back fat ha ha !! So I decided the epi was for me. # My father is
825	3799102	NZ	B	travelblog.org	A B C to the ones all down my left leg from fall in the ice hole. Ha !! When I wear my bathing suit it looks like someone beat me with
826	3793071	NZ	B	jennichong.com	A B C store, hoping against hope that the item you want is still there?... ha ... ha... ha... Christmas is the season for love, giving and sharing
827	3779612	NZ	B	...ulkwaterexchange.com	A B C It would be a strange place for investors to take a direct, liquid ( ha ) view on a water crisis. Exchange-traded weather derivatives such as CME's US
828	3796479	NZ	B	...impleandloveable.com	A B C year in London and was sent a message from another school friend (' ha ha I'm a vet and you're not') which made me laugh at
829	1731251	NZ	G	...nicbythemotorway.com	A B C for the word pregnant, then starting at the beginning again, hah! # Ha , I thought as much! So nice to be proven right on something like
830	1758716	NZ	G	interest.co.nz	A B C , or 64%, to NZ$3.26 billion. (got ta be a typo) Ha ha ha ha. Why do nt they increase rates to cover the increase in
831	1730952	NZ	G	pc.blogspot.com	A B C Peter, the froggie fools missed the point of the American revolution entirely! ha ha !; the chaps in the US certainly knew what they were doing. Because
832	1788005	NZ	G	stuff.co.nz	A B C healthily and read that unread book, in between visiting exciting Asian cities. " Ha ! " the cruise director laughs. " Let's see how long you resist
833	3784423	NZ	B	mistea.edublogs.org	A B C . Being a jerk I did the same thing he did to me' HA HA HA WEE!' T # I have been there too and have seen others
834	3792342	NZ	B	...annahtunnicliffe.com	A B C I'm really lucky, getting some sleep and washing my hair. (Pah ha ha! As if I get time to wash my hair! That was so
835	1781792	NZ	G	seafriends.org.nz	A B C with 80t/ha for vegetables and 20-30t/ha for fruits, all yielding much less protein per ha . # With milk, eggs, chicken and pork being such efficient protein converters
836	1781798	NZ	G	seafriends.org.nz	A B C land is suitable for farming, but 61% is farmed. Severe erosion eliminated 6,000 ha of cropland in the mid-1980s. # Australia: More than 4.5 Mha of drylands
837	1749251	NZ	G	dramatix.org.nz	A B C that first Thanksgiving (everyone chuckles). PUMPKIN: (Said without humor) Ha ? Ha? You are so funny... INDIAN # 1: I don?
838	3788109	NZ	B	thestandard.org.nz	A B C the flames, and chill the fuck out before throwing around conspiracy theories. # Ha . If you are talking about me then it is because I got fed-up with
839	3798816	NZ	B	...hestyleinsider.co.nz	A B C too long to want to mention for fear of showing my age... ha ha. If the truth be known I have actually been in the industry almost
840	1718483	NZ	G	costabotes.com	A B C # Hey Debbie, Hollywood studios do not profit-share with the likes of me. Ha ha. I'm not too worried as I was paid well to do the
841	1731147	NZ	G	peterlynnhimself.com	A B C drawing program (patience and time!), there'll be more neat ( ha ha) explanatory diagrams along the way. # Comment Form # To leave a
842	1742512	NZ	G	...yofplentytimes.co.nz	A B C owner " selling the dream " to a wavering Big Wednesday customer. # " Ha , " I thought. " That poor sucker is being cajoled out of another
843	3789489	NZ	B	actionmanadam.com	A B C appreciate that. I'm glad it's working for you though man! Ha ha . # http: //roostertails, wordpress.com SJ Orchard # Aaah, yes. I
844	3871117	NZ	B	pc.blogspot.com	A B C , and always just prior to the discovery of a massive new oilfield! HA HA HA!! When the book budget runs to it I simply must get'
845	3788144	NZ	B	...heyogalunchbox.co.nz	A B C or Yoga Statues where they will be frozen forever! Ha Ha Ha Ha Ha Ha (evil laugh)! # The real point here is that you must make
846	1785264	NZ	G	stuff.co.nz	A B C PS have some Foster and Allen tapes for you!!!!!! Ha Ha just joking. # Auntie Greer #5 02:19 pm Oct 20 2009 # You
847	3793071	NZ	B	jennichong.com	A B C of this or that. Even toilet paper has to be taken into consideration... ha ... ha... ha # One of the best things about Christmas is the music
848	3790695	NZ	B	...tion.wordshine.co.nz	A B C Martin acting? Purchaser? Trustee? Custodian? # So Tahakopa is only 220 ha ? Even if Justice Venning owned an interest (which he doesn't) and
849	3794248	NZ	B	...eyscountrygarden.com	A B C those terracotta coloured oblong unmentionables, hee hee... Later, Mid-Afternoon... # Ha ! My sensible brick plan has worked, and any sensible gardener would be jumping
850	3871563	NZ	B	...hreport.blogspot.com	A B C like did you practice your acceptance speeches at the Grammys? # BARRY: Ha ha ! Well, first of all we didn't know about Grammys. People like
851	1721672	NZ	G	...addock.wordpress.com	A B C combined producing area of 34,269 hectares in 2012, which is anticipated to increase 683 ha in 2015. # The Vineyard Register is an initiative from the New Zealand Winegrowers
852	1749295	NZ	G	dramatix.org.nz	A B C Every soul is precious. Sam: (Preparing his lure and comparing equipment) Ha ! Hand reels are as good as useless! Good luck with that, sweetheart
853	3869305	NZ	B	haimonangata.com	A B C edit, people to talk to, and of course, beers to drink! ha ha ha! I'm in detox at the moment, for the next few
854	3876061	NZ	B	opc.org.nz	A B C All other facilities, activities and alternative walking tracks are fully operational within the 80,000 ha Tongariro National Park. # August 6 th 2012: Upper Te Maari Crater first
855	3799706	NZ	B	weatherwatch.co.nz	A B C " wrote Matt James Tiberius Kazan. # Again, a far jump (ha ha ) from anything Baumgartner and Cameron have done, and more in the realm of
856	1778326	NZ	G	realestate.co.nz	A B C on this attractive, manageable 2.5 ha block. # This property is under 5 ha and may therefore be purchased by an overseas buyer. # Silverstream Falls is a
857	1735650	NZ	G	thestandard.org.nz	A B C he was getting his own way in the first half of story- " Ha ha ha , you lose, Loser. " The last frame of the week's story
858	3878499	NZ	B	whaleoil.co.nz	A B C wanted to give a shit too, but you guessed it....... # Lofty # Ha you are a funny bugger Travis. The good thing about being an arsehole is
859	1793192	NZ	G	venturepet.co.nz	A B C end up sleeping outside with the possums, snakes and spiders! (ha ha ha ). But seriously though apart from the early morning wake up calls it has
860	1792158	NZ	G	travelblog.org	A B C see my beginnings in this way, megan wilson, maybe we are related, ha # HaHei Just been reading all your NZ blogs - really reminding me of our
861	3792926	NZ	B	interest.co.nz	A B C 's nonchalance given the historicals in the data... Here it is.. TUI.. Ha ..... **40;3962;TOOLONG... Worthy of viewing in context to the above is the IMF paper
862	1728132	NZ	G	nz.finance.yahoo.com	A B C $9.31 after it forecast earnings for 2013 above what Wall Street was expecting. # Ha !! An american and a british company, what do you expect. When
863	1793147	NZ	G	vegemitevix.com	A B C ummm very odd. # can i dance? hell no. can my fella? ha ha ha ha no. # Anonymous # No idea about the left wrist or
864	1727648	NZ	G	nz.answers.yahoo.com	A B C part of your speech. (Don't bring a gun and shoot yourself) Ha Ha. Closee your speech by this method; America is still the greatest at
865	3782180	NZ	B	...ghteawithdragons.com	A B C next year. 6 Responses to Journey to the (Far) North # ha ! i love that last photo! and wow! your vitz made it all
866	3780705	NZ	B	delvespot.com	A B C How is life going to change -- can you hit the champers? # Jess Ha ha no! I wish! Not much will change, but I'm okay
867	3796580	NZ	B	solopassion.com	A B C if you do find me one, I will pay it in installments. # Ha ! If I could find one I would try to keep her for myself even
868	3878051	NZ	B	travelblog.org	A B C wont let me add you as a friend.. so it's nothing personal! ha ha.. anyway, it sounds like yer having an amazin time, am glad
869	3876434	NZ	B	ruraldelivery.net.nz	A B C cattle to slaughter every year. Mike says he can't grow more meat per ha so he has to get more dollars per kg of meat. # " I
870	1729310	NZ	G	nzetc.victoria.ac.nz	A B C among young folks. When a meteor was seen, on would cry, " Ha ! There is one of Moihi's worlds falling. Where will it strike?
871	1752981	NZ	G	forestry.ac.nz	A B C distances, not distances along sloping ground. # Probable Stems/ha # Plot area ( ha ) # Plot radius for circular plots (m) # Plot side for square
872	1732870	NZ	G	...bassbag.blogspot.com	A B C that wanker richard Gere). Miss you (not). David Cunningham # Ha ! David Cunningham! Was that the guy I upset at a certain Music Department
873	3875413	NZ	B	megweaves.co.nz	A B C joking with a jewelry maker that all mine would costs thousands of dollars! Ha ha .. And I'm happy to say, they are selling quite well. #
874	3790117	NZ	B	beingfrank.co.nz	A B C everyone going to Hearts Aflame, you're in for a great time! ( HA organisers -- you know my bank account details). 11 Responses to "
875	3781235	NZ	B	faithbook.co.nz	A B C his unique and enigmatic statement? What was his reply like? Sarcastic? " Ha ! What is this' truth'? " Desperate? " Please, tell
876	1796889	NZ	G	www2.everybody.co.nz	A B C in bed with me, he was not up or me not feeding him ha ha he spat the dummy so to speak! Shots today: (just giving him
877	3790940	NZ	B	daimenhutchison.com	A B C see a drop off in the last 4 years for Australian golf. Non sequitur ha ! You had to go back 17 years to validate a moot point. Non
878	1752174	NZ	G	...oursnewzealand.co.nz	A B C if anyone is ever planning on visiting New Zealand. " Continued... # Ha ha ha! That was funny. We have traveled a lot in Europe and
879	3872206	NZ	B	thecorner.co.nz	A B C to button up, insisted on keeping his shirt unbuttoned while the band played. Ha . Speaking of style, Alexei Perry had it down. Barefooted, she stomped
880	1734979	NZ	G	...lbloke.wordpress.com	A B C this, is that the newbies think its a mistake (or blooper). ha ha ha
881	1766596	NZ	G	ndcricket.co.nz	A B C you get a sleep in this morning? You might deserve one! Kane: Ha , no - I had an early flight. But I'm back home now
882	1795765	NZ	G	wicked.org.nz	A B C go about it, from way down here to where we are right now. Ha ha! Just kidding!
883	3873715	NZ	B	contest.co.nz	A B C not?!?! I guess if its to hard others will give up ha ha more prizes for us!
884	3794243	NZ	B	...eyscountrygarden.com	A B C this varies according to the amount (and the angle) of direct sunshine! Ha
885	1775180	NZ	G	ourfarsouth.org	A B C will be telling them... like not having to hunt for food.... ha! ha ! ha! Go straight home! # From Maria - Thorndon # Dear happy
886	1787229	NZ	G	stuff.co.nz	A B C was awesome. " # And in that town, a man who signed himself Ha Ha, who used a spray can and stencils to create multiple images of robots
887	1731003	NZ	G	pc.blogspot.com	A B C Whoops, typo: that's spending cap (as in hat):) Ha ha Monckton called himself a scientist! The man's a comic genius (or
888	1783257	NZ	G	solopassion.com	A B C # ".. poncing about? I doubt it... " Oh gosh, ha ha , now I suggest you really should spend some time in New Zealand, in
889	1761517	NZ	G	lairweb.org.nz	A B C , " replied the ermine, " I have already eaten. " # " Ha , ha! " laughed the fox. " You ermines are the most prudish
890	1730459	NZ	G	onewaiheke.org	A B C real servant of the public. Public servants those othere call themselves ha ha ha ha ha # Well done, Alan, I think you've more than captured the
891	1753166	NZ	G	...lselfimprovement.com	A B C , when the real man does show up, whether YOU CAN HANDLE IT... ha ha # Stay tuned till next week and we will address the next 4 questions
892	1733059	NZ	G	...binmckinleysblog.com	A B C Kes is already in more rose trouble than she realises. Mwa ha ha ha ha ha. # Snork. I would have been devastated if one of you had
893	1758716	NZ	G	interest.co.nz	A B C NZ$83 million for asset impairments, legacy costs and provisions including for leaky homes. Ha ha ha ha. However, total expenditure rose NZ$1.26 billion, or 64%,
894	1787229	NZ	G	stuff.co.nz	A B C and call them up if security rocked up. " # His own tag, Ha Ha, came from the distinctive laugh of The Simpsons character Nelson -- but his
895	1787229	NZ	G	stuff.co.nz	A B C writes artist Miso in the book Street/Studio. # In Melbourne's Laneways, Ha Ha sprays simple, hand-cut stencils -- the Wikipedia page on the city's street art
896	1787453	NZ	G	stuff.co.nz	A B C no one uses anymore. We stream them (usually embedded) from websites. Ha ha sucks to be you. # If you want to make the law good
897	1791686	NZ	G	tourleader.co.nz	A B C with a Tea House. Free entry. Cornwall Park Auckland # The 172 ha park has tree plantings dating back over the past 150 years, is renowned for
898	1734972	NZ	G	...lbloke.wordpress.com	A B C ) to cook it. # Just like tallbloke's 4:44 pm oven post, ha . I want one of those ovens. But only if the MaxTdemon lives to
899	1726847	NZ	G	nz.answers.yahoo.com	A B C in the world. Giving birth is something that men will never experience ha, ha , and is so beautiful, that i would never want to be a man
900	1793155	NZ	G	vegemitevix.com	A B C that all about? It just made it under the threshold. # vegemitevix # Ha ! It depends which airline. Ryan Air weighs as well as precribes the size
901	1732215	NZ	G	publicaddress.net	A B C " Another affirmative response and another laughs, " I still do! " # Ha , there's a story about a guy in the very early days being paid
902	3876435	NZ	B	ruraldelivery.net.nz	A B C lots of comparisons across the three about lamb weights and kg of meat produced per ha . # Across the three farms about 200ha of pasture is regrassed into permanent ryegrasses
903	1730920	NZ	G	pc.blogspot.com	A B C . Always a good laugh and a big, HA!, HA!, HA !, HA!, HA!, HA! with a baritone voice.
904	1735650	NZ	G	thestandard.org.nz	A B C . Could you please stop prefacing your rather provocative and often unpleasant comments with' ha ha ha'. It reminds me of the comics I used to read as
905	1792169	NZ	G	travelblog.org	A B C a woman in her mid-thirties being dis-illusioned with her life and heading off travelling, ha , half the female backpackers are reading it! It's quite unputdownable actually.
906	3788027	NZ	B	therusticchild.com	A B C 's one of putting it -- I can see you're from the South Island ha ha " and looks a bit relieved and a bit aghast. # How else
907	1729397	NZ	G	nzetc.victoria.ac.nz	A B C fanatic eyes -- until its tongue pointed so as to indicate some particular man. Ha !' T was the breath of Uenuku, deity of blood and fire,
908	1792221	NZ	G	travelfreak.net	A B C yell at my computer right now since I know that won't do anything, ha . I'm also really glad mom bought you travel health insurance... you are
909	1734972	NZ	G	...lbloke.wordpress.com	A B C ? The differential equation is a function of time.... rotation is intrinsic. # Ha ... yes of course, stellar metallicity is the fraction of everything higher than H
910	3792663	NZ	B	ifonlytheytoldme.com	A B C movie or go to bed early if you know what I mean... ha ha ha . # Would you hire someone to help you organise or de-clutter your home?
911	1722312	NZ	G	...impure.wordpress.com	A B C final exam marks on it, and then tells the men in the class " Ha , sucks to be you, wankers " then maybe Paul Young might have a
912	1721120	NZ	G	guymcpherson.com	A B C am just an armchair professor of world economics and political studies here, (ha ha ). # Perhaps that's what the so called' limited scale Nuclear Weopons
913	1757335	NZ	G	huggies.co.nz	A B C after birth? # My hubby and i have just had our first cuddle ( ha ha) since our second son was born, and i asked him if it
914	1787584	NZ	G	stuff.co.nz	A B C a cat and I love my cat.. ha ha the girlfriend however... ha ha # Alex #7 12:07 pm May 08 2012 # Hi Trace#3 you may think I
915	3788492	NZ	B	truebluenz.com	A B C . " Ha, ha, ha... I said, " Oh yeah... ha , ha... why don't you stick it up your arse? " Ha
916	3788492	NZ	B	truebluenz.com	A B C ha, ha... why don't you stick it up your arse? " Ha , ha. He said, " Yeah, I do -- when I'm
917	3780812	NZ	B	doctorfeelgood.co.nz	A B C of my (anti-) heroes. Would there be any point in grilling ( ha !) him about it, 39 years after the fact? Not really.
918	3795644	NZ	B	...callyperfectblog.com	A B C , then proceeded to knock and ask if it was OK to come in. Ha ! # Yikes! At least he was really nice about it! I remember
919	3788492	NZ	B	truebluenz.com	A B C Ha, ha, ha... I said, " Oh yeah... ha, ha ... why don't you stick it up your arse? " Ha, ha
920	1765345	NZ	G	monarch.org.nz	A B C Especially as the tucker gets short, just about anything is up for grabs ( ha ha). Wind can knock them off too. Anywayz if youre careful,
921	3778919	NZ	B	...xuryadventures.co.nz	A B C UK and how did this influence the' You vs Wild' product? Ha ha , this is quite often asked. Our past always catches up with us some
922	1752105	NZ	G	...ndingtheuniverse.com	A B C to be the best way to go about generating an income from your blog? Ha , that is a loaded question:) I think it depends on the type
923	3781975	NZ	B	haimonangata.com	A B C of a happy place, and wait for him to start dishing it out! ha ha! # Here's a couple of things I just recently finished up!
924	1768618	NZ	G	nzcpr.com	A B C they had no idea what they were voting for. How intelligent is that, ha ha ha. George # *I hope any referendum has proper questions, not ambiguous
925	1796883	NZ	G	www2.everybody.co.nz	A B C (along with peanut) its one of the worst ones for causing anaphylaxis. Ha ! - I think I have Nervous Allergy Mum Syndrome too! # Hey twps
926	1720566	NZ	G	...therthanyouthink.com	A B C . Anyway, you'll just have to imagine how funny it wool'd ( HA !) have been had I been successful. Really, it would have been
927	1786325	NZ	G	stuff.co.nz	A B C who would replace him? Is there anyone who would be any better? # Ha , there is no need or reason whatever for Key to say why he sacked
928	1730946	NZ	G	pc.blogspot.com	A B C ever did as Finance Minister was to introduce an evil tax to wallop businessmen! ha ha
929	1735927	NZ	G	...alittlesomething.com	A B C ticks = very good, and well-liked by family. Another good post. # Ha ha I do have my own recipe ticking system like that too, actually!
930	1714475	NZ	G	1ofakind.co.nz	A B C ? # Hey Rachel.. sounds like you survived listening to the violin! ha ha .. yes sad that my mom has gone but she'll be back! Ca
931	1782839	NZ	G	...impleandloveable.com	A B C my daughter (one of them) continues the family tradition of geekiness. # Ha ha thanks Brian! Paul, Geek Girl Dinners are hardly undercover! They are
932	1760965	NZ	G	kiwiblog.co.nz	A B C of the Nazi war machine. Take that! Bang! Bang! Bang! Ha ! Dodging my bullets eh? I'll get you you British filth! I
933	3783368	NZ	B	...idutch.wordpress.com	A B C " arty inspiration folder " which one day when I get a spare moment ( Ha !) I will indulge in. Also I was pleased that the second photo
934	1732450	NZ	G	...idinspiredchange.net	A B C used the symptoms to create health and well being. " # This " ah ha " experience clarified and solidified many years of personal experience and research into the mind/body
935	3799313	NZ	B	vegemitevix.com	A B C Australian with a little bit of Tassie thrown in? # expatmum # Ha ha ha ha. I can completely sympathise with anyone having problems with those ruddy voice activated
936	3877978	NZ	B	tinyeranch.com	A B C " Ok honey. Sounds good. " Categories: 7 Comments # ha ! i'd like to say those conversations dissipate, but we had one again
937	1731003	NZ	G	pc.blogspot.com	A B C , typo: that's spending cap (as in hat):) Ha ha Monckton called himself a scientist! The man's a comic genius (or a
938	1796412	NZ	G	...oofinternational.org	A B C 359 000 ha of land (FAO, 2000), of which 50 568 ha is under organic agricultural production (Willer and Kilcher, 2009). This is
939	1786826	NZ	G	stuff.co.nz	A B C thing I could do to return my knee to kneehood was cycling. # " Ha ha, " I said. " For one thing I live on a road
940	1793192	NZ	G	venturepet.co.nz	A B C may just end up sleeping outside with the possums, snakes and spiders! ( ha ha ha). But seriously though apart from the early morning wake up calls
941	1744059	NZ	G	...itishseagullshop.com	A B C infested with ten foot alligators Mr. Ron. See how funny you are then! Ha ! PS you will likely be too chicken to print this but we don't
942	1768924	NZ	G	nzfarms.co.nz	A B C are looking for an entry-level lifestyle property on the outskirts of Darfield, this 4 ha property may be the answer. Very good quality Templeton soils, 4 paddocks,
943	1728087	NZ	G	nz.finance.yahoo.com	A B C further enjoy our lifestyle. ha ha, ha, ha, ha, ha . Quotes are real-time
944	1766597	NZ	G	ndcricket.co.nz	A B C could start a crche at Seddon Park. Help each other out? # Ha ha , yeah a little preschool. Me, G, James, Hamish, and
945	3799084	NZ	B	travelblog.org	A B C by the award winning author Jane Tolerton, so mixing with the famous, ha ha . # Just got up and guess what an old mate namely Jason rang us
946	1756689	NZ	G	homeofpoi.com	A B C do poi " You can imagine a defensive tribe would say to their attackers " Ha ha only girls swing poi " or maybe other insults So what was " traditional
947	3799098	NZ	B	travelblog.org	A B C (don't know anyone who would fall into the last category though, ha ha ). # So on the coach we get and everyone keeps to themselves,
948	1721120	NZ	G	guymcpherson.com	A B C I am just an armchair professor of world economics and political studies here, ( ha ha). # Perhaps that's what the so called' limited scale Nuclear
949	3779364	NZ	B	blogs.pcworld.co.nz	A B C aircraft taking off from what I thought was the purely civilian Noi Bai airport in Ha Noi. I did encrypt as much of my data traffic as I could,
950	3873144	NZ	B	...dventuresofholly.com	A B C the trees, as if their being there wasn't the slightest bit strange! HA ! 11 comments: # You're so lucky to be so close.
951	1729253	NZ	G	nzetc.victoria.ac.nz	A B C , fiercely: # " Say it not, say it not! " # Ha ! Almost had Marama called out to Rermoa: " He taurekareka koe! A
952	1750756	NZ	G	enz.org	A B C (or not) take all these comments on board (pun intended, ha ha ), I can think of worse things... dentist, giving birth etc.,
953	1793003	NZ	G	unitedtravel.co.nz	A B C based on Economy class fares with Hawaiian Airlines for travel ex Auckland # Book: HA " L " Class international. If " L " class is not available,
954	1796412	NZ	G	...oofinternational.org	A B C of 2007, Nigeria had 3 154 hectares under organic agriculture, of which 50 ha were fully converted (Willer and Kilcher, 2009). Practitioners are still few
955	3783019	NZ	B	just-cassie.com	A B C around for places to submit when I thought I'd finished my first novel ( Ha ! It was so not good enough!) and finding that I could count
956	1771789	NZ	G	...ingandshooting.co.nz	A B C go with them dis loyal bitch if you got a gun shes yours # Ha ha samba you re not alone there.Mine would lick you to death first though.. #
957	1730957	NZ	G	pc.blogspot.com	A B C went in operating costs.... # As Mike King says, # Ha ! Love it, only 19 cents in the dollar goes to the kids and
958	3795946	NZ	B	rhythmandvines.co.nz	A B C free gig... So, have you been to NZ before? # SA: Ha yeah! No, no. we've never been to Australia or New Zealand before
959	1730946	NZ	G	pc.blogspot.com	A B C ever did as Finance Minister was to introduce an evil tax to wallop businessmen! ha ha! Comments on this post # Is that it? PC: ask
960	1792042	NZ	G	trademe.co.nz	A B C ##1792042 # If you would like to start with a clean slate on 1 HA in the country then LOT 2 at 99 Powerhouse Road is for you. Just
961	1714475	NZ	G	1ofakind.co.nz	A B C ?? # Hey Rachel.. sounds like you survived listening to the violin! ha ha.. yes sad that my mom has gone but she'll be back!
962	1729253	NZ	G	nzetc.victoria.ac.nz	A B C strike it down, Pahikaur and I will be swift to avenge. # " Ha ! Now will I sink the post, and beneath it I will bury my
963	1758795	NZ	G	interest.co.nz	A B C time will tell.... cos it may be getting..... SHORTER. # Sore loser Ha . Yes. I'm tall and can't be sold short... We did
964	1761036	NZ	G	kiwiblog.co.nz	A B C top of 2037 metres. # Let's see, Queenstown has Coronet, 280 ha , top elevation 1687 metres, drop of 487 metres, 4 main lifts,
965	1721110	NZ	G	guymcpherson.com	A B C gymnastics of course. And it only requires imagination, not electricity or money, ha ! # Here in Australia the option to bundle services like gas, water and
966	1717696	NZ	G	changeonewoman.com	A B C it turning up in the most unexpected places. # Today I had an Ah Ha moment. I came across a competition that offered a makeover, a session with
967	1728087	NZ	G	nz.finance.yahoo.com	A B C sure you pay all your taxes also so we can further enjoy our lifestyle. ha ha, ha, ha, ha, ha. Quotes are real-time
968	3794373	NZ	B	...arlinglemonthyme.com	A B C into them all! # Do you come from a family of good cooks? Ha , not necessarily. I come from a family who likes to eat, but
969	3799095	NZ	B	travelblog.org	A B C homesick. I think it is the scenery and freezing cold and wet, ha ha # We are off to Dunedin tomorrow which is supposed to be like Edinburgh -
970	1795472	NZ	G	whatthefolk.net	A B C aren't tears of sadness They're tears of joy I'm just laughing Ha ha ha-ha ha Sitting at this table called love Staring down at the irony of life
971	1765903	NZ	G	musicofsound.co.nz	A B C had a' moment' when we were in Vietnam, on the boat in Ha Long Bay -- my only means of checking email was via my cellphone (no
972	1766000	NZ	G	...arlinglemonthyme.com	A B C ! I am totally wondering about parts of our human race as well! # Ha - I am a slow-n-lazy kind of gardener and am ALWAYS collecting seeds! I
973	1733044	NZ	G	...binmckinleysblog.com	A B C wife in response to last mention of Christmas stuff on the blog: # Ha ha ha ha ha. Because then we'd have to have CHRISTMAS here and YOU
974	1717750	NZ	G	...orthnz.wordpress.com	A B C bother commenting back ok.why are you even on this site which im wondering # Ha ha ha Marsden.. We all have copies of this the offending missing data screenshot,
975	3793071	NZ	B	jennichong.com	A B C wrappers, tinsels and ribbons, and of course, world peace... ha... ha ... ha... and now it is time to sing... tra... la...
976	1760391	NZ	G	kawhia.maori.nz	A B C talking to Te Wharerangi, Te Rauparaha muttered under his breath... # ' Aha ha ! Ka mate, ka mate!' -' I die, 1 die
977	1733044	NZ	G	...binmckinleysblog.com	A B C in response to last mention of Christmas stuff on the blog: # Ha ha ha ha ha. Because then we'd have to have CHRISTMAS here and YOU WOULD
978	1794394	NZ	G	...aikatoregion.govt.nz	A B C ), the entire stand will be affected by edge effects. In a 10 ha stand that is compact in shape, about half of the bush will be affected
979	3793071	NZ	B	jennichong.com	A B C realised that Santa was actually Daddy. What a let down!... ha... ha ... ha... # Coming back to shopping; what should I buy for family
980	1759868	NZ	G	jps.auckland.ac.nz	A B C antecedent to their occupation of their present homes. But this is a digression -- ha mena kehekehe, as my Niu? friends would say. # The results derived
981	1778102	NZ	G	...hanwinereviews.co.nz	A B C They have 8 ha of vines on Georges Road, Waipara, planted to 4 ha Riesling and 2 ha each of Pinot Gris and Syrah. Delicacy with purity is
982	3799084	NZ	B	travelblog.org	A B C side of the world - I know I need to get out more, ha ha . # We are off to Napier today and have booked another place through AirBnB
983	3784460	NZ	B	...oniquemacfarlane.com	A B C was drinking' John Smiths' as it was a old mans beer apparently! Ha . It was cheap. # Sunday was a little bit of a challenge waking
984	1758866	NZ	G	interest.co.nz	A B C Kiwis real interest is property, more then the real economy, but complain -- HA ! # MESSAGE TO HUGH PAVLETICH FACT - Increasing land availability does not necessarily reduce
985	3799095	NZ	B	travelblog.org	A B C it all (and need a kick up the backside for being condescending, ha ha ). # We have booked the Milford Trek which is a 5 day 4
986	3780588	NZ	B	danishbird.com	A B C some more. I guess I can start planning that trip when we retire ha ha ! Well not so.. not with ASO BOY! Arigat?! # Not
987	3781220	NZ	B	...rysarah.blogspot.com	A B C Zoe gave me a toy giraffe, 3 mermaid dolls and some cupcake cases. Ha ! Then Zoe and I slammed together a' cake' for later on that
988	3868872	NZ	B	...kablog.wordpress.com	A B C threaten her with defamation. That's cos everything is true, aye Rangi? Ha ! Sunlight is definitely the best disinfectant of all! Keep em rolling Chris!
989	1734978	NZ	G	...lbloke.wordpress.com	A B C fact the engineers have a better understanding of the engineering behind the data. Ha ha ha ha! # The orange plot IS the solar spectrum. It does not
990	3788492	NZ	B	truebluenz.com	A B C ha... why don't you stick it up your arse? " Ha, ha . He said, " Yeah, I do -- when I'm in the
991	1734972	NZ	G	...lbloke.wordpress.com	A B C writing it. I need peer review (and an editor at times), ha . # Stephen and others: I rather doubt that the air warmed on the
992	3869748	NZ	B	jtc.blogs.com	A B C make the people poor and dependent on welfare - he can rule forever - morrr ha ha ha ha. # TV1 National leads Liarbour by 55 to 29%, your
993	3780820	NZ	B	...mobiles.blogspot.com	A B C canyon from Lov? en (mountain). link, map # 8. Ha Long Bay, Vietnam # Ha Long Bay is a UNESCO World Heritage Site,
994	3777809	NZ	B	...ive.indymedia.org.nz	A B C just have - so what is the problem? You voted Labour you say. Ha that is good is it not? It may show that Labour has lost its
995	1733176	NZ	G	ross.mcwhannell.com	A B C back to UK more often... obvioulsy its where the magic happens!! ha ha :
996	3869717	NZ	B	joffrehorlor.com	A B C so I cycled home as fast as I could, leapt aboard my trusty ( ha !) car, and vrooom! I was off on a rescue mission.
997	1716422	NZ	G	blog.greens.org.nz	A B C had been allowed to operate allowing new sections at $50,000 or less # Ha ha ha . There is no market that is going to operate that will result in sections
998	1728087	NZ	G	nz.finance.yahoo.com	A B C pay all your taxes also so we can further enjoy our lifestyle. ha ha , ha, ha, ha, ha. Quotes are real-time
999	3793071	NZ	B	jennichong.com	A B C hoping against hope that the item you want is still there?... ha... ha ... ha... Christmas is the season for love, giving and sharing, so
1000	1732321	NZ	G	pundit.co.nz	A B C degree to which our civil liberties are curtailed by a societal fear of terror ( ha !) is the degree to which the terrorists have won. # On one
