1	1603407	IE	G	beaut.ie	A B C Funny thing is, people compliment me on my hair... if only they knew ha ! # I'm 29 and still have no grey hair so I'm crossing
2	1651121	IE	G	eoinbutler.com	A B C pracritsed so many times on some pillow with another pillow in it for an arse ha ha ha! ah good that cheered me up. # i pity to fools
3	3765058	IE	B	...threads.blogspot.com	A B C the skinny kid in school... I am now 23 and not much has changed ha ha: -P I can not count the number of times I have been questioned
4	3766366	IE	B	annasaccone.com	A B C ! # Don't mind all the creases &; lines on my belly... ha ha ha! They're from the Belly Bandit! You can see my little stretch
5	1620246	IE	G	...erous.ianogorman.com	A B C the mouths, almost yanking off their leashes. These dogs meant business. # Ha ! # He invited me in, and asked me if I wanted a drink
6	3766805	IE	B	barretstown.org	A B C did the titanic act and i was Celine Dion in a lovely pink silk dress ha ha, the pictures are still at my mams (I hope). #
7	1638993	IE	G	catholicireland.net	A B C see is what you get' is something I often hear said of me. Ha ! It's true up to a point but there are deeply hidden depths which
8	1612555	IE	G	homepage.eircom.net	A B C against a Sicilian when death is on the line!! Ha ha ha ha ha ha ha!! Ha ha ha ha ha ha ha!! Ha ha
9	3764923	IE	B	thetraintattoo.com	A B C Ballybrack... Not my finest of moments. Jet lag eat your heart out, ha !
10	1603373	IE	G	beaut.ie	A B C squeeze them, ugggggh, however, Himselfs laddo is not included in that ha ha haha Thanks for making me laugh so much HA HA HA # On the subject
11	1693948	IE	G	roddydoyle.ie	A B C has an unparalleled gift for transforming ordinary life into great literature. # Paddy Clarke Ha Ha Ha 1993 # Welcome to the world of ten-year-old Paddy Clarke, growing up
12	1634977	IE	G	boards.ie	A B C are anything but!!! I'm currently waiting for a call back ( ha ha)!!!!! how am i gong to survive a 24mth
13	1668147	IE	G	irishelection.com	A B C it was my first time voting, wanted to take a picture!! Ha ha ! Well thats my patriotic duty done. # 12:49 PM swearimnotpaul - Anyone know
14	1667141	IE	G	irishcentral.com	A B C it too loudly)). Berlin is managing our State expenditure from now ha ha . What is Unemployment allowance rate in Germany? Come to think of it,
15	1620676	IE	G	...emonade.blogspot.com	A B C but choosing Allen to be her escort, reducing Bruce to lowly chauffeur status. HA ! Good enough for him. # Notable outfit: There was a serious lack
16	1704109	IE	G	thejournal.ie	A B C many dreadful things the Palestinians have done and do, you just smile and say ha ha ha. When the Fogel family was killed last March and the adults slaughtered
17	1608186	IE	G	...wnsdad.wordpress.com	A B C I can trust you good people not to tell every one else.) # Ha ha ha hic! Shares in me are on the floor! # Ha!
18	1603455	IE	G	beaut.ie	A B C power and the knowledge you see -- I KNOW what it is already, moo ha ...
19	1689587	IE	G	...vicphysiotherapy.com	A B C as the last of the air comes out of the stomach as the sound " Ha " or a short lazy sigh. This will mean that you have successfully released
20	1606277	IE	G	coddle.ie	A B C ? # That is a question that a student like me finds hard to answer ha ! I just think he put in wonderful commitment, along with Rory Gallagher and
21	1650479	IE	G	emesq.com	A B C We live and dream though, do we not. Do we not. Ha ha . Yeaaaah. # Sometimes you're standing in your garden savagely beating weeds with
22	1603359	IE	G	beaut.ie	A B C Both comments and pings are currently closed. # ha good old clooney. LOVE all the old episodes of ER with him in them
23	1612546	IE	G	homepage.eircom.net	A B C to lead the team in making a computer entirely from recycled paper. " " Ha ha ha!! You are totally doomed to fail!!... Wally is
24	3766367	IE	B	annasaccone.com	A B C It's probably now as much of an outie as it'll ever be... ha ha ha! # Wedding rings on or off? On. # Happy or
25	1618030	IE	G	...soaroundtheworld.com	A B C back! # If it is good for Sophia (also my middle name, ha ha, spelled differently), it is good enough for me, even if
26	1642442	IE	G	...ollinsdictionary.com	A B C or exciting parts of it.The match was one of the highlights of the tournament.? ha ?? la? t NOUN
27	1678547	IE	G	kilkennypeople.ie	A B C and allocation of.86ha (2.1acs) per day. The other 40% (12 ha ) will be closed off from November 1st to housing. This will leave the
28	3757648	IE	B	...hermia.wordpress.com	A B C " Oh me too, I'm from Kilnamanagh " and then goes " HA ha ha, can't believe you couldn't get to your job. I must
29	3766366	IE	B	annasaccone.com	A B C just sleeps, feeds &; smiles (especially when she's about to poop! Ha ha ha!) # Pretty in pink! This was her going home outfit
30	3852638	IE	B	dlscouts.ie	A B C When myself and Seamus eventually made it back from our very stressful morning (ha ha ) We helped to run bases around the village and surrounding area. # For
31	1703983	IE	G	thejournal.ie	A B C to brainwash people they said it was to also pay for pensions!! ha ha ha ha COPIED!! # So will male premiums drop? I think not
32	1669898	IE	G	irishhealth.com	A B C for you. Hope the bum goes back to it's original colour now, ha , ha!! Still, mind yourself though and take it easy, and
33	1619631	IE	G	...erblog.wordpress.com	A B C open window! I vowed to be on my guard the second night. But ha ha, you can't legislate for Felix! # Tomorrow I'll tell you
34	1634977	IE	G	boards.ie	A B C are anything but!!! I'm currently waiting for a call back ( ha ha)!!!!! how am i gong to survive a 24mth
35	3776993	IE	B	wisewords.ie	A B C t is the smaller things in life that make us happy, eh? # Ha ha.. You know him Margaret... if someone else offers to cook for him
36	1680370	IE	G	letzmakeup.com	A B C on in a few minutes and head out the door looking relatively smokin'..... ha ha! # All the products used are clearly stated throughout the video.
37	1703726	IE	G	thejournal.ie	A B C questioning to prepare them for the real world as skivvies working for the man. HA . Only messin' but in fairness it does reward memory more than creativity and
38	1704937	IE	G	thescore.ie	A B C Mick, lmao, you are the idiot a.k.a Garry as well aren't you ha ha, he set up another profile Eileen and has only just joined conversation after
39	1672575	IE	G	irishtimes.com	A B C Cooder? # " The airwaves in this country are supposed to be public, ha ha, a' superstition' as writer James Baldwin might have said. The
40	1653644	IE	G	fingalcoco.ie	A B C . The DOE policy on residential density promotes a density of between 35-50 units per ha (14 to 20 units per acre) in outer suburban areas where there are
41	1620676	IE	G	...emonade.blogspot.com	A B C DOWN without ending up like a chubby turtle stuck on its back, HA HA HA . When Jessica and her cronies leave the house, Robin is so overwhelmed with
42	3771638	IE	B	ivenus.com	A B C presents bought but as she says she has birthdays in November my own included ha ha ah well it's only around the corner my son in law was talking about
43	3766363	IE	B	annasaccone.com	A B C picture doesn't frighten you away, I don't know what will... ha ha ha!;) # I do actually happen to be super excited today because
44	3766368	IE	B	annasaccone.com	A B C on the other hand are enjoying the peace and quiet for once, ha ha ha ! Here's Sina come to join me in my OOTD! Love her!
45	1631986	IE	G	battleoftheaxe.com	A B C night (since 1996 and until the end of time) 9.30pm up-stairs at the Ha ' Penny Bridge Inn comedians, singer/songwriters, actors, clowns, poets, etc.
46	1696772	IE	G	scoilnet.ie	A B C and dressed the same! Everyone always thinks we're twins even in school - ha ha!!!! The day turned worse by the minute. For example
47	1669898	IE	G	irishhealth.com	A B C your wait begins. 2 weeks will fly so long as you keep busy. Ha , easy for me to say, I know. It's really great you
48	3767699	IE	B	chloechau.com	A B C . We got on so well mainly because of our interest with computer. ha ha . After talking hours on end over the internet, we met in person.
49	1688755	IE	G	...neworldchronicle.com	A B C September 24, 2012 at 4:52 pm # " Militan union bosses "? Ha ha ha -- hilarious Mr Harris! What planet are YOU living on? The idea
50	3761707	IE	B	...nbehindthecurtain.ie	A B C of things. The songs, not the necrophilia. Or is it... mua ha ha. # I wish I had gone to see the tigerlilies at the 17th
51	1618030	IE	G	...soaroundtheworld.com	A B C ! # If it is good for Sophia (also my middle name, ha ha , spelled differently), it is good enough for me, even if for
52	1704109	IE	G	thejournal.ie	A B C Palestine-obsessed head long enough to offer her consolation? Or would you just write ha ha ha? Sarcasm has its place in life, but not when it's misdirected
53	1620677	IE	G	...emonade.blogspot.com	A B C giant can of whoop-ass, hopefully that's what will happen. # Bah ha ha ha- " like a barnacle with very short grey hair ". Brilliant.I love the
54	3770442	IE	B	hurlingmad.com	A B C that's probably why none of them noticed whether I was hungover or not. Ha the very notion that they'd put me on. # I took my stepping
55	1686611	IE	G	newbridgehistory.org	A B C , why, what happened? Answer: -- The pictures were over!! Ha Ha. It worked almost every time as long as you didn't over do
56	1684968	IE	G	mrs2be.ie	A B C be ok as I have beginners Spanish Basic but enough to get by I hope ha !!! # Yeah we were in two minds whether to just travel around
57	1667140	IE	G	irishcentral.com	A B C places outside of Ireland and such has consequences. Ha, ha, ha, ha just kidding, personally believe that Irish people traveling outside of Ireland should be required
58	1655334	IE	G	gavinsblog.com	A B C of his stomach. Gnoor. 15 minutes almost up, Hammer! Ooorgh argh. Ha ha ha. Send in Marky Mark. Its good for the voice. Hey
59	1637760	IE	G	bye-bye-binky.com	A B C our entire family (especially my husband, he was our designated binky searcher.. ha ha). I also can't believe that I actually had a three year
60	1632766	IE	G	biker.ie	A B C it, some saying ya do nt, same as were doing here really, ha
61	1713129	IE	G	woodspec.ie	A B C ha)) of the total area, out of which 49% (940 million ha ) is operable. In developing countries, forests cover 55% (2.2 billion ha
62	1612133	IE	G	help.48months.ie	A B C without calls or texts cant even receive them.. only joined on Thursday night... ha what is going on here! # March 17, 2012 20:06 # JOHN LOWTH
63	1706802	IE	G	tonyclaytonlea.com	A B C famous, which was even further added to by the success of Paddy Clarke Ha Ha Ha (which remains one of the best-selling Booker Prize-winning novels). # From
64	1610104	IE	G	...mmycat.wordpress.com	A B C yes, violence is the answer and that people (or at least lawyers, ha ) will help you learn how to mitigate the consequences of it. I do
65	1704366	IE	G	thejournal.ie	A B C you can push through &; the awful moment you know you can't! Ha ha ha probably just rushing home on a Friday!! Poor fool! # It
66	1705701	IE	G	thesession.org	A B C to play fast cos my instrument hasn't got much sustain... " Ha bloody ha ! Re: Keeping time vs... # That's a good idea to
67	1637227	IE	G	broadsheet.ie	A B C fifth year of the Bank'jax generation, first came the levies and recruitment freezes ( ha ha) then salary caps (ha ha again.) and cuts cuts cuts cuts
68	1655334	IE	G	gavinsblog.com	A B C this is just a ride... " And we... kill those people. Ha ha " Shut him up. " " We have a lot invested in this ride
69	1603373	IE	G	beaut.ie	A B C included in that ha ha haha Thanks for making me laugh so much HA HA HA # On the subject of spots etc, does anyone have a cure for scars
70	1629140	IE	G	annasaccone.com	A B C my body! Jonathan cut the cord (which looks gross by the way... ha ha ha, I wouldn't have done it!) and she was checked
71	1667141	IE	G	irishcentral.com	A B C say it too loudly)). Berlin is managing our State expenditure from now ha ha. What is Unemployment allowance rate in Germany? Come to think of it
72	1630144	IE	G	askaboutmoney.com	A B C out of the 5 point harness well before 18kgs, it is scary. # Ha , very true I suppose, though I never had that problem with mine.
73	1668763	IE	G	irishexaminer.com	A B C and uncomfortable and wants to tell him to stop, but she's like' ha , ha' and stuff as it's not easy to tell them to stop
74	1638048	IE	G	caminodesantiago.me	A B C expect wry smirks from other pilgs, so I'm not worried about that! Ha ha! NEW: For
75	1621372	IE	G	...llgirl.wordpress.com	A B C be thinking about the future. I live week to week. What future? ha . Grrr. I'm annoying myself with my self pitying. It's one
76	1667314	IE	G	irishcentral.com	A B C in the Gate (" Dis can't goin' on any longer " *Ha ha ha haaah* " so the woman with eyes on the man on the viagra said
77	1693851	IE	G	robotwisdom.com	A B C nine. We had a famous laugh together over it. Ha! Ha! Ha ! # Mr Dedalus turned to his wife and interjected in his natural voice:
78	1646214	IE	G	davidmcwilliams.ie	A B C of GNP falling below 47% then Ireland no longer qualifies as a Market Economy. HA HA HA HA HA. Oh man I'm busting by cajhonas at that one
79	1624690	IE	G	...escore.thejournal.ie	A B C telling me I've no clue about football and that I'm insulting, ha ha , I've heard it all now. Go on away ye sour grapes.
80	1621798	IE	G	soberpaddy.com	A B C hills " too busy digging to realise how to hold the thing properly, ha ha ha.. but with any charity you need to cover all angles, you need
81	3776266	IE	B	tricexclusive.com	A B C , trailing a banner that said: " Simon Cowell is 52 today! Ha ha ha! Love Cheryl xoxo. " Another text arrived soon afterwards, saying:
82	1687465	IE	G	...asa-italy-travel.com	A B C The Parco Nazionale del Cilento e del Vallo di Diano extends over more than 170,000 ha and permits only sustainable tourism. You will look here in vain for mass tourism
83	1690003	IE	G	...hilmacgiollabhain.ie	A B C . But, i wouldn't want rovers to beat the hoops.. never, ha ! Dancing in the streets of raith, while i'm scunnered on the streets
84	1625232	IE	G	...oulike.wordpress.com	A B C think I'm desensitised to it... Cheers for the comment!:) # Ha I'm always saying roll on! People who use text talk in emails,
85	3766365	IE	B	annasaccone.com	A B C 1) the autumn/winter season and 2) the labour and delivery... ha ha ha ! I know some people will think it's crazy to even think about wearing
86	1607653	IE	G	...reland.wordpress.com	A B C this Prince of Darkness from time to time myself (especially when my halo slips ha ! ha!). Enjoy the rest of this beautiful Sunday with peace to
87	1636757	IE	G	breakingtunes.com	A B C which was released on Japanese/ Irish label Transduction records in 2008. Since then they ha played all over Ireland and Japan and after recruiting fifth member Ronan Hayes they have
88	1684183	IE	G	mikemeaney.com	A B C to be done. Most notable was Sunday's market at a place called Bac Ha , filled with the most colourfully dressed tribes people you ever saw, knocked off
89	1700461	IE	G	stickybottle.com	A B C Oi, Irish, you trying to put me in the ditch or something, ha ha ". It was my Scottish buddy and former teammate Eileen. Finally a
90	1705279	IE	G	thesession.org	A B C have film as a foundation. # as for " no film cost, " ha - keeping up with the latest gadgets, not to mention hours and hours of
91	1704453	IE	G	thejournal.ie	A B C career choice. # Oi! You should be ready In a Holding House! Ha ha ha. I am a business owner since I was 21. One thing
92	3760476	IE	B	...telligentrunning.com	A B C a pretty simple concept and one that can help you avoid the void. # Ha ! Can you see what I've done there? # Rolling Goals are simply
93	1709745	IE	G	ucc.ie	A B C are (g-g-gett off) In my paisley crib Whatcha want 2 eat? ribs Ha , toy, I don't serve ribs... U better be happy that dress
94	1621809	IE	G	soberpaddy.com	A B C n theyd probably think u were deadly... Heres to sobriety:) # Ho ha to sobriety indeed. I think I would have found that funny if had heard
95	3770912	IE	B	irishcentral.com	A B C , I told my wife- " She sure as hell ain't shanty Irish " Ha ! # Report abuse # LacarourSeanB Nov 12, 2012, 01:16 PM EST #
96	3758455	IE	B	...reland.wordpress.com	A B C like to thank God and Jesus. Also my mom and.... " Ha, ha !!: -) # Truth is there are too many to thank...
97	3761788	IE	B	mayogaablog.com	A B C maybe B Regan as possible additions to the Mayo set up up front? # Ha pk, im still not over how awful some of the forwards played, hence
98	1671925	IE	G	irishtimes.com	A B C and the City film franchise. Plenty of that coverage boiled down to' ha ha look at these stupid women and their stupid film'. Of course female film
99	1614799	IE	G	itsnogrannysmith.com	A B C big names (SO big, I'd never heard of them until now! ha , seriously though really big names in advertising), so I figured business cards
100	1710231	IE	G	ucdclinton.ie	A B C , such American interest had also been changing over the years. While Jimmy Carter ha d tended to see the " troubles " of Northern Ireland in terms of human
101	1602062	IE	G	...nwells.wordpress.com	A B C you don't want them to. You can't get a clear run ( Ha !). If you stop to think about it, life can be scary
102	1693948	IE	G	roddydoyle.ie	A B C , boredom in the classroom to increasing isolation at home, Paddy Clarke Ha Ha Ha is the story of a boy who sees everything but understands less and less.
103	1704351	IE	G	thejournal.ie	A B C I felt Nigel Forage spoke best on the' No' side. # Ha ha , what a class eff up from Bruton yesterday, really enjoyed that, almost
104	3761231	IE	B	jonathan.beaton.name	A B C as a term for the three legislative bodies on the Isle of Man. # Ha . It's even related to the more common thing of today: # The
105	1667140	IE	G	irishcentral.com	A B C having de craic' in most places outside of Ireland and such has consequences. Ha , ha, ha, ha just kidding, personally believe that Irish people traveling
106	1702244	IE	G	teagasc.ie	A B C , protein concentration, protein yield per cow (kg) and protein yield per ha (kg) accounted for by the regression model using the 6 variables outlined in
107	1655334	IE	G	gavinsblog.com	A B C oh one thing I keep thinking I'm a randy goat, fucking everyone. Ha ha ha. baaaaaa " Unless of course it's a woman priest in which
108	1690019	IE	G	...hilmacgiollabhain.ie	A B C n't mind Ruddie, what kind of saddo reads up on an empirical (ha ha ) account of the teams he loathes. You need to get our more mate
109	1705374	IE	G	thesession.org	A B C on or the other of the low As. Re: Concertina fingering # ha I actually moved my low' A to be middle finger accidental row to match
110	3851288	IE	B	annasaccone.com	A B C Day 2: Anniversary # Bet you thought I wouldn't blog today... ha ha ha! It's super late because I had a really busy day but I
111	3767457	IE	B	cagecontender.com	A B C We notice that you are often fired in between 2 giants? # P.L -- Ha Ha.... thats down to Dave, he makes a point of putting me in
112	1604453	IE	G	blogs.prodata.ie	A B C so why find out all the new stuff myself! # - SQL 11 AlwaysOn HA -- lessons learned from SQLCAT Engagements. Always good to go to the SQLCAT sessions
113	1711857	IE	G	weddingsonline.ie	A B C have a 16 week old little man so do nt get out to often anymore ha ! futuremrsmesser # People just assume you will have a hen party Im sure if
114	3766365	IE	B	annasaccone.com	A B C shade is very nude, almost to the point where your lips are erased... ha ha ha! I know that this isn't to everybody's taste but you
115	1675311	IE	G	irishtimes.com	A B C " referring to Cleveland's illegitimate child. " Gone to the White House, ha , ha, " Cleveland responded when he was elected. The former Washington mayor
116	1639424	IE	G	celticcafe.com	A B C you have any plans after Riverdance? # To sleep! Ha, ha, ha ....! # That's very important. # Well, there's still a
117	1625569	IE	G	trickaduu.com	A B C at that. I've some great jokes. I could do that actually " Ha , please go do it so, I am not actually holding you back.
118	3775795	IE	B	thesession.org	A B C 's what they call a' sanity clause'. Fiorello: Ha ha ha ha ha! You can't fool me! There ain't no Sanity Clause!
119	1704453	IE	G	thejournal.ie	A B C . # Oi! You should be ready In a Holding House! Ha ha ha . I am a business owner since I was 21. One thing I realised
120	1667314	IE	G	irishcentral.com	A B C EST # Do it in the morning instead... that'll confuse the pill.ha ha ha .. i like it alot # Report abuse # Towngate Jan 12, 2011,
121	1655334	IE	G	gavinsblog.com	A B C " Yes my love. " You're a big old smelly thing. " Ha ha ha. I need professional help at this point I think I need a
122	1655334	IE	G	gavinsblog.com	A B C some people over to see the video premiere of the Goat-Boy Edited Version. Ha ha ha. I am Goat boy. # All its meant to do just like
123	1647315	IE	G	digitaldarragh.com	A B C seeing one of these people outside your window when your on the nineth floor? Ha !
124	1704366	IE	G	thejournal.ie	A B C believing you can push through &; the awful moment you know you can't! Ha ha ha probably just rushing home on a Friday!! Poor fool! #
125	1667366	IE	G	irishcentral.com	A B C , 2011, 01:48 AM EST # The real Ireland. Ha, ha, ha Cahal what is wrong with you man.Now I know you are from the royal county
126	1694103	IE	G	rollercoaster.ie	A B C 3. The 8yr old is the trouble maker, there's always one, ha ! # Fair play to you Aoife, I also have num 4 on the
127	3773362	IE	B	oddsocksrevival.com	A B C week but yer john didn't think anyone would be around for the festival. Ha ? Shcutt. Probably just figured he'd get the crowds in anyway and could
128	1655334	IE	G	gavinsblog.com	A B C , and my hairy sack of magic. " You do tricks? " Ha ha ha. " What can you do with that? " Goat Boy can make
129	1639567	IE	G	celticthunder.ie	A B C grade). The kids are always asking which one is my husband! Ha ha ! I wish! Shhh. Don't tell my REAL husband. Can't
130	1627859	IE	G	agriculture.gov.ie	A B C next 40 ha up to 80 ha 18/ha for next 40 ha up to 120 ha 5/ha for areas over 120 ha # 316/ha up to maximum of 2.5 ha 21/ha
131	1703928	IE	G	thejournal.ie	A B C days and hours wasted on ramming the catholic education down our kids throats? # Ha , it's nobody's business but the parent's. Perhaps cap the amount
132	1667456	IE	G	irishcentral.com	A B C # Report abuse # molliepmac Feb 01, 2011, 05:04 AM EST # Ha ha Towngate, You had me fooled. I understand now having read in your own
133	1631543	IE	G	...gree.freeservers.com	A B C men and true in O'Connell Street in the days of the lockout. Larkin! Ha ! His men it was struck down the strikers -- baton? charging a big
134	1627859	IE	G	agriculture.gov.ie	A B C ha 18/ha for next 40 ha up to 120 ha 5/ha for areas over 120 ha # 316/ha up to maximum of 2.5 ha 21/ha up to maximum of 40 ha
135	1655334	IE	G	gavinsblog.com	A B C it's like a wisp of cotton candy framing a paper cut. Ha ha ha . Gnor. And turn you around and open your cheeks, it's like
136	1635014	IE	G	boards.ie	A B C actually feel smothered with feelings when I'm around him (I'm a loser ha ). How can you just stop feeling like that? # Please don't
137	1707778	IE	G	tripadvisor.ie	A B C ha of 85 years vineyard of Malbec, 0,5 ha of Syrah, and 2 ha of Sabernet-Sauvignon), and on the famous Calle Cobos in Perdriel, Lujn de
138	1612851	IE	G	humourisms.com	A B C . The head cheerleader was beautiful, but so mean. Ha ha , now she's fat. # 7 years ago, you'd have killed
139	1697460	IE	G	shanemacgowan.com	A B C and a bottle of wine in the other. He was tired... ha ha ha . " He even compares Shane to Marlon Brando: " These are two guys
140	1634599	IE	G	boards.ie	A B C holding up a half empty packet and shouting are these stale to me?! ha .. another example.. Last year I wanted to get her a kitten as a
141	1672926	IE	G	irishtimes.com	A B C your profit figure, " says I chancing my arm. # " Ha, ha , ha. Eh, no. When others start publishing numbers I will look
142	1690019	IE	G	...hilmacgiollabhain.ie	A B C don't mind Ruddie, what kind of saddo reads up on an empirical ( ha ha) account of the teams he loathes. You need to get our more
143	1711908	IE	G	weddingsonline.ie	A B C sw last night. Had a bit more junk in the trunk than expected ha ha . Anyway I'm meeting friends later for Chinese. I normall get Szechuan.
144	1607305	IE	G	danmahony.com	A B C my blood with hers, and I am known in the clan as Kahrhokon: ha (Old Hawk) I now follow the ways of the ancients, walk the
145	1628027	IE	G	aidanfinn.com	A B C replication and smooth delegation of replication (even with Live Migration and failover) of HA VMs on a cluster. How can this be done? You can enable a
146	3771957	IE	B	kiasa.org	A B C assassin by nature as I always like to say, don't I lads, ha ha ha. Now, our leader is a little bit miffed, so I
147	3857799	IE	B	yournaturalhome.ie	A B C 2 Responses to " Journey continues... more or less " # Hola Senor ha ha man listen next week we have four days off from school so do not drive
148	1672926	IE	G	irishtimes.com	A B C " Just your profit figure, " says I chancing my arm. # " Ha , ha, ha. Eh, no. When others start publishing numbers I
149	3848940	IE	B	...thefront.typepad.com	A B C abandon! # Course we would! # And the trained medical professional lark, ha ! GPs in the general medical scheme all work on the basis of volume...
150	3773747	IE	B	...hilmacgiollabhain.ie	A B C demise I'll stand by and hang around and watch you till you drown ha ha yer ded better off ded HAHA YOUR DEAD! Bullets and bombs to Celtic,
151	1664247	IE	G	independent.ie	A B C It is now a specific offence to smuggle drugs into a prison., Ha ha ha . # But it's been a specific offence to have drugs anywhere for decades
152	1605337	IE	G	...herineryanhoward.com	A B C Back to the Plan # I instantly felt better, like a weight ( ha ! No pun intended...) had been lifted from my self-publisher's shoulders.
153	1705791	IE	G	thesession.org	A B C D to A minor, which doesn't follow any the schemes I listed above-ha ha ). Fermoy Lasses generally leads into Rolling in the Rye Grass, which is
154	1690010	IE	G	...hilmacgiollabhain.ie	A B C up, we have Ajax, Inter Milan and Real Madrid lined up..... ha ha ha, he he he, ho ho ho, feels like Christmas every day
155	1639633	IE	G	celticthunder.ie	A B C y'all will be on this side of the pond, makes the world safer, ha , ha, ha! See you in Nov. at REH; I'll be
156	3757648	IE	B	...hermia.wordpress.com	A B C ... obviously nothing to do with navigation " and he starts laughing and goes " Ha ha, yeah obviously, although shocking you managed to get a degree at all
157	3851286	IE	B	annasaccone.com	A B C viewer:) Also her toys are waiting patiently for a toy chest, ha ha ha! # The nursery has a built in closet -- here's where I
158	3852122	IE	B	chloechau.com	A B C a few dr inks, everyone bonded. Got ta love liquid fun/courage ha ha ha # John s and Amys house was so muc h fu n! We were
159	1705094	IE	G	thescore.ie	A B C now they will have these yokes... How can they be taken serious. # Ha you can imagine the seen this thing parked outside centra on the marlboro st talbot
160	1675024	IE	G	irishtimes.com	A B C misconstrued by overly sensitive Smiths fans. We were called the New Yorkshire Dolls. Ha ha! That's a good one, actually. When the album came out
161	1615525	IE	G	jbg-bible.net	A B C he burned outside the camp, as Yahweh had ordered Moses. # 18 Then ha had the ram for the holocaust brought forward. Aaron and his sons laid their
162	1702244	IE	G	teagasc.ie	A B C (kg/ha) # Potassium fertilizer used (kg/ha) # Area of farm ( ha ) # Based on existing knowledge as to factors in Table 1 that were most
163	1617399	IE	G	marfan.ie	A B C he was taken to St James's Hospital where a very observant Casualty Officer realised ha had a leaking vessel and not a heart attack. Following an emergency angiogram,
164	1625572	IE	G	trickaduu.com	A B C . It's an art gallery. Another twist. Another new script needed. Ha . Funk it. Let's just change this to that, that to this
165	1639178	IE	G	cavaliertalk.com	A B C her ears on top of her head to " air out " a bit. Ha . # Reptigirl, we have EpiOptic too, but i am never sure how
166	1630926	IE	G	...icphilanthropies.org	A B C Director of the Population Health Programme for The Atlantic Philanthropies. He is based in Ha Noi. # Dr. Phuong is responsible for Atlantic's grantmaking and serves as the
167	1703983	IE	G	thejournal.ie	A B C brainwash people they said it was to also pay for pensions!! ha ha ha ha COPIED!! # So will male premiums drop? I think not!
168	1696190	IE	G	ryanscelticgold.com	A B C ! I'd be happy with just the box because it so damn nice! ha ! =) On a serious note, i appreciate your updates and I appreciate
169	1639186	IE	G	cavaliertalk.com	A B C I wouldn't be surprised if it started to come out of her nose. HA ! # Praise anyone who read all the way this far, I wanted to
170	1684830	IE	G	moyleparkcollege.ie	A B C and my friend went sliding down on our backsides and he fell. Ha! Ha !. At the bottom I bought an ice-cream and got in the river with
171	1704038	IE	G	thejournal.ie	A B C be buddy-buddy and do you think isolation would be easier to get over? # Ha ! I was wondering how long it would take for you to start name calling
172	1675865	IE	G	irlandeses.org	A B C Miguel Lobo y Malagamba. In his book Un hijo de Inglaterra a quien le ha dado por viajar en las regiones americanas que fueron de Espaa y por escribir sendos
173	1619640	IE	G	...erblog.wordpress.com	A B C old same old they dribble about each n every season brown bubbles i say! HA ! when really in recent times aka for years &; years the big so called
174	1670065	IE	G	irishhealth.com	A B C lost 1/2 a stone in weight and for the first time in years im slim>> ha ha! feels great when you can fit in smaller clothes. i have had
175	3776993	IE	B	wisewords.ie	A B C is delicious esp. with a BLT..... now back to German class *sigh* # Ha ha! You know I have had a few emails from people this morning saying
176	1706802	IE	G	tonyclaytonlea.com	A B C an opening night unless there's a friend involved. " # Paddy Clarke Ha Ha Ha # Now in his 50s, Doyle's back-story is reasonably well known:
177	1688825	IE	G	onitsurf.com	A B C I think having watched it again just now I have to agree with myself... Ha ! # I have lots more bits and pieces from over the years and even
178	1655334	IE	G	gavinsblog.com	A B C that black worm jism. Drink it! Fill your little bellies. Ha ha ha . Send in Vanilla Ice. Hello Vanilla. Says here on your application,
179	1702545	IE	G	theantiroom.com	A B C subject to the same level of sexism that women are in advertising. # " Ha ! Seriously, thinking this ad is stupid and offensive has nothing to do with
180	1702244	IE	G	teagasc.ie	A B C variation in fat concentration, fat yield per cow (kg) fat yield per ha (kg), protein concentration, protein yield per cow (kg) and
181	1639584	IE	G	celticthunder.ie	A B C that was the closest I have ever been to any concert that is sitting down ha the last 2 shows I went to for ct I was up in the balcony
182	1620695	IE	G	...emonade.blogspot.com	A B C in the coma and Jessica promising to be a better sister from now on. Ha ! Let's not hold our breath on that count. But will Liz come
183	1684974	IE	G	mrs2be.ie	A B C morning. so will wait until late next week to get it done! # Ha , yep that scuppers that! We're not doing favours so that makes it
184	1704039	IE	G	thejournal.ie	A B C has been bought and sold, before we have even got out of bed.n # Ha ha, very good Bryan. My only point was to illustrate what muck is
185	1655334	IE	G	gavinsblog.com	A B C , Mike. " " Was Bill Hicks in that test audience? " ha ha haw. Goat boy called it like he saw it Mikey. You made your
186	3852638	IE	B	dlscouts.ie	A B C it was eventually returned by a group of mischievous scouts (oh the little devils ha ha). If only they had known that his car keys were actually in
187	3855844	IE	B	...hilmacgiollabhain.ie	A B C Sevconian if ever there was one. Airdrie (deceased) supporter indeed. Ha ha , it just gets better and better. Hopefully the BBC licence fee will be
188	1612555	IE	G	homepage.eircom.net	A B C the line!! Ha ha ha ha ha ha ha!! Ha ha ha ha ha ha ha!! Ha ha ha-- # Vizzini stops suddenly, and
189	1703949	IE	G	thejournal.ie	A B C at the moment? I'd love to find out more!:) # Ha ! I was never bullied, mainly because I was a faster runner than all
190	3761789	IE	B	mayogaablog.com	A B C v the semi final) and Barry Moran was better than Cork Walsh. # Ha Ha James And Willie Joe.. Touche. Apologies for last post. Did nt
191	1655334	IE	G	gavinsblog.com	A B C Okay, Bill seriously this Goat Boy thing, it's getting weird. " Ha ha Except for some of my goat children. laughs, points into the audience
192	1704036	IE	G	thejournal.ie	A B C of our business for a 5er or something to guarantee landing his insomnia account! Ha ha! (I jest!) # I think he's just very happy
193	3766665	IE	B	athenryac.com	A B C advised us:' Don't try to run for a top place'. Ha ! I manage to finish within the allotted time window without the indignity of being
194	1603379	IE	G	beaut.ie	A B C one yr old and baby due in June... and im 30 in May.. ha is i mad or what??.. Enjoy the sun..;) #
195	1703786	IE	G	thejournal.ie	A B C He speaks common sense. And I 100% agree with him on this. # Ha ... love it! O'Leary goes in and says this is all bullsh*t (can
196	1613658	IE	G	...nitestatemachine.com	A B C in the same. Yes, I am a bit cocky ain't I. Ha Ha Ha # When you first began making music, what were your influences? What
197	3766367	IE	B	annasaccone.com	A B C over the weekend, maybe that has something to do with it;) Ha ha ha! # Maternity clothes: Nothing new as I think at this time it
198	1675311	IE	G	irishtimes.com	A B C to Cleveland's illegitimate child. " Gone to the White House, ha, ha , " Cleveland responded when he was elected. The former Washington mayor Marion Berry
199	1607935	IE	G	...dollop.wordpress.com	A B C Otherwise, you look a right twat. And the joke's on you. Ha . But yeah, I agree. He's fairly frigging hopeless. # Yawn
200	3767699	IE	B	chloechau.com	A B C dating. We got on so well mainly because of our interest with computer. ha ha. After talking hours on end over the internet, we met in person
201	1605578	IE	G	celticmusicfan.com	A B C Banjo under 18 years at the All Ireland Fleadh Ceoil held in August 2009? Ha ! You shall find out. His recordings can be found in his Myspace music
202	3756057	IE	B	...americanindublin.com	A B C write dramatic scripts for stage and screen. I'm based in Ireland. # Ha ! I'm Irish and have to say you've summed up the weather pretty
203	3846453	IE	B	cormachogan.com	A B C as an appliance on an ESXi host, it can use vSphere features like vSphere HA or FT, although according to Anjan, most customers use HA. For persistent
204	1704109	IE	G	thejournal.ie	A B C that is reprehensible, says much about you. But what it says is not ha ha ha. # Well Den, You've clearly convinced yourself again about how
205	1610576	IE	G	foot.ie	A B C information although i was well aware of that info already hows buky by the way ha ha # ha ha!! Buckey?? that it?? do nt
206	1698679	IE	G	skynet.ie	A B C take it too seriously. # The real purpose of the term (" Ah ha , " I hear you saying, " there really is a hidden motive!
207	1634358	IE	G	boards.ie	A B C told me it would be another 50ish off! # Happy days! /RIGHT # Ha , awesome. Love when you expect a bill to be something and it works
208	3766381	IE	B	...kaproettabrandon.com	A B C It's been a long time since I've been able to shoot someone else ha . I will show you guys the photos I took of her in my next
209	1652974	IE	G	feasta.org	A B C , an organization lobbying for ecotaxes. Very comprehensive. # 1300 to 3000 per ha plus 20 year premium of 130 to 300 per ha (1997). #
210	3845556	IE	B	beaut.ie	A B C !!!! (And he has to change his own duvet cover, ha ha ha). # My husband somehow manages to drape his arms and legs
211	3766365	IE	B	annasaccone.com	A B C : 1) the autumn/winter season and 2) the labour and delivery... ha ha ha! I know some people will think it's crazy to even think about
212	1621034	IE	G	ronancasey.ie	A B C in store for me, hope-fully I can make it out alive to share it ha . # Well said man. I last went in 2006, hav-ing been there
213	1667517	IE	G	irishcentral.com	A B C wedding night.A genetic trait to which my wife is also pleased I required.. ha ha . But power and contacts will open any Protestant legs.So here I am. Surrendered
214	1688218	IE	G	oddsocksrevival.com	A B C in the morning. Only the first 10 get that. " The first 10 ha ! Also the first 10 were the first ones to get in later in the
215	1671671	IE	G	irishtimes.com	A B C # Any niggly injuries? No. # Ever been chased by an animal? Ha , ha, no. # Favourite motivational tip? Be positive in mind and
216	1635109	IE	G	boards.ie	A B C with his comment about not knowing there were 7 schools west of Dingle... ha ha , look at the silly culchies worrying about their small schools. # Yes that
217	1706802	IE	G	tonyclaytonlea.com	A B C Twice Booker Prize nominated (1991, The Van; 1993, Paddy Clarke Ha Ha Ha, for which he won), Doyle has long since shed the celebrity
218	3851286	IE	B	annasaccone.com	A B C a viewer:) Also her toys are waiting patiently for a toy chest, ha ha ha! # The nursery has a built in closet -- here's where
219	1705471	IE	G	thesession.org	A B C it was related to me, that fiddler in the recording studio was Kevin Burke. ha , that was my mental guess to myself before getting down to this comment.
220	3766412	IE	B	aptaclub.ie	A B C been back to buy a few more tracksuit bottoms... the washing is endless, ha ha! In fairness to him, he is doing well and he is only
221	3757648	IE	B	...hermia.wordpress.com	A B C obviously nothing to do with navigation " and he starts laughing and goes " Ha ha , yeah obviously, although shocking you managed to get a degree at all after
222	1661948	IE	G	ilim.com	A B C early days to drag conclusions, of the sixty six S &P; 500 companies that ha more... # Market Update - (18/9/2009) # One year after Lehman Brothers
223	3771686	IE	B	jenipurr.com	A B C that random idea we once had about looking into expanding out over the garage - ha ha). # Richard went off to demo Linux to people at the Co-op
224	1669898	IE	G	irishhealth.com	A B C now too. Wonder how you do that????? Ha, Ha !!!! AM - how are you doing since, hear the disco
225	1617554	IE	G	...halong.wordpress.com	A B C thousands. # I have just finished reading " Ma, I'm getting meself Ha new mammy " Oh my god, Martha Long you are an inspiration to everyone
226	3769206	IE	B	...stinalentegardens.ie	A B C extension of the garden in an Eastwards direction by adding a 3rd enclosure of 0.47 ha (1.13 acres) and the Orchard Garden, which are now privately owned.
227	3845556	IE	B	beaut.ie	A B C !!! (And he has to change his own duvet cover, ha ha ha). # My husband somehow manages to drape his arms and legs across
228	1690010	IE	G	...hilmacgiollabhain.ie	A B C , we have Ajax, Inter Milan and Real Madrid lined up..... ha ha ha , he he he, ho ho ho, feels like Christmas every day now
229	3755822	IE	B	action81.com	A B C office and a Government palace, but unfortunately nowhere to rival the enjoyable chaos of Ha Noi. It's not as fun, but what it does have is a
230	1639643	IE	G	celticthunder.ie	A B C anyone comes to my house they have to listen to at least one CD Ha Ha !. I think I have gathered a few new fans for you guys.
231	1653644	IE	G	fingalcoco.ie	A B C south of the Hollystown and provides for 2200 new dwellings on a site of 69 ha (171 acres). The Action Plan includes a reserved site of 3.54 ha
232	1667251	IE	G	irishcentral.com	A B C ? # Report abuse # Curitiba Apr 06, 2012, 07:04 PM EDT # ha , ha! # Report abuse # ciaradexy Apr 05, 2012, 03:30 PM
233	1634865	IE	G	boards.ie	A B C problem? I know that sounds very ideallistic but That's MY belief. # HA I can take that one! My Dad died last year and we only got
234	1653644	IE	G	fingalcoco.ie	A B C # It is envisaged that Hollystown RV1 should be extended to include and additional 2.4 ha (5.93 acres) at its western end. However the potential output of development
235	1616485	IE	G	livetothemax.me	A B C a flight to New York but to Austin, Texas for the next day, ha ! We had picked up a JetBlue route map a few minutes before and found
236	1629140	IE	G	annasaccone.com	A B C . Here I am enjoying some hot tea in my leopard print dressing gown, ha ha ha! That's something they give you a lot of in the hospital
237	1629162	IE	G	...kaproettabrandon.com	A B C So it's back to school time for most people but thankfully not for me ha I've been wearing this bag alot but only decided to wear it as a
238	1667140	IE	G	irishcentral.com	A B C in most places outside of Ireland and such has consequences. Ha, ha, ha , ha just kidding, personally believe that Irish people traveling outside of Ireland should
239	1697733	IE	G	showerofkunst.com	A B C I have ever experienced, and that goes under the label of progressive liberalism. HA ! # Conclusion: the Israelis in the movie are very interesting because of their
240	3761013	IE	B	jasonroe.me	A B C it is... # Hi Jason The word has reached the little country of Norway Ha ha! This bullshit statements from Ryanair are nothing new it seems that the company
241	1690026	IE	G	philosphere.com	A B C a script writer behind all this, he must surely have been saying, " Ha ! Don't think you're going to be able to get that cheque in
242	1708441	IE	G	tripadvisor.ie	A B C of Hanoi, especially with 2 local guides looking after you. My guides, Ha and Tu, were very patient with me and answered the list of questions I
243	1617372	IE	G	mama.ie	A B C . It's great value in my opinion. I definitely recommend it. # Ha ! Sky definitely meant to do that!! We cancelled Skya few months ago
244	1670026	IE	G	irishhealth.com	A B C been lifted off my shoulders. (Hope I'm this elated next week ha ha ) # Agnes Posted: 29/11/2006 00:15 # Mary, I forgot to say,
245	1680511	IE	G	libraryireland.com	A B C the different ports, their pipers perhaps playing' Ha til, Ha til, Ha til, mi tulidh' --' We return, we return no more!
246	3771675	IE	B	japanprobe.com	A B C in the future. # Gaijinintokyo # and in the present # Anonymous # HA HA HA # You must have never heard of Barbara Streisland, didn't you?
247	3850224	IE	B	...yvoyage.blogspot.com	A B C see me back again, asking if I fancied someone working there or something. Ha bloody ha. Anyway, the purse wasn't there, so I had to
248	3851285	IE	B	annasaccone.com	A B C doing such an amazing job! # The best part was about being arrested, ha ha! But seriously, the more I read these kind of positive posts,
249	3767994	IE	B	comeonthedeise.ie	A B C the fourth official did, no' law' governing the re-entry of injured ( ha !) players back onto the field of play. On the other hand,
250	1627859	IE	G	agriculture.gov.ie	A B C max area of 20 ha # Clover Swards # 26/ha up to max of 40 ha # Additional payments may be made for participating in Supplementary Measures such as Organic Farming
251	1697460	IE	G	shanemacgowan.com	A B C one hand and a bottle of wine in the other. He was tired... ha ha ha. " He even compares Shane to Marlon Brando: " These are
252	1629140	IE	G	annasaccone.com	A B C at this time thinking " hey, this is pretty easy! " Ha ha ha ! # By this stage it was getting pretty late and one of the midwives
253	1672609	IE	G	irishtimes.com	A B C niggly injuries? No. # Ever been chased by an animal? Ha, ha , no. # Favourite motivational tip? Be positive in mind and body and
254	3774193	IE	B	riverdance.com	A B C 'd expect for the female lead of Riverdance, but what can I say? Ha ! ha! # Julian: You have just finished 3 weeks in South America
255	1605319	IE	G	...herineryanhoward.com	A B C I need to be prepared for the day I'll become famous overnight (ha ha !) # Now you have me wondering about something I didn't think about
256	1626116	IE	G	...98pacv.arabblogs.com	A B C course not matter, he or she is ready to keep me Well, Ohe Ha ha...... an hour or so), there was nothing strange, reluctant
257	1621804	IE	G	soberpaddy.com	A B C Meabhus, Ba mhaith liom na focail sin a leamh... cinnte! Time flies ha ... was about 20 years ago now that I was wandering around Sutton looking for
258	1703487	IE	G	thejournal.ie	A B C wait,, and they would notify me 4 weeks in advance,, ha ha still waiting,, i have to drive my daughter to school every day as
259	1624393	IE	G	...dwagon.wordpress.com	A B C of retired, and for the priests aswell nothing but a load of perverts, ha there the last people id to to for confession all they want is free living
260	1705701	IE	G	thesession.org	A B C I have to play fast cos my instrument hasn't got much sustain... " Ha bloody ha! Re: Keeping time vs... # That's a good
261	1639567	IE	G	celticthunder.ie	A B C 2nd grade). The kids are always asking which one is my husband! Ha ha! I wish! Shhh. Don't tell my REAL husband. Ca
262	1655334	IE	G	gavinsblog.com	A B C for that fire that burns real far deep inside of' em. " Ha ha ha " Oh Goat Boy, what's that? " That is my purple
263	1629140	IE	G	annasaccone.com	A B C no pink blankets left so she had to be wrapped in a blue one, ha ha! These are the first pictures Jofus and I took of her:)
264	1607366	IE	G	...ghdoyle.blogspot.com	A B C much so for a while I think some people assumed we were a couple. Ha ! (As if I'd have him: -P) # Our personal interaction
265	1655334	IE	G	gavinsblog.com	A B C great music that has enhanced your lives throughout the years? Rrrrreal fucking high, ha ha ha ho ho. ok # ON MUSIC # The Beatles were so high
266	1614041	IE	G	irelandscw.com	A B C composing themselves and overcoming their surprise. Franco heard the bad news' el enemigo ha pasado el Ebro'. He began to strengthen his defence line; he had
267	1705312	IE	G	thesession.org	A B C 's back, and harbouring the resentment to our last dying breath " tradeshark # Ha ha, tiz like that with us sometimes. # It's funny though,
268	1709745	IE	G	ucc.ie	A B C , Cosmo ain't got nothin' to do with my selection. 36-24-36? Ha ha, only if she's 5' 3 ". So your girlfriend rolls
269	1705389	IE	G	thesession.org	A B C exemption for incidental live music or any of the Act's exemptions? " # Ha ha - see, you are expecting them to bend the rules and write it
270	1712988	IE	G	wisewords.ie	A B C your big sister. # Well -- it was more like ultra blog highlights.... Ha ha ha -- If you recall it was the conversation we had where you responded
271	3758328	IE	B	davidpederson.com	A B C is it ", summarized " what was that ", or educational " ah ha " depth, my reason for writing is to help the reader solve an
272	1613959	IE	G	...ernama.wordpress.com	A B C hundreds of millions we do, we could stand to reduce the dole que by ha quarter. Doing this would create more local spend for those local jobs that do
273	3761789	IE	B	mayogaablog.com	A B C the semi final) and Barry Moran was better than Cork Walsh. # Ha Ha James And Willie Joe.. Touche. Apologies for last post. Did nt mean
274	1653205	IE	G	fightingwords.ie	A B C jumps up. # Shark: You won't get across this lake ha ha ha . I want to eat everybody. # A.J: I don't think so
275	1622890	IE	G	struggle.ws	A B C , therefore I am. # The funniest thing (and not in a ha ha kind of way) of all is that it's happening in Ireland. Forget
276	3773747	IE	B	...hilmacgiollabhain.ie	A B C 49. The pair of you, please never leave this site will you, ha ! # Denial in the press hasn't been their biggest problem, but it
277	3851176	IE	B	...lturalconsultant.net	A B C keep one ewe per ha for tweleve months of the year or two ewes per ha for six months of the year. There are certain circumstances were you will get
278	1621802	IE	G	soberpaddy.com	A B C ventured up past the halfway line i probably coulda stuck a few past you... ha ha. # i was actually surprised that you even made that flight to oz
279	1637227	IE	G	broadsheet.ie	A B C year of the Bank'jax generation, first came the levies and recruitment freezes (ha ha ) then salary caps (ha ha again.) and cuts cuts cuts cuts cuts
280	1607653	IE	G	...reland.wordpress.com	A B C you not know, the narcissist regards therapy as a competitive sport (Ha! ha !). At the time she did her course with the Tivoli Institute they
281	1653644	IE	G	fingalcoco.ie	A B C ha (171 acres). The Action Plan includes a reserved site of 3.54 ha (8.6 acres) for a local services centre and primary school fronting onto the
282	1629140	IE	G	annasaccone.com	A B C body! Jonathan cut the cord (which looks gross by the way... ha ha ha, I wouldn't have done it!) and she was checked by
283	1639584	IE	G	celticthunder.ie	A B C the balcony >< ick so this time it was great (dances) anyway ha ha enough of my dancing ha but we were surrounded by Thunderhead's that made me
284	3758181	IE	B	cubeimages.com	A B C job was to swap the onboard camera's between races to a featured match, ha .... well that didn't go quite to plan, that job was given to
285	1639584	IE	G	celticthunder.ie	A B C so that song is totally going to be on reapt for the dvd and cd ha # 5th song (Home From the sea) This was everybody this was great
286	1647859	IE	G	dlscouts.ie	A B C the leaders thought it was funny to lock us all in a dark cell. Ha Ha. After lunch we went to the beach and broke up into two groups
287	1699844	IE	G	spotify.com	A B C cool. # Finally, and most importantly, what's your favourite noise? Ha ! Well, I love the sound of Table Tennis. I love playing it
288	1608186	IE	G	...wnsdad.wordpress.com	A B C can trust you good people not to tell every one else.) # Ha ha ha hic! Shares in me are on the floor! # Ha! Fooled
289	1655334	IE	G	gavinsblog.com	A B C you know? How about have a neat world for kids to come to? Ha haokay it's me, fuck it. Drop' em like fucking flies,
290	1669898	IE	G	irishhealth.com	A B C . Hope the bum goes back to it's original colour now, ha, ha !! Still, mind yourself though and take it easy, and most of
291	1621802	IE	G	soberpaddy.com	A B C flight, ticket and passport, 50% chance of forgetting one of them, ha ha ha. well written articles indeed, have you ever read shantaram?? best
292	3857765	IE	B	yourbeauty.ie	A B C loosely as these babies are blatantly coral blushers. Yes, the obsession continues bwahaha ha ha! # Here are some of my most favorite ones from my collection:
293	1713129	IE	G	woodspec.ie	A B C WOOD RESOURCE # Total forest area # The forests of the world are 3.4 billion ha . in extent, covering 27% of the land surface. Fifty percent of the
294	1612042	IE	G	handmadebymeblog.com	A B C moment where I will wish I could hear just 5 minutes of christmas FM ( ha ha we will see about that one). # However in the eastern cape
295	1639584	IE	G	celticthunder.ie	A B C # 4th song: (Black is the Color) omg! Melt in chair ha ha this was awesome and very upbeat and I so wanted to be the lady
296	1620677	IE	G	...emonade.blogspot.com	A B C her giant can of whoop-ass, hopefully that's what will happen. # Bah ha ha ha- " like a barnacle with very short grey hair ". Brilliant.I love
297	1627861	IE	G	agriculture.gov.ie	A B C The payment rates are as follows: # >=3ha and up to 55ha # >55 ha # In conversion # 212/ha # 30/ha # Full organic status # 106/ha # 15/ha
298	1705210	IE	G	thesession.org	A B C 's why I've had more careers than you can shake a stick at. Ha . Seems like I always end up kind of the rebelious type and never fit
299	1655334	IE	G	gavinsblog.com	A B C harder now. Work hard - oops jobs are scarce, fuck you, ha ha ha. # ADVERTISING AND MARKETING # By the way if anyone here is in
300	1637760	IE	G	bye-bye-binky.com	A B C entire family (especially my husband, he was our designated binky searcher.. ha ha ). I also can't believe that I actually had a three year old
301	1646235	IE	G	davidmcwilliams.ie	A B C be able to reach around and slap yourself in the arse with both hands. HA ! # You could always start your own blog and contribute to the debate Shane
302	1670262	IE	G	...rishhungerstrike.com	A B C . Never would I have touched it, but it was a starving nuisance. Ha ! My God, if it had have attacked, I'd have fled.
303	1612431	IE	G	homepage.eircom.net	A B C the image is built vibrate the god name? Adonai ha Aretz? (Ad-on-a-ee ha Ar-ets). # Having duly activated the major qabalistic or western chakras one by
304	1639584	IE	G	celticthunder.ie	A B C .. he was like oh ha so we could tell he was in a rush ha . Anyway that was great # Lets see then we met up with ppl for
305	3847385	IE	B	greenscene.me	A B C interestingly. # # 26 September 2012 at 3:39 am # John said: # Ha ! Yes, Meyer as a centre half. I knew it! # As
306	1651949	IE	G	...opeanhorsenetwork.eu	A B C regions, the ratio surface needed per horse is very variable:1 horse uses from 0,75 ha to more than 2 ha. But considering the estimations from different states, EHN
307	1629139	IE	G	annasaccone.com	A B C . Today he vacuumed the entire house because I had a meltdown this morning... ha ha ha! He also took care of a horribly huge pile of laundry that
308	3764931	IE	B	thetrueball.com	A B C . Si perdemos, dejamos de ser. La camiseta de la seleccin nacional se ha convertido en el ms industrial smbolo de la identidad colectiva' (Galeano 1995:
309	1639584	IE	G	celticthunder.ie	A B C doo) omg this was so funny: P Paul is a hoot I swear ha and wow the tap dancing sounds awesome live he was great always a fun song
310	3853642	IE	B	herald.ie	A B C at this point which comes first, the story or the title. # " Ha ! Actually, it has always been the title, right back to Divorcing Jack
311	1669726	IE	G	irishflutes.net	A B C . Even after you take a breath, start the next note with a " Ha " sound, not a " Ta " sound, right down deep from your
312	3846001	IE	B	...ghtandbeautyfull.com	A B C know, because I don't get ever get obsessed about anything. Ha, ha . # Or by that I think I may mean that I absolutely recognise that
313	3774322	IE	B	runner786.com	A B C texting Johnny and I requests for Bolt arms and the Mo-bot.. live on camera ha ! Brilliant. # Suddenly a wisp of a runner burst round the corner to
314	1629140	IE	G	annasaccone.com	A B C I remember at this time thinking " hey, this is pretty easy! " Ha ha ha! # By this stage it was getting pretty late and one of
315	3851288	IE	B	annasaccone.com	A B C Blogmas Day 2: Anniversary # Bet you thought I wouldn't blog today... ha ha ha! It's super late because I had a really busy day but
316	1629140	IE	G	annasaccone.com	A B C , you must get a lot of women who worship you around here! Ha ha ha! # And this is me after getting the epidural. All the pain
317	1667299	IE	G	irishcentral.com	A B C Report abuse # Searlit Sep 23, 2012, 12:18 PM EDT # Ha, ha , good one handsome. # Report abuse # handsome68 Sep 23, 2012,
318	1620548	IE	G	ramp.ie	A B C http: **29;2607;TOOLONG Catherine C # Take it and use it wisely # Aedin # Ha ha-this is brill! It's so true-kids are like farts, you can only
319	1623111	IE	G	...sancrosstelltale.com	A B C ##1623112 Ha ha, bonk... that English sense of humour and crossed cultural communications # I
320	1637958	IE	G	caminodesantiago.me	A B C means? I hope you're genuine in your (potential) affections! Ha ha ! # who said anything about Love? What's that got to do with
321	1655334	IE	G	gavinsblog.com	A B C , it's like a wisp of cotton candy framing a paper cut. Ha ha ha. Gnor. And turn you around and open your cheeks, it's
322	1612582	IE	G	homepage.eircom.net	A B C Jack: Ok. As much as I appreciate your attempt to feign coolness, ha ha ha ha. You can't tell me this means nothing to you.
323	3851286	IE	B	annasaccone.com	A B C I checked! She has so many clothes for a 2 month old, ha ha ! # And here's what I'm currently storing in the drawer under her
324	3755822	IE	B	action81.com	A B C Thanh Hoa in the V-League tonight; I had tried to go to the big Ha Noi derby the previous week, but kick-off times seem to be a local secret
325	1655334	IE	G	gavinsblog.com	A B C ' cos only in LA does common courtesy have to be legislated. Ha ha ha Every car has to stop. Pretty ludicrous in light of the city we're
326	3761713	IE	B	...nbehindthecurtain.ie	A B C with guns in their hands but they're more scared than the unconscious burglar... ha ha
327	1610576	IE	G	foot.ie	A B C although i was well aware of that info already hows buky by the way ha ha # I know this lad is on a wind-up but some guy from the FAI
328	1685588	IE	G	myhome.ie	A B C the opportunity to acquire a light infused spacious bungalow on a magnificent site of 0.33 Ha approx, set in a quiet cul-de-sac of detached properties - all enjoying a large
329	1648454	IE	G	doulaireland.com	A B C was a load of hippie crap, we'll make our excuses and leave. Ha , ha!! I'm so glad we stayed. I can not recommend
330	1667323	IE	G	irishcentral.com	A B C abuse # STEVENSTAR Apr 07, 2012, 05:44 PM EDT # HA HA HA HA !!! # Report abuse # sirpeter Apr 07, 2012, 05:38 PM
331	3762364	IE	B	nialler9.com	A B C on Fool's Gold Records. Check out the boptastic day-glowing video for Ha Ha Ha . Baio # Like the rest of his fellow Vampire Weekend bandmates, bass
332	1704418	IE	G	thejournal.ie	A B C And you said you would like to get into his seat in the dail. Ha ! At least Mick knows what he s talking about when stands to address the
333	1704257	IE	G	thejournal.ie	A B C . Ethnic cleansing was once in vogue with your pay masters. # Stephen Ha ha ... I am a real worker but am certainly not wealthy. How about yourself
334	1603373	IE	G	beaut.ie	A B C with Laughter, my kids thought i was having a fit, HA HA HA HA HA HA HA HA, i have to say, i feel the exact same
335	1629139	IE	G	annasaccone.com	A B C is the reason I haven't blogged/made a video/cleaned my house/cooked in days... ha ha ha! But she's worth it, so I'll forgive her;)
336	1713726	IE	G	yelp.com	A B C Ian Ritchie Architects (English architect... think his great grandfather was named nelson... ha ha haa) won the international competition for a monument in the centre of Dublin
337	1678547	IE	G	kilkennypeople.ie	A B C allocated daily. E.g. if the milking platform is 30 ha, 60% or 18 ha must be closed by November first. 18 ha divided by 21days is and allocation
338	1629138	IE	G	annasaccone.com	A B C then he was a total " bad boy " in my teenage eyes, ha ha ha! Maybe it's hard to imagine now because you guys mostly all know
339	3766365	IE	B	annasaccone.com	A B C very nude, almost to the point where your lips are erased... ha ha ha ! I know that this isn't to everybody's taste but you guys know
340	1653644	IE	G	fingalcoco.ie	A B C 450 dwellings in Hollystown. The consequent Class 1 public open space requirements is 32.4 ha (8 acres). # 7.4 Residential Mix # To date the Councils policy
341	1691303	IE	G	...rtlaoiseontheweb.com	A B C to the Portlaoiseontheweb.com, you are responsible for your own company information. The Portlaoiseontheweb.com. ha no control over the information entered upon application. Any typographical errors that do occur
342	3775795	IE	B	thesession.org	A B C 's, that's what they call a' sanity clause'. Fiorello: Ha ha ha ha ha! You can't fool me! There ain't no
343	1633417	IE	G	boards.ie	A B C as it will alter the designed taste or worse wreck the process altogether. # Ha that's a good one,, is there anyone on this forum/ planet who
344	1685612	IE	G	myit.ie	A B C # The keywords that drive traffic to your websites can be identified by you wit ha little work - and note that long tail search terms (search terms with 3/4
345	3849543	IE	B	ronanfitzgerald.net	A B C butchered, unfortunately i didn't have power over the head chef to change stations ha . Sadly, for me Funky Town died there &; then in that kitchen.
346	1667251	IE	G	irishcentral.com	A B C Report abuse # Curitiba Apr 06, 2012, 07:04 PM EDT # ha, ha ! # Report abuse # ciaradexy Apr 05, 2012, 03:30 PM EDT #
347	3766367	IE	B	annasaccone.com	A B C 's probably now as much of an outie as it'll ever be... ha ha ha! # Wedding rings on or off? On. # Happy or moody
348	1612579	IE	G	homepage.eircom.net	A B C or Dare? Joey: No way you said that- Pacey: ah ha ha ha , Truth or Dare? Joey: uh, truth. Pacey: Okay,
349	1678760	IE	G	kinsalecrystal.ie	A B C wife is very pleased, I can do no wrong for the next week HA HA Regards to you all G T Maguire, Western Australia # Dear Anna,
350	1712984	IE	G	wisewords.ie	A B C It's in my DNA! I can't be saved! # Ha ha ha -- Caroline, I love it. Mum will be so happy to know she
351	1655334	IE	G	gavinsblog.com	A B C solely with the source of life, which exists in all of our hearts. Ha ha That middle man thing, it's wacky and I appreciate it... Got
352	1607416	IE	G	darraghmcmanus.com	A B C So, what? He was trying to bum a lift or something? Ha ha ! An after-life hitcher!' # ' Ha ha yourself. You got a
353	3766365	IE	B	annasaccone.com	A B C things: 1) the autumn/winter season and 2) the labour and delivery... ha ha ha! I know some people will think it's crazy to even think
354	1705181	IE	G	thesession.org	A B C think it was) with' Free Beer Tomorrow' painted over the door. Ha ha! It kind of has a tragic philosophical undercurrent, don't you think
355	3774317	IE	B	rufusspiller.com	A B C creative director will pick up on your mind, not your body of work ( ha intentional gag there!). If you can show an understanding that design is
356	1634678	IE	G	boards.ie	A B C . I think it does look better and neater but is this normal? # Ha must give this a try for the laugh.It looks like it would be awkward to
357	1603432	IE	G	beaut.ie	A B C a particular religion as the religion of the state... well not on paper anyway ha ha!! # I'm so heartened to read articles like this, and
358	1623112	IE	G	...sancrosstelltale.com	A B C alike. Find out more at me and my blog. 6 Responses to Ha ha , bonk... that English sense of humour and crossed cultural communications # Thanks Susan
359	1689544	IE	G	pctechnix.ie	A B C these bad comments about the company. He said " Google is wrong madam " Ha ! Unbeleivable. I said I was going to report him to Actionfraud UK,
360	1688755	IE	G	...neworldchronicle.com	A B C Northsider September 24, 2012 at 4:52 pm # " Militan union bosses "? Ha ha ha -- hilarious Mr Harris! What planet are YOU living on? The
361	1603362	IE	G	beaut.ie	A B C told me that I have got MS because of all the Diet Coke, ha ha ! Rooooight... Talked to my Neurologist, he had a laugh about it.
362	1655334	IE	G	gavinsblog.com	A B C it... Got ta run, there's a voice a-callin' me. Ha ha ha. Now you guys are totally weird sexually. Here's why. Oh
363	1639584	IE	G	celticthunder.ie	A B C we just chilled around some more I think we went walking again if I member ha but it had to be 10:30 maybe I don't member the times but I
364	3776938	IE	B	wikisbest.com	A B C over time it will be open house TOD' S have doug sold shoes ha ha . Basic price is Paris city of five to seventy percent now, if meet
365	3772968	IE	B	...orsportworldnews.com	A B C website and so did Google, and it looked like a genuine news release, ha ha ha, jokes on us right? Actually, the jokes on me,
366	1619680	IE	G	pamstucky.com	A B C could but I'm not sure. I think they begin with a c..... ha , how's that for trusting your subconscious memory -- I just typed in "
367	3772688	IE	B	meetmums.ie	A B C Colour appears. First red... then yellow... then blue... HA HA HA -- 6 Oct -- 7 Oct # A show that's been turning audiences of
368	1608185	IE	G	...wnsdad.wordpress.com	A B C him and confirm this. Actually, check this out: http: **35;4905;TOOLONG... HA ! Ramblin Ramblin Ramblin, Ram-Blinnnnnn! # Ha! I knew he was fair
369	1664247	IE	G	independent.ie	A B C : " It is now a specific offence to smuggle drugs into a prison., Ha ha ha. # But it's been a specific offence to have drugs anywhere
370	1698252	IE	G	sineadmoriarty.com	A B C ? Where have you been for the last ten years? Irish baby, ha ha , that's the best I ever heard. " # I was now really
371	1703900	IE	G	thejournal.ie	A B C different signature to the name on my passport, then tried to blame me. ha ha Im not sure but keeping to an appointment schedule may be too hard for them
372	1646243	IE	G	davidmcwilliams.ie	A B C would have them tend the green green grass of home... far away hills, ha ?! # It has never been so easy to learn a foreign language for
373	1655334	IE	G	gavinsblog.com	A B C They all wan na come out and se my boy perform Goatboy and ehhhh " Ha thank you father bring out your Church-going friends, let them get close to my
374	1667296	IE	G	irishcentral.com	A B C last of their colonies the Falkland islands.All 62 people were very grateful... ha ha ha
375	1630930	IE	G	...icphilanthropies.org	A B C eye-care programmes due to the investments of the Government in the major cities such as Ha Noi and Ho Chi Minh City, the Central and Highland regions where almost 100,000
376	1652623	IE	G	farmersjournal.ie	A B C , set to reduce the net margin by 7.5c/l or from 991 to 683 per ha . Of course as we have seen before, forecasts may turn out to be
377	3775795	IE	B	thesession.org	A B C that's what they call a' sanity clause'. Fiorello: Ha ha ha ha ha! You can't fool me! There ain't no Sanity Clause
378	1688755	IE	G	...neworldchronicle.com	A B C 24, 2012 at 4:52 pm # " Militan union bosses "? Ha ha ha -- hilarious Mr Harris! What planet are YOU living on? The idea of
379	3776995	IE	B	wisewords.ie	A B C reckon, that being the case, I am doing just fine! # Ha ha ... Thanks Lorna! I am still really reeling from the shock of it all
380	3776994	IE	B	wisewords.ie	A B C One can't beat a few days in a damned fine hotel -YAW! # Ha ha! I imagine the wallpaper wanted out as much as Oscar! I must
381	1612548	IE	G	homepage.eircom.net	A B C it in writing? # " But... the ball! His groin! Ah ha ! It works on so many levels! " - Homer, impressed by "
382	1619114	IE	G	ocaoimh.ie	A B C . Theyre only after one thing. Intelligence is the key. # geez.. ha ha ha ha. Some of the things on here really are fucking funny.
383	1607416	IE	G	darraghmcmanus.com	A B C train, douche-bag.' # ' Yeah. At platform thingamabob. Ha ha ha !' # ' Look, I'm only telling you what happened. My
384	1645636	IE	G	...nnynaturereserve.net	A B C edge of this zone, on the north side of the stream, around 0.6 ha of the floodplain has been planted with conifers; these are now around 3 m
385	1621798	IE	G	soberpaddy.com	A B C the saying goes, those in glass houses shouldnt get out of the kitchen... ha ha, i'm guilty as charged for being an armchair do gooder, not
386	1704109	IE	G	thejournal.ie	A B C never hangs the many mass murderers they keep in gaol. And you say ha ha ha. You treat all this as a subject for humour or derision or both
387	1621147	IE	G	rulehibernia.com	A B C out on top. # All I can say is...... Ha Ha Ha Ha Ha # . # . 6. Women need to look good to be successful
388	1655334	IE	G	gavinsblog.com	A B C invited some people over to see the video premiere of the Goat-Boy Edited Version. Ha ha ha. I am Goat boy. # All its meant to do just
389	1666902	IE	G	irishcentral.com	A B C . # Report abuse # ginpoet Dec 28, 2011, 01:05 PM EST # Ha Ha. Where's #3? # Report abuse # AmericanGirl83 Sep 25, 2011
390	1705779	IE	G	thesession.org	A B C are some sessions where you wont be allowed to play one ha ha ha ha ha ha! I think thats in the north west of that northern province that is
391	1603292	IE	G	...ascully.blogspot.com	A B C 42 now. Hmmm... I wonder if this temper thing is genetic? Ha ha . Lucky for me, though, I never got into fights past the age
392	3851287	IE	B	annasaccone.com	A B C wash as she was changed into a different ensemble due to a poo explosion. Ha ha ha! Oh well, it was cute while it lasted;) #
393	1712989	IE	G	wisewords.ie	A B C 2012. Can I have a go of your machine? xxx # HA ha ha !! I am the queen of time travel and have just fixed my'
394	1653205	IE	G	fightingwords.ie	A B C a shark jumps up. # Shark: You won't get across this lake ha ha ha. I want to eat everybody. # A.J: I don't
395	1667957	IE	G	irishdancing.com	A B C singingsoul # 01-24-2008, 11:43 AM # It almost looks like a solo dres # ha ha ha it is a solo dress!!!!!!!!
396	1639644	IE	G	celticthunder.ie	A B C But not at the Jacksonville, FL venue. I think it sucks!! ha ha Maybe I can get to Atlanta!! Love you guys; your'e the
397	1712984	IE	G	wisewords.ie	A B C . Will just have to come to Ireland to see them) # Ha ha ha -- Love the Simone/Thermos image. What do you mean come to see' them
398	3773747	IE	B	...hilmacgiollabhain.ie	A B C on this?? You sevconians don't do irony, do you!! Ha ha! Ah! the sevconians.. always good for a laugh, they provide
399	1629139	IE	G	annasaccone.com	A B C anybody else... she's kind of a brat and gets cross easily, ha ha ha! Anyway it worked! For the first time ever we were able to
400	1655334	IE	G	gavinsblog.com	A B C out of that film, because the test audience was turned off by them. Ha . Boy, is my thumb not on the pulse of America. # GOAT
401	1706819	IE	G	tonygriffin.org	A B C . # Co: Yes, Gizzy went in search of himself or something. Ha ha. # Commentator and Co-commentator: Ha ha, Well he is back with
402	1712984	IE	G	wisewords.ie	A B C . Damn. Will just have to come to Ireland to see them) # Ha ha ha -- Love the Simone/Thermos image. What do you mean come to see
403	3766805	IE	B	barretstown.org	A B C the day I die, one of my favourites was the cabaret at the end ha ha we did the titanic act and i was Celine Dion in a lovely pink
404	3845568	IE	B	beaut.ie	A B C heat protective spray. Cant believe I forgot to vote for them in the awards ha ha # Cant live without my Naked 1 palette- both were out when I was
405	1704186	IE	G	thejournal.ie	A B C as they had the IRA, then we would have moved towards peace. # Ha , yeh. Still trying to get my head around the reference to the road
406	1629135	IE	G	annasaccone.com	A B C all you teenage girls go out and buy prenatals just for the beauty benefits, ha ha ha! Ask your doctor about that one!! I just want to
407	1640102	IE	G	chiffandfipple.com	A B C the musicians one-by-one from my secret lair. Mad? You think me mad? HA ! I'll show you how mad I am!! " # Ok,
408	3846853	IE	B	eirtakon.com	A B C glad to be part of the 1st successful Cosplay Blind Date (bragging rights, HA !). Many thanks to Eirtakon (especially Fiona) and James for the
409	3761898	IE	B	mickwallace.net	A B C to be realised in a meaningful way. The association recommended a ceiling of 80 ha on the number of hectares qualifying for payment. That is not an unreasonable ceiling
410	1669898	IE	G	irishhealth.com	A B C your idea on the new outfit. if I can get one to fit! ha the way I'm going might be dificult! If you need anything else let
411	3849407	IE	B	ramp.ie	A B C (real or not) just comes across as very entitled. # Fiona # Ha this is satire Michael.... all in the name of fun. Chloe is a
412	1629140	IE	G	annasaccone.com	A B C me... I have no idea why her having hair made me so emotional, ha ha! I was just so happy plus it was kind of bizarre that they
413	3769568	IE	B	gaire.com	A B C importantly IMHO) content, and sure 60s is the new middle age now ha ha # I definately know what you mean about people in their 60s not really giving
414	1680267	IE	G	...eonardcohenforum.com	A B C # Manchester 18 June 2008 London 02 17 July 2008 Bournemouth 11 November 2008 # Ha , ha, as expected it is very hard to squeeze anything that would even
415	3776993	IE	B	wisewords.ie	A B C Rose Maria " sauce for dipping. Son was delighted!!.. # Ha ha ... Emails will keep a coming x We are off for a mini-break without the
416	1704457	IE	G	thejournal.ie	A B C brought to you by the same folks who ran the Magdelene Laundries. " # Ha , and you accuse me of being prejudiced. You honestly think that because the
417	1713686	IE	G	yelp.com	A B C i have managed to VETO Howl. Yes you see theres something funny not ha ha about the place. Everyone has described its layout and the likes fantabulously so i
418	1627859	IE	G	agriculture.gov.ie	A B C Programme # 200/ha for first 20 ha 175/ha for next 20 ha up to 40 ha 70/ha for next 15 ha up to 55 ha 10/ha for areas over 55 ha
419	3771708	IE	B	jigser.com	A B C ##3771708 Welcome to Jarlath's internet embassy HA, HA, HA !... Announcing The Biggest Show.... # October 30, 2012 by Jarlath #
420	1651949	IE	G	...opeanhorsenetwork.eu	A B C needed per horse is very variable:1 horse uses from 0,75 ha to more than 2 ha . But considering the estimations from different states, EHN considers that at least 6
421	1620997	IE	G	roadsidefiction.com	A B C .'' Ok twenty Euros!' demanded the Balloon Man impatiently.' Ha ?'' Yeah, twenty man.' It was 2008 and he was
422	3767135	IE	B	boards.ie	A B C something for web with Illustrator, just a simple About Me page without any hoo ha , would I be able to export it and use or would I need more
423	3768620	IE	B	donegaldaily.com	A B C them charged with assault if any of them contracts HIV from the husbands. # Ha Kelly you have not got a clue what your talking about you came on here
424	1629136	IE	G	annasaccone.com	A B C This is the outfit I wore shopping -- don't mind the random flip-flop, ha ha ha! Also the lighting is very dark, but we're having what
425	1603373	IE	G	beaut.ie	A B C kids thought i was having a fit, HA HA HA HA HA HA HA HA , i have to say, i feel the exact same way, i would
426	1629140	IE	G	annasaccone.com	A B C ! Jonathan cut the cord (which looks gross by the way... ha ha ha , I wouldn't have done it!) and she was checked by the
427	1669898	IE	G	irishhealth.com	A B C glad to be back actually. wudnt this sniffing larf make addicts out of us ha ha. so how long do you stay sniffing? i did nt get that
428	1705789	IE	G	thesession.org	A B C I suppose yer braggin that you can do that across the water there? Ha Ha Or have you flitted recently, to be near Dow? # Day out does
429	1605658	IE	G	charles-mount.ie	A B C of the development 190 previously unknown archaeological sites were identified, one site per 5.3 ha (See Grogan et al. 2007, 5- 9). Similarly, during
430	3769377	IE	B	...uffandfripperies.com	A B C rediscover any old favourites? Well, all I can say to that is, HA ! With the amount of love in my heart for toiletries, make up,
431	1669898	IE	G	irishhealth.com	A B C listening to me and logging on with the news, when i tell ye, Ha , Ha!!!!! Talk soon. Have a great evening,
432	3771683	IE	B	jenipurr.com	A B C this my Olympics project. A week is lots of time! # Ha ha ha . # A week is a lot of time, yes, but when you
433	1667366	IE	G	irishcentral.com	A B C # warrenpoint00 Feb 08, 2011, 01:48 AM EST # The real Ireland. Ha , ha, ha Cahal what is wrong with you man.Now I know you are
434	1603373	IE	G	beaut.ie	A B C my kids thought i was having a fit, HA HA HA HA HA HA HA HA, i have to say, i feel the exact same way, i
435	3777222	IE	B	zee.ie	A B C anything here cause I got ta go back to school (I'm a student- HA !) but I can't wait to see you soon, and to show
436	1607653	IE	G	...reland.wordpress.com	A B C of Darkness from time to time myself (especially when my halo slips ha! ha !). Enjoy the rest of this beautiful Sunday with peace to your heart
437	1671852	IE	G	irishtimes.com	A B C the cloud that would be hanging over Punchestown for the rest of the day ha ha # Saw Doctors: Get the crowd going and have a good old bit of
438	1621798	IE	G	soberpaddy.com	A B C well in fairness i seen alot stranger sights on that trip i tells you, ha ha # keep up the sterling work there lenny and i'm jealous of your
439	1693850	IE	G	robotwisdom.com	A B C Dante looked terribly angry and repeated while they laughed: # -- Very nice! Ha ! Very nice! # It was not nice about the spit in the woman
440	1621798	IE	G	soberpaddy.com	A B C seen that flick in ages, and its true, white men cant jump... ha ha. # the photo, classic, but what did strike me when i
441	1655334	IE	G	gavinsblog.com	A B C ? " Goat Boy finds that disgusting. Where is the fun in that? Ha ha. Goat Boy loves young girls. 16 years old ooh Goat Boy,
442	1655334	IE	G	gavinsblog.com	A B C my love. " You're a big old smelly thing. " Ha ha ha . I need professional help at this point I think I need a priest at
443	1703886	IE	G	thejournal.ie	A B C get back into power I am getting out of this country. # Ha ha ha ha.... Rfl... Ridiculous! No body is that stupid as to slink back
444	1621802	IE	G	soberpaddy.com	A B C the flight, ticket and passport, 50% chance of forgetting one of them, ha ha ha. well written articles indeed, have you ever read shantaram??
445	1646206	IE	G	davidmcwilliams.ie	A B C discount of interest thanks to Brian, lets say net 747 (like the jet ha ha) add back in Insurance 100 pm. =====Total net 847 yo yo.approx....
446	1612574	IE	G	homepage.eircom.net	A B C little light headed from hunger. I? m just wacky. And kidding! Ha , ha. " # Russell (to Angel): " You made a
447	1705789	IE	G	thesession.org	A B C , I suppose yer braggin that you can do that across the water there? Ha Ha Or have you flitted recently, to be near Dow? # Day out
448	3776425	IE	B	tya-ireland.org	A B C addictive talent for making things up. And finally Belgian clown duo Okidok's Ha Ha Ha skilful and hilarious show is guaranteed to entertain families. # An autism friendly
449	1621806	IE	G	soberpaddy.com	A B C long, long gone and we can no more hear their song. # Ha ha , i remember there was a short cross over period John where you had resumed
450	1625572	IE	G	trickaduu.com	A B C a permit to shoot in West Hollywood? Only costs a thousand or so? Ha . Sure thing boss. Just shooting a twenty second segment, we'll do
451	1690788	IE	G	politics.ie	A B C on this island, or to advance the goal of republicanism at that. # Ha ha ha ha ha ha, # As they went from being the lunatic fringe
452	1698933	IE	G	slowmagazine.com	A B C that. Nobody likes indie music. That was my era? indie kid. Ha ha, I hate all that shit. You see at home I don?
453	1706862	IE	G	topix.com	A B C something, maria jamieson are you trying to sell me drugs shame on you ha ha ha, and change the wording of the question irish is not a race its
454	1612582	IE	G	homepage.eircom.net	A B C : Ok. As much as I appreciate your attempt to feign coolness, ha ha ha ha. You can't tell me this means nothing to you. Dawson
455	1629771	IE	G	...theworldwithluca.com	A B C ! Lots of love Niamh xx # Happy Hallowe'en to Luca! Mwwaah ha ha ha haaa! I'm looking at your photos and reading all about your adventures when
456	3766366	IE	B	annasaccone.com	A B C meant to do. Is that mushy enough for you guys?! Sorry, ha ha:) # Emilia was born on the 11th of September 2012 at 4:24pm
457	1603350	IE	G	beaut.ie	A B C . Should have paid more attention to that little " side effects " booklet, ha ? # The good news, says top therapist Elaine Butler-Doolin of Bespoke Beauty,
458	1605451	IE	G	...lounge.wordpress.com	A B C France and the whole lot of them put together' (1957) # Ha ha !! Yeah, I suppose so. Actually christianity (or most of it
459	3758455	IE	B	...reland.wordpress.com	A B C I would like to thank God and Jesus. Also my mom and.... " Ha , ha!!: -) # Truth is there are too many to
460	3851287	IE	B	annasaccone.com	A B C , there wouldn't have been much point to me doing that... ha ha ha ! I figured my blog deserves some TLC since my very long hiatus last month
461	1712982	IE	G	wisewords.ie	A B C the night to produce a decent piece. # So speaking of mince (ha ha ) and procrastinating. I was faced with needing a distraction. I had a
462	1678547	IE	G	kilkennypeople.ie	A B C area of grass to be allocated daily. E.g. if the milking platform is 30 ha , 60% or 18 ha must be closed by November first. 18 ha divided
463	1667323	IE	G	irishcentral.com	A B C Report abuse # STEVENSTAR Apr 07, 2012, 05:44 PM EDT # HA HA HA HA!!! # Report abuse # sirpeter Apr 07, 2012, 05:38
464	1637958	IE	G	caminodesantiago.me	A B C bottom means? I hope you're genuine in your (potential) affections! Ha ha! # who said anything about Love? What's that got to do
465	1702244	IE	G	teagasc.ie	A B C cow (kg) # Protein yield per cow (kg) # Fat per ha (kg) # Protein per ha (kg) # Concentrate fed (no.
466	1629113	IE	G	annasaccone.com	A B C :) As you can see I'm still working the red hair, ha ha ! Although, it's faded a lot since washing it. It's actually
467	3855739	IE	B	patbreen.ie	A B C 2011, during my visit to Hanoi I met with the Vietnamese Justice Minister Mr Ha Hung Cuong, when we discussed the framework for re-building ties between our Countries and
468	1616485	IE	G	livetothemax.me	A B C that the pollution in the NYC airports didn't get on with my breathing... ha . Good bit of chat and two hours latter we are on a flight to
469	3774175	IE	B	reservedforruby.net	A B C along with this shirt. I am not quite sure it is funny " ha ha ha " or just a funny situation which might deserve a " ha ".
470	1705278	IE	G	thesession.org	A B C in front of the beat Re: Playing in front of the beat # Ha I love it - llig I'm an engineer so I can relate drive shafts
471	1693880	IE	G	robotwisdom.com	A B C a milligramme. They hark him on. The door! It is open? Ha ! They are out, tumultuously, off for a minute's race, all
472	1637298	IE	G	broadsheet.ie	A B C are making money, it's fine to increase them. " Bwaahahahaha! # Ha . The arguments are sound, rational and well presented, everything's building nicely
473	3772688	IE	B	meetmums.ie	A B C white. Colour appears. First red... then yellow... then blue... HA HA HA -- 6 Oct -- 7 Oct # A show that's been turning
474	1603427	IE	G	beaut.ie	A B C you want to test your relationship, try a double dose of food poisoning. Ha ! # Winter vomiting bug before the thesis was due in, came home from
475	3775826	IE	B	thesession.org	A B C stuff into a sess.twould be a bit like landing with a didge or a djembe ha , but i do think that its an interesting subject an would be great if
476	1713001	IE	G	wisewords.ie	A B C want to get docked any points incase they thought he wrote it for me..... ha ha ha -- if the teachers at NUIG ever read the blog they would know
477	1637223	IE	G	broadsheet.ie	A B C ,' Round',' Ground'! That's it! Ground! Ha ! I wonder if it'll be friends with me? Hello Ground!'
478	3756545	IE	B	beaut.ie	A B C I am now a red head with extremely dry lengths) # Tame the beast ha ha! Thats exactly how I feel! I often put something like coconut oil
479	1668101	IE	G	irisheconomy.ie	A B C just friggen houses all over the shop. Growth they called it!!! Ha Growth through depletion was the Orwellian motto of those days. Sad, very sad
480	3762364	IE	B	nialler9.com	A B C go on Fool's Gold Records. Check out the boptastic day-glowing video for Ha Ha Ha. Baio # Like the rest of his fellow Vampire Weekend bandmates,
481	1712989	IE	G	wisewords.ie	A B C receive a higher honors degree than those people... I'm not the best sport ha ha) # Meh.... I have written out a whole bunch of' possible
482	1704406	IE	G	thejournal.ie	A B C want to repossess a house that's worth less than the loan! " # Ha Ha Ha # Cuckoo Land # These scum would sell your home from over your
483	1633711	IE	G	boards.ie	A B C no one spoke on the other line.. Not saying its a ghost or anything ha , but just thought it was strange. She's a sceptic and isn't
484	3771675	IE	B	japanprobe.com	A B C you in the future. # Gaijinintokyo # and in the present # Anonymous # HA HA HA # You must have never heard of Barbara Streisland, didn't you
485	1639584	IE	G	celticthunder.ie	A B C hear Neil start it I melted again: P bring the mop I say ha ha . So this song was way better live then the DVD version # 5th song
486	3851289	IE	B	annegildea.ie	A B C -- What can you say to such a fantastically oblivious person other than --' Ha , ah -- too late now. I've said it everywhere.' Or
487	1635109	IE	G	boards.ie	A B C with his comment about not knowing there were 7 schools west of Dingle... ha ha , look at the silly culchies worrying about their small schools. The whole lot
488	1617103	IE	G	lovindublin.com	A B C happen. # Best of luck to everyone and best of luck to Niall judging ha its not going to be an easy decision, some great ideas. # Thanks
489	1678547	IE	G	kilkennypeople.ie	A B C 30 ha, 60% or 18 ha must be closed by November first. 18 ha divided by 21days is and allocation of.86ha (2.1acs) per day. The
490	1667291	IE	G	irishcentral.com	A B C is talking to you. Stick that up you're racist mass immigration cakehole. ha ha # Report abuse # Downunderyan Feb 04, 2011, 06:45 PM EST # The
491	3770802	IE	B	irishbikerforum.com	A B C The light at the end of the Tunnel has been Turned off! # Ha ha Wesi, sounds like me and my mates when I was a youngfella. I
492	3766368	IE	B	annasaccone.com	A B C and Albi on the other hand are enjoying the peace and quiet for once, ha ha ha! Here's Sina come to join me in my OOTD! Love
493	1671925	IE	G	irishtimes.com	A B C Sex and the City film franchise. Plenty of that coverage boiled down to' ha ha look at these stupid women and their stupid film'. Of course female
494	3765271	IE	B	trickaduu.com	A B C and TV executives like they're the hottest girl in the room. Ha ha ha . That's so funny. You're hilarious. So bright too. By
495	3773758	IE	B	...hilmacgiollabhain.ie	A B C in our schools. The times they are a changing. # Cooper, ha ha ! You churn out some spin! Chuckie green would love you, you really
496	1713129	IE	G	woodspec.ie	A B C has acquired two major panel board mills. The forest estate amounts to about 700,000 ha and some 58% is owned by Coillte. # There is a growing awareness of
497	3757491	IE	B	...arolanneskitchen.com	A B C sure I should make this EVER as it will get eaten in one go -- ha
498	3761707	IE	B	...nbehindthecurtain.ie	A B C things. The songs, not the necrophilia. Or is it... mua ha ha . # I wish I had gone to see the tigerlilies at the 17th Biennale
499	1629139	IE	G	annasaccone.com	A B C the reason I haven't blogged/made a video/cleaned my house/cooked in days... ha ha ha ! But she's worth it, so I'll forgive her;) I
500	3764527	IE	B	thecityfathers.com	A B C My child needs to use the bathroom, what am I supposed to do now ha ?! # " Uhh... wait? " " Fuck sake! It's
501	1675024	IE	G	irishtimes.com	A B C listened to Bebop. We wore berets and clicked our fingers a lot. Ha ha ! We had biographers come in to us. We had Neal Cassidy's son
502	3759185	IE	B	...mmycat.wordpress.com	A B C ' and my personal favourite' scarleh if you looked like her bwa ha ha ha '. It's as if because you don't look like Cindy Crawford you
503	1651121	IE	G	eoinbutler.com	A B C many times on some pillow with another pillow in it for an arse ha ha ha ! ah good that cheered me up. # i pity to fools that wont
504	1637199	IE	G	broadsheet.ie	A B C : Oh, we used to dream of livin' in a corridor! Would ha ' been a palace to us. We used to live in an old water
505	1607416	IE	G	darraghmcmanus.com	A B C different train, douche-bag.' # ' Yeah. At platform thingamabob. Ha ha ha!' # ' Look, I'm only telling you what happened.
506	3756527	IE	B	beaut.ie	A B C . I think she's quite narrow-minded in her opinion. # TEAM BEAUT.IE -- ha haha hah jaysus girlies, what in the name of god is happening here,
507	1613658	IE	G	...nitestatemachine.com	A B C one in the same. Yes, I am a bit cocky ain't I. Ha Ha Ha # When you first began making music, what were your influences?
508	1654462	IE	G	frommers.com	A B C I did find myself occasionally turning on the windshield wipers when intending to signal - ha ! Re: Driving on the Other Side of the Road # First of
509	3771675	IE	B	japanprobe.com	A B C the future. # Gaijinintokyo # and in the present # Anonymous # HA HA HA # You must have never heard of Barbara Streisland, didn't you? #
510	3756561	IE	B	beaut.ie	A B C my nails are much stronger since I moved to a hard water area! # Ha ha am with Feef on this one. You are all Mad!!!
511	1667366	IE	G	irishcentral.com	A B C Feb 08, 2011, 01:48 AM EST # The real Ireland. Ha, ha , ha Cahal what is wrong with you man.Now I know you are from the
512	1612555	IE	G	homepage.eircom.net	A B C ha ha ha ha!! Ha ha ha ha ha ha ha!! Ha ha ha-- # Vizzini stops suddenly, and falls dead to the right # P
513	3755626	IE	B	...xtynine.blogsome.com	A B C what we would like to drink - completely ignoring the three fellas with us ( HA !) - and wouldn't pick-out the third prize (40) until we
514	3767674	IE	B	...errysuedointhedo.com	A B C fully believe you will be able to sleep as normal with them in.... # Ha ha! I don't think it's funny you lost sleep as I am
515	1605339	IE	G	...herineryanhoward.com	A B C Back to the Plan # I instantly felt better, like a weight ( ha ! No pun intended...) had been lifted from my self-publisher's shoulders.
516	1693851	IE	G	robotwisdom.com	A B C of us we had a hearty laugh together over it. Ha! Ha! Ha ! # The night of the Whitsuntide play had come and Stephen from the window
517	1651121	IE	G	eoinbutler.com	A B C get her into i du n no whatever. wow, bazookas dune buggys ahh ha ? stop what? bazookas and dune buggys-what boy (i do think its funny
518	1623773	IE	G	...lyedge.thejournal.ie	A B C struggle through life on a daily basis. Do the math! # Peter North Ha ! You Christians with your crazy logic. God loves atheists too you know.
519	1702184	IE	G	teagasc.ie	A B C devoted to grass (silage, hay and pasture), 11% (0.46 million ha ) is in rough grazing and the remainder circa 9% (0.38 million ha)
520	3855842	IE	B	...hilmacgiollabhain.ie	A B C still buying the propaganda that they are one &; the same?. # Ha ha al a laugh at ur pain stupid sevcoians.... Love all that we have no
521	1646218	IE	G	davidmcwilliams.ie	A B C pose this question... how the fcuk did our' public interest director' ha ha ha ha ha ha... Dukes, sanction the write off of 2.5 BILLION of
522	1634375	IE	G	boards.ie	A B C race, but still only came home in 130th or so, worst result ever ha ! # Quote: # Originally Posted by RacoonQueen # whole day ends up being
523	1693948	IE	G	roddydoyle.ie	A B C unparalleled gift for transforming ordinary life into great literature. # Paddy Clarke Ha Ha Ha 1993 # Welcome to the world of ten-year-old Paddy Clarke, growing up in Barrytown
524	3756457	IE	B	bakefortheborder.com	A B C a skewer inserted into the middle of the muffin comes out clean. # Ha ha , I love the rain descriptions, my favourites are sun shower and soft rain
525	1629139	IE	G	annasaccone.com	A B C he vacuumed the entire house because I had a meltdown this morning... ha ha ha ! He also took care of a horribly huge pile of laundry that was getting
526	1639633	IE	G	celticthunder.ie	A B C be on this side of the pond, makes the world safer, ha, ha , ha! See you in Nov. at REH; I'll be in row
527	1635014	IE	G	boards.ie	A B C actually feel smothered with feelings when I'm around him (I'm a loser ha ). How can you just stop feeling like that? # Something else to
528	1622780	IE	G	strettynews.com	A B C what he missed about being around the Scot, Ronaldo smirked and replied: " Ha ! I miss his good moods all the time! Always happy. Ha ha
529	1667291	IE	G	irishcentral.com	A B C nobody is talking to you. Stick that up you're racist mass immigration cakehole. ha ha # Report abuse # Downunderyan Feb 04, 2011, 06:45 PM EST #
530	3773747	IE	B	...hilmacgiollabhain.ie	A B C your demise I'll stand by and hang around and watch you till you drown ha ha yer ded better off ded HAHA YOUR DEAD! Bullets and bombs to Celtic
531	1641620	IE	G	colindavies.net	A B C examples. A s are vino and vio. The best / worst example I ha v e come across is the difference between the Spanish and Galician words for rain
532	1612555	IE	G	homepage.eircom.net	A B C ha ha ha!! Ha ha ha ha ha ha ha!! Ha ha ha-- # Vizzini stops suddenly, and falls dead to the right # P:
533	1603373	IE	G	beaut.ie	A B C is not included in that ha ha haha Thanks for making me laugh so much HA HA HA # On the subject of spots etc, does anyone have a cure
534	1603369	IE	G	beaut.ie	A B C never bothered getting measured... what's the point when theres nothing to measure, ha ! Wish I had a reason, wait two reasons to find a well fitting
535	1627867	IE	G	agriculture.gov.ie	A B C By the end of the year 2004, the national forest estate stood at 680,000 ha . This represents almost 10% of Ireland's total geographical area, compared to the
536	1615525	IE	G	jbg-bible.net	A B C of Aaron the priest must come forward to offer the burnt offerings of Yahweh if ha has any infirmity; if he has an infirmity, he must not come forward
537	1639584	IE	G	celticthunder.ie	A B C will become one for this song and u will want to be the micstand ha ha he is such a tease and heartthrob in this song we were just going ooh
538	3771167	IE	B	irishkop.com	A B C , he kept looking under the table to see if I was stashing food, ha ,. They even made a point about telling me if I do nt finish
539	1619023	IE	G	nrastandards.nra.ie	A B C BE, HD, SH or TD and advice notes by the letters BA, HA and TA. # 1.2 The Standards and Advice Notes of Volumes 1 to 9
540	1686611	IE	G	newbridgehistory.org	A B C why, what happened? Answer: -- The pictures were over!! Ha Ha . It worked almost every time as long as you didn't over do it
541	1702244	IE	G	teagasc.ie	A B C , protein concentration, protein yield per cow (kg) and protein yield per ha (kg) accounted for in the regression model when genetic data was included (
542	1712945	IE	G	wineonline.ie	A B C huge landmass, Australia is quite a small producer in volume terms with only 123,000 ha . under vine. In terms of quality and marketing prowess it has made a
543	3849231	IE	B	pinkvaper.com	A B C Was asked by a forum member what moisturizer you use on your hands? # Ha ! I use Cetraben # If you weren't doing the site &; reviews what
544	1631986	IE	G	battleoftheaxe.com	A B C its conception nearly 8 Years ago. Not a lot of people know that the Ha ' Penny Bridge Inn has also housed such noted acts as Dermot Morgan (RIP
545	1650458	IE	G	emeraldeyeliner.com	A B C did we want to try a wax I jumped at the opportunity - I thought HA this will be an opportunity for Sile to try an experiment. When I said
546	1703637	IE	G	thejournal.ie	A B C think deserve the disparaging title that you gave them.... Tim Henchin # Ha ha no wonder O'Shea is pissed off about having his snout kicked out of the trough
547	1604319	IE	G	blog.visafirst.com	A B C ##1604320 # Canadian government ha s announced that it will reduce the places available through its most popular immigration program
548	3774175	IE	B	reservedforruby.net	A B C go along with this shirt. I am not quite sure it is funny " ha ha ha " or just a funny situation which might deserve a " ha "
549	1693873	IE	G	robotwisdom.com	A B C lids his eyes found the tiny bow of the leather headband inside his high grade ha . Just there. His right hand came down into the bowl of his hat
550	1688219	IE	G	oddsocksrevival.com	A B C sets of Vater sticks! That's 1600 drumsticks! From just one company! Ha ! So they're sellin' them off for 8 a set for the next
551	1681260	IE	G	lonelyplanet.com	A B C who they're dealing with.. # and to the person who mentioned Germany: ha , that really made me laugh. Are you from the german government by any
552	1612570	IE	G	homepage.eircom.net	A B C discuss time travel as only they can, " Before I Sleep " # " Ha ! Ah, the bitter taste of ultimate failure, hmm? " - McKay
553	1646202	IE	G	davidmcwilliams.ie	A B C would see that as a reason for them to leave the EU. Only Ireland ha not been able to develop one in 86 years of running our own show.
554	1704147	IE	G	thejournal.ie	A B C and politics graduates. (Something else we forgot during the Tiger Years) # Ha . I love your comment John. Mostly because I'll bet you have that
555	1646218	IE	G	davidmcwilliams.ie	A B C I pose this question... how the fcuk did our' public interest director' ha ha ha ha ha ha... Dukes, sanction the write off of 2.5 BILLION
556	1712992	IE	G	wisewords.ie	A B C to get docked any points incase they thought he wrote it for me..... ha ha ha -- if the teachers at NUIG ever read the blog they would know full
557	1704257	IE	G	thejournal.ie	A B C THEM. Ethnic cleansing was once in vogue with your pay masters. # Stephen Ha ha... I am a real worker but am certainly not wealthy. How about
558	1696193	IE	G	...medicaleyecentre.com	A B C Optician in Wexford with a r esident Medical Eye Doctor. Ryans Opticians Wexford ha ve been taking care of the eye-care needs of the people of Wexford Town for
559	3771167	IE	B	irishkop.com	A B C , he kept looking under the table to see if I was stashing food, ha ,. They even made a point about telling me if I do nt finish
560	1621802	IE	G	soberpaddy.com	A B C enjoyin the reads. A lot has changed now from the days swanning around Nessans ha ? Sure I had a good go at it and well, what more could
561	1705389	IE	G	thesession.org	A B C perfomance &; are they legal in England? # >Ha ha - see, you are expecting them to bend the rules and write it off
562	1694192	IE	G	ronanlyons.com	A B C anyone hang so I can sit back, rub my belly and go' Ha Ha . You bought at the height of the boom, now suffer!'.
563	1606380	IE	G	collegetimes.ie	A B C selections only to be let down by Spurs drawing 1-1 away to West Brom. Ha ! Serves him right, he won't be doing that again. I have
564	1610000	IE	G	...rleaguetransfers.com	A B C against big teams like man utd this season (and that open goal he missed HA !) He scored two against genk I'm taking a gamble but I'm
565	1704109	IE	G	thejournal.ie	A B C hangs the many mass murderers they keep in gaol. And you say ha ha ha . You treat all this as a subject for humour or derision or both.
566	1696772	IE	G	scoilnet.ie	A B C cat then came the worst of all..... THE WITCH!!!! She ha ... # One mysterious night when I was Trick or Treating I heard a shouting
567	1693948	IE	G	roddydoyle.ie	A B C an unparalleled gift for transforming ordinary life into great literature. # Paddy Clarke Ha Ha Ha 1993 # Welcome to the world of ten-year-old Paddy Clarke, growing up in
568	1607667	IE	G	...reland.wordpress.com	A B C profess and go in the work, she would still be middle class. # Ha I see! I love the hymn count your blessings you posted.. though I
569	1621798	IE	G	soberpaddy.com	A B C saying goes, those in glass houses shouldnt get out of the kitchen... ha ha , i'm guilty as charged for being an armchair do gooder, not that
570	1667517	IE	G	irishcentral.com	A B C important women in the movement of Jesus throughout his ministry. 33 Comments # Ha ha.. I didn't see your post for 2 days.. Sorry to keep
571	1666920	IE	G	irishcentral.com	A B C bottom in order to get more people out in time. Was this done? Ha ! So thank you to " Rescue Me " for not being afraid to tell
572	1612579	IE	G	homepage.eircom.net	A B C Truth or Dare? Joey: No way you said that- Pacey: ah ha ha ha, Truth or Dare? Joey: uh, truth. Pacey: Okay
573	1662003	IE	G	imdb.com	A B C uncomfortable. # Roddy Doyle, the gifted fictionalist (Paddy Clarke, Ha, Ha , Ha, The Woman Who Walked into Doors, etc) wrote the novel
574	1606589	IE	G	community.eircom.net	A B C accross the road the houses are getting 100mb upc broadband! literaly 100 metres away ha . # anyways thanks for the help at least the speed isnt dropping constantly anymore
575	3776992	IE	B	wisewords.ie	A B C If you are still looking for a copy Kennys.ie offers free shipping worldwide! # Ha ha! Of course you know I would love to win! Thanks for the
576	1627859	IE	G	agriculture.gov.ie	A B C ) # General REPS Programme # 200/ha for first 20 ha 175/ha for next 20 ha up to 40 ha 70/ha for next 15 ha up to 55 ha 10/ha for
577	3857678	IE	B	wisewords.ie	A B C projects are all trucking along and you are enjoying your freedom from college! # Ha ha! Well, if you were my older and wiser brother then I would
578	1627859	IE	G	agriculture.gov.ie	A B C 55 ha # Natura 2000, commonage and NHA land # 242/ha for first 40 ha 24/ha for next 40 ha up to 80 ha 18/ha for next 40 ha up
579	3756427	IE	B	backpagefootball.com	A B C sick note on a free. Wonder if he wants to sure up the Ha Ha 's defence with the international pedigree of Haliche in the next window? Shall we
580	1646683	IE	G	...ellospirituality.com	A B C feel. So you proceed to feel it and you call it being vulnerable. Ha ! I call it being a puppet. So you want to be a puppet
581	1655334	IE	G	gavinsblog.com	A B C is harder now. Work hard - oops jobs are scarce, fuck you, ha ha ha. # ADVERTISING AND MARKETING # By the way if anyone here is
582	1648454	IE	G	doulaireland.com	A B C castor oil from working now that I was gushing from another place, too. Ha ha. No way to stop the castor oil, I now know. Anyway
583	3776993	IE	B	wisewords.ie	A B C is the smaller things in life that make us happy, eh? # Ha ha .. You know him Margaret... if someone else offers to cook for him'
584	1612582	IE	G	homepage.eircom.net	A B C Ok. As much as I appreciate your attempt to feign coolness, ha ha ha ha. You can't tell me this means nothing to you. Dawson:
585	1634977	IE	G	boards.ie	A B C anything but!!! I'm currently waiting for a call back (ha ha )!!!!! how am i gong to survive a 24mth contract
586	3766369	IE	B	annasaccone.com	A B C first picture. And no, even I have no idea who it is... ha ha ha! # I kind of went all out with the shearling today did
587	1612583	IE	G	homepage.eircom.net	A B C na freak out. This is our future. This is our whole lives. Ha ha ha! Ok, this is what you have to do. You have
588	1651121	IE	G	eoinbutler.com	A B C you bring me up something as well.if only it were as easy in real life ha ? id have a barber and hed give me a shave and a wash not
589	1702248	IE	G	teagasc.ie	A B C In the same period the total area devoted to HNS production also increased from 391 ha in 1997 to 465ha in 1999. Kildare remains the most important county in the
590	1709544	IE	G	ucc.ie	A B C Classe Rowe, En Leasignelteagh, Kiell Eany glann ban, Boha Bworagh and Boh ha Swinson, amounting to a quarter of land for which the occupiers render yearly as
591	1707233	IE	G	travelpennies.com	A B C , and contrasting fabric for the wings. # 7. Onto the sewing. Ha ! Only kidding. Use little bits of Wonder Web tape to stick on the
592	1651121	IE	G	eoinbutler.com	A B C can do it in your mans voice too.im meeting paul allen for lunch, ha ha ha.he has a sort of evil laugh then.im meeting paul allen for lunch what is
593	1707888	IE	G	tripadvisor.ie	A B C thinking Blimey 9.50 per night for a break away how bad can it be... ha ha nothing can prepare you for the shock you get when you arrive at this
594	1674979	IE	G	irishtimes.com	A B C . # " But -- ha -- those days are over for me now. Ha . Now I want to have sex with producers and financiers but can't get
595	3756278	IE	B	...rsekick.blogspot.com	A B C Guten Appetit! 4 comments: # You wouldn't get it in Supermacs ha ha. Well, I'm off to Salzburg tomorrow for a week so I
596	1655334	IE	G	gavinsblog.com	A B C you big old smelly thing. Ooh you smell like an old boot. " Ha ha ha. I don't see you running away. " I'm not
597	1655334	IE	G	gavinsblog.com	A B C . Drink that black worm jism. Drink it! Fill your little bellies. Ha ha ha. Send in Vanilla Ice. Hello Vanilla. Says here on your
598	3756538	IE	B	beaut.ie	A B C . Love that.. will defo purchase one of these to feed the habit ha ha # I spotted these on sephora website a while ago (they did a deal
599	1629136	IE	G	annasaccone.com	A B C is the outfit I wore shopping -- don't mind the random flip-flop, ha ha ha! Also the lighting is very dark, but we're having what I
600	1655334	IE	G	gavinsblog.com	A B C wand, and my hairy sack of magic. " You do tricks? " Ha ha ha. " What can you do with that? " Goat Boy can
601	1703313	IE	G	thejournal.ie	A B C Mick, lmao, you are the idiot a.k.a Garry as well aren't you ha ha, he set up another profile Eileen and has only just joined conversation after
602	1704160	IE	G	thejournal.ie	A B C , the kind that would never ask someone out, but.... I failed! Ha and in other news I lost my wages. Sad times. I'm all
603	1610094	IE	G	...ammycat.blogspot.com	A B C n't exactly break the bank, roll and butter included. # Shebah, Ha Ha , I can't complain about other people on the plane as the last long
604	1626990	IE	G	9beanrow.com	A B C pails who crowd the footpaths and expertly weave between the thousands of mopeds that throng Ha Noi's streets. Salted and chillied mango, almost every part of the pig
605	1621948	IE	G	sortedmagazine.com	A B C that's great, yeah, they can do that if they want, ha ha ! " # On first impressions, Daniel may seems a little shy. He
606	1667226	IE	G	irishcentral.com	A B C the fires of hell.. hope you enjoy a very hot curry every day.. ha ha # Report abuse # 2BorNot2B Jan 11, 2011, 04:36 PM EST #
607	3857095	IE	B	thinkorswim.ie	A B C . # Afforestation: Fine Gael will develop a new ambitious afforestation programme of 15,000 ha per annum as part of our NewERA strategy to feed the bio-energy production industry.
608	1633300	IE	G	boards.ie	A B C have come across a major problem,, my car is a mercedes (old ha ), and the hand brake is applied by foot and released by hand,
609	3766367	IE	B	annasaccone.com	A B C probably now as much of an outie as it'll ever be... ha ha ha ! # Wedding rings on or off? On. # Happy or moody most
610	1639633	IE	G	celticthunder.ie	A B C this side of the pond, makes the world safer, ha, ha, ha ! See you in Nov. at REH; I'll be in row 2!
611	1602189	IE	G	...mericaninireland.com	A B C to people, why would you be mean?? Beyond me!! # Ha ! that exchange between you and the postal worker is classic (and made me
612	3764645	IE	B	...diaries.blogspot.com	A B C Sieg Abortions. Jawohl Mein General. Nothing can stop us now. Nyah ha ha G Force. Ein most bigoted collection of brain dead atheistic sovietising Nazi scheisskopfen in
613	3846456	IE	B	cormachogan.com	A B C is still active. # Locks can be preempted. Consider a situation where vSphere HA detects a host failure and wishes to start a VM on another host in the
614	1698258	IE	G	sineadoconnor.com	A B C What happens is, when you marry someone you marry their family as well... Ha !! So there was a lot of pressure on me not to be me
615	1677219	IE	G	...ohnconnollybooks.com	A B C . The only adequate response is to pray that their relationships break up calamitously. Ha ! See how bloody reassuring they find it then.) # 2. It
616	1612042	IE	G	handmadebymeblog.com	A B C where I will wish I could hear just 5 minutes of christmas FM (ha ha we will see about that one). # However in the eastern cape I
617	3773551	IE	B	paddydoyle.com	A B C abuse of power and violence. But the fact is, our political leaders ( ha !) have no MORALS, so they will never feel remorse for the physical
618	1669898	IE	G	irishhealth.com	A B C before doing a preg test, even if it was the immaculate conception Ha Ha Ha !!!!!!! You should try acupuncture, it's v
619	1626990	IE	G	9beanrow.com	A B C retrospect embarrassed at my efforts which in contrast to the tight and firm rolls in Ha Noi are somewhat limp and sagging. A bit like making home made sushi,
620	1621798	IE	G	soberpaddy.com	A B C that flick in ages, and its true, white men cant jump... ha ha . # the photo, classic, but what did strike me when i was
621	3856518	IE	B	state.ie	A B C 's not there because he knows that it's a giant prank. Ha bloody ha . Let's give awards with ridiculous names to Britney Spears, 30 Seconds To
622	1671852	IE	G	irishtimes.com	A B C imagine the cloud that would be hanging over Punchestown for the rest of the day ha ha # Saw Doctors: Get the crowd going and have a good old bit
623	1667314	IE	G	irishcentral.com	A B C the Gate (" Dis can't goin' on any longer " *Ha ha ha haaah* " so the woman with eyes on the man on the viagra said)
624	3852732	IE	B	dreamingaloud.net	A B C tell me to relax, but in truth, this is how I can. Ha ! I've just realised why I catered for my own wedding! # Then
625	1655334	IE	G	gavinsblog.com	A B C old smelly thing. Ooh you smell like an old boot. " Ha ha ha . I don't see you running away. " I'm not scared of
626	1635256	IE	G	boards.ie	A B C and as you can imagine that didn't go as well as I had wanted ha . # I'm going to have to dig up my old details for this
627	3775975	IE	B	thinkorswim.ie	A B C you know that, Mr Bond. " # http: //www.climatechange.ie John Gibbons # Ha ha ha. Very amusing Coilin -- if I ever manage to recycle it into
628	1627859	IE	G	agriculture.gov.ie	A B C 120 ha 5/ha for areas over 120 ha # 316/ha up to maximum of 2.5 ha 21/ha up to maximum of 40 ha 43/ha up to max area of 20 ha
629	3765271	IE	B	trickaduu.com	A B C up producers and TV executives like they're the hottest girl in the room. Ha ha ha. That's so funny. You're hilarious. So bright too
630	1635621	IE	G	bobbysandstrust.com	A B C have this desire for brown wholemeal bread, butter, Dutch cheese and honey. Ha !! It is not damaging me, because, I think,' Well
631	1612583	IE	G	homepage.eircom.net	A B C freak out. This is our future. This is our whole lives. Ha ha ha! Ok, this is what you have to do. You have to
632	3775539	IE	B	thejournal.ie	A B C know,' I'm so desperate I'll need to sell my body, ha ha.' And then I suppose because I wasn't working I had loads
633	1605658	IE	G	charles-mount.ie	A B C 140,000 sites included in the RMP results in a ratio of one site per 49 ha . Using this as a starting point the general number of potential sites can be
634	1704366	IE	G	thejournal.ie	A B C can push through &; the awful moment you know you can't! Ha ha ha probably just rushing home on a Friday!! Poor fool! # It reminds
635	1612583	IE	G	homepage.eircom.net	A B C out. This is our future. This is our whole lives. Ha ha ha ! Ok, this is what you have to do. You have to go
636	3766363	IE	B	annasaccone.com	A B C I was going back to school just so I could use this caseable... ha ha ha! Imagine how cute it would look in your backpack! So, if
637	3766368	IE	B	annasaccone.com	A B C Albi on the other hand are enjoying the peace and quiet for once, ha ha ha! Here's Sina come to join me in my OOTD! Love her
638	1612431	IE	G	homepage.eircom.net	A B C is worth it. Once the image is built vibrate the god name? Adonai ha Aretz? (Ad-on-a-ee ha Ar-ets). # Having duly activated the major qabalistic
639	1648566	IE	G	dreamingaloud.net	A B C meals around what we already have in the cupboard to make some room! Ha ha . # I still have a Christmas pudding from Christmas 2010 waiting on our store
640	1637043	IE	G	broadsheet.ie	A B C in them and the ones on the left have the rubbish in them. Ha Ha that could be embarrassing. Hang on wasnt there 57 of these bags here yesterday
641	3756561	IE	B	beaut.ie	A B C nails are much stronger since I moved to a hard water area! # Ha ha am with Feef on this one. You are all Mad!!! But
642	1702244	IE	G	teagasc.ie	A B C per cow (kg) # 118.3 # 283.1 # 202.9 # Milk fat per ha (kg) # 258.1 # 965.0 # 552.0 # Milk protein (g/kg)
643	1705779	IE	G	thesession.org	A B C some sessions where you wont be allowed to play one ha ha ha ha ha ha ! I think thats in the north west of that northern province that isn't
644	1706802	IE	G	tonyclaytonlea.com	A B C , which was even further added to by the success of Paddy Clarke Ha Ha Ha (which remains one of the best-selling Booker Prize-winning novels). # From then
645	1603373	IE	G	beaut.ie	A B C over here with Laughter, my kids thought i was having a fit, HA HA HA HA HA HA HA HA, i have to say, i feel the
646	1674979	IE	G	irishtimes.com	A B C ' Oh, you're such a pretty actress'. # " But -- ha -- those days are over for me now. Ha. Now I want to
647	1705468	IE	G	thesession.org	A B C an attempt to keep out the session crashing tourists (i.e. Americans) " # Ha , I'm Irish, and I couldn't play in a session because a
648	3764645	IE	B	...diaries.blogspot.com	A B C . Sieg Abortions. Jawohl Mein General. Nothing can stop us now. Nyah ha ha G Force. Ein most bigoted collection of brain dead atheistic sovietising Nazi scheisskopfen
649	1619631	IE	G	...erblog.wordpress.com	A B C window! I vowed to be on my guard the second night. But ha ha , you can't legislate for Felix! # Tomorrow I'll tell you about
650	1639634	IE	G	celticthunder.ie	A B C , personable and funny.. oh yeah, and the music was great too ( ha ). Had a fantastic night, it was wonderful to see Ryan back on
651	1603342	IE	G	beaut.ie	A B C and it's also present in one of Vichy's newest launches, LiftActiv Retinol HA Total Wrinkle Care. More expensive lines like Murad, Medik8, DDF and Matis
652	3852638	IE	B	dlscouts.ie	A B C . When myself and Seamus eventually made it back from our very stressful morning ( ha ha) We helped to run bases around the village and surrounding area. #
653	1603409	IE	G	beaut.ie	A B C pretty much all the hard work you just did useless as I discovered -- ha ha ! I just used Carmex lip balm. # This entry was posted on Friday
654	1633891	IE	G	boards.ie	A B C see what happens your right get more qualified move savings and keep the party going ha # OP, If you are unlikely to need the 40k for a house purchase
655	1655334	IE	G	gavinsblog.com	A B C now. Work hard - oops jobs are scarce, fuck you, ha ha ha . # ADVERTISING AND MARKETING # By the way if anyone here is in advertising
656	1627861	IE	G	agriculture.gov.ie	A B C # 106/ha # 15/ha # Horticulture Holdings Only # Horticulture Area >= 6 hectares ( ha ) # Horticulture Area > 6ha and up to 55ha # Horticulture Area > 55
657	1712988	IE	G	wisewords.ie	A B C only fitting that they do the job! See you soon! xxx # Ha ha ! No. I have moved a LOT over the last 6 years Kale and
658	3854125	IE	B	irishcentral.com	A B C to be born in Ireland.. if you get to born that is... ha ha # Report abuse # TayandCake Nov 29, 2012, 09:01 PM EST # Thick
659	3766366	IE	B	annasaccone.com	A B C sleeps, feeds &; smiles (especially when she's about to poop! Ha ha ha!) # Pretty in pink! This was her going home outfit.
660	3771082	IE	B	irishexaminer.com	A B C a joke, he says " lol ". I have to say, " Ha , ha! " because otherwise, I tell him, " I'll sound
661	1629138	IE	G	annasaccone.com	A B C piano, and never ever disappointed my parents. I was a total goody-goody... ha ha ha:) # However I was also (at the time) frustrated
662	1655334	IE	G	gavinsblog.com	A B C Drink that black worm jism. Drink it! Fill your little bellies. Ha ha ha. Send in Vanilla Ice. Hello Vanilla. Says here on your application
663	1694129	IE	G	rollercoaster.ie	A B C which will take ALL my Christmas money. I'm so sad....... # Ha ha ! Did my first shopping yesterday and bought so little. We are not family
664	1651121	IE	G	eoinbutler.com	A B C allen-i can do it in your mans voice too.im meeting paul allen for lunch, ha ha ha.he has a sort of evil laugh then.im meeting paul allen for lunch what
665	1605007	IE	G	cakeinthecountry.com	A B C GOOD KIND i.e. 70% cocoa solids. Yeah. Bring it on 250g butter. Ha . Bet you hate me now. You will when you see how much butter
666	3767674	IE	B	...errysuedointhedo.com	A B C believe you will be able to sleep as normal with them in.... # Ha ha ! I don't think it's funny you lost sleep as I am also
667	1634977	IE	G	boards.ie	A B C are anything but!!! I'm currently waiting for a call back ( ha ha)!!!!! how am i gong to survive a 24mth
668	1710653	IE	G	universitytimes.ie	A B C a sense of humour. I enjoyed the article. # Enda # Ha. Ha . Ha. This has backfired cos I wouldn't go near Trinners now #
669	3767699	IE	B	chloechau.com	A B C and my belongings were there. I even took over his room and his wardrobe ha ha. # Kaspars helped me throughout the year to get over my eating'
670	1634972	IE	G	boards.ie	A B C . They also give you 300 at the start of the year for books ( ha !) and you CAN work a few days aswell if you choose (had
671	1621950	IE	G	sosueme.ie	A B C . I'd say we were up for the night (as sleepovers usually go ha ) Anyway we were messing away when I heard a noise. I asked them
672	3856830	IE	B	thejournal.ie	A B C marginalised minority groups and increased the letigious nature of society where someone can say' ha ... gotcha...' and creates the possibility of retaliation. Legislation is window dressing
673	1607653	IE	G	...reland.wordpress.com	A B C it better myself. # Still trying to flush the names out..... ha! ha ! ha! You slate the " instigators " (as you call them)
674	1641436	IE	G	cluas.com	A B C with Juniper before they split and I came off stage and I was like' ha ?' - I actually missed the gig cause I was so focussed on the
675	1711383	IE	G	...roberesurrection.com	A B C . I was working till 6pm and then went out for a few sneaky drinks ha ha # Ok most importantly what did you wear? # We had to wear
676	1634865	IE	G	boards.ie	A B C the debate on frontline about secularism... very interesting and what a coincidence! # HA I can take that one! My Dad died last year and we only got
677	1655334	IE	G	gavinsblog.com	A B C with the source of life, which exists in all of our hearts. Ha ha That middle man thing, it's wacky and I appreciate it... Got ta
678	1629139	IE	G	annasaccone.com	A B C time! It involves the Stokke carrier... but not with Albi in it, ha ha ha! (Look at his little foot peeking out, it cracks me
679	1634281	IE	G	boards.ie	A B C and I do feel the lack of endurance when I'm going for long ( ha ) runs - the end of my 12 mile run on Sunday was tougher than
680	1675024	IE	G	irishtimes.com	A B C my wife while doing that film. Hey, I am an actor now. Ha ha! " # Yes indeed. In August 2009, he married Alexandra Maria
681	1629139	IE	G	annasaccone.com	A B C ! It involves the Stokke carrier... but not with Albi in it, ha ha ha! (Look at his little foot peeking out, it cracks me up
682	1667122	IE	G	irishcentral.com	A B C Report abuse # sirpeter Apr 13, 2011, 03:21 PM EDT # antoman.. ha ha.. Yeah.. A lash of rice won't cost to much. We
683	1706819	IE	G	tonygriffin.org	A B C search of himself or something. Ha ha. # Commentator and Co-commentator: Ha ha , Well he is back with Wexford now. # As I drove along I
684	3758824	IE	B	edible-ireland.com	A B C 5yrs old) still asks if were going to " bon appetit " on sunday ha , i think its a great offer that kids eat for free on sundays,
685	3774001	IE	B	psychicsoftware.com	A B C .. you think I don't known their names! Sam: j/k Jason: ha Sam: phew, I bluffed my way out of that one. It came
686	1655334	IE	G	gavinsblog.com	A B C big old smelly thing. Ooh you smell like an old boot. " Ha ha ha. I don't see you running away. " I'm not scared
687	1655334	IE	G	gavinsblog.com	A B C ... Got ta run, there's a voice a-callin' me. Ha ha ha . Now you guys are totally weird sexually. Here's why. Oh yeah
688	1607416	IE	G	darraghmcmanus.com	A B C lift or something? Ha ha! An after-life hitcher!' # ' Ha ha yourself. You got a better one?' # ' He doesn't,
689	1629139	IE	G	annasaccone.com	A B C It involves the Stokke carrier... but not with Albi in it, ha ha ha ! (Look at his little foot peeking out, it cracks me up!
690	1655334	IE	G	gavinsblog.com	A B C music that has enhanced your lives throughout the years? Rrrrreal fucking high, ha ha ha ho ho. ok # ON MUSIC # The Beatles were so high they
691	1634977	IE	G	boards.ie	A B C anything but!!! I'm currently waiting for a call back (ha ha )!!!!! how am i gong to survive a 24mth contract
692	3768358	IE	B	davidmcwilliams.ie	A B C opportunity slip. # Ps don't tell the yes side this Keep it Country Ha Ha # If the opinion polls are suggesting that the over 55 are most likely
693	1702875	IE	G	thedailyspud.com	A B C said to myself... ok, someone's been hanging out with bethany! ha ha ! i too had the honor of tasting chef b's phenomenal cooking. including
694	1697445	IE	G	shanemacgowan.com	A B C I only really know The Commitments, The Van, The Snapper and Paddy Clarke Ha Ha Ha. For a good laugh he's a great read and that's
695	3756538	IE	B	beaut.ie	A B C ... Love that.. will defo purchase one of these to feed the habit ha ha # I spotted these on sephora website a while ago (they did a
696	1621954	IE	G	sosueme.ie	A B C been to one concert in my whole entire life and that was in 6th class ha . Im pretty sure Ive forgotten what they're like. (: x
697	3757933	IE	B	conorbofin.com	A B C more photography or cooking equipment into the house, I will be divorced! # Ha -- wishing there was' scratch n' sniff' for the Lamb shot.
698	1703886	IE	G	thejournal.ie	A B C i remember King Bertie crying and all the ol dears saying give him a chance ha lovely ol rogue like Charlie well these little rogues robbed and raped the country.As for
699	1621798	IE	G	soberpaddy.com	A B C " too busy digging to realise how to hold the thing properly, ha ha ha .. but with any charity you need to cover all angles, you need organisation
700	1712982	IE	G	wisewords.ie	A B C through the night to produce a decent piece. # So speaking of mince ( ha ha) and procrastinating. I was faced with needing a distraction. I had
701	1629139	IE	G	annasaccone.com	A B C going bonkers from just lying around all day being a feeding machine! Ha ha ha ... # Emilia is growing at a rapid rate -- she's already outgrown all
702	1635621	IE	G	bobbysandstrust.com	A B C . Never would I have touched it, but it was a starving nuisance. Ha ! My God, if it had have attacked, I'd have fled.
703	1666995	IE	G	irishcentral.com	A B C " It was an extremely happy marriage ".. Eight months it lasted.. ha ha . She brings these guys into her children's life's and if he's
704	3768358	IE	B	davidmcwilliams.ie	A B C slip. # Ps don't tell the yes side this Keep it Country Ha Ha # If the opinion polls are suggesting that the over 55 are most likely to
705	1696772	IE	G	scoilnet.ie	A B C . He supports Man Utd. His birthday is the 2nd of May. Mossy ha ... # The best match ever was QPR vs Barnsley. In the like,
706	3856518	IE	B	state.ie	A B C Except he's not there because he knows that it's a giant prank. Ha bloody ha. Let's give awards with ridiculous names to Britney Spears, 30
707	3854065	IE	B	irishbikerforum.com	A B C being another IBF'er) # We're a soppy lot too though... ha, ha !!! (feeling the love... LOL) # I hate leaving my
708	1704248	IE	G	thejournal.ie	A B C other people gettin medals lik firepeople, doctors, bankers and retail people. # Ha . Judging by your use of the English language and spelling mistakes, I am
709	1713717	IE	G	yelp.com	A B C been around since 1877, its reallyl been in for the long haul! ha ha im so funny! okay sorry, i wont make a stupid joke like that
710	1706802	IE	G	tonyclaytonlea.com	A B C to an opening night unless there's a friend involved. " # Paddy Clarke Ha Ha Ha # Now in his 50s, Doyle's back-story is reasonably well known
711	3857765	IE	B	yourbeauty.ie	A B C as these babies are blatantly coral blushers. Yes, the obsession continues bwahaha ha ha ! # Here are some of my most favorite ones from my collection: #
712	1700626	IE	G	stonepages.com	A B C 427m (1401ft) in diameter covers an area of some 28 acres (11.5 ha ). Although not so immediately impressive as Stonehenge, it is an extraordinary site
713	3766364	IE	B	annasaccone.com	A B C about 30 newborn nappies! Yes, they're all stuffed in this bag. Ha ha ha! I still can't believe you have to take so many...
714	1667918	IE	G	...ultureandcustoms.com	A B C took to looking under the little metal statue to see if someone had removed the ha ? penny. But it was always there, and my mother always believed,
715	1713686	IE	G	yelp.com	A B C months i have managed to VETO Howl. Yes you see theres something funny not ha ha about the place. Everyone has described its layout and the likes fantabulously so
716	1693866	IE	G	robotwisdom.com	A B C . He continues down the hall to the front door where he dons his highgrade ha , exits without locking, and bears left as he crosses the street. On
717	1629140	IE	G	annasaccone.com	A B C for it anyway at this point. Those feckers hurt like hell!! Ha ha ha... # At this point I was in so much pain everytime a contraction
718	1627859	IE	G	agriculture.gov.ie	A B C PAYMENT RATES (PER ANNUM) # General REPS Programme # 200/ha for first 20 ha 175/ha for next 20 ha up to 40 ha 70/ha for next 15 ha up
719	3773747	IE	B	...hilmacgiollabhain.ie	A B C you stand on your OWN two feet? Only time will tell. # Ha Ha your dead, and Im so happy at your demise I'll stand by and
720	1637019	IE	G	broadsheet.ie	A B C ) and they've all been horribly let down. A real shame. # Ha , I work with a lot of English and Americans who always go on about
721	1620690	IE	G	...emonade.blogspot.com	A B C in the coma and Jessica promising to be a better sister from now on. Ha ! Let's not hold our breath on that count. But will Liz come
722	1612574	IE	G	homepage.eircom.net	A B C headed from hunger. I? m just wacky. And kidding! Ha, ha . " # Russell (to Angel): " You made a very big
723	1690003	IE	G	...hilmacgiollabhain.ie	A B C 'm scunnered on the streets of glasgow.. i wouldn't go that far, ha ! # Turnbull Hutton, I must admit I do not know much about the
724	1704176	IE	G	thejournal.ie	A B C little backwater of the solar system. # A " class A " planet. Ha ha watching too many re-runs of Star Trek are we? As well as talking
725	3774193	IE	B	riverdance.com	A B C for the female lead of Riverdance, but what can I say? Ha! ha ! # Julian: You have just finished 3 weeks in South America, how
726	1603439	IE	G	beaut.ie	A B C issue any gift vouchers, so people would lose the rag with you because they ha to exchange for stock instead and it was a disgrace and why Can't you
727	1605319	IE	G	...herineryanhoward.com	A B C feel I need to be prepared for the day I'll become famous overnight ( ha ha!) # Now you have me wondering about something I didn't think
728	1630926	IE	G	...icphilanthropies.org	A B C Nam. # Dr. Phuong became a Programme Executive and head of the office in Ha Noi in 2003. Prior to that, he consulted on Atlantic's grantmaking in
729	3760185	IE	B	...ingmist.blogspot.com	A B C . I of course had the good sense to take a change of clothes, Ha . We were getting quite cold as there was another frost on the way so
730	1619675	IE	G	pamstucky.com	A B C could but I'm not sure. I think they begin with a c..... ha , how's that for trusting your subconscious memory -- I just typed in "
731	1713696	IE	G	yelp.com	A B C fo the liffey it is in dublin ten so is officially a southside park! ha ha! Review from Karina C. # I lived on the North Circular Road
732	1625352	IE	G	...threads.blogspot.com	A B C in need at the end of the night! I'm head over heels ( ha ) in love with them, they're so edgy and Gaga-esque. The gorgeous
733	1684953	IE	G	mrs2be.ie	A B C have far to go back to the hotel as we were staying there # Ha ha , I was there on Sat night too Its a small world - its called
734	1674096	IE	G	irishtimes.com	A B C . But Binoche never appears in the seamier corners of the tabloids. # " Ha ha! No. Why? In France it is easier. In England it
735	1698933	IE	G	slowmagazine.com	A B C . Nobody likes indie music. That was my era? indie kid. Ha ha , I hate all that shit. You see at home I don? t
736	1669898	IE	G	irishhealth.com	A B C Do i really talk that much sense???????? Ha Ha!!! It's nice to know you all appreciate my words to
737	1664247	IE	G	independent.ie	A B C " It is now a specific offence to smuggle drugs into a prison., Ha ha ha. # But it's been a specific offence to have drugs anywhere for
738	1639584	IE	G	celticthunder.ie	A B C this time it was great (dances) anyway ha ha enough of my dancing ha but we were surrounded by Thunderhead's that made me so happy cuz they did
739	1667517	IE	G	irishcentral.com	A B C promise. I love Ireland and my fellow Irish more each day " Unquote.. ha ha ha. I rolled around the place laughing Creaky. She rattled you to
740	1704109	IE	G	thejournal.ie	A B C your Palestine-obsessed head long enough to offer her consolation? Or would you just write ha ha ha? Sarcasm has its place in life, but not when it's
741	1612689	IE	G	homepage.tinet.ie	A B C , but it's handy to have around. # REMOTE CONTROL -- female. Ha !... you thought it would be male. But consider this: it gives
742	1605399	IE	G	...lounge.wordpress.com	A B C currently riding at almost 34% in the polls if you throw in the greens ha ha your at nearly 42% when were we last in this position. This country has
743	1712988	IE	G	wisewords.ie	A B C your readers that inspire me. xxx Looking forward to seeing you soon! # Ha ha ha -- right first time around! NO -- I am not a natural blond
744	3773567	IE	B	patbreen.ie	A B C a small role in assisting the Minister when I met the justice Minister, Mr. Ha Hung Cuong, during a visit to Vietnam last year. Adoptions from Vietnam have
745	1702184	IE	G	teagasc.ie	A B C for forestry or about 10.8% of total land. # Approximately 80% (3.36 million ha ) of agricultural area is devoted to grass (silage, hay and pasture)
746	1669898	IE	G	irishhealth.com	A B C # Hi rk &; pc. next monday is my start date all going well. ha healthy eating whats that. ah no I'm doing better with the exercise than
747	1713695	IE	G	yelp.com	A B C friends and family won't skimp when they buy me whiskey from now on, ha ! # One thing I will mention: skip the food at the restaurant on
748	1708522	IE	G	tripadvisor.ie	A B C your fruit dry fruit again in home.. its less than you purchased.. ha ha so beware of small open road side vendors
749	1711912	IE	G	weddingsonline.ie	A B C think about that though!!! Will DTD tonight and again tomorrow. # Ha Madame B I was the exact same - preseed and pillow. That preseed stuff
750	1629135	IE	G	annasaccone.com	A B C teenage girls go out and buy prenatals just for the beauty benefits, ha ha ha ! Ask your doctor about that one!! I just want to be honest
751	1704258	IE	G	thejournal.ie	A B C Sean. Maybe you can get Aengus to print them for you. # Ha ha . Mcguinness is trying to backtrack now. On the night did he not announce
752	1712989	IE	G	wisewords.ie	A B C in September 2012. Can I have a go of your machine? xxx # HA ha ha!! I am the queen of time travel and have just fixed
753	1712990	IE	G	wisewords.ie	A B C and look very yummy too. Love the smell of wild garlic! # Ha ha ! Nope. I CA N'T! I am tongue-tied till Friday May 11th.
754	1712989	IE	G	wisewords.ie	A B C September 2012. Can I have a go of your machine? xxx # HA ha ha!! I am the queen of time travel and have just fixed my
755	1713666	IE	G	yelp.com	A B C ocean because don't get me started on what whales do in there! " ha ! Review from Robert F. # Kissed it for the gift of gab....
756	3771683	IE	B	jenipurr.com	A B C and make this my Olympics project. A week is lots of time! # Ha ha ha. # A week is a lot of time, yes, but
757	1678760	IE	G	kinsalecrystal.ie	A B C my wife is very pleased, I can do no wrong for the next week HA HA Regards to you all G T Maguire, Western Australia # Dear Anna
758	1607416	IE	G	darraghmcmanus.com	A B C ' So, what? He was trying to bum a lift or something? Ha ha! An after-life hitcher!' # ' Ha ha yourself. You got
759	1619022	IE	G	nrastandards.nra.ie	A B C BE, HD, SH or TD and advice notes by the letters BA, HA and TA. # 1.2 The Standards and Advice Notes of Volumes 1 to 9
760	1626156	IE	G	...ugee.myfastforum.org	A B C happen # God? Now there's another superstition!!! # Sandrita # ha I do wave at magpies!!! My dh used to wonder what I
761	3845568	IE	B	beaut.ie	A B C protective spray. Cant believe I forgot to vote for them in the awards ha ha # Cant live without my Naked 1 palette- both were out when I was purchasing
762	3764568	IE	B	...lyedge.thejournal.ie	A B C by his middle age people were sick of him. # True Dario, Ha Ha Smith, do nt know who you were talking to. Next time your admiring
763	1655334	IE	G	gavinsblog.com	A B C that fire that burns real far deep inside of' em. " Ha ha ha " Oh Goat Boy, what's that? " That is my purple wand
764	1653644	IE	G	fingalcoco.ie	A B C on the private car. The plan provides for a density of 25 dwellings per ha (10 dwelling per acre). The housing yield is estimated to be an
765	1667323	IE	G	irishcentral.com	A B C . # Report abuse # STEVENSTAR Apr 07, 2012, 05:44 PM EDT # HA HA HA HA!!! # Report abuse # sirpeter Apr 07, 2012
766	3758077	IE	B	cormachogan.com	A B C vSphere HA again plays a role -- the Virsto appliance is being monitored by VMware HA using VMware Tools Heartbeat Monitoring, so if it fails, it gets re-started.
767	3771082	IE	B	irishexaminer.com	A B C on with Anonymous. " # It makes me feel a little better. " Ha , ha! " I say. Because Anonymous is something that belongs to a
768	3762364	IE	B	nialler9.com	A B C to go on Fool's Gold Records. Check out the boptastic day-glowing video for Ha Ha Ha. Baio # Like the rest of his fellow Vampire Weekend bandmates
769	3776992	IE	B	wisewords.ie	A B C you are still looking for a copy Kennys.ie offers free shipping worldwide! # Ha ha ! Of course you know I would love to win! Thanks for the nice
770	1630289	IE	G	askaboutmoney.com	A B C property is a good bet now. I can't believe I am thinking this ha ha ha # Let me know how you got on as I have more funds
771	1703886	IE	G	thejournal.ie	A B C shower get back into power I am getting out of this country. # Ha ha ha ha.... Rfl... Ridiculous! No body is that stupid as to slink
772	1648454	IE	G	doulaireland.com	A B C oil from working now that I was gushing from another place, too. Ha ha . No way to stop the castor oil, I now know. Anyway.
773	1675024	IE	G	irishtimes.com	A B C we listened to Bebop. We wore berets and clicked our fingers a lot. Ha ha! We had biographers come in to us. We had Neal Cassidy's
774	1612382	IE	G	hoganstand.com	A B C . # 16/11/2012 14:52:49 # yewtree County: Mayo Posts: 4045 # 1298686 # ha - mad stuff # 16/11/2012 15:00:22 # HurlerOnTheFenc County: Mayo Posts: 65 #
775	3776992	IE	B	wisewords.ie	A B C it to Galway Magda and we will have lunch or supper together x # Ha ha ha... Sunds like a very strange craving there bro. Too early for half
776	3756555	IE	B	beaut.ie	A B C and the other girls are like " why are you so scary?? " Ha ha! # And hate all of these sexy/slutty costumes -- for once could use
777	3852122	IE	B	chloechau.com	A B C . After a few dr inks, everyone bonded. Got ta love liquid fun/courage ha ha ha # John s and Amys house was so muc h fu n!
778	1629138	IE	G	annasaccone.com	A B C and never ever disappointed my parents. I was a total goody-goody... ha ha ha :) # However I was also (at the time) frustrated, unhappy
779	1667226	IE	G	irishcentral.com	A B C fires of hell.. hope you enjoy a very hot curry every day.. ha ha # Report abuse # 2BorNot2B Jan 11, 2011, 04:36 PM EST # Atheists
780	1607416	IE	G	darraghmcmanus.com	A B C a lift or something? Ha ha! An after-life hitcher!' # ' Ha ha yourself. You got a better one?' # ' He doesn't
781	1639584	IE	G	celticthunder.ie	A B C but hearing him say that sentence in his Irish accent ya that was hot ha ha well anyway it was time for show time I am going to give a review
782	1703637	IE	G	thejournal.ie	A B C n't think deserve the disparaging title that you gave them.... Tim Henchin # Ha ha no wonder O'Shea is pissed off about having his snout kicked out of the
783	1667455	IE	G	irishcentral.com	A B C be awakened here in America on our watch. 79 Comments # johnnyb , ha u crack me up all you sly bogwankers. Dipsticks of the world unite you
784	1685650	IE	G	mylocalnews.ie	A B C the District final in Glasgow on the 12th and 13th of November. Speakeasy toastmasters ha .. More.. # Speak Easy Toastmasters-- " Barn Bracks a. Mallow 16 October
785	1638048	IE	G	caminodesantiago.me	A B C wry smirks from other pilgs, so I'm not worried about that! Ha ha ! # Buen Camino! # Tyrrek, # This sounds like a great way
786	3852481	IE	B	davidmcwilliams.ie	A B C currency. so you are all right jack because you have no personal debt. Ha ha too bad, you are wrong. As the value of all the currency
787	1610576	IE	G	foot.ie	A B C although i was well aware of that info already hows buky by the way ha ha # ha ha!! Buckey?? that it?? do nt fully
788	1693699	IE	G	riverdance.com	A B C 'd expect for the female lead of Riverdance, but what can I say? Ha ! ha! # Julian: You have just finished 3 weeks in South America
789	1604938	IE	G	...essetc.thejournal.ie	A B C The whole system is lip-service to need rather than real tangible support. # Ha ha , Reada I got that p45 a long time ago;) Hate the notion
790	1688220	IE	G	oddsocksrevival.com	A B C for more booze. As I pointed out already, I already had mine. Ha ! So we split paths and a few of us headed off to the rave
791	1655334	IE	G	gavinsblog.com	A B C , Bill seriously this Goat Boy thing, it's getting weird. " Ha ha Except for some of my goat children. laughs, points into the audience "
792	1633117	IE	G	boards.ie	A B C stays away eek! # LOL, i laugh in the face of exercise, ha exercise she says, its a whole lotta work just tryin to get out of
793	1624811	IE	G	...escore.thejournal.ie	A B C numbskull had never even been to Manchester, never mind Old Trafford!! # Ha ! Don't worry, sounds pretty similar to being a Liverpool fan and suggesting
794	1670040	IE	G	irishhealth.com	A B C everyone but she knows best cos she works in the KITCHEN of a nursing home ha . # Shady Posted: 15/09/2008 10:27 # Hi all I look in on this
795	3770802	IE	B	irishbikerforum.com	A B C , The light at the end of the Tunnel has been Turned off! # Ha ha Wesi, sounds like me and my mates when I was a youngfella.
796	1703972	IE	G	thejournal.ie	A B C here eh johnny. Yeah right, they voted NO but they really meant yes Ha !! I know there are some very stupid and very gullible anti-smokers out there
797	1674811	IE	G	irishtimes.com	A B C thought occurred that maybe the Heineken Cup was losing a little of its magic. Ha ! This was Munster in Thomond Park after all, and as the home pack
798	1693555	IE	G	richardmoles.com	A B C throughout his career. I wonder what he would think of me being a MP Ha , Ha! Surprise about him serving on the Macedonian Front and I suppose the
799	1667296	IE	G	irishcentral.com	A B C saving the last of their colonies the Falkland islands.All 62 people were very grateful... ha ha ha
800	1630289	IE	G	askaboutmoney.com	A B C a good bet now. I can't believe I am thinking this ha ha ha # Let me know how you got on as I have more funds maturing in
801	1685118	IE	G	mt-gaming.com	A B C if I have any. # Liked: Chatting up *****es, mufti day ( HA do you remember that ****!?) Disliked: My art teacher turning me
802	1667140	IE	G	irishcentral.com	A B C craic' in most places outside of Ireland and such has consequences. Ha, ha , ha, ha just kidding, personally believe that Irish people traveling outside of
803	1655334	IE	G	gavinsblog.com	A B C and my hairy sack of magic. " You do tricks? " Ha ha ha . " What can you do with that? " Goat Boy can make a
804	1667493	IE	G	irishcentral.com	A B C to the north-west of the Phoenix Park. The estate of 78 acres (32 ha ) consists of extensive private gardens with stands of mature cypress, pine and oak
805	3765058	IE	B	...threads.blogspot.com	A B C skinny kid in school... I am now 23 and not much has changed ha ha : -P I can not count the number of times I have been questioned by
806	1706330	IE	G	thewonderoflight.com	A B C Brian 1 Comment # Pat Tobin September 15, 2012 at 6:58 pm # Ha Ha, class shots Ciaran, inspiring stuff but the insight into how to get
807	1646208	IE	G	davidmcwilliams.ie	A B C machine, that will scare the jocks of the dumbed down fools,,, ha haaaaaaaaaa # I've got shares in Irish Banks and an interest in commercial property
808	1672926	IE	G	irishtimes.com	A B C figure, " says I chancing my arm. # " Ha, ha, ha . Eh, no. When others start publishing numbers I will look to that
809	1637315	IE	G	broadsheet.ie	A B C negative to have Michael Lowry involved with the project? " # O'Connell: " Ha ha. I, it's, it's, it's not up to
810	3771555	IE	B	irishtimes.com	A B C place could go on for decades. Stupid Portland only managed seventh place. Ha ha ! Take that supposedly hip Pacific North East with your hemp hats, stupid facial
811	1712984	IE	G	wisewords.ie	A B C . It's in my DNA! I can't be saved! # Ha ha ha -- Caroline, I love it. Mum will be so happy to know
812	1710653	IE	G	universitytimes.ie	A B C much of a sense of humour. I enjoyed the article. # Enda # Ha . Ha. Ha. This has backfired cos I wouldn't go near Trinners
813	1603372	IE	G	beaut.ie	A B C he'd be any more impressed with this treatment than he is with that # Ha Blondie, my dog's the same! She hates being clean and after a
814	1623112	IE	G	...sancrosstelltale.com	A B C !) " I t's part of Life's rich... (ha ha ha ) tapestry!! " Yes! And it's on a tapestry. (
815	3776425	IE	B	tya-ireland.org	A B C talent for making things up. And finally Belgian clown duo Okidok's Ha Ha Ha skilful and hilarious show is guaranteed to entertain families. # An autism friendly performance
816	3760341	IE	B	iheartau.com	A B C friends associate with another/these bands are actually, simply just the best around? # Ha , well I suppose those three bands are all guitar orientated to some extent but
817	3766363	IE	B	annasaccone.com	A B C 're feeling creative! Clearly I went with a very subtle and understated design... ha ha ha!;) # My caseable is the 15-17 " laptop case in
818	1612431	IE	G	homepage.eircom.net	A B C a sphere of black, russet, olive and citrine. Vibrate:? Adonai ha Aretz? # This is a rather empty outline of the middle pillar. It
819	3756555	IE	B	beaut.ie	A B C the other girls are like " why are you so scary?? " Ha ha ! # And hate all of these sexy/slutty costumes -- for once could use some
820	1700048	IE	G	spunout.ie	A B C - here's a good idea - let's get rid of them. # Ha ! Remember when Bertie told us that we would be the laughing stock of Europe
821	1680267	IE	G	...eonardcohenforum.com	A B C 18 June 2008 London 02 17 July 2008 Bournemouth 11 November 2008 # Ha, ha , as expected it is very hard to squeeze anything that would even remotely sound
822	1639614	IE	G	celticthunder.ie	A B C get enough rest. You're not as young as you used to be ha ha ! # Am looking forward to the Voyage CD and DVD. I want to
823	1669898	IE	G	irishhealth.com	A B C does to you! Is it any wonder I'm resorting to prayer! Ha Ha Best wishes to you allxx # Kel Posted: 16/10/2008 19:50 # Ella, I
824	1633957	IE	G	boards.ie	A B C a group of about 7 10km runners crossed the 5km in a quicker time, ha ! # Really nice race, the city looks lovely at that time of night
825	1699995	IE	G	spunout.ie	A B C some cocktails (oh it was pints of water and blackcurrant who am I kidding ha -- recession much?) in The Front Lounge, each of these unsuspecting friends
826	3759185	IE	B	...mmycat.wordpress.com	A B C ugly bitch' and my personal favourite' scarleh if you looked like her bwa ha ha ha'. It's as if because you don't look like Cindy
827	1639584	IE	G	celticthunder.ie	A B C the lads in like 3 hours on stage and I got though the cab drive ha . So next we get to the theater and no busses or trucks were around
828	3768620	IE	B	donegaldaily.com	A B C you live near the town and wanted to have a go at knocking it.Gawky Row Ha never was such a name on it. # I now a hell a lot
829	1634821	IE	G	boards.ie	A B C additional discount for January and we are currently data gathering so to speak. # Ha - price increased by 15 (VAT increase would have been 3.50) # Seeing
830	1668748	IE	G	irishexaminer.com	A B C running a profitable full time dairy enterprise. # From 20 dairy cows on 14.2 ha , he has expanded to milking 93 on a 42.2 ha milking platform. #
831	1639614	IE	G	celticthunder.ie	A B C to get enough rest. You're not as young as you used to be ha ha! # Am looking forward to the Voyage CD and DVD. I want
832	1655334	IE	G	gavinsblog.com	A B C pudgy little legs hit that farmhouse down there. Aah, aah, kids. Ha hha. Stewardess, since we got a breeze in here can we smoke now
833	3766363	IE	B	annasaccone.com	A B C wish I was going back to school just so I could use this caseable... ha ha ha! Imagine how cute it would look in your backpack! So,
834	3852484	IE	B	davidmcwilliams.ie	A B C justice by spouting off the top without reading the posting!!! # HA HA to you too! # There are a number of things I agree with bon
835	3857555	IE	B	webdistortion.com	A B C CMS being the worst) when they say how much professional support you get. Ha -- I still roll on the floor after 6 months now, try to forget
836	1633390	IE	G	boards.ie	A B C my friends uses them after every! Single!! Sentence!!! # Ha , I have a friend like that as well! But he's a guy
837	1626006	IE	G	...ydiary.wordpress.com	A B C say it's a good thing when I don't have to drive them everywhere HA . But being able to find alternate forms of transportation is awesome, especially sine
838	3766412	IE	B	aptaclub.ie	A B C I was actually glad he was going into crche on the Monday morning, ha ha ! After a couple of days they requested some proper pants for him. In
839	1703772	IE	G	thejournal.ie	A B C never learn. Honesty and integrity on this Island of, saints and scholars? HA ! # I hate to say it but' I told you so, comes
840	1669898	IE	G	irishhealth.com	A B C me and logging on with the news, when i tell ye, Ha, Ha !!!!! Talk soon. Have a great evening, Promise?
841	1603717	IE	G	blather.net	A B C from a dodgy Greek bloke who imports re-packaged waste from eastern-Romania... bb: Ya ha . Pizza Chick:... sprinkle with spicy meat products of questionable origin, blast
842	3766369	IE	B	annasaccone.com	A B C picture. And no, even I have no idea who it is... ha ha ha! # I kind of went all out with the shearling today didn't
843	1608186	IE	G	...wnsdad.wordpress.com	A B C # Ha ha ha hic! Shares in me are on the floor! # Ha ! Fooled you. I hadn't been drinking at all! I was just
844	1702244	IE	G	teagasc.ie	A B C per cow (kg) # 103.8 # 258.1 # 178.7 # Milk protein per ha (kg) # 229.7 # 853.9 # 485.6 # Figures 1 and 2 show
845	3776067	IE	B	tomlowe.net	A B C back home, maybe i need to do some UFC training like these lot! ha ! # I was happy to have Rusty Long over for the swell, he
846	3769878	IE	B	greenwebarticles.com	A B C an expensive " lesson " indeed. Is that your only mistake? Erik: Ha ! Far from it! No, that's just the one that actually "
847	1669898	IE	G	irishhealth.com	A B C a bit now too. Wonder how you do that????? Ha , Ha!!!! AM - how are you doing since, hear
848	1628931	IE	G	...amcaraexperience.org	A B C and then you move into innocence. You move into silent waiting for? Ah ha !? moments. You wait with full attention but your attention is relaxed.
849	1694080	IE	G	rollercoaster.ie	A B C all as my September newbies are... we are following them all the way ha ha ) # Hi Talls you don't sound offended but just to be clear,
850	1621802	IE	G	soberpaddy.com	A B C up past the halfway line i probably coulda stuck a few past you... ha ha . # i was actually surprised that you even made that flight to oz with
851	1690010	IE	G	...hilmacgiollabhain.ie	A B C lined up, we have Ajax, Inter Milan and Real Madrid lined up..... ha ha ha, he he he, ho ho ho, feels like Christmas every
852	3852122	IE	B	chloechau.com	A B C night. Hubs and I left the venue only to see Amy outside. She ha d lost John and hurt her knee so we es corted h er back inside
853	1705236	IE	G	thesession.org	A B C take that stuff seriously. Re: Happy St Patrick's Day! # Ha Ha, lol Krick. # True enough llig, though speaking as a Christrian
854	1703796	IE	G	thejournal.ie	A B C government say the campaign against the household and water tax is a huge success.. ha ha. And it is only the start of it, people have had enough
855	1621806	IE	G	soberpaddy.com	A B C sailor mouth wasn't appreciated by the super's and roches of this world ha ha . # Great stuff Leno! What about the other people who you have dragged
856	1667314	IE	G	irishcentral.com	A B C PM EST # Do it in the morning instead... that'll confuse the pill.ha ha ha.. i like it alot # Report abuse # Towngate Jan 12, 2011
857	3851288	IE	B	annasaccone.com	A B C 2: Anniversary # Bet you thought I wouldn't blog today... ha ha ha ! It's super late because I had a really busy day but I made
858	1686473	IE	G	nedproductions.biz	A B C another, so you can have VM images auto-sync between nodes and you can have HA (high availability) switch to a backup node should a primary node stop responding
859	3765266	IE	B	trickaduu.com	A B C down truck, always handy. It's all about who you know really, ha . # So, from the gibberish above, I see that I have done
860	1674379	IE	G	irishtimes.com	A B C Dion Boucicault, Crosaire, Eileen Gray, Chuck Feeney, Maud Gonne, Mn ha hireann, Siobhn McKenna, Maureen Potter, tenor Dermot Troy, Hanna Sheehy Skeffington
861	1612555	IE	G	homepage.eircom.net	A B C Ha ha ha ha ha ha ha!! Ha ha ha ha ha ha ha !! Ha ha ha-- # Vizzini stops suddenly, and falls dead to the
862	1654781	IE	G	gaelick.com	A B C Girthy said: # Fri, Sep 28, 2012 at 5:10 pm # Ha ha ! are we really allowed to do that?? don't we have to
863	1610599	IE	G	foot.ie	A B C should I feel a desire to have a little snigger at the absurdity. # Ha , to be more precise, I was strictly referring to those who seek to
864	3851176	IE	B	...lturalconsultant.net	A B C for the required months. For 2012 you were supposed to keep one ewe per ha for tweleve months of the year or two ewes per ha for six months of
865	1653644	IE	G	fingalcoco.ie	A B C is an objective of the plan to locate the class 1 public open space 3.24 ha (8 Acres) in close proximity to Hollywoodrath House, to function as an
866	1621806	IE	G	soberpaddy.com	A B C the sailor mouth wasn't appreciated by the super's and roches of this world ha ha. # Great stuff Leno! What about the other people who you have
867	1667299	IE	G	irishcentral.com	A B C . # Report abuse # Searlit Sep 23, 2012, 12:18 PM EDT # Ha , ha, good one handsome. # Report abuse # handsome68 Sep 23,
868	1627994	IE	G	aidanfinn.com	A B C virtual DCs. I'd consider running at least 2 virtual DCs, 1 being HA , and the other not.
869	3772242	IE	B	letzmakeup.com	A B C offer is running at the minute or it would have been even more disastrous, ha ha! # This is exactly the reason why my visits to Boots have become
870	1615525	IE	G	jbg-bible.net	A B C Yahweh I sing: he has covered himself in glory, # horse and rider ha has thrown into the sea. # 2 Yah is my strength, my song
871	1629139	IE	G	annasaccone.com	A B C once they're rolled up but the legs are still far too long! Ha ha . # I'm not going to lie, having a messy house &; six
872	1693699	IE	G	riverdance.com	A B C for the female lead of Riverdance, but what can I say? Ha! ha ! # Julian: You have just finished 3 weeks in South America, how
873	1655334	IE	G	gavinsblog.com	A B C . Goat Boy is here to please you. " How? " Ha ha ha . # Tie me to your headboard, throw your legs over my shoulders and
874	1608754	IE	G	...comsports.eircom.net	A B C from drink just trying to keep themselves cool. It was dire. Suncream? Ha ! # Holland v Ireland # Chris Morris: again we started well. They
875	1709547	IE	G	ucc.ie	A B C . Walter Butler sent a resolute answer for gap: blank peace from Sir George Ha milton gap: illegible to the contrary. Thus about halfe an houre before Colonel
876	1667961	IE	G	irishdancing.com	A B C a letter to the Nintendo Company and asking them if they would make one! Ha Ha! That would be very very cool! You never know! our Irish
877	1712988	IE	G	wisewords.ie	A B C is only fitting that they do the job! See you soon! xxx # Ha ha! No. I have moved a LOT over the last 6 years Kale
878	3772688	IE	B	meetmums.ie	A B C . Colour appears. First red... then yellow... then blue... HA HA HA -- 6 Oct -- 7 Oct # A show that's been turning audiences
879	1666902	IE	G	irishcentral.com	A B C # Report abuse # ginpoet Dec 28, 2011, 01:05 PM EST # Ha Ha . Where's #3? # Report abuse # AmericanGirl83 Sep 25, 2011,
880	1704406	IE	G	thejournal.ie	A B C repossess a house that's worth less than the loan! " # Ha Ha Ha # Cuckoo Land # These scum would sell your home from over your heads for
881	1619114	IE	G	ocaoimh.ie	A B C only after one thing. Intelligence is the key. # geez.. ha ha ha ha. Some of the things on here really are fucking funny. lol.
882	1704258	IE	G	thejournal.ie	A B C all Sean. Maybe you can get Aengus to print them for you. # Ha ha. Mcguinness is trying to backtrack now. On the night did he not
883	3766363	IE	B	annasaccone.com	A B C feeling creative! Clearly I went with a very subtle and understated design... ha ha ha!;) # My caseable is the 15-17 " laptop case in a
884	1605253	IE	G	...herineryanhoward.com	A B C Back to the Plan # I instantly felt better, like a weight ( ha ! No pun intended...) had been lifted from my self-publisher's shoulders.
885	3772242	IE	B	letzmakeup.com	A B C is running at the minute or it would have been even more disastrous, ha ha ! # This is exactly the reason why my visits to Boots have become so
886	3771683	IE	B	jenipurr.com	A B C make this my Olympics project. A week is lots of time! # Ha ha ha. # A week is a lot of time, yes, but when
887	1693961	IE	G	rogermillington.com	A B C Chiff and Fipple and suggest trumpet lessons for those who hate cheap whistles?! Ha ha. I also got a lot out of your section on cuts and taps
888	1705213	IE	G	thesession.org	A B C best piece of music of all time? # Ha ! Mariska, I'll see your Muffin Man and raise you this... #
889	3776425	IE	B	tya-ireland.org	A B C 's addictive talent for making things up. And finally Belgian clown duo Okidok's Ha Ha Ha skilful and hilarious show is guaranteed to entertain families. # An autism
890	1699822	IE	G	sportgrass.com	A B C the best thing you should do to get some of the services of an Alaska ha # Fishing in Alaska can be a really fun and exciting experience. Sure,
891	1612575	IE	G	homepage.eircom.net	A B C a pirate chief to make fine stockings for his best cabin boy. " " Ha . -Aah! You have a woman's purse! I'll wager that purse
892	1639646	IE	G	celticthunder.ie	A B C will be learning how to download the video when it arrives!! Ha! Ha ! With my deepest gratitude and appreciation for all you do for us, Barb
893	1652554	IE	G	fantompowa.net	A B C by religion. " # One Survey sociologist, Barry Kosmin, says, in Ha Aretz, 11/9/01, that this is " a decline of 12 percent since the
894	1621806	IE	G	soberpaddy.com	A B C is long, long gone and we can no more hear their song. # Ha ha, i remember there was a short cross over period John where you had
895	1669898	IE	G	irishhealth.com	A B C days before doing a preg test, even if it was the immaculate conception Ha Ha Ha!!!!!!! You should try acupuncture, it's
896	3771708	IE	B	jigser.com	A B C ##3771708 Welcome to Jarlath's internet embassy HA, HA , HA!... Announcing The Biggest Show.... # October 30, 2012 by
897	1630289	IE	G	askaboutmoney.com	A B C is a good bet now. I can't believe I am thinking this ha ha ha # Let me know how you got on as I have more funds maturing
898	1693963	IE	G	rogermillington.com	A B C established players making use of them. " Just blowing " (or saying " ha ") can be very useful for adding a pulse to dance tunes. I
899	1621798	IE	G	soberpaddy.com	A B C there hills " too busy digging to realise how to hold the thing properly, ha ha ha.. but with any charity you need to cover all angles, you
900	1620660	IE	G	...emonade.blogspot.com	A B C in the coma and Jessica promising to be a better sister from now on. Ha ! Let's not hold our breath on that count. But will Liz come
901	3852479	IE	B	davidmcwilliams.ie	A B C . Vinnie Broon and the Muppet O'Brien is' sensational' news. Ha bloody ha . Small town parochial nonsense # Fuck the following: # Anglo, Lenihan (
902	1624378	IE	G	...tutionexperience.com	A B C bit of fabric conditioner if you really wanted to push the boat out! Ha ha ! I don't mean to be flippant, I just think we may as
903	1669831	IE	G	...gaelictranslator.com	A B C is ridiculously hard, so unfortunately, I can't help you. # Ha ha , talk about not knowing your Erse from your Elba!! anyway its exactly
904	1702248	IE	G	teagasc.ie	A B C shown in Table 1. # Table 1 Number of nurseries, production area ( ha ) and value by county, 1999 # County # Number of nurseries # Outdoor
905	3850616	IE	B	trickaduu.com	A B C But apparently they have them here, and they were out of turkey slices. Ha , how, why, I didn't have the energy, why bother,
906	1703961	IE	G	thejournal.ie	A B C I am defending in this point not those who can afford to pay. # Ha brilliant stuff from Christopher. Equating the household charge with apartheid. You are a
907	3857662	IE	B	winereviews.ie	A B C James said that yields were quite low for these wines at around 7 tonnes per ha . # My favourite of these wines was the Hunter valley Bin 9000 Semillon.
908	1646214	IE	G	davidmcwilliams.ie	A B C GNP falling below 47% then Ireland no longer qualifies as a Market Economy. HA HA HA HA HA. Oh man I'm busting by cajhonas at that one.
909	1624378	IE	G	...tutionexperience.com	A B C a bit of fabric conditioner if you really wanted to push the boat out! Ha ha! I don't mean to be flippant, I just think we may
910	3773758	IE	B	...hilmacgiollabhain.ie	A B C reading in our schools. The times they are a changing. # Cooper, ha ha! You churn out some spin! Chuckie green would love you, you
911	3758077	IE	B	cormachogan.com	A B C or indeed the ESXi host on which it resides)? This is where vSphere HA again plays a role -- the Virsto appliance is being monitored by VMware HA using
912	1623112	IE	G	...sancrosstelltale.com	A B C too hilarious!) " I t's part of Life's rich... ( ha ha ha) tapestry!! " Yes! And it's on a tapestry
913	1610576	IE	G	foot.ie	A B C was well aware of that info already hows buky by the way ha ha # ha ha!! Buckey?? that it?? do nt fully understand whwt
914	3851287	IE	B	annasaccone.com	A B C anyway, there wouldn't have been much point to me doing that... ha ha ha! I figured my blog deserves some TLC since my very long hiatus last
915	1667292	IE	G	irishcentral.com	A B C 28, 2011, 10:58 AM EDT # No more queens for Erin!! HA HA.I love it!! Now that's a great headline for a newspaper.
916	1608985	IE	G	englishmum.com	A B C helps me a lot to see what they " should " come out like... HA !!! Love and kisses Michelle xxxxx!!! # Your buns look
917	1704453	IE	G	thejournal.ie	A B C choice. # Oi! You should be ready In a Holding House! Ha ha ha. I am a business owner since I was 21. One thing I
918	1697460	IE	G	shanemacgowan.com	A B C hand and a bottle of wine in the other. He was tired... ha ha ha. " He even compares Shane to Marlon Brando: " These are two
919	1677172	IE	G	johnbraine.com	A B C the fuck have you come from? " -- " Phibsborough! ". " Ha deadly, me too! " she goes. " Jimmy, Lorraine, come
920	1669898	IE	G	irishhealth.com	A B C 40 days before doing a preg test, even if it was the immaculate conception Ha Ha Ha!!!!!!! You should try acupuncture, it
921	1639424	IE	G	celticcafe.com	A B C such... # Do you have any plans after Riverdance? # To sleep! Ha , ha, ha....! # That's very important. # Well,
922	3851287	IE	B	annasaccone.com	A B C she was changed into a different ensemble due to a poo explosion. Ha ha ha ! Oh well, it was cute while it lasted;) # For lunch
923	1634900	IE	G	boards.ie	A B C direct payments and off farm income and not the Journal favourites like gross margin per ha or margin over feed. # I suppose it is still all about the SFP
924	3759185	IE	B	...mmycat.wordpress.com	A B C bitch' and my personal favourite' scarleh if you looked like her bwa ha ha ha'. It's as if because you don't look like Cindy Crawford
925	3776938	IE	B	wikisbest.com	A B C , over time it will be open house TOD' S have doug sold shoes ha ha. Basic price is Paris city of five to seventy percent now, if
926	3855842	IE	B	...hilmacgiollabhain.ie	A B C you still buying the propaganda that they are one &; the same?. # Ha ha al a laugh at ur pain stupid sevcoians.... Love all that we have
927	1670262	IE	G	...rishhungerstrike.com	A B C have this desire for brown wholemeal bread, butter, Dutch cheese and honey. Ha !! It is not damaging me, because, I think,' Well
928	1607653	IE	G	...reland.wordpress.com	A B C . Did you not know, the narcissist regards therapy as a competitive sport ( Ha ! ha!). At the time she did her course with the Tivoli
929	1626990	IE	G	9beanrow.com	A B C by less publicised eateries, and even the food of the street itself. # Ha Noi is like nowhere else I have ever been. The buzz and energy of
930	1680511	IE	G	libraryireland.com	A B C men together to the different ports, their pipers perhaps playing' Ha til, Ha til, Ha til, mi tulidh' --' We return, we return
931	1693851	IE	G	robotwisdom.com	A B C and I and all of us we had a hearty laugh together over it. Ha ! Ha! Ha! # The night of the Whitsuntide play had come and
932	1629140	IE	G	annasaccone.com	A B C remember at this time thinking " hey, this is pretty easy! " Ha ha ha! # By this stage it was getting pretty late and one of the
933	1697445	IE	G	shanemacgowan.com	A B C only really know The Commitments, The Van, The Snapper and Paddy Clarke Ha Ha Ha. For a good laugh he's a great read and that's it
934	1629140	IE	G	annasaccone.com	A B C I am enjoying some hot tea in my leopard print dressing gown, ha ha ha ! That's something they give you a lot of in the hospital, tea
935	1605033	IE	G	cakeinthecountry.com	A B C the rest of the week with a craving for soup that would not dis-soup-ear ( Ha , geddit? I actually crack myself up sometimes). # When I made
936	1627859	IE	G	agriculture.gov.ie	A B C ha 21/ha up to maximum of 40 ha 43/ha up to max area of 20 ha 43/ha up to max area of 20 ha # Clover Swards # 26/ha up to
937	1676197	IE	G	ivowen.com	A B C EU MS. # This DCP may be initiated either by the Health Authority ( HA ) or by the Applicant. # A HA may start a DCP when an
938	1705294	IE	G	thesession.org	A B C tempo for a tune in a session? # Ha ha , the crowd. Burger them. # Tempo set by the set starter.
939	1604548	IE	G	bocktherobber.com	A B C -- the ironic debate as you called it, because there is no debate. ha ) Why do I do it to myself? Read the anecdotes of a dope
940	1702184	IE	G	teagasc.ie	A B C million ha) is in rough grazing and the remainder circa 9% (0.38 million ha ) is allocated to crop production. # Beef and milk production currently account for
941	1704109	IE	G	thejournal.ie	A B C reprehensible, says much about you. But what it says is not ha ha ha . # Well Den, You've clearly convinced yourself again about how wonderful Israel
942	1703487	IE	G	thejournal.ie	A B C week wait,, and they would notify me 4 weeks in advance,, ha ha still waiting,, i have to drive my daughter to school every day
943	3767091	IE	B	boards.ie	A B C great day myself, one I will forever remember. Well done again..... # Ha ! I remember the race quite differently! By the way, when we met
944	1705310	IE	G	thesession.org	A B C : Adjusting to new fiddle strings Re: Adjusting to new fiddle strings # Ha ha, thanks Bob. Well the A wears out at the D position on
945	1608185	IE	G	...wnsdad.wordpress.com	A B C out: http: **35;4905;TOOLONG... HA! Ramblin Ramblin Ramblin, Ram-Blinnnnnn! # Ha ! I knew he was fair dinkum. So there you go. And such
946	1639584	IE	G	celticthunder.ie	A B C Keith and he was like hello there and kept walking we were like oh wow ha so then after that little bit ha we saw him go into Borders so ya
947	1713696	IE	G	yelp.com	A B C the liffey it is in dublin ten so is officially a southside park! ha ha ! Review from Karina C. # I lived on the North Circular Road right
948	1690788	IE	G	politics.ie	A B C to advance the goal of republicanism at that. # Ha ha ha ha ha ha , # As they went from being the lunatic fringe to the power holders,
949	1619500	IE	G	...hersideoftheroad.net	A B C Hi to S &; your adorable little men. Love, Nik # Ha! Ha ! Mr. &; Mr.S! My S loved your S too! Would have been
950	1611021	IE	G	...heworld.blogspot.com	A B C they don't go killing each other or launching attack drones and all that. Ha ! God, the stuff we came up with. What must you have been
951	1669831	IE	G	...gaelictranslator.com	A B C songs is ridiculously hard, so unfortunately, I can't help you. # Ha ha, talk about not knowing your Erse from your Elba!! anyway its
952	1612229	IE	G	her.ie	A B C # The fashionista wrote: " A few people guessed, so news is out ha !! Me wayne and Kai are thrilled that we are expecting a new addition
953	1614305	IE	G	irishdogs.ie	A B C to properly digest its meal. # that is interesting alright and definitely food ( ha ha) for thought but I would agree with SixStar in that they need routine
954	3766664	IE	B	athenryac.com	A B C . No miles per min or any mention of Garmin!!!! Ha Ha Good job Deirdre Q was not around!!!!!!. I
955	1623112	IE	G	...sancrosstelltale.com	A B C hilarious!) " I t's part of Life's rich... (ha ha ha) tapestry!! " Yes! And it's on a tapestry.
956	1652714	IE	G	farmersjournal.ie	A B C # Q. I farm 35 ha of land of mountain type grazing but rent 15 ha of non disadvantaged land. I don't quite understand the reduction I will be
957	1629140	IE	G	annasaccone.com	A B C Here I am enjoying some hot tea in my leopard print dressing gown, ha ha ha! That's something they give you a lot of in the hospital,
958	1620527	IE	G	ramp.ie	A B C . One colleague gave me some milk chocolate, then loudly and proudly said " Ha ! I thought you were a vegetarian! You can't eat chocolate! "
959	1629140	IE	G	annasaccone.com	A B C you must get a lot of women who worship you around here! Ha ha ha ! # And this is me after getting the epidural. All the pain just
960	1703738	IE	G	thejournal.ie	A B C .. " having the mother of all rage fits this morning " or ever. Ha ha. MJ Fox You have a really good day and a nice weekend.
961	1606282	IE	G	coddle.ie	A B C had any clanger moments where you wanted the world to swallow you up? # Ha ! A few definitely come to mind, particularly from doing the sport on RTE
962	1612555	IE	G	homepage.eircom.net	A B C !! Ha ha ha ha ha ha ha!! Ha ha ha ha ha ha ha!! Ha ha ha-- # Vizzini stops suddenly, and falls dead
963	1705779	IE	G	thesession.org	A B C in thread BEWARE there are some sessions where you wont be allowed to play one ha ha ha ha ha ha! I think thats in the north west of that
964	1663360	IE	G	independent.ie	A B C point changing it, I thought. It'll only get sicked on again. Ha ! " # Type One mother will respond to this by nervously peeling her child
965	1639579	IE	G	celticthunder.ie	A B C !!!! HEY WAS IT MY IDEA????? ha ha and.... you need to wear a lot of kilts!!! men always
966	3771559	IE	B	irishtimes.com	A B C operas. Maybe, they'll ask Terrence Malick to heighten the mystical dimensions. Ha ha! # To be slightly less frivolous, Disney will hope to bring a
967	1603362	IE	G	beaut.ie	A B C ago told me that I have got MS because of all the Diet Coke, ha ha! Rooooight... Talked to my Neurologist, he had a laugh about it
968	1694152	IE	G	rollercoaster.ie	A B C to think about this. and as for picking what chores he wants done, ha hed want to come live with me for awhile. hhhmmm, id be have
969	1612555	IE	G	homepage.eircom.net	A B C is on the line!! Ha ha ha ha ha ha ha!! Ha ha ha ha ha ha ha!! Ha ha ha-- # Vizzini stops suddenly
970	3762706	IE	B	ourtrip2012.com	A B C ! Even when Emma was covered in mud they laughed at her and said' Ha ha, you are still white!'. # The next day there was
971	3763276	IE	B	ramp.ie	A B C Both of these statements are utter lies. # http: **29;7998;TOOLONG Catherine C # Ha ,' chesticles' -- I should've used that in the post, damn
972	3773746	IE	B	...hilmacgiollabhain.ie	A B C . (Just what Syria would need -- an excuse for the International Community ( Ha !) to sound the klaxons.) # Alexander Kerr Murphy Have you ever
973	1705312	IE	G	thesession.org	A B C back, and harbouring the resentment to our last dying breath " tradeshark # Ha ha , tiz like that with us sometimes. # It's funny though, it
974	1634977	IE	G	boards.ie	A B C anything but!!! I'm currently waiting for a call back (ha ha )!!!!! how am i gong to survive a 24mth contract
975	1605658	IE	G	charles-mount.ie	A B C to Dunkettle, Co. Cork 249 sites were indentified in an area of 1,494 ha , or one site per 5.6 ha (Also McQuade et al. xiii)
976	1629139	IE	G	annasaccone.com	A B C I'm going bonkers from just lying around all day being a feeding machine! Ha ha ha... # Emilia is growing at a rapid rate -- she's already
977	1655334	IE	G	gavinsblog.com	A B C Yes,' cos only in LA does common courtesy have to be legislated. Ha ha ha Every car has to stop. Pretty ludicrous in light of the city
978	1627859	IE	G	agriculture.gov.ie	A B C 20 ha 175/ha for next 20 ha up to 40 ha 70/ha for next 15 ha up to 55 ha 10/ha for areas over 55 ha # Natura 2000, commonage
979	1603373	IE	G	beaut.ie	A B C Usually by morning mister spot has dried up and begun the retreat. # Ah ha brass neck. Me too nothing better than a good spot squeeze. ysed to
980	3755608	IE	B	...ounting.blogspot.com	A B C what we would like to drink - completely ignoring the three fellas with us ( HA !) - and wouldn't pick-out the third prize (40) until we
981	1622780	IE	G	strettynews.com	A B C " Ha! I miss his good moods all the time! Always happy. Ha ha! But he always had a good energy around the players and the team
982	1605399	IE	G	...lounge.wordpress.com	A B C are currently riding at almost 34% in the polls if you throw in the greens ha ha your at nearly 42% when were we last in this position. This country
983	1712992	IE	G	wisewords.ie	A B C get docked any points incase they thought he wrote it for me..... ha ha ha -- if the teachers at NUIG ever read the blog they would know full well
984	3765944	IE	B	writerscentre.ie	A B C done. # ' If you ever want to come over...' # ' Ha .' The sneer. # ' I mean it, Dermot...' #
985	1669898	IE	G	irishhealth.com	A B C same hurdles. PG your waiting isn't driving you both mad! Relax.. Ha ! AM- it's great to hear you are doing well at 27 weeks.
986	1705080	IE	G	thescore.ie	A B C , the kind that would never ask someone out, but.... I failed! Ha and in other news I lost my wages. Sad times. I'm all
987	1693872	IE	G	robotwisdom.com	A B C , think he was painting the landscape with his mouth twisted. Moooikill A Aitcha Ha . Ignorant as a kish of brogues, worth fifty thousand pounds. # Glowing
988	1697445	IE	G	shanemacgowan.com	A B C really know The Commitments, The Van, The Snapper and Paddy Clarke Ha Ha Ha . For a good laugh he's a great read and that's it.
989	1709579	IE	G	ucc.ie	A B C passage for our purposes is: # Fathius ar sin cusan trnfer, co Balor ha Nitt, co rgh na n-Innsi, &; co hIndech mac D Domnand, co
990	3857396	IE	B	universitytimes.ie	A B C should be re printed to throw it back in his face! # Jonny # ha should probably have gone to reprint, could have been kind of chucklesome. we got
991	1686022	IE	G	...alforeststandard.com	A B C the NFS risk-based approach uses a statistical sampling basis, and project sizes below 20,000 ha will be insufficient to generate meaningful results. 7. Transparent and efficient processing
992	1676197	IE	G	ivowen.com	A B C either by the Health Authority (HA) or by the Applicant. # A HA may start a DCP when an application for the same product is submitted in more
993	1711383	IE	G	...roberesurrection.com	A B C I was working till 6pm and then went out for a few sneaky drinks ha ha # Ok most importantly what did you wear? # We had to wear all
994	3761713	IE	B	...nbehindthecurtain.ie	A B C guns in their hands but they're more scared than the unconscious burglar... ha ha
995	3766412	IE	B	aptaclub.ie	A B C back to buy a few more tracksuit bottoms... the washing is endless, ha ha ! In fairness to him, he is doing well and he is only just
996	1639643	IE	G	celticthunder.ie	A B C to Ireland. I did get you that Aston Martin, its not real! Ha , I do nt have half a million dollars, and no offense, I
997	1646218	IE	G	davidmcwilliams.ie	A B C question... how the fcuk did our' public interest director' ha ha ha ha ha ha... Dukes, sanction the write off of 2.5 BILLION of Quinn debt
998	1655334	IE	G	gavinsblog.com	A B C film - caused by a bullet... points behind him comin from up there, ha . Yes, I know it looks to the layman or someone who might dabble
999	3757570	IE	B	...lounge.wordpress.com	A B C WP. She got the story into the Irish Times and there was a hoo ha with Nell McCafferty, iirc, finding things like pages ripped out of the Yellow
1000	1666059	IE	G	...land-information.com	A B C , " The Van ", " The Snapper ", " Paddy Clarke Ha Ha "; Brendan O'Carroll's trilogy, all are similar to a degree in their
