1	457860	US	G	...rlives.wordpress.com	A B C will show... # ' Is this what you mean by madness?' # No . And you have level 9 riding skill. Pack it in. # The
2	3239846	US	B	feministe.us	A B C Bark their heads off? Absolutely. Have they been TRAINED to do this? No . Have they ever encountered kids in the yard without me? Yes. Did
3	795836	US	G	...documentaryfilms.com	A B C . lets face it the whole world is a commune, we r all earthlings no , its jus that we r conditioned to believe otherwise. The main arguement from
4	3207453	US	B	skipmoen.com	A B C up to comfort him, but he refused to be comforted and said, " No , I shall go down to Sheol to my son, mourning. " Thus
5	3158504	US	B	blog.webshots.com	A B C # " Please stay on topic and be nice to others.... "... # No , YOU for sure did NOT stay on topic!!! What a miserable
6	541969	US	G	script-o-rama.com	A B C no river wide enough - Whoo - To keep me from you - No, no - Ain't no mountain high enough - No way - Ain't no valley
7	3241775	US	B	formula1blog.com	A B C ##3241775 Formula 1 to get a little more modest next year # No , it isn't because Lewis Hamilton will be under Ross Brawn's watchful eye
8	3265362	US	B	rightwingnews.com	A B C the government; NOT SO MUCH. # http: //www.vega.com/ Vega The Voice # No , it didn't. # BinDSM # Yes it did! # http:
9	271050	US	G	...rtunity.blogspot.com	A B C floor in a grid and then pick the one you're looking for? # No , of course not. We each, naturally, organize our information into a
10	3170232	US	B	digitaldigging.net	A B C -- Is it crap? No, really, how horribly shitty is it? No , you two have it all wrong, it's epic. Actually, guys
11	3191925	US	B	modernperlbooks.com	A B C Use B:: CC, at which point many someones shudder and reply " No , please never suggest such a thing, you horrible person. " # Set
12	3272357	US	B	theblaze.com	A B C their strange appeasements. # so the democrats have tossed off their masks, say no to jesus and yes to mohamed.you know, that explains why they are liars,
13	99469	US	G	io9.com	A B C or dismaying - even optimistic. Several play a role in Existence. # But no , I don't portray the first contact situation in Existence arising because of METI
14	1395255	US	G	...s.washingtonpost.com	A B C and more companies will hire, and new companies/industries can come into existence. So no I don't want window-dressing or a bunch of lies or being side-tracked. What
15	3683600	US	B	blog.quixey.com	A B C a Movie.numActors field). Are all these ad-hoc denormalization-related functions really necessary? Hell no . If you have an NK and a DPG, you can just write app
16	3280592	US	B	wrestleenigma.com	A B C new WWE encyclopedia. But does he deserve to be in the HOF? Hell No . Sure, he was a great wrestler, and WWE ancknowledges that, but
17	3194933	US	B	newsblaze.com	A B C entertainment business just as they do the sales clerk at their local marijuana shop. No , that is not O.K. First of all, get off weed, and other
18	3225970	US	B	avoiceformen.com	A B C the article re should men be in one-way service to women -to which you reply no and that it should be two-way and reciprocal- is good enough for me to let
19	3180008	US	B	hlpronline.com	A B C . What do you make of that? Are those things mutually exclusive? # No , they're not mutually exclusive. But the reason he's prosecuting leakers is
20	3254877	US	B	minnpost.com	A B C healthy. But that isn't likely to curtail the requests. " Uh, no . Not " likely " at all. # The role of the resoundingly defeated
21	577385	US	G	...lltalk.nbcsports.com	A B C . in bounds. don't hit the head. " # NO NO NO NO NO. That is not' motivational'. It is' instructional'.
22	3249906	US	B	joystiq.com	A B C five-star being a definitive " yes, " and a one-star being a definitive " no . " Read here for more information on our ratings guidelines. Professor Layton
23	450373	US	G	alittlepregnant.com	A B C fruit -- " You looooved going to your group, Ben. Right?! No , darling, you mean LOVED. " -- or Ben was just ready to
24	749016	US	G	tvtropes.org	A B C gets into trouble it does not feel as safe as a dream. No no no . # Drabble pulled this twice, then subverted it hilariously. The first time
25	3199524	US	B	pjmedia.com	A B C their chosen vocation trades in human traffic to one degree or the other. # No . I write this more to affirm Unsk's observation -- and Wretchard's insinuation
26	336951	US	G	openbsd.org	A B C for the starting and ending cylinder, head and sector. If you answer " no " here (as we will), you will be prompted for starting sector
27	3220886	US	B	whatever.scalzi.com	A B C . If I have to overlook things that initially make me go " ugh, NO " about a guy, then having him as a boyfriend is not worth it
28	3225807	US	B	autostraddle.com	A B C high school so I wouldn't sleep with any of my boyfriends (convenient, no ?) and I just went on my first date with a lady today.
29	566723	US	G	fordham.edu	A B C , the metropolis itself becomes a sort of necessary University, whether we will or no . As the chief city is the seat of the court, of high society
30	3224827	US	B	apartmenttherapy.com	A B C , but des not in any way fix the problem. Floors get dirty, no matter your habits. Adopting a no shoes policy won't keep your floors clean
31	667289	US	G	thedailybeast.com	A B C blanche to run wild, bedding every pretty young thing who catches their eye? No . Officially condoning promiscuous behavior at any level of the military would lead to all
32	3212808	US	B	thednaexchange.com	A B C ##3212808 ' We Need to Talk About our Eggs' -- Yes or No ? # There is an intersting opinion piece in the NYT this week titled We
33	495889	US	G	stuckincustoms.com	A B C photography) # http: //www.stuckincustoms.com Stuck In Customs # Thanks yall # Eny, no I don't sell my drawings... I am keeping them all in my little
34	48677	US	G	...lthouse.blogspot.com	A B C the halo's and angel wings are there, you just have to believe! No ! Don't look with your eyes... look with your heart. # "
35	1397063	US	G	amazon.com	A B C it. # SUGARITE rhymes with' meet' not' light.' And no , it's not a new artificial sweetener. It starts with her quiet wailing
36	27463	US	G	theeducatorsroom.com	A B C sun up to sun down. Do I get paid for those extra hours? No . Am I alone? Absolutely not. I've never seen so many discouraged
37	3240134	US	B	...ilmschoolrejects.com	A B C what about the other 400 people in the audience? " They go, " No , we have to get rid of that scene! " Laughs You get all
38	622003	US	G	drhelen.blogspot.com	A B C sex, too. # She has gotten to the point that when she says no and I express disappointment or frustration, she outright laughs at me. # what
39	3269176	US	B	sonyalpharumors.com	A B C not generally, is it worth the extra? I think most people would say no and get the D600. Wait and see what the sales figures are next year
40	783568	US	G	bbqaddicts.com	A B C ... right, it's the taste sensation that's been sweeping the nation! No , it's not the Bacon Explosion or the probably deadly Bacon Cheese Pizza Burger
41	3265638	US	B	rockstargames.com	A B C at the url at the top of ur screen. does it say **40;4856;TOOLONG... no it does nt it says http: **35;4898;TOOLONG... # WOW... On Need For
42	3244089	US	B	gossipcop.com	A B C ... yeah... that too!: -) # tacos # Hey Debbie! No , just wasn't able to log into the computer all day. Been lurking
43	1384507	US	G	...rs.pressdemocrat.com	A B C Alex's steady as she goes even if it bores us to tears. # No . He has his opinion. He's flip flopped a lot in terms of
44	3152831	US	B	artofmanliness.com	A B C turn it around and say the same thing about women, then women say, no , no everyone should be treated as an individual! Do they not see that
45	1384838	US	G	...hewayme.blogspot.com	A B C Make it easy, if you say YES the DO yes. If you say NO then DO no. You know, it's so simple and so much time
46	792482	US	G	...nfinity.blogspot.com	A B C talk directly to the individual; " use honest and open communication "; " no put downs or blaming "; " stay in the moment " # -Non-violent Communication
47	3231440	US	B	...harlotteobserver.com	A B C not have any equity stake in the Blake? not in their personal capacities, no ... They didn? t personally own an interest in the hotel.? # More
48	21397	US	G	zerohedge.com	A B C them there. If they were not there some things could get very ugly and no I won't provide details. I could do things much cheaper but it would
49	594632	US	G	...cap156.wordpress.com	A B C school hip-hop and R'n'B record on which he raps as much as he sings. No , really.' Rudebox' is just the tip of the iceberg, and
50	97188	US	G	qando.net	A B C n't true doesn't mean the person you're lying about is flip-flopping. ( No , I don't believe Romney's rosy projections, but that's beside the
51	1411269	US	G	tcdailyplanet.net	A B C constitutional amendments. Organizers of this event are hoping they can sway them to vote no on both, but really their goal is increase voter turnout. # " Statistically
52	3219936	US	B	...ngtonindependent.com	A B C interest rate -- is to opt out. # You'd have to say " no , " the way some employees decline if they decide not to contribute to an
53	3228356	US	B	bluejersey.com	A B C ##3228356 Log In Sat Nov 17, 2012 at 11:59:35 AM EST # No , that's not the Governor saying that. It's me. This post
54	3253956	US	B	mediaite.com	A B C any of these awesome figures address the issue that the left is deflecting from? No . What was the issue before all this fluff was thrown in to take your
55	534593	US	G	comicvine.com	A B C regret killing Xavier? Yes. Does he regret the outcome of the situation? No . # And from the prisoners point of view you really think those guys that
56	1389994	US	G	insidemovies.ew.com	A B C movie will get bigger with word of mouth and all the great reviews. # no , you should dismiss hurt locker for all its inaccuracies of what it's like
57	467814	US	G	forums.jetnation.com	A B C " Throw the ball, throw it, throw it, throw it, OH NO ! " # While Joe and I got a laugh out of it, I
58	117158	US	G	askville.amazon.com	A B C my taxes for that year I send them a W-4 with regular dependents. # No , read my answer again. Tomorrow you can file a new W-4 with your
59	747074	US	G	...peare-literature.com	A B C for you. # DESDEMONA # Shall't be to-night at supper? # OTHELLO # No , not to-night. # DESDEMONA # To-morrow dinner, then? # OTHELLO #
60	3205324	US	B	scienceblogs.com	A B C men, when they interact with women, do not treat the default answer as no ; they treat the default answer as " yes with extenuating circumstances ". #
61	482776	US	G	phys.org	A B C twice said, " Never let a good crisis go to waste " # no no noooo... AlGore INVENTED the computer, don't you remember him admitting
62	303126	US	G	...ologues.blogspot.com	A B C song that I would think you could find on an Elliot Smith album.... wait no its not that depressing. Its sad though, but one of those sad songs
63	3260479	US	B	patheos.com	A B C doing so as an official as part of on official ceremony. # WoodyTanaka # No , he doesn't. He has the rights, as an individual, to
64	3274213	US	B	theoildrum.com	A B C dipped in ink, bedpans and tuberculosis. # That's a little weird, no ? # Actually, I mean brand-new buildings, electric lights, notebook computers,
65	137814	US	G	gallup.com	A B C that not the responsibility of the federal government? # Yes, government responsibility # No , not government responsibility # No opinion # % # % # % # 2011
66	3205353	US	B	scienceblogs.com	A B C obvious stresses. # Politicalguineapig # October 23, 2012 # Jen: Oh, no , you don't get to do that. You ceaselessly troll threads on vaccines
67	3214184	US	B	theobamadiary.com	A B C President Obama's re-election prospects? No. Was the White House blackmailing him? No . Did he step down to avoid congressional testimony on Benghazi? No. #
68	125675	US	G	wikihow.com	A B C Cold calling means " call dozens and hundreds of places. " Most will say no . But when you find the one that just had an opening come up,
69	299791	US	G	ncpc.org	A B C right away. Make sure that your children know that it is okay to say no to an adult in a dangerous situation and to yell to keep themselves safe,
70	624927	US	G	...documentaryfilms.com	A B C medicine, for all the billions of dollars in drug research, there's still no highly effective medication to prevent or reverse obesity -- why? # Researchers are,
71	3280913	US	B	xojane.com	A B C coats of Revlon Scandalous on her ring finger. Aptly named for New Orleans, no ? But yes, the pink and purple combination was my influence. I know
72	111903	US	G	stlyrics.com	A B C can't promise that I'll find a way with you I can't promise No , I can't promise that I'll love you # But I'd like
73	3254233	US	B	metafilter.com	A B C March 6 # It is if the 200K comes from investments. # Actually, no . Because $200K earned from a job is taxed as ordinary income, and is
74	3193961	US	B	...ysnest.wordpress.com	A B C civilized human beings, managed to have stable well built family structures, had almost NO Out of wedlock birth rates, were not killing each other, weren't calling
75	80756	US	G	abcnews.go.com	A B C high and high school with my weight. My mother is a nurse, so no , I was not sitting around eating chips and candy playing video games and being
76	3220118	US	B	wattsupwiththat.com	A B C have had anything but cold wet summers and cold winters in the UK. # No surprise the BBC wanted to keep the list secret! I wonder how many others
77	242736	US	G	theagitator.com	A B C of themselves for long periods of time, e.g. the Occupiers. # Omri -- No , Radley's work has not ended militarized police tactics. However, more people
78	629031	US	G	...ovement.blogspot.com	A B C rather, this seems to be a highly ritualized and figurative practice which has almost no strictly literal meaning. thus, the " Santa " case is essentially different from
79	3276079	US	B	towleroad.com	A B C loss by a slim margin, a reassuring fact- is because the people running the No on * campaign were a bit too confidant and didn't reach out to some
80	297196	US	G	...tsgoodtobethedad.com	A B C , though. The questioner says, " close second? " I said " no ". I said " when he was about 75 or 76, my father
81	611235	US	G	petfinder.com	A B C the animal will be living? If they are unwilling then it is an automatic no . If they are willing, we strongly recommend you do make the visit,
82	561399	US	G	starwars.wikia.com	A B C Tatooine # " This finely rendered carbonite sculpture, the person of Han Solo? No . What I brought you today is art. Art created by the Dark Lord
83	237140	US	G	columbia.edu	A B C I had seen Watson order it for the beautiful SSEC room in 1946. " No , " said Frank, " the ceiling is too low already for the air
84	3178302	US	B	...reaterwashington.org	A B C that those options already exist for each and every one of you. " # No , they don't exist for me. And the reason they don't exist
85	3188486	US	B	...eblock.wordpress.com	A B C you sure? " she asked knowing that I did want to talk. " No . " # She sat down on my bed, " I'm sorry,
86	427125	US	G	dailycurrant.com	A B C not be voting for either canidate for they are one in the same! Oh no , no, no, you may say, " How can they be the
87	3272354	US	B	theblaze.com	A B C vote for people in tonga, france, germany or any other country. say no to all who want to embrace a non elected government. no one has voted
88	3187505	US	B	lifestoogood.net	A B C ##3187506 # No it wasn't that I cheated. Or delved into the gray area of coupon
89	161730	US	G	americablog.com	A B C of all the Armed Forces, and settle any and all old scores, oh no he just wants to preside over his bucolic alma mater, Princeton. # To
90	507073	US	G	forbes.com	A B C air. It distrutes energy, It does NOT create it. # uh, no . Sorry, you fail at physics. Allow an actual physicist to explain it
91	247642	US	G	irs.gov	A B C the long-time resident homebuyer credit if we purchase a new principal residence? # A. No . Both you and your spouse must be first-time homebuyers in order to qualify for
92	402269	US	G	...ningham.blogspot.com	A B C .... Your.... peace. " # " St. Francis of Assisi. " # No . That couldn't be. I looked at it again. Sure enough,
93	194928	US	G	newyork.cbslocal.com	A B C ? # Chad # Have churches all of a sudden started paying taxes now? No , they haven't? Well, then, they have no right to complain
94	3154013	US	B	bangordailynews.com	A B C is for him. # He should find something more suiting. # Anonymous # No . You see that's the kind of belief that is a fallacy. You
95	730512	US	G	io9.com	A B C something ominous like that on their door? " # " Let me think. No , " said Finn. " And what about their married life together? "
96	3275026	US	B	theverge.com	A B C became evident from the way some people were linking it and talking about it: no , they actually think this is real! " Phillips spent much of Hurricane Sandy
97	549463	US	G	chronicle.com	A B C Are all the states that need financial help today Black run? " ANS: NO . You miss the point. It is that black-run cities and schools are a
98	3160230	US	B	...logs.mercurynews.com	A B C step up in the coaching game tonight, because we need it. # Oh no ! Kbe will assume the coaching duties for tonight and take over. I say
99	1411198	US	G	talewins.com	A B C for you -- and you can not get out of the ambulance and walk... No ... The ambulance company can not legally release you until it gets you CHECKED INTO
100	3253942	US	B	mediaite.com	A B C posting his bigotry again. Good work! You never disappoint. # Anonymous # No Einstein " those papers " report the facts on the front pages and save the
101	511217	US	G	noodls.com	A B C I'm talking about the FBI Director Mullen here. # MR. CARNEY: No , I understand that. But, again, I would refer, as I
102	500469	US	G	forbes.com	A B C goods that are WAY overpriced compared to similar products on the market. # So no , selling sleek, overpriced electronic devices for entertainment purposes is NOT considered charity just
103	3215836	US	B	...dotorg.wordpress.com	A B C that private. Dumb statements by Ken: 2 for 2. # 3) No , that's not what happened, you made it up. And TF was
104	435749	US	G	answers.yahoo.com	A B C over stark reality, which can be depressing for them. Source(s): # No you could tell CM Punk was uneasy about it but WWE wouldn't have done
105	756386	US	G	imdb.com	A B C belong. Scarlett: Please, please take me with you! Rhett Butler: No , I'm through with everything here. I want peace. I want to
106	3253968	US	B	mediaite.com	A B C . # Anonymous # Hate to break it to you, but no one, no where, is familiar with Jung or Joseph Campbell. Many folks are familiar with
107	26503	US	G	imdb.com	A B C crew killed without any concrete evidence that he did betray them. # Technically, no . Vito's goal in bringing the Commission together is to bring an end to
108	693850	US	G	twosetsoftwins.com	A B C ? Me: I do, it's I don't know. Bella: No , you just said you don't know. Me: For the love of
109	427274	US	G	chrisguillebeau.com	A B C # Are there cones or signs telling people to be careful of the holes? No . Your journey down the sidewalk (and your life) is in your own
110	639554	US	G	delong.typepad.com	A B C those groups. # Bobby Jindal rejects Mitt Romney's' gifts' theory: No , I think Romney is absolutely wrong. Two points on that: One,
111	3175951	US	B	freethoughtblogs.com	A B C are there still monkeys? " # That's what you sound like. # No , really, that's how you're coming off. # Understand that the
112	51452	US	G	archiveofourown.org	A B C , while he still could. # " I'm flattered, Barton, but no . Thank you. " # Silence. He plastered the blandest of smiles across
113	160869	US	G	abcnews.go.com	A B C 17, 2012, 11:47 pm 11:47 pm # ROBOCON3657 # First of all, no , Boehner didn't cause us to lose the credit rating, Obama did,
114	3168615	US	B	dailyfreepress.com	A B C to put Pat in, and I chose you, Ruikks. And Ruikks said no problem. " # Offensively, Parker has again overhauled the team's lines and
115	413433	US	G	literature.org	A B C Earnshaw, who lives with Mr. Heathcliff? Are they relations?' # ' No ; he is the late Mrs. Linton's nephew.' # ' The young
116	790759	US	G	washingtonpost.com	A B C to pay for the health-care legislation signed by President Obama last year? Well, no , they won't. But you might think an increase is coming if you
117	3259146	US	B	omnivoracious.com	A B C Our critical side has one word in its vocabulary, and that word is " no . " It can say " no " loudly, or softly, emphatically or
118	521072	US	G	onpoint.wbur.org	A B C pass a jobs bill but the T-Baggers were to concerned with birth certificates and saying no to everything for purely political purposes. Talk about fiddling while Rome burns. As
119	3218615	US	B	uwmpost.com	A B C the letter, I read it. Then I called her and said,' no , there has to be a mistake,' " Quintero said. " "
120	315909	US	G	...arrypotter.wikia.com	A B C do it--do it another night... instead... " # Dolores Umbridge: " Oh no . Oh no, no, no. This is your punishment for spreading evil
121	3205970	US	B	seattletimes.com	A B C n't wait for death. The idea of death encroaching, coming for him? No , Tony would be the first one to ride out and find the death,
122	292013	US	G	amazon.com	A B C attitude and dead pan humor are dead on and this book is a masterpiece. No matter your age this book will be truly enjoyable. # I first picked up
123	3153959	US	B	...ltimore.cbslocal.com	A B C . - Those who drink moderately or not at all have the most profit. No or little more taxes and the lot of profit. - Taxes should be combined
124	89626	US	G	edge.org	A B C the basis of my doing lots &; lots &; lots of trivial instructions? ( No .) Or: imagine yourself sorting a deck of cards. # Sorting is
125	656692	US	G	...lassguy.blogspot.com	A B C Yes to Tort Law Reform. Yes to Insurance Company competition across state lines. No to a government-run Healthcare System that has power over each citizen's health, life
126	291150	US	G	voices.yahoo.com	A B C stronger thus far. I do not have it in me to fight. # No - I am not possessed of strength or faith - of patience or TRUST to
127	157214	US	G	gnu.org	A B C ) in between the GPL-covered part and the proprietary part? (#GPLWrapper) # No . The X11 license is compatible with the GPL, so you can add a
128	587026	US	G	vanityfair.com	A B C and Karl -- they were like, Oh,, no, no, no , no, it's fine. We'll get back to it. That
129	129270	US	G	wpcentral.com	A B C excited about the yellow one. They thought it was the greatest color ever. No HTC 8X in stock, they didn't get those yet. Huge Windows Phone
130	3189590	US	B	...stoval.wordpress.com	A B C question, " is this as good as it gets? " -- I say no it is not. Liberty will rise yet again. # As a closing note
131	3239390	US	B	faithradionet.com	A B C television and snack foods), but as long as Dana is able to say no and her mother respects Dana's no, even if she disagrees with it,
132	194080	US	G	fanfiction.net	A B C the relaxed and calmed Piper as target of their games. # " Wait, no !, " she squealed, standing quickly and running as fast as she could
133	343155	US	G	metrolyrics.com	A B C baby, you don't have to go You don't have to leave, no , no When you speak to me, it's like a dream And I
134	150099	US	G	f2.org	A B C asked me - to my great surprise - whether I would marry her. " No , " I replied, " I will not. My mother would never agree
135	3161528	US	B	...uemilk.wordpress.com	A B C . Not understanding and/or not caring about the feelings of the date who says " no ".) # Am I just making a straw man of it? Is
136	17823	US	G	glee.wikia.com	A B C , high heeled shoes It doesn't mean that I'm a prostitute no, no # Puck: I like rap music, wear hip hop clothes. That does
137	280373	US	G	geekwire.com	A B C and knee pads... But then again, that's probably a stupid idea. No , I bet you drove in your brand new car, fully equipped with plastic
138	779001	US	G	charitywatch.org	A B C additional information in writing and inspect it carefully. You have a right to say no . No legitimate organization will pressure you to give immediately. # 4. KEEP
139	3190004	US	B	...ininga.wordpress.com	A B C who are converted to God keep these Commandments perfectly? " # Answer: " No , but even the holiest men, while in this life, have only a
140	89866	US	G	tv.com	A B C : " Is Nick a genius? No. Does he have average attendance? No . But he's a human being with a heart. " # -- Nick
141	90909	US	G	...ewayray.blogspot.com	A B C you're so regressed socially that you need Twatter then my handle is allthewayRAY . No , I don't give a fuck if you follow me. Of course,
142	3221746	US	B	wonkette.com	A B C Cuz that would be awesome. # Yeah, and I don't. ( No , I'm not gon na act like those fucking RWNJs who think that's
143	1402488	US	G	...ontporchrepublic.com	A B C period of time. We ended up having to move, and now live in No . Nevada in a neighborhood that might be defined as suburban, except there is
144	622287	US	G	dailykos.com	A B C 's a slimey character whose great good fortune isn't quite enough for him. No , he's got to that fortify that position of privilege for all time to
145	3213349	US	B	thehairpin.com	A B C : " oh... thanks? " Boss: is something wrong? Me: No , no, not at all! I'm just grateful to get any raise
146	3165118	US	B	...ermonterasupport.com	A B C , he's telling me he is joining the military. I said,' No ,' of course. No mother wants her son to join the military.
147	774670	US	G	sing365.com	A B C na # oh, no no no no salvation on the corner oh, no no no walkin tall with a big boner # yeah, it's that time for
148	234735	US	G	prodigalmagazine.com	A B C " and connect with her on a deep emotional and spiritual level. I said no . She was miffed and wanted to know why. I replied that it felt
149	3269100	US	B	somersherwood.com	A B C say well we don't have any money but.... could you would you? NO ! I WILL NOT! You'd pay the plumber if you had a leak
150	1403497	US	G	...ollywoodreporter.com	A B C never-ending onslaught of reality television suggests that's a losing effort. You can say no to visual exploitation. You can say no to TLC. And you can say
151	3264840	US	B	redstate.com	A B C taxes, entitlements, defense etc. # commonsenseobserver # If... # But, no . If Obama starts listening to his advisers for a start, perhaps. #
152	495908	US	G	...hewashingtonnote.com	A B C the fact that Israel has been waging war on Gaza for the last year. No , not in the form of air attacks, but a blockade, which is
153	524490	US	G	tvtropes.org	A B C No. Did they optimize the gameplay so an average PC could run it? No . Did they cut it down to optimize it for a PC release? No
154	3244089	US	B	gossipcop.com	A B C you think that she should have to answer that just satisfy your judgmental ass..... no , no should not have to answer any questions about someone who has never had
155	3224506	US	B	androidcentral.com	A B C streaming. # So. T-Mobile has no service in my area, at least no 3/4g, only 2g and lower. If I went with the straight talk for
156	685922	US	G	amazon.com	A B C we " Jacques ") soils himself in the work, in the labor. No , no boundary condition, no perimeter, or plane, but rather an intersection
157	3223513	US	B	aftergiving.com	A B C words for a small six-year-old. Unfortunately I got hit with an ugly cold. No , no one would take her for me. But we did sit outside blatantly
158	439981	US	G	lyricsfreak.com	A B C ... I think I love her # (raspberry beret) No no no No no no (the kind u find) (in a second hand store) (
159	43291	US	G	imdb.com	A B C to Judy, after being taken to the scene of Madeline's death No, no . I have to tell you about Madeleine now. Right there. Pointing Scottie
160	3157135	US	B	blog.lumension.com	A B C Can technology solve the IT risk challenge alone? Why or why not? A. No , but it's the first step in automating the process above and reaping a
161	784740	US	G	script-o-rama.com	A B C not take it again so long as you live. Are you happy now? No . Why not? I don't want you to take it whether I live
162	3684227	US	B	...vidbrin.blogspot.com	A B C diversion can be brought forth by wishing it, must be almost impossible to say no to. # We have to assume, until we have reason to think otherwise
163	689992	US	G	nj.com	A B C these things that I don't have the congressman say' No, no, no , I don't have that position,' " Biden said. # "
164	3236563	US	B	doctornerdlove.com	A B C a way to engage with women without having to actually make conversation. " # No , I just fail to see the value in storytelling alone. I never communicate
165	136575	US	G	creators.com	A B C business standpoint, it's spread pretty thin. " # So? # " No , " Sterk says. " I don't believe athletes should be paid more
166	3191313	US	B	...nnesota.cbslocal.com	A B C but they sure have done nothing these past forty years to keep them down. No to drilling, no to keystone pipeline, no to nuclear power, no to
167	552322	US	G	jsclasses.org	A B C was going to say about it. Ideally, yes, but in practice, no , because it's expensive. # Michael Kimsal: Well... # Manuel Lemos
168	8927	US	G	...ehouse.blogs.cnn.com	A B C I take it you were for the bailout of the auto industry, too. No ? You weren't! Oh my God! No!! # Your point
169	255804	US	G	connect.dpreview.com	A B C back in the early 1900's (equivalent to today's phone cameras)... no I thought not. # I took the time to view all 38 finalists,
170	453617	US	G	loper-os.org	A B C to dump it all at once on the market. # Yes it can happen No it is not likely # A dump only affects value, not the intrinsic properties
171	111144	US	G	rushlimbaugh.com	A B C , no, I don't think the president hates the country. Oh, no . No, no, no. In fact, I think the president,
172	780410	US	G	redstate.com	A B C down the law.. decide to exclude the MSNBC/Politico hacks from the debate arena.. No pre debate show... will there be a post debate spin room? will Chris
173	585120	US	G	abcnews.go.com	A B C # Posted by: OvomitSucks October 15, 2012, 1:28 am 1:28 am # No , the hateful attacks from right wingers started when Obama was nominated, and they
174	3246827	US	B	huffingtonpost.com	A B C the Internet. The photos were orginally posted on the Live Journal gossip site Oh No They Didn't and the incident <a href= " http: **29;21253;TOOLONG... target= "
175	1413857	US	G	yelp.com	A B C sweet or too icy and that's enough for me to say no thanks. No thanks. Review from Ellyn S. # We hosted an Engagement Party here for
176	192835	US	G	tnr.com	A B C White House. # Unless it's the mirror image of Truman and Dewey? No . Anti-Matter does not exist in this universe. Or, it goes up in
177	1393278	US	G	scienceblogs.com	A B C to do this. # Vince Whirlwind # September 12, 2012 # Easy: No . # Prak # September 12, 2012 # " We belive.... We deny
178	719552	US	G	energybulletin.net	A B C ask them to alter their " lifestyles. " Is there a practical difference? No . The American way of life, our lifestyles, have to change. The
179	46155	US	G	blog.sfgate.com	A B C Clinton hold any grudges for some of the tough shots he took from Brown? No , not at all. " We talked about the campaign, we exchanged ideas
180	188457	US	G	script-o-rama.com	A B C Get into the plane! Hurry, hurry! No! No, Anna, no ! Mutki! ANNA: Come on, honey. BRONSKl: Come on!
181	74829	US	G	paulgraham.com	A B C new things the way Apple had under Steve Jobs. His answer was simply " no . " I already feared that would be the answer. I asked more to
182	235318	US	G	script-o-rama.com	A B C God, you hypocrite. What's hanging in that museum? My soul? No , it's my face. You're using me to pay back every guy
183	3274218	US	B	theoildrum.com	A B C use oil to make oil but also use some piped in natural gas. # No , just that as I've also pointed out long ago similar examples to above
184	3185733	US	B	kottke.org	A B C 's throttle or bite of the propeller. Does the plane suddenly move forward? No , because the wind didn't suddenly stop. Repeat this experiment, but this
185	3156961	US	B	...g.joeblairwriter.com	A B C say. " I didn't appreciate it then, though. " # " No ? Why not? " # I sigh, recalling those nights meeting my parents
186	192068	US	G	imdb.com	A B C Dark Side... then perhaps she will... Luke: igniting light saber, screams NO ! Share this quote # Yoda: No more training do you require. Already
187	3180459	US	B	hotair.com	A B C but I will take note of those who link to the lie. # Oh no ! Joe is taking names. # After all this drama, a BuzzFeed writer
188	1394905	US	G	unllib.unl.edu	A B C under 18 years old, you can not complete the survey. # Yes # No # 2. Campus location # ENG 111- CSI Library Classroom # ENG 151- CSI
189	3233292	US	B	copyblogger.com	A B C possibly be social media, " they deduce. # Thanks for your post. No , you probably shouldn't worry about it any more (although imprecise use of
190	176590	US	G	i-programmer.info	A B C hilarious and some how very disturbing. It this the future of AI? # No , it clearly isn't the future of AI, but perhaps light entertainment with
191	3219115	US	B	...fromthebleachers.com	A B C away when the make-up game was played the next day. # Doc Raker # No matter their record, as long as everyone had a good time in Wrigleyville and
192	3231687	US	B	chicagonow.com	A B C told that you have to do something and it is a hard limit, say no . If they continue to push the subject then leave. If they threaten you
193	3148936	US	B	1stgenband.com	A B C Oh, let's do this one. " Then we would say, " No . Steve. This one needs credentials vocals and some-more orchestration. " # We
194	479813	US	G	thedenveregotist.com	A B C own an Egyptian AK-47. Am I going to go on a shooting spree? No . Do I use it recreationally? Yes. If you don't like it
195	673263	US	G	bitchmagazine.org	A B C a change and spare us your words. # No no no no no no no no no no. Mariam is speaking very truthfully to you and explaining herself very
196	684931	US	G	judithcurry.com	A B C . Can I predict how this might go over the next two decades? Heck no , other than that I suspect that the cool phase of the PDO will persist
197	3252524	US	B	lookoutlanding.com	A B C rest of the league. # Catcher # oStr% # LG oStr% # Diff # nO # extraStr # Olivo # 5.9% # 7.2% # -1.3% # 3236 # -41 #
198	759820	US	G	ajtony.wordpress.com	A B C inspire them to follow Christ "...... but on the other hand its like... No .... i do nt need to be an NFL superstar, a Hollywood actor,
199	134715	US	G	umaine.edu	A B C your hands and don't mind physical work outdoors in all kinds of weather? no yes don't know # Are you looking forward to farming to get away from
200	674578	US	G	huffingtonpost.com	A B C " And he thinks she can " win this entire thing. " # Please no . # Bryan Keith " Back to Black, " Amy Winehouse Team Adam "
201	221367	US	G	...urrentconscience.com	A B C simply reusing the term the author incorrectly used for the sake of congruence)? No . # Who decides what a proper emotion response is? Right out the womb
202	3213678	US	B	...lectern.blogspot.com	A B C That they are poisoning the springs of the future? " Rublev answers: " No , they are not cowards... they are true, that is still true to
203	300386	US	G	...logs.mercurynews.com	A B C league-wide exhibition and regular-season games have been axed -- that same 31.8 percent. # No , these have not been the easiest five-plus weeks for Todd McLellan and his staff
204	772936	US	G	abcnews.go.com	A B C just be quiet and go back to the trailer park from whence they come. No , I don't suppose it is. # Posted by: Randy January 31
205	53424	US	G	thesongsontheway.com	A B C had a smart phone I'd be posting daily even in the busyness! # No , the real issue is I only have internet occassionally right now because the way
206	141495	US	G	...assively.joystiq.com	A B C Daggers # One thing is for certain: This is not a happy song. No , it is not. It's one of those ominous, brooding tracks that
207	3169124	US	B	...ughran.wordpress.com	A B C anyone selling anything. Does it make sense in the case of ebooks? Hell no . If you haven't added your books to Smashwords or gone directly to Sony
208	202889	US	G	wowwiki.com	A B C no! It's The Feared! He shot out of nowhere and... OH NO HE SAW ME! RUN AWAY! The Positive Wintergrasper # Never mind that
209	677796	US	G	lyriczz.com	A B C ... (uh -- huh) But I won't be down always! ( no no!) # I've had some problems Heartache and pain Tryin' to
210	278388	US	G	popwatch.ew.com	A B C . Eli asked if there was anything that he could do. " No... No , " Juice said. " I got it. " His soft voice always
211	324595	US	G	icarly.wikia.com	A B C keep the $20? # Carly: takes the money out of Sam's hand No ! steps back Why didn't you tell me you and Freddie kissed?!
212	134334	US	G	raptureready.com	A B C not pass away. But of that day and that hour knoweth no man, no , not the angels which are in heaven, neither the Son, but the
213	742615	US	G	iowntheworld.com	A B C asking if the GOP was aware, and if so what's being done. No answer yet, but today is a holiday. I would suggest calling e mailing
214	34562	US	G	michaelmoore.com	A B C Not allowed to have our V-J day and run into Times Square with exhilaration! No , there could be terrorists there. So all we're left with is to
215	3256184	US	B	musingsofthelame.com	A B C with the most extreme example: Can a twelve year old raise a baby? No . Not on her own, but can she successful parent with support? Yes
216	296390	US	G	...banlegends.about.com	A B C January 30, 2010 at 2:33 am # (165) briintOot says: # no , she is never a hermaprhodite, its an insult to her humanity. #
217	600543	US	G	archive.org	A B C not.'' You're drunk and you've had D.Ts.'' No .' William Campbell held the sheet around his head.' Dear sheet,
218	3254139	US	B	mensfitness.com	A B C . Let yourself imagine that you do. Is your life over from there? No , you'll still be alive and get over it. " The more often
219	3194285	US	B	...omicperspectives.org	A B C that fiscal consolidation be exacted and also not to hamper the economic growth. # No , in all respects. That dichotomy is confused. The " other option "
220	3266314	US	B	samefacts.com	A B C The up side is that these valiant citizens got pissed enough to say " F#K NO ! " and stood there for obscene hours to register their will and won against
221	413226	US	G	...lthouse.blogspot.com	A B C I assume you're rooting for unemployment to remain at its current level? # No , you can't. # Or would you like for the economy to improve
222	343785	US	G	blogs.suntimes.com	A B C Clyde' because the leads are played by' beautiful' actors? " # No , I actually enjoyed the movie because Beatty and Dunaway are so gorgeous. But
223	628136	US	G	nationalmemo.com	A B C in the House for three months now, but will the republicans do anything. NO ! They have stated that they will not even look at it until after the
224	3687404	US	B	aintitcool.com	A B C out (oh, wait) screaming WE GOT TA GET PIGGY! Um, no . No, we don't. Nobody cares about Piggy who's going to
225	3197329	US	B	...dinary-gentlemen.com	A B C quite know*. It's like when opponents call capital punishment " murder. " No , it's really not murder, nor is it patently unjust, but that
226	612220	US	G	yelp.com	A B C Used to Be's, and yet... I'll be 27 this year. No , they didn't intentionally serve me underage and yes, they are actually a
227	284365	US	G	ntl.bts.gov	A B C # The City West Link's " metered " on-ramp was shown as having almost no merge length with Victoria Road. Given the limited sight distance, difference in levels
228	314311	US	G	deadspin.com	A B C it wasn't Speyrer, just as it wasn't Worster in the middle. No Worster-Speyrer sauce, in other words. It was a 44-yard spiral to the tight
229	606892	US	G	mashable.com	A B C sitting around the TV a home with someone you care about special. I say no to talking TVs.ronald gilman About Mashable # Mashable
230	242788	US	G	pandys.org	A B C when it happened. There are so many reasons why you might not have said no : # You were confused about what was happening. You didn't know you
231	3165032	US	B	christianchat.com	A B C find him on the census records and see if he told the census taker " no ",, when he ask if he could read,,, go one
232	3211631	US	B	terribleminds.com	A B C pretend. " That's not a real job, is it? " " No , I just made it up. Now, if you'll excuse me,
233	3274634	US	B	therightscoop.com	A B C it actually has it's roots in Marxism. # http: **44;33775;TOOLONG TIMERUNNER # No , not tenacious, We in the American Tea Party Movemnet are Patriots, we
234	54585	US	G	...rums.newyorkjets.com	A B C RB) that can turn a 5 yard pass into a 40-50 yard TD? NO . A linebacker who can rush the passer and strip the ball? NO!
235	3267470	US	B	seibertron.com	A B C 2012 7:34pm EST # KUMA-NIN Maximus wrote: # WolfSpider1979 wrote: NO! NO ! SMEG NO! They can't have it! If they want " My
236	461772	US	G	fanfiction.net	A B C " Perhaps you are counting on your friend with the explosives? " # " No ! " Hephaestus moaned. # " They found him, " Ares realized,
237	86596	US	G	literature.org	A B C from this to his dying day, and wept tears of blood for Catherine! No , indeed, indeed, I wouldn't!' And here Isabella began to
238	563199	US	G	...tword.dictionary.com	A B C used words, fine. It makes sense to omit obsolete words. Otherwise, no . # Not to mention, one of the things that makes the English language
239	3214163	US	B	thenotebook.org	A B C away from public schools and still supplying them to charter and parochial is right? No ! It's not right. But right now I believe it's within the
240	639317	US	G	wisegeek.com	A B C your clothes and sleeping in your bed, would you just let that go? No , you'd find a way to get rid of them. # anon113422 Post
241	3214070	US	B	thenextweb.com	A B C service. Yes, the company certainly needs a way to enforce said rules. No , I don't think asking friends to snitch is the right way to go
242	607020	US	G	yelp.com	A B C goes, so I asked if that was their normal hours. He said, no ... they close whenever it's slow. Uh, ok... lazy, but
243	3180125	US	B	hollywoodlife.com	A B C n't check what you print before you print it HWL. Oh, wait, no I am not surprise since you have printed misinformation since the scandal started. If
244	720067	US	G	debate.org	A B C tax bracket and it is not worth it. # Posted By: eyeslikethat No . Because they have worked for their wealth and deserve to recieve the rewards.
245	725678	US	G	thestir.cafemom.com	A B C ) # Nonmember comment from SomeNeverLearn on Jun 28, 2012 at 3:23 PM # No you dumbass, do your research, its the opposite. And I mean actually
246	600543	US	G	archive.org	A B C have been a mistake.'' You were saying about sliding.'' No . It couldn't have been about sliding. But listen, Billy, and
247	3232687	US	B	collectorsweekly.com	A B C the beasts didn't romp through the pages of his well-loved children's books. No , instead, they were badgering hapless drivers and boaters in motor oil ads.
248	3264142	US	B	rawstory.com	A B C the idea that any one of those might have been innocent? " # " No , sir, I've never struggled with that at all, " Perry flatly
249	91262	US	G	languagehat.com	A B C little boy, but a rather undignified procedure for lady shoppers. # Sashura: no , a Netzbeutel was originally a fairly flat, practical accessory for hiking or travelling
250	5475	US	G	huffingtonpost.com	A B C responded, " " I just thought she was some shit stain on Twitter, no ? " Sadly, this Twitter fight actually continued with Farrah later tweeting, "
251	665281	US	G	lovethatmax.com	A B C people need to hear those direct responses to understand how inappropriate they are... # No , she sure as hell didn't have to say that. But she did
252	3204404	US	B	rwer.wordpress.com	A B C ##3204405 No , it were not the politicians but the people who restored confidence in Belgium #
253	437975	US	G	monergism.com	A B C fervently, and serve Him diligently? These longings proceed not from the flesh. No , my distressed brother or sister, sin is not your complete master; if
254	775975	US	G	...ftheday.blogspot.com	A B C it better! I can do most anything! Can you bake a pie? No . Neither can I. Anything you can sing I can sing sweeter. I can
255	635184	US	G	law.justia.com	A B C be different for employees affected by pregnancy-related conditions than for other employees? # A. No . An employer's seniority policy must be the same for employees absent for pregnancy-related
256	402716	US	G	goodreads.com	A B C decency. In 2 pages he found it ok to mention coffee 5 times. No , not fun tidbits about the history of coffee but just as action filler:
257	1412190	US	G	trulia.com	A B C you should have your home checked regularly once you own it. # So, no , don't axe a property off your list because it had termites and has
258	1384590	US	G	abcnews.go.com	A B C what the 3 established branches of government are doing. Is the press perfect? No , because they are for more holden to corporate $$$ (through ratings) than
259	30438	US	G	everywhereist.com	A B C alternative and at least be in the know. Positive points to consider (and no , I'm not related to the author, nor am I her agent)
260	3206031	US	B	seattletimes.com	A B C lead on the road after settling for ties in Dallas and Portland...) " No .... I think it's a situation of each game, like I've
261	3686915	US	B	thomaslarock.com	A B C . # Is every day unicorns and rainbows for me? Not without medication, no . But I have learned that I am the one that decides if I am
262	3151256	US	B	americablog.com	A B C mitigating action. Does he want to be " killer of Social Security "? No , he wants to be " savior of Social Security ". Well, we
263	3226404	US	B	balloon-juice.com	A B C Lurking Canadian: " But every time the issue of Chinese manufacturing comes up ( no , it's not just Apple, and it's not just electronics, it
264	3278610	US	B	voxxi.com	A B C You start out by saying that Ryan is against contraception. Is that true? No . Any woman in this country is free to purchase contraception. Right? #
265	211439	US	G	...ientificamerican.com	A B C bitches. This 37 year old " girl " finds it rather insulting. # No , it doesn't. Making Hortense proud means not resorting to ad hominem attacks
266	459228	US	G	news.yahoo.com	A B C " cult. " Billy Graham uncharacteristically threw his support behind the Republican candidate. No not " uncharacteristically " the actual word is " Hypocritically. " How could the
267	3153645	US	B	...eaffair.blogspot.com	A B C , Shawn # You are so right, Shawn, the WH can always say no , and mine did not. So I can blame the OW, or I
268	3280720	US	B	wrongplanet.net	A B C to do. # Thanks. # maybe she could be your bf =p # No , she's a girl and I'm heterosexual so I wouldn't have a
269	422922	US	G	blogmaverick.com	A B C 're going to face serious competition from online and other for profit options. And no , Phoenix doesn't count. Actually, I'd love to start an online
270	719256	US	G	tumblr.com	A B C . You quickly pull away before you get into it. " The principal said no in school affection, only outside. " Harry bites his lip and looks around
271	3152708	US	B	articles.courant.com	A B C " # But are the two hats he's wearing too many? # " No , I've coached a position and coordinated the defense in the NFL. George
272	742106	US	G	thoughtcatalog.com	A B C fucking loser and out of touch w reality. I feel bad for her. No , just kidding. I don't. # http: //twitter.com/tannnyaya Tanya Salyers #
273	3260629	US	B	patheos.com	A B C incentive to cause them to change their behavior. This means that all persons, no matter their reasons for seeking to better themselves, must do so according to some
274	3252541	US	B	loonwatch.com	A B C his prayer. Has he paused and taken thought? Is it one prayer? No , it is two -- one uttered, the other not. Both have reached
275	460937	US	G	...euroanthropology.net	A B C bed in my room. It truly does facilitate a bond like no other. No , I won't consider a crib for them. But if they prefer their
276	3203001	US	B	...us.blogs.nytimes.com	A B C motor racing lost one of its true greats: Professor Sid Watkins. # " No , he wasn't a driver; no, he wasn't an engineer;
277	600543	US	G	archive.org	A B C do any good to say I'm sorry?' AA 369 370 THESEACHANGE' No .'' Nor to tell you how it is?'' I'd
278	539482	US	G	ralst.com	A B C as to offer to let her see Helena if she returned. Myka had said no . She had no interest in seeing the woman again.? We didn?
279	523133	US	G	goodreads.com	A B C a window into another dimension. John and I never had the chance to say no . You still do. I'm sorry to have involved you in this,
280	781422	US	G	balloon-juice.com	A B C the content of your character, because you're both lazy, stupid bigots. No , they're judging you by the color of your skin, and Faux has
281	673705	US	G	themarysue.com	A B C happy playing Angry Birds too. Got ta get three stars on all levels, no ?;) # http: **25;9747;TOOLONG Bel # A good way to keep your
282	574857	US	G	brandchannel.com	A B C shackle shoe racist? No. Does Adidas sell its products in a vacuum? No . # Maybe most similar to D &G's; infraction is a recent poorly thought out
283	85279	US	G	...jsmith.wordpress.com	A B C simply it's not only becase you are not Egyptian or you are blonde, No , this happens every single day to Egyptians even wearing Hijab!! Please continue
284	790515	US	G	...othemath.typepad.com	A B C . Yet, you still don't believe they really exist -- the monsters. No , that's wrong. You believe they exist all right, but after fifteen
285	94420	US	G	lesswrong.com	A B C your experiences have religious implications. There are naturalistic explanations for religious visions, and no , they don't all mean you're crazy. (Check out Oliver Sacks
286	3151069	US	B	...lthouse.blogspot.com	A B C . Helping people is just an outgrowth of our faith in Jesus Christ. # No , I got the point. The point of telling this story on national TV
287	38683	US	G	diffen.com	A B C on 2012-09-21 02:09:55 # I favor Republicans and I'm not even christian! So no , Republicans don't rely on religion. # 204.?.?.2 on
288	1411175	US	G	swtor.com	A B C in the future, post them below or PM me. # Tactical Genius? No . Another misconception. Revan was not a tactical genius. During the Mandalorian Wars
289	496946	US	G	...tochina.blogspot.com	A B C , September 07, 2011 What a Pony looks like A Pony # No , Emma is not getting a pony for her birthday, but she might be
290	3206189	US	B	seekingalpha.com	A B C or the price will be apt to pay going forward? # Reed Hastings # No , we don't have that expectation. # Ellie Mertz # Question on HBO
291	703513	US	G	azchords.com	A B C D I don't want to go to Chelsea. G D G D Oh no , it does not move me, G D G D Even though I've
292	747785	US	G	...laborcert.doleta.gov	A B C amend my temporary labor certification to increase the number of H-2A workers requested? # No . At any time before certification, an employer may submit a request to increase
293	64550	US	G	shtfplan.com	A B C african black man, into a White eastern european stock jew?!! # NO ! Ok then how come Pagans of khazar ancestory 1200 yrs ago converted to Talmude
294	3159031	US	B	blogs.babble.com	A B C are not having anymore (not the only reason but an important one). No , I won't be one of THOSE MIL's. I will be able
295	3193950	US	B	necolebitchie.com	A B C saw the picture of him and Will Smith i couldnt help but to think oh no not him too. Sorry my opinion but I have a feeling he is and
296	3254226	US	B	metafilter.com	A B C thy nada. That's how little hate is in these eyes, man. No , right now I'm on a drug, a drug called SCOTT ADAMS,
297	406674	US	G	codinghorror.com	A B C the taskbar with the dock, or the Zune with the iPod -- uh, no , forget that last one, it's a typo. IN GENERAL I think
298	3172360	US	B	...chantedseashells.com	A B C , Hello Kitty, Gossip Girl, and anything sparkly or leopard print. And NO , I am NOT a mermaid. I've never seen a mermaid with genitals
299	1410305	US	G	sing365.com	A B C I won't give in I will not let myself be taken in Again oh no my friend # Thats what I say Thats what I tell myself I won't
300	3253913	US	B	mediaite.com	A B C kids have their own " ovarian cysts ". Serenity Now! # Anonymous # No , actually, prescribed birth control pills can cost you between $50 -- $100 per
301	165836	US	G	cbsnews.com	A B C even have real capitalism (e.g. are the markets free? Is competition fair? No . Markets are interfered with and the government constantly gives out massive contracts to their
302	191128	US	G	samizdata.net	A B C " no " to the Iranian Republic, more than 90 percent would say " no . " If there were a free referendum today saying " yes " or "
303	590771	US	G	songmeanings.net	A B C condemned so they do not go to hell. # General Comment: uh, no , the last verse is pretty much a part of the original folk song.
304	155911	US	G	matadornetwork.com	A B C bearing this in mind the choice fell on Dubai, the friendliest city ever. No . But even being in Seychelles isolated islands for a year I found really close
305	59915	US	G	oobgolf.com	A B C want you to do more things and you have to learn how to say' no .' # " You have to be selfish sometimes. First and foremost,
306	3273942	US	B	themarysue.com	A B C people, but in horrible make-up that hearkens to the 1930? s? # No . There was a better way to do this. # http: **31;8282;TOOLONG Ashe
307	316523	US	G	lyricsfreak.com	A B C want to say yes Say yes. And if you want to say no Say no . Cause there's a million ways to go. You know that there are
308	3249601	US	B	jihadwatch.org	A B C # "' Do I think that every single Muslim " follows Islam "? No , but we Infidels are entitled to assume, and to act on the assumption
309	3154011	US	B	bangordailynews.com	A B C is in charge # So I don't see the healthcare legislation going away, no . # Anonymous # This is true, and honestly this is the type of
310	3205387	US	B	scienceblogs.com	A B C be a human and to advocate for subjects like you can? Why? # No , the problem is that some scientists advocate things you don't like to hear
311	3211355	US	B	techcrunch.com	A B C games, you ask them if they're playing a game, and they say no I'm just hanging out and talking and having fun. A lot of games
312	25302	US	G	stepintheblender.com	A B C feel trapped in. Will I ever get any apology like this from biomom? No . Nor do I expect one. But it's nice to get an apology
313	564267	US	G	chicago.cbslocal.com	A B C but plenty can be done to give the players better footing at Soldier Field, no matter the Windy City elements. # The criticisms prompted Soldier Field general manager Tim
314	229365	US	G	...thedral.blogspot.com	A B C hell, to the unquenchable fire. " # If the answer is, " No . " Then it's got to go. # Let me say that again
315	259389	US	G	docsouth.unc.edu	A B C general treatment of slaves, the gentleman contending that their treatment was generally good--'O, no !' interrupted the lady,' you can know nothing of the treatment they
316	3172639	US	B	...coming.wordpress.com	A B C , you'd live as if you were okay with same-sex marriage and would vote No on the proposed amendment, indicating that you wouldn't support defining marriage as only
317	563926	US	G	negativepositive.org	A B C use a plate. " " Will it change the cooking time? " " No . " " Oh, hey. This microwave has a carousel. Do I
318	293412	US	G	huffingtonpost.com	A B C 's bedroom in order to have men to look up to? The answer is no . " I disagree Dr. and so do many other prominent researchers. # Drug
319	3279485	US	B	westphillylocal.com	A B C likely be transient. None of the units will be for sale. He said no allowance would be made for subsidized housing or housing aimed at senior citizens. He
320	3254287	US	B	metafilter.com	A B C had similar conversations with darker hued Indian colleagues who thought being lighter was better... no . Buddy, depending on where you are in the country, we don't
321	661427	US	G	stlouis.sbnation.com	A B C , but three alternatives to the NHL's CBA proposal, and the league said no . At the same time, the league keeps saying " maybe " to an
322	501210	US	G	factcheck.org	A B C ? " # It's a fair question. The short answer is, " No . " # Still American # GM is still a U.S.-based multinational auto company,
323	791712	US	G	gma.yahoo.com	A B C or not, there is no time.Run away if you can is the solution? NO NO NO NO.stay your grownd.and defend your life. # It's obvious that the
324	53632	US	G	mediamonitors.net	A B C n't that strange? # John Maresca VP of UNOCAL testified before Congress and said no pipeline until the Taliban was gone and a more friendly government was established. Is
325	223086	US	G	salon.com	A B C . There's only one person I still talk to from my university days ( no , not Nancy) and most of that communication takes place through Facebook comments.
326	324165	US	G	mediaite.com	A B C , " Can you make me love Mitt Romney? " He flatly answered " no , " adding that no one is likely to do that: # " No
327	3688718	US	B	howtogeek.com	A B C this why I'm so damn sexy? # Please vote: # YES # NO # Daily Email Updates #
328	114562	US	G	...hingtoninstitute.org	A B C and not stir up the hornet's nest even more? # The answer is no . Left to its own, the Syrian rebellion may eventually succeed in bringing down
329	87187	US	G	abcnews.go.com	A B C up. # You stood around doing nothing during the last 4 years except say No and Block anything from being done to help the American People. # TO show
330	3178214	US	B	gradschoolninja.com	A B C these instructors and land teaching jobs (in those semesters when my home department had no TA work for me) by simply preemptively applying for them. And this is
331	269254	US	G	mediaite.com	A B C the two... the zombie brain dead will' confuse' the two. # No , what will happening is what is happening now, a Democrat pundit sees an
332	3685115	US	B	judithcurry.com	A B C changing patterns of sea surface temperature and pressure. Is there a simple mechanism. No . But there are control mechanisms in solar variability (both UV and sunlight)
333	300233	US	G	orthodoxinfo.com	A B C , do not despair and do not think that the Lord has abandoned you. No ! He is always with you and invisibly sustains you, even when you forget
334	353205	US	G	forbes.com	A B C stuff. # Do we really even want to give the rich more power? No ! I haven't seen Obama done anything for the little people yet so they
335	290588	US	G	thesaleslion.com	A B C room is interesting? Some would say " yes ". Others would say " no ". It's all relative, just like blogging. # I received a
336	25763	US	G	rookiemag.com	A B C with ADD, they do this, " and they'd be like, " No , they don't... " # Like what? # Like my ability to
337	1398678	US	G	care2.com	A B C ##1398680 Why saying no to your boss can be a good idea # Your manager comes to you in
338	554510	US	G	townhall.com	A B C , or going forward without considering what is ahead. Viva la revolucion. # No . They won't. But if you go to the polls and don't
339	765028	US	G	...anfiction.weebly.com	A B C make Quinn jealous, yadda yadda ya. But dating him, for real? No . Absolutely not. " She crosses her arms over her chest. " Over
340	3159561	US	B	...discovermagazine.com	A B C n't actually arguing about them, you're asserting your predetermined view point. # No , such people can perform science on a practical level. They just need to
341	3238773	US	B	escapeartistes.com	A B C most likely still retain at least an attenuated version of the original. # " No , " I hiss back. " One, that's a woman's bum
342	742667	US	G	mrmoneymustache.com	A B C to justify their lengthy commutes with the excuse, " it's relaxing. " No thanks, I can relax on my front porch w/ a snack much better.
343	3258064	US	B	nintendolife.com	A B C , NOA should start giving away weird StreetPass puzzles like this. # espinozac7 Sadly no , those type of things are region blocked, just like as of now you
344	3275484	US	B	timegoesby.net	A B C Chandra, it's time to go home. " # She said, " No . " # I decided that the matter was not up for negotiation. I
345	3217572	US	B	tweentribune.com	A B C 14:09. # Does it really matter that much? According to the critics, NO . It doesn't matter if there is an accent or not on it.
346	3236458	US	B	dlisted.com	A B C in order to be on unemployment. I had no choice but to apply, no opt out. Same for gas cards for the schooling. I don't need
347	700318	US	G	...uywiththeglasses.com	A B C possibly expelled, right? " # Depending on when/where the film was set - no . Nowadays you could probably get expelled for extending a single finger, pointing it
348	3234466	US	B	dailykos.com	A B C **29;1150;TOOLONG, pitting Jimmy Carter's plucky progeny against Jimmy Carter's biggest hater. No , for Carter, the Romney video confirms his place among those stars of the
349	3166393	US	B	comicsbeat.com	A B C City 2 or Starship:Titanic, six years (?) ago. # Casual? No , more like a lookie-loo. I was part of the pioneering generation of video
350	3249339	US	B	jeffpearlman.com	A B C ' What book? He's writing an article.' He said,' No , he's writing a book.' And when I confronted him with it
351	178997	US	G	buzzfeed.com	A B C . We are all human. Will I give up discussing it with him? no . But he also knows I don't lock step support anyone and consider my
352	436028	US	G	ask.slashdot.org	A B C help them reduce their costs. (Ok, if you are in doubt, no , I'm not THAT stupid, it's a joke.) # VMWare
353	1397415	US	G	antipope.org	A B C after all. But the source of an unusually large supply of big ideas - no . # If you discount the pulp, discount the stories that are rightly "
354	3220892	US	B	whatever.scalzi.com	A B C ' redemption, I mean that the woman has done something wrong. " # No , it's not. You're using a particular word which means a particular
355	232518	US	G	techdirt.com	A B C of Speach? Re: Would YouTube lose safe harbor over this? # No , and that would be a bad idea comparable to the Fairness Doctrine. Companies
356	265168	US	G	...uickanddirtytips.com	A B C using the words correctly when we hear them used one way or the other? No . But, thankfully, this one is holding firm in the court of sway
357	3258440	US	B	northescambia.com	A B C we beat in the regular season and they knocked us out of the playoffs. No repeat! # northviewfan on November 17th, 2012 5:33 am # When they announced
358	580255	US	G	abcnews.go.com	A B C hold a press conference on this subject and say he reviewed the requests and answer NO ! Then he just just leave the room. # Posted by: TOM SAWYER
359	101121	US	G	president.byu.edu	A B C matter; did you find a mission president who wouldn't listen? " " No , " I replied, " it was just the opposite. I found one
360	472500	US	G	nakedcapitalism.com	A B C deficit reduction. Becuase there all faking a hand off and throwing a pass. No , it's becuase they know it's a constant flow of money locked in
361	3215058	US	B	thestir.cafemom.com	A B C table with your honey bear, just trying to put all the pieces together. No , that's not a metaphor. Just have fun! Comments (6
362	31942	US	G	burnmagazine.org	A B C and hope that it is of some interest to our readers. # DAH: No , but seriously that's such an honest answer, and it is actually everybody
363	531822	US	G	pbs.org	A B C infrastructure. # And, yet, you have Republican congresspersons up there saying, no , no, boy, this is not -- this is just wasteful government spending
364	3176275	US	B	frontrowlit.com	A B C the ocean performing for Carnival Cruise Lines. # Brian is also a philosopher. No , he doesn't have a degree, but he has written two books of
365	3275165	US	B	...erfamilybusiness.com	A B C , for one moment, think he would just leave that responsibility behind? # No # 4. What do you think about the relationship between Benny and Dean.
366	643315	US	G	...itybloodservices.org	A B C Rubella (German measles) # 30 days # Tetanus Toxoid (preventive) # No wait # Can I donate if I have diabetes? People whose diabetes is under
367	271199	US	G	spacepolitics.com	A B C 2012. They have the core stages. Do they have the crossfeed capability? No . Do they have a viable upper stage? No. Not even a large
368	148926	US	G	edge.org	A B C , ancestor to all the cilia, was no ordinary rod-shaped little dot. # No , this bacterium who still has many live relatives, entered into symbiotic partnerships with
369	3242077	US	B	...arotcardreading.info	A B C Vasudev P If psychics match with my practical life then ok # Suggestion by milaroo No not at all. They always give some sort of super-vague reference to something that
370	649339	US	G	tnr.com	A B C pass along, any attack is acceptable so long as it diminishes the target, no matter whether it is true, false or unknowable. Love is for sissies -
371	564599	US	G	rookiemag.com	A B C the block and saw how many whistles she could get. I don't really no what more to stay about that, just that the more I think about it
372	169558	US	G	thinkbynumbers.org	A B C . People are paid based on the demand for their skills. # Killinumofo # NO MIKE its the GREED of the corporations that KILLS everyone. Share and allow everyone
373	294098	US	G	boston.cbslocal.com	A B C should know -- I'm married to a giant one! # Michelle Obama # No , fish. # Michelle Obama # No, Jenny, no.... # It
374	101546	US	G	lifehacker.com	A B C engage one thing fully. Sounds like a skill your boss would really value, no ? # From early in the book, Nhat Hanh writes: # The instant
375	745766	US	G	zengardner.com	A B C is no shortage of alternative therapies for giving life to a broken world! # No , our economy is in good hands. I saw it on CNBC. You
376	5453	US	G	craphound.com	A B C " I hated the whine in my voice. # " No, Julius. No . Let's go home and get some sleep. I want to do some
377	3229080	US	B	britannica.com	A B C with music (i.e. merchandise sales, concerts, mp3, ringtones etc) # No ! Newspapers are not doomed. They will be around for at least another century
378	1392808	US	G	...limate.wordpress.com	A B C , you're a Denier! You're denying climate change! # Doubter: No I'm not. # Believer: More Denial! You're a Denier!
379	753970	US	G	wired.com	A B C will be back (it is a comic book movie, after all)? No . He gets stabbed in the back by Loki, nothing extraordinary. # 2
380	3232900	US	B	comicosity.com	A B C , but somewhere in the middle. # Was the previous DCU continuity perfect? No , it wasn't. I say that as a huge lover of the previous
381	3685150	US	B	keithhennessey.com	A B C , having it become law, and defending it, or (B) voting no , having it not become law, and explaining why I changed my vote?
382	748283	US	G	news.ca.msn.com	A B C is relevant to his care: Was he in pain? His brain response suggested no , which was a relief to his family, Owen said. # Functional MRI
383	3172259	US	B	...anuary.wordpress.com	A B C . # " Are you still writing your book, sah? " # " No . " # "' The World Was Silent When We Died.' It
384	3211170	US	B	...perless.blogspot.com	A B C 1. Digital Access for all: We have a mission to serve any student no matter their economic background, and so can avoid the digital divide for those who
385	279349	US	G	metrolyrics.com	A B C you do the things you do And there's no other in this world, no That I would ever call my girl This kind of lovin' I only get
386	185673	US	G	archiveofourown.org	A B C # " Thanks, " she said. " I needed to know that. No , no, I mean, we're intelligent people whose jobs are all about
387	754814	US	G	patheos.com	A B C murderous crowd that show us why Jesus even descended to hell. " For they no not what they do. " # Ted, aren't you a little worried
388	214464	US	G	tvtropes.org	A B C planet Mor Tal, where he does very little but let loose a Big " NO ! " because he is not too thrilled to be trapped on his new home
389	572386	US	G	fanfiction.net	A B C hair. It was a very distinctive shade; it reminded her of -- # No . Her blood ran cold. He can't be here! If they catch
390	518932	US	G	sodahead.com	A B C over the years. # In this form, using microchips and the like, no . In some other form, entirely possible. After all, the Egyptian pyramids
391	483226	US	G	faultline.org	A B C something inferior and/or undesirable. Is every claim of rape or sexual harassment true? No . People are never that simple, and people can and do lie. That
392	694321	US	G	blogs.msdn.com	A B C are created via the new operator. Otherwise it's not required. " # No , the function is always required. It's just that you got lucky in
393	1402652	US	G	ganggreennation.com	A B C ! Do I think this offense will be putting up points left and right? No ! Do I think Mark needs all that to happen for him to be a
394	239238	US	G	script-o-rama.com	A B C . You do this for money? You do this for money, huh? No . Yes. Take it. That's all I got. Please. Goddamn
395	3233125	US	B	...tiveactionalerts.com	A B C Soviet system? We were delighted with this. We never said, " Oh no . Secession is treasonous ". # No. Secession is a good principle.
396	3220509	US	B	wedge.org	A B C in the screenshots in http: **35;4091;TOOLONG... you will even see it;) No it is not updated in JavaScript, and I'm still not convinced I would
397	171435	US	G	ufotrax.com	A B C # Yes No # 46. You are creative in many different ways # Yes No # 47. Babies are attracted to you # Yes No # 48. You
398	690326	US	G	...al.library.upenn.edu	A B C for nothing, now, you see, Daisy. " # " Oh, no , papa. " # " For the purposes of action. " # "
399	3189384	US	B	marcisischo.com	A B C her own lifetime, Marci Sischo stepped into the Quantum Leap accelerator and vanished -- no , no. That's Dr. Sam Beckett. Drat. Marci Sischo grew up
400	799866	US	G	billmoyers.com	A B C ##799867 Share this on: # No RefugeTheres no escape from fear in West Timorn RELATED STORIESCNNPlan for East Timor Peacekeeping Mission
401	9447	US	G	bible.cc	A B C in thy bed-chamber. # World English Bible One of his servants said, " No , my lord, O king; but Elisha, the prophet who is in
402	498088	US	G	hotair.com	A B C helps with that. # writeblock on April 15, 2012 at 12:59 PM # No , he doesn't significantly help win Florida. Rubio won't get Romney any
403	594809	US	G	vice.com	A B C My cat was like " this is mine, " and I was like " no , it's not. " The picture below is blurry because he was furiously
404	795592	US	G	debate.org	A B C n't be penalized for beliefs such as these. # Posted By: 54ndDavi No , you should not have to be an organ donor to receive an organ transplant
405	341566	US	G	constitution.org	A B C he interprets this chapter of Deuteronomy, he sets a king loose from the law no otherwise than as an enemy may be said to be so: " They,
406	512690	US	G	...ellion.wordpress.com	A B C poverty-level wages for 70% of the faculty force are not being factored in. # No , adjuncts are rarely included in such statistics. Offhand, I don't know
407	176619	US	G	politico.com	A B C any of you liberal ninnies stopped to consider the difference between Christianity and Islam? No ? I'll tell you. One wants to spread the Gospel of Christ so
408	579068	US	G	amazon.com	A B C of Vermont and New Hampshire with his fly rod in search of wild trout. No , he doesn't ever kill a fish, although sometimes the fish, or
409	3212229	US	B	...rowntweedsociety.com	A B C , and I know what your first instinct tells you to do. Write? No . Find another Wrimo and whine. # " I just find it so hard
410	115558	US	G	...ostinme.blogspot.com	A B C alert all the time and I make sure I return back my home before 8PM no not because I don't like to go out with friends sometime and have party
411	1402111	US	G	flickr.com	A B C getting a Valentine's Day for your wife?' in which he replies' No my wife died 3 years ago from breast cancer but I still buy her roses
412	98689	US	G	forbes.com	A B C and give to the cities. # Do I believe that wealth-inequality is okay? No . Do I believe that the federal government, or any government for that matter
413	690326	US	G	...al.library.upenn.edu	A B C two? " # " De Saussure or Marshall? " # " Oh, no , papa! " # " Your cousin Gary? " # " Oh,
414	461261	US	G	nyc-architecture.com	A B C added. " We've started demolition and digging. " # Ratner said " no " when asked if Liberty Bonds would be part of the financing. " It
415	3242169	US	B	friendsorenemies.com	A B C they want to chill sometime! If yes, then build from there. If no , cut the freaking cord. # I get super nervous, but I have
416	239238	US	G	script-o-rama.com	A B C And one of' em was a damn good friend of mine! No! No . First time I saw him he was dead. Kill him! Come on
417	107851	US	G	biomedcentral.com	A B C Figure 2 A), showing that JA may act as a downstream signal of NO . Exogenous H 2 O 2 could reverse JA suppression, implying that JA is
418	693260	US	G	mormonthink.com	A B C has NOT SEEN A HAPPY DAY SINCE I TOOK MY SECOND WIFE,'' No , NOT A HAPPY DAY FOR A YEAR,' says one; and another
419	3199440	US	B	pjmedia.com	A B C What brought gay marriage to the level where it is? Politics? Science? No , the next generation was swayed by propaganda like " Glee. " And now
420	1402457	US	G	freerepublic.com	A B C questions. This would be a strength for Obama and Romney's Achilles heel. No matter it's utter irrelevance to presidential politics, it could make Mitt look "
421	286829	US	G	gallup.com	A B C How about -- RANDOM ORDER? # 2005 Aug 8-11 # Yes, should # No , should not # Unsure # No answer # Evolution # 61% # 20 #
422	3196067	US	B	nowse.wordpress.com	A B C fans really going to be happy? # Speaking as a Dallas Cowboys fan, no . I mean they barely got out alive against Tampa, and got torched by
423	112128	US	G	uproxx.com	A B C Pacey running around throwing hissy fits because nobody pays attention to his serious work. No . Pacey throws a Pacey con. And Neil Patrick Harris played up his Doogie
424	3198070	US	B	...ydrawn.wordpress.com	A B C this is goodbye and I can't say that. I love you, but no , this can not happen. " It wasn't a relationship of titillation,
425	719460	US	G	dlisted.com	A B C he kindly did. He was 38. Did I ask for money afterwards? No . Did I yell rape? No. He gave me the experience I asked
426	1156	US	G	redstate.com	A B C on the right is just as much a coward as Erick. # jakeofalltrades # No , I have no idea why, but you can guess what I'm thinking
427	3176578	US	B	gameological.com	A B C an illegal move, if you will, like jumping in Bionic Commando. So no , Leon's movement isn't supposed to be that free-flowing. The game is
428	3173786	US	B	feliciaday.com	A B C the face of a sizeable C &W; audience. Blame the victim?? No no no, those creeps are the bad guys.. but the H word wasn't
429	417438	US	G	feministe.us	A B C , I don't want to have sex " is more significant than, " no , I don't want to go to a James Bond movie, " or
430	3199431	US	B	pjmedia.com	A B C . Switzerland and Finland, for example. # -- Countries with low, or no , levels of legal gun ownership may have higher, or even much higher rates
431	3159528	US	B	...discovermagazine.com	A B C that they CAN NOT shake their heads all guilty-like and say, " Oh, no , we didn't create that one. Nope. Du n no, must
432	50923	US	G	dailykos.com	A B C But, the good news is that it's just not necessary. Just say NO . Say NO to intolerance by voting for the party that gladly accepts everyone,
433	420955	US	G	...ealclearpolitics.com	A B C is ObamaCare. And they can bring death into the conversation and say,' No , we're not calling Mitt Romney a murderer, what we are saying is
434	3191426	US	B	...sota.publicradio.org	A B C about voting no on the marriage amendment are also going to feel strongly about voting no on voter ID. So it seemed logical to put them together. " #
435	179083	US	G	...eelizabethconner.com	A B C to be protectors, and to be stronger than women. When we tell them NO , I CAN DO IT MYSELF, we make them feel like less than men
436	328877	US	G	...angeles.cbslocal.com	A B C tied to an even bigger sinking ship. Just for your own country (and no I am not joking). The Nation of SoCal would be on par with
437	3211184	US	B	...amdicky.blogspot.com	A B C us some good laughs. And that's really what this blog is about, No ?
438	3207381	US	B	...onroom.blogs.cnn.com	A B C to deal with several 2 year old children when the only word they knew was NO # Your numbers are not true. There has been positivie jo growth since mid-2009
439	166230	US	G	...shvillecitypaper.com	A B C Conrad Gregor. # It wasn't to wish the sophomore a Happy Holidays. No , Vanderbilt's veteran baseball coach was motivating. # " I basically challenged him
440	157632	US	G	abcnews.go.com	A B C many conservatives are concerned about an out-of-control Federal Highway Administration budget or DARPA spending... No , the concern is that an ever-increasing amount of tax revenue is for non-investment purposes-
441	504239	US	G	sethspeaks.net	A B C in January. # All those reasons mean that the answer probably should be " No , thank you! " But maybe it isn't and shouldn't be that
442	469702	US	G	...lthouse.blogspot.com	A B C is a closed system, not unlike your fish aquarium. Duh. " # No , but the Earth has not always been geologically stable (Volcanos produce more greenhouse
443	3275989	US	B	tor.com	A B C didn't look exactly as I had initially pictured, did I complain? # No . I followed the teachings of St. Fu and made it work. # I
444	42690	US	G	pitt.edu	A B C voice. # Tim shook like a potato blossom in a storm. # " No , " said a third voice; " plunge him in the bog, neck
445	1387613	US	G	domenlightenment.com	A B C message is sent from a Worker with postMessage # window, <body>, <frameset> # No # No # offline # NavigatorOnLine # Fires when browser is working offline # window
446	3234539	US	B	dailykos.com	A B C about it! Sorry! Guess you'll just have to trust me.... and no , I am no kin to Mittens!.... LOL # As my friend said
447	208370	US	G	townhall.com	A B C have taken on an entitlement attitude but they are a very small minority). No , the' liberal' agenda is not " derived from the (nonexistent)
448	3174035	US	B	...ithulk.wordpress.com	A B C that takes precedence. # As for never having been in prison. Not convicted no , but as a visitor (I have been to holding and that wasn't
449	114468	US	G	kidshealth.org	A B C more yeses in the future. # What if it's more than just saying no to something, though? What if you really need your parents to be there
450	3224112	US	B	alternativeright.com	A B C clouding of his vision told him that life was about to give him an ultimate NO . The orange was sour in his mouth, which felt numb.
451	793249	US	G	...discovermagazine.com	A B C was flat hundreds of years ago? # This is a tired old chestnut. No , we didn't. Some time around 400 BCE (IIRC), Eratosthenes
452	552470	US	G	redstate.com	A B C read my previous comment, you would know I wasn't doing that. # No , the Scandis are most definitely NOT in the crapper. All have UE rates
453	417502	US	G	praisecharts.com	A B C directly from the menu. # Do not show again Verify Your CCLI License No . # If you have a CCLI License number, we can automatically insert that
454	3198980	US	B	...to.stackexchange.com	A B C actually specularity, and I can see distinct differences in the shadow transitions. And no , contrary to statements elsewhere, this is not a hard-to-soft scale; the shoot-through
455	3203463	US	B	rightonweekly.com	A B C for Islam but for U.N. Agenda 21 and for the global elite. # No , no, no not all democrats are into pushing Agenda 21, many are
456	552658	US	G	therealpresence.org	A B C is always present to us physically, is He always present to us spiritually? No , no more than a person who is physically next to us in a room
457	784655	US	G	allaboutvision.com	A B C wearing. # Is it OK try on a friend's contact lenses? # No , not even if the lenses have no vision correction in them. Dangerous microorganisms
458	186342	US	G	whatever.scalzi.com	A B C forced to admit you could be wrong, and we can't have that. No , the perennially self-satisfied John Scalzi will entertain no such notions, thank you.
459	21989	US	G	ca7.uscourts.gov	A B C services in connection with this case, including the completion of this form? Yes No If yes, how much? $ If yes, state the attorney's name
460	3235018	US	B	damninteresting.com	A B C we shuld build something outside in the open, that would only atract people. No what we shuld do is disguise the entrance to the storage facility and seal it
461	678755	US	G	genshi.edgewall.org	A B C Python applications, see: Can I add custom directives? # Yes and no . Technically, it is possible to add custom directives by making a subclass of
462	3197179	US	B	...or.blogs.nytimes.com	A B C , lest they make it vibrate to the point of collapse. # Sorry, no . We pay lip service to individualism. But our bodies are built for synchrony
463	3258438	US	B	northescambia.com	A B C the night when you have a problem, or medical issue or a fire, NO and will not ever see one either.. Try this on for size a 3%
464	775259	US	G	maxkeiser.com	A B C write down mortgages in response to Democratic pressure, but it was Obama who said no , we want a foreclosure crisis. And with Neil Barofsky's book " Bailout
465	3163236	US	B	...tyfile.blogs.cnn.com	A B C how do you keep electing them? It is almost treasonous to continually vote " No " on Jobs when you know people are suffering! And some in the state
466	778186	US	G	...eburningplatform.com	A B C maybe. Hard to say. # Apollo # Thanks for the reply. No , I knew there was no way this came from space; as I said
467	188610	US	G	dressaday.com	A B C say is really annoying. Some guys ask you out, and if you say no they get violent or cry. Am I really gon na risk that when I
468	772231	US	G	huffingtonpost.com	A B C skin to blend in with their surroundings or keep an aggressive rival at bay? No , but cuttlefish can. # So, animals are conscious beings, capable of
469	757921	US	G	tech.slashdot.org	A B C still be on the ship, doing what you can. # Yes, and no . While ships do have automatic steering and courses can be programmed in, it
470	3276611	US	B	truthdig.com	A B C haven't read Paine exhaustively, so I thought I might have missed something. No ? # I do not believe you can compare the social democrats of the nineteenth
471	3167886	US	B	crooksandliars.com	A B C that standard. # MATTHEWS: So, nobody has recently? # KIBBE: No , certainly not. # Ah well. Blowing off cognitive dissonance is a special
472	155977	US	G	dlisted.com	A B C mi had it for a second there but I... oh ya it's... no that's not it.. ummm # I suggest you worship this woman with your
473	79107	US	G	kevinmd.com	A B C link I have in my signature file in all my web posts and emails. No " stunt " I assure you. # Financial Return on Investment isn't the
474	708574	US	G	...fridge.wordpress.com	A B C , Down, Stay, and Come all be -- the third time around? No , our boy is just uncomfortable -- the point of being jerky -- in a
475	3222627	US	B	49ers.com	A B C was released after that. " # So, you stayed the night? " No , I didn't stay in the hospital overnight. " # Is this something
476	3205129	US	B	scaredmonkeys.com	A B C investigation we'd be able to get this piece done and moved forward. # No . I'd have to say that our confidence level is not at the highest
477	716549	US	G	...lthouse.blogspot.com	A B C of their attention to the Dem sex scandals to explain what it is. And no , I am not going to read the
478	184349	US	G	whatever.scalzi.com	A B C ! " " Then start by abolishing all income taxes. " " Oh, no ! " screamed Mr. Thompson, leaping to his feet. " We couldn't
479	3220066	US	B	wattsupwiththat.com	A B C to provide me evidence for AGW. Have I received any evidence from them? No , of course not, because there is no such evidence. All they have
480	3192307	US	B	mopeilitywod.com	A B C am used to Chris or Mike saying, " Take it, " or " no , " to signify when they want hands on the bar, and due to
481	297362	US	G	crackberry.com	A B C ? # Posted by blackberryto Tuesday, Oct 09, 2012 38 days ago # No , because they have not confirmed a date, they have only said Q1.
482	3211257	US	B	techcrash.net	A B C name Nexus 10. The specific logs are these: # Does it seem clear no ? But as someone will say that we can be falsified with 2 more tests
483	3227836	US	B	blisstree.com	A B C , I am after a lot of back and forth in my brain, voting no . My mother who had a long 13 year battle with early onset dementia (
484	3247723	US	B	ijreview.com	A B C to fund schools, build roads, and help clean up hurricane destruction. # No , you don't have to be happy with Obama being re-elected, but you
485	3687851	US	B	charlierose.com	A B C clean air, etc, etc... On the issue of Social Security she says no changes to the current system - it should be placed on a separate table and
486	3254251	US	B	metafilter.com	A B C guy has many constituents who want to roll back civil rights, etc. # No . # They will say, our candidate is Jesus, the other guy is
487	1403437	US	G	hindawi.com	A B C This study was approved by Baskent University Institutional Review Board and Ethics Committee (Project no . KA 11/42) and supported by Baskent University Research Fund. Subjects who had
488	436938	US	G	...egasblog.harrahs.com	A B C in downtown Las Vegas on Nov. 11, 2012. Find out more. # No , it's not a word (yet), but " burlomedy " is
489	3252552	US	B	loonwatch.com	A B C can it be' treason' to oppose the Government and advocate changing it? No ; I may strongly disagree with some of the' undemocratic' ideas of the
490	501720	US	G	elyricsworld.com	A B C up with her, believe me But I just can't say no (no no no...) I said she's crazy for me, my lovin' and
491	3268089	US	B	shtfplan.com	A B C goods. There's a lot that can be done in a suburban setting, no matter the size of your lot. # for those who have described painful stories
492	301879	US	G	...ingtontechnology.com	A B C top C-suite positions. Is this person a future CEO? If the answer is No , then don't hire them. # So while I'm sure there is
493	3268090	US	B	shtfplan.com	A B C do. listen to each other's ideas and talk about them why yes or no and keep it on a thinking level and not on a personal level. Maybe
494	107285	US	G	linkfishmedia.com	A B C 'm British!? That would be rude in my book... # Gerald: No , doing that has never crossed my mind. Might be something to think about
495	3153009	US	B	...anzclub.blogspot.com	A B C . Create the content first, and then add keywords to it. # Say No To Keyword Stuffing or Cloaking: It's important to add relevant keywords, but
496	3208540	US	B	spectator.org	A B C brother!! It is amazing how the' current' thinking is never child NO , never give correction, always tell them they are wonderful - BS. What
497	285776	US	G	...ps.blogs.nytimes.com	A B C interests of their clients at risk. Few could afford to tell Coelho, " No . " # Some reform-minded Democratic candidates were uncomfortable with Coelho's tactics, but
498	3689177	US	B	metafilter.com	A B C US secret docs, I'm supposed to care what the German voters think? No . I live here, I vote here. # Well, see, the
499	233093	US	G	wattsupwiththat.com	A B C entirely appropriate to me. It is precisely the correct signal. " # " No . If Romney was elected the USA would be heading on more or less precisely
500	3159519	US	B	...discovermagazine.com	A B C not be correct. But as soon as you show me some concrete evidence ( no not evidence that concrete exists, I know it does) of your thories,
501	664062	US	G	...lastpsychiatrist.com	A B C they lost. Did it change anything for the village if the kid lost? No . The kid merely lost. The village moves on. End of story.
502	330821	US	G	m.fanfiction.net	A B C mention of Amelia. " She's not what you think. " # " No , " Crowley countered, his expression arrogantly knowing; like he was enjoying his
503	3685633	US	B	...alplane.blogspot.com	A B C they immediately seized the moujik and bound him with cords, saying: # " No , no, trickster! We'll hand you over to the authorities. Since
504	3216358	US	B	...documentaryfilms.com	A B C are right, maybe wrong, still, thanks for the info "? # NO ! you would want evidence or proof. and without that you would call me
505	299186	US	G	gpo.gov	A B C the detailed Preliminary Regulatory Impact Analysis which is available at http: //www.regulations.gov, Docket No . FDA-2011-F-0171, and is also available on FDA's Web site at http:
506	3195502	US	B	nikonrumors.com	A B C get D7000 IQ! # Will I use it for a gallery size print? No , that is what the D800E is for. Would I use it for sports
507	1384738	US	G	...figgins.blogspot.com	A B C would be for me to say " Yes ", I have to say " No ". Does it mean that I'm opposed to seeing our Iraq and Afghanistan-era
508	422130	US	G	ifamericansknew.org	A B C this peace, and in its honor you invite me to dance with you. No thank you... You got rid of Gaza, you separated Israelis from Palestinians,
509	3188284	US	B	...angeles.cbslocal.com	A B C are, look no further than you local city park. # Robert Gandalf # No , not just like the Tea Party. Tea Party events do not have people
510	3203710	US	B	...micbookresources.com	A B C speech. " frankieL # Do I think what he says is right? No . But you know what? He has every right to say what ever he
511	455896	US	G	yankees.lhblogs.com	A B C the hole for some reason..... he does nt have a ton of range anymore no .... but he s as sure handed as anyone and still comes in on the
512	294522	US	G	motherjones.com	A B C back-to-the-land, composting-privy sorts who pioneered the renewable energy movement in its early days. No , these are suburbanites (and city and small-town dwellers) who are installing photovoltaic
513	682660	US	G	...odaymedianetwork.com	A B C Jew me down " would Matt Lauer had faced consequences? Am I offended? No , I expect nothing less from Matt Lauer or people like him. In fact
514	3193674	US	B	nationalinterest.org	A B C bombs not scared the daylights out of everyone. The second answer is that, no , the nukes didn't prevent the war. Something else did. Perhaps war
515	3223803	US	B	albionpleiad.com	A B C 1, 2012. " # Should this proposal be approved? (Yes or No ) # Photo Courtesy of Wikimedia Commons COMMENTS -- 3 comments # I do
516	796967	US	G	well.com	A B C " Please -- don't feel I've accused -- " # " Oh, no , " said Strand. " You're absolutely right. I just hadn't
517	597907	US	G	biroco.com	A B C every long-term interest, every obsession, fascination, and madness. Save perhaps... no , that too, whatever it might have been going to be, puffing up
518	3226371	US	B	balloon-juice.com	A B C . They think they're fine, just going on with life, but, no , that's the drugs. They are actually being slowly eaten. Like how
519	3686999	US	B	tvline.com	A B C not. I am disappointed. German may not be the prettiest language (god no ) but it does not sound that harsh and stupid. I am German.
520	694743	US	G	the-signal.com	A B C like this: " Would you like to donate $2 toward voting facilities? Yes No . " # In any case, something needs to be done. It should
521	3263858	US	B	raising-humans.com	A B C confidence takes a hit. # It's tough but important to show them that no , we as parents aren't perfect, and when we fail, we're
522	417502	US	G	praisecharts.com	A B C the privileges and limits of your CCLI License. # Organization * # CCLI License No . Video Demo What is ChordShark? # ChordShark is an online engine
523	232954	US	G	energybulletin.net	A B C when Transition says " no " (with Transition Heathrow and a speaker from the No to Costa campaign that recently ran in Totnes), REconomy and Transition Training and
524	175013	US	G	prisonplanet.com	A B C ##175014 No , Hollywood films aren't going to get better anytime soon. Mark Harris on
525	3218717	US	B	...rewulf.wordpress.com	A B C this post. The MOther Zero Suit has fucking high heels! Just no. No no no. Even Brawl didn't go that far. Fuck you, Team
526	624382	US	G	fanfiction.net	A B C very intently at the witch, and his eyes were practically glowing. # " No , no. It's okay. I don't mind, " Amelia insisted
527	1395486	US	G	...istrue.wordpress.com	A B C if one could " replay the tape " so there is free will. # No . Even if the future is a real as are spatially distant events, this
528	3206279	US	B	seekingalpha.com	A B C on U.S. corporations a better bet? The answer to this is an even bigger NO ! If there is a technical default, the markets would see equities tank that
529	3221006	US	B	whereamiwearing.com	A B C done anything even remotely close to what he has done? If the answer is no what gives you the right to disparage anything about Toms Shoes or Blake Mycoskie?
530	3154013	US	B	bangordailynews.com	A B C they are informed as well.. Oh wait that would be unconstitutional # Anonymous # No . I would have asked -- demanded -- a provisional ballot and been allowed to
531	424864	US	G	songmeanings.net	A B C , the very last line is supposed to be " Did you call me? No ". # I really adore the song though, very good use of imagery
532	3264142	US	B	rawstory.com	A B C for governor, or for a traffic cop, or for a milk man? NO ! This guy is a wimp! He sleeps in satin sheets and plucks his
533	3243165	US	B	geekpalaver.com	A B C . All for going to the bathroom. Do we do that to adults? No . And it took until Friday to get the computers distributed. I asked her
534	518094	US	G	imdb.com	A B C 'll cut you loose here and you can turn around and... Chef: interupting No , no, we go together... on the boat! We came this far
535	769307	US	G	theatlantic.com	A B C Yes, I said: Have you been tortured in this prison? # " No , " he said. # " What would you do if you were to
536	3190225	US	B	...dmason.wordpress.com	A B C excited that my Facebook wall will stop being littered with comments someone finds offensive ( No , I do not post anything political. I was always told not to discuss
537	3186206	US	B	...stroyer.blogspot.com	A B C of growing it into a self-sustaining nation-state. # .... # The answer is definitively no . A nuclear-armed Israel which faces no serious existential external threats, that turned away
538	3239847	US	B	feministe.us	A B C evolutionary leap. (not in those exact words) He got mad and said NO it was women! Being bitches and didn't I understand this was hard for
539	125112	US	G	forbes.com	A B C mean by " work that hard ". I am not talking about laziness, no , I am talking about the fact that some people want to be told what
540	710236	US	G	charlieglickman.com	A B C # Stopping violence seems like it's not really a divisive approach. # " No , but they do owe themselves the peace of mind that comes from learning how
541	1387613	US	G	domenlightenment.com	A B C the boundaries of one of its descendent elements # Element, Document, window # No # No # mouseleave # MouseEvent # Fires when mouse pointer is moved off of
542	191008	US	G	...eartlibertarians.com	A B C to an argument that doesn't do this is your Amish argument,... # No . I also have the Twin Oaks argument and countless others. # Let it
543	622103	US	G	pathofexile.com	A B C ie maces are boosted exclusively by strength whereas swords have dexterity factor in? # No , those are simply the item requirements. For example wands being primarily a Witch
544	3165005	US	B	chrisguillebeau.com	A B C for me, is icing on the cake, not the cake itself. So no , I wouldn't quit my job because I love what I do. But
545	223660	US	G	goatmilkblog.com	A B C say oh let me be honest and teach my son his father; s religion no if she does nt push her own then he is lucky. so stop using
546	656421	US	G	...hefreedictionary.com	A B C is only an auctioneer who can equally and impartially admire all schools of Art. No ; fairness is not one of the qualities of the true critic. It is
547	3254242	US	B	metafilter.com	A B C at 1 pm Eastern. Yes, I work for the Kaiser Family Foundation. No , we are not affiliated with Kaiser Permanente or Kaiser Industries. KHN is editorially
548	23981	US	G	surreptus.com	A B C " what if " philosophy comes into play. She is likely to tell me no if I ask her out. In fact, there is a 99.9% chance that
549	714860	US	G	techdirt.com	A B C illegal and) free alternatives, they still pay to download music online. # No , what IP extremists are really afraid of is competition. Now that competition can
550	253297	US	G	answers.yahoo.com	A B C you going to, so I can keep my sons from going there. # No , it's not wrong or weird in itself, but it can SEEM so
551	3205374	US	B	scienceblogs.com	A B C , it's literally arse-licker. My bad if I spelled it wrong. # No , brown-noser is probably a perfectly good idiomatic translation: It means essentially the same
552	114291	US	G	hacks.mozilla.org	A B C has abandoned idea that web standards should be non-discriminatory and royalty free. " # No , and of course my blog post said we are fighting on with Xiph and
553	1409991	US	G	script-o-rama.com	A B C to my crib! He fucked up and brought it to the wrong spot. No , I don't got nothing to do with this shit. Yo! Why
554	224793	US	G	...rpollard.typepad.com	A B C I have helped other nephews and nieces on similar projects so how could I say no ? And, I am used to tight deadlines - just not from my own
555	3154247	US	B	...skingridge.patch.com	A B C for one another. # Are you insulting the 60% of white voters who said NO to O??? What mandate does Obama have? Keep doing the same
556	577500	US	G	spoonfedblog.net	A B C response! # " As a parent and a teacher, I'm surprised, no , shocked that you would not want better, healthier food choices for your children
557	3225052	US	B	arlnow.com	A B C of school age. # drax # September 22, 2012 at 7:48 pm # No , you don't have any idea whether they were really subject to the mandatory
558	434682	US	G	forum.mapmonde.org	A B C of us plus a tip for a five minute journey. Used metered taxis - no bother from drivers much more comfortable much longer journeys and much cheaper. # Giving
559	701895	US	G	ecrp.uiuc.edu	A B C On a scale of 1 to 5, with " 1 " meaning you derive no or very little satisfaction, " 3 " means you are generally satisfied, and
560	599415	US	G	paidtoexist.com	A B C to get back thingy is very exhausting. Love does not saturate your needs, no it makes you even more hungry because It is only hope. # From 2001-2006
561	219274	US	G	...ps.blogs.nytimes.com	A B C are vulnerable because of low income, poor health and other disadvantages? Sadly, no . Our research shows that female lawmakers significantly reshape policies only when they have true
562	3688158	US	B	droid-life.com	A B C extra few days!? Are you going to die without your Nexus 7? No . Now, paying for shipping when people are picking them up from B &Ms;
563	3154441	US	B	bearingdrift.com	A B C : //bearingdrift.com/ J.R. Hoeft # Unless you are willing to donate us $1000 -- no . # http: **30;8211;TOOLONG? id=5... Edward N Virginia # REPUBLICANS OF MASTER
564	3213239	US	B	...egospelcoalition.org	A B C is itself a belief. You don't lose the attitude of superiority by saying no religion is superior. You get even more reason to feel superior. Now you
565	3201035	US	B	...sa.blastmagazine.com	A B C etc. # To Chewie, I simply wanted to point out something, and no I am not a fangirl out to beat you to your grave. I agree
566	3275170	US	B	...erfamilybusiness.com	A B C apocalypse because Castiel refuses to open the panic room door for us. " # No , if Castiel had refused, they'd know their reeducation of him had failed
567	445307	US	G	abcnews.go.com	A B C acres and a mule? Posted by: conservmom Jan 11, 2009 4:12:44 PM No . It means we all get to share one chicken in the collective pot!
568	206502	US	G	blogs.phillymag.com	A B C protesting big time restaurants and Walnut Street storefronts and 10-story apartment buildings these days. No , not even a temporary tent is immune to their tactics. The temporary tent
569	515197	US	G	bia.gov	A B C residents. # Are American Indians and Alaska Natives wards of the Federal Government? No . The Federal Government is a trustee of Indian property, not a guardian of
570	326195	US	G	deadspin.com	A B C yourself from climbing into the oven with it. Is it time to eat? No ! First, you must open the oven, squirt regular old by-God ketchup all
571	565561	US	G	...ncassie.polyvore.com	A B C complaining? not i. why? because fuh q, thats why. LOL. but no really, looking back on polyvore now.. i would very much like to die
572	3179880	US	B	hiltmon.com	A B C bigger menus work better, but the ribbon icons are still way too small. No only that, but touch accuracy was awful. I found myself having to tap
573	252078	US	G	abcnews.go.com	A B C # Posted by: Gdad April 27, 2012, 4:51 pm 4:51 pm # No Mr. Boehner you don't have to fight about everything. Ever heard of compromise
574	678054	US	G	readwrite.com	A B C if she should consider the Rezound, my response was, " oh god, no . " # Verizon is the largest cellular carrier in the United States - and
575	666343	US	G	...lmatzav.blogspot.com	A B C Knesset. # Asked whether they would find an Olmert comeback acceptable, 63% said no , 24% said yes, and 13% declined to express an opinion. Among respondents
576	710293	US	G	gerbergear.com	A B C Fan Jack CDCR.GOV - JAN 24, 2012 # Dear Gerber, it's a No Brainer, I have lots of knives, and some Gerbers, I would like
577	3155173	US	B	...huvans.wordpress.com	A B C me to do something illegal or unethical b/c it was in their best interest then NO . However, if I needed to stay late to finish a project when I
578	142425	US	G	the2012scenario.com	A B C with them, et cetera, will they miss someone who has gone ahead? No . And I tell you why. # First of all, those who have
579	726172	US	G	hhs.gov	A B C the Commission in fulfilling this part of its charge, is available as DHEW Publication No . (OS) 78-0013 and No. (OS) 78-0014, for sale
580	3266044	US	B	...ningwithspatulas.com	A B C HOT! I have Double Fiber toast with PB and some tea for breakfast. No workout yet today, I've been SLACKING! Celebrating Thanksgiving twice next week.
581	3241414	US	B	fluentself.com	A B C escalator " -- yeah, I have that, too, or ( Dawn ) no , it is me who has the tiniest bladder ever! And tons of other
582	3220078	US	B	wattsupwiththat.com	A B C per Maxwell's universally accepted equations. # And, Dr. Svalgaard responded: " No , a current may cause a magnetic field. Just moving' charged particles'
583	186900	US	G	spectator.org	A B C Truth 7.29.09 5:23PM # LOL Eric # There's only one problem: No Ronald Reagan in sight this time around. The Repugnican Party currently has no visionaries
584	3232788	US	B	...lumbiamissourian.com	A B C anger and discontent toward us much greater than the fear of losing them forever? No , it is not and should not be. Therefore, it is our obligation
585	3154441	US	B	bearingdrift.com	A B C that both campaigns remove Sesame Street characters and trademarks from their campaign materials. # No , the real issues in this campaign are not Big Bird or funding for public
586	171266	US	G	...rum.perfectworld.com	A B C a knockdown "? Yea, maybe every 30 seconds. After that? Heck no . It takes 5 years just to get off the ground. If you ca
587	31442	US	G	news.yahoo.com	A B C now so stupid people won't hurt themselves??? # But WAIT... NO YOU CA N'T!!! because HERE COMES MOMMY with her foam-padded solution to
588	405768	US	G	westword.com	A B C find some Missionary's and talk to them. Then make your choice. # No thanks Chad. And because this is just a brief summary of the mass amounts
589	3169208	US	B	...ofourlives.about.com	A B C ##3169209 Saturday, August 4, 2012 No that can not be love... # ... a small girl was pulling her mother
590	342648	US	G	blogs.hbr.org	A B C than in your own office? The answer to that question is a resounding " No ! " # Our research (PDF) has uncovered that residents of an office
591	98824	US	G	lauriewashere.com	A B C $130. You probably don't need context to know that, drunk purchase or no , that's a really good deal. # Since then I've had this
592	284626	US	G	songmeanings.net	A B C go to Chelsea Oh no it does not
593	3160883	US	B	blogs.suntimes.com	A B C here, was that your decisions, sir, asked the inspector, grave-faced, No , it was the minister's decision, But why, He didn't tell
594	3227768	US	B	...leedingheartland.com	A B C large proportion of Iowans who cast ballots in the 2010 general election voted yes or no on retention. According to the statewide statistical report, 1,125,386 Iowans voted in the
595	313677	US	G	...arquee.blogs.cnn.com	A B C not lest ye be judged ". Now where did I read that. LOL No , seriously, I am with you 100%. People do not realize that part
596	3199500	US	B	pjmedia.com	A B C shoving a scalpel into its brain with her bare hand in the last episode, no , I don't think it's drifting Lefty... yet. #
597	1400231	US	G	debatepolitics.com	A B C because it isn't convenient. " Odd, don't you think? # No , you ignored the message behind it. You dismissed A+B=C and it's right
598	530651	US	G	glossary.us	A B C to bear # The only thing I truly own I can never touch or hold No it's buried in this body waiting for its day to go on home #
599	3689586	US	B	pegasusnews.com	A B C on opening day? Staff 1 month ago # Cost me 1 million, no it cost them more than that.... LIFE IS NOT ABOUT MONEY IT IS ABOUT
600	3274226	US	B	theoildrum.com	A B C 're assumption here is influenced by a modern bias and is not accurate. # No , I'm going way back. As best I can tell, flight to
601	347512	US	G	songmeanings.net	A B C love deserving of Exchanging body heat in the passenger seat? No, no, no , you know it will always just be me # Let's get these teen
602	3220245	US	B	wdtprs.com	A B C . I did perhaps mention that on other moral grounds, I would choose... no , I think I didn't mention it because that'd be meddling into foreign
603	235318	US	G	script-o-rama.com	A B C - I'm fine. Do you always come to school this early? - No . Do you? - Never. So why today? I wanted to talk
604	149233	US	G	abcnews.go.com	A B C the streets in anger to protest backroom deals. But not in America.. oh no ..... we get even by bloggin about them... yea that will show them...
605	3282390	US	B	...gahfgp.wordpress.com	A B C ##3282391 # No shave November kicks off today. Thousands of men's faces around the world will
606	16865	US	G	bible.org	A B C some of your oil; our lamps are going out.' 9 "' No ,' they replied,' there may not be enough for both us and
607	658718	US	G	spectator.org	A B C education or good technical skills education to have a good job " # Ummm, no it is up to the people to make sure they get a good education or
608	3170506	US	B	divinecosmos.com	A B C he succeeds. # Has david ever worked with him before? # Moderator: No . # Brad Olsen # November 05, 2012 # ... # There is so
609	733376	US	G	wisegeek.com	A B C or hold hands with other ppl and using other ppls pens or anything is a no no... i don't want anyone to scorn me... so since i'm
610	3690487	US	B	uncommondescent.com	A B C over spilt milk ", as she puts it. # End of story? No , not quite. Just before the National Championships, Tess is feeling rather nervous
611	223660	US	G	goatmilkblog.com	A B C religon (even though I'm not religuS) just to satify her family..... NO , its so dumb and if you think its not you need to get help
612	736505	US	G	spurgeon.org	A B C be unbiased. " He would not plead against me with his great strength; no , but he would put strength in me. " We shall use the text
613	574835	US	G	...hysical.blogspot.com	A B C . Are you greatly repulsed in your spirit by unholy things? If you said no , you will fail the ultimate test. Feed your spirit with the things which
614	224753	US	G	...yhowler.blogspot.com	A B C the real world. spend some time with the google, bright boy! # No , the only evidence Bob cites for proclaiming the Perot fable as " widely selected
615	552450	US	G	fbi.gov	A B C # Has the ending of the Cold War reduced the amount of espionage? # No . Traditional espionage has changed, with new threats coming from non-traditional countries. In
616	254611	US	G	theblaze.com	A B C balance the budget in three years and cut one trillion dollars in year one? No , that was Ron Paul. # 7. He has though been pro choice
617	354092	US	G	...eaction.blogspot.com	A B C , well, it's his turn... isn't it? Makes sense, no ? He's the one! # ********** # Okay, okay, I'm
618	10250	US	G	...rugs2000.typepad.com	A B C human rights activist and Iranian freedom fighter. He is an organizer with the " No to Ahmadinejad committee, " which sends protesters to stand for human rights when the
619	777106	US	G	metrolyrics.com	A B C , no, no I know you'll stay No, no, no, no , no don't go away Boy you got my heartbeat runnin' away Do
620	1408737	US	G	physicsforums.com	A B C highest order unaccounted for. Hence the notation mentions only that second order. # No , in this specific case he means only second order terms in dt. The
621	3213032	US	B	...negamer.blogspot.com	A B C to be a wargamer by having a couple of games of 40k. No, no , no. " and while I agree with that sentiment to an extent, I
622	3174222	US	B	firedoglake.com	A B C months? Unless the Ritz is in the plans. Pach lives in DC, No ? Few here make 6,000.00 a month and we raise real families, not fake
623	44559	US	G	amazon.com	A B C intellectual successes and failures alike? Are parents losing the " brain wars "? No , argues national expert John Bruer. In The Myth of the First Three Years
624	3255238	US	B	mmo-champion.com	A B C not only do I get no money, but also shit from grandparents. # no you don't ignore her. not giving her attention isn't the same as
625	215410	US	G	tvline.com	A B C episodes frequently, and Christopher is completely gone. # No Stabler and Benson = No me! I knew something was going to happen with him sooner or later.
626	1408956	US	G	powerball.com	A B C . Just mention my name - and that you are the Powerball winner. # NO . It is a common scam. We get over 100 emails each week asking
627	417783	US	G	answers.yahoo.com	A B C we spread into space. " Other Answers (12) # Oh, no ! Obama won't shut down NASA, he needs it to save the planet
628	704171	US	G	...orgeorwellnovels.com	A B C I could not help inquiring whether he happened to know anybody in that village. No , he did not know them; but because this was East Anglia they were
629	570424	US	G	...egospelcoalition.org	A B C going against what God says, by not loving the unbeliever? " Surprisingly, no . I was not yet married. I had not made a covenant with him
630	459896	US	G	us.battle.net	A B C ! They can not! Not by a longshot! So they do scenerios... no , not enough... Dungeons, keep losing rolls. They come back here to
631	3267773	US	B	shakesville.com	A B C shall be valid or recognized as a marriage in Minnesota? # I will vote NO . # I've lived in Minnesota for 40 of my 41 years (I
632	3172934	US	B	everydaygyaan.com	A B C color. That must be true for black cats too, I suppose. But no , I'm not superstitious. Though I sort of honor my grandmother by alluding
633	3212388	US	B	thecheekydiva.com	A B C stopped there if my kids had a " normal " mom. But oh, no , I had to subject my kids to the time-honored tradition of the Bad Movie
634	41282	US	G	onpoint.wbur.org	A B C has helped me be more aware. Do I really need all these clothes? No ! # http: **35;8658;TOOLONG... Phyllis Craine # Sewing patterns range from $0.99 cents
635	13358	US	G	chrisguillebeau.com	A B C I think this is a wonderful message. # Those " concerned " responses? No , that strikes me as ignorant. You made a choice -to " hire "
636	690326	US	G	...al.library.upenn.edu	A B C in it. It is a world pleasanter than New York. " # " No , it is not, " said mamma vehemently; " and it never will
637	576008	US	G	nakedcapitalism.com	A B C too have a thing for cats. But NOT capitalism, no. No no no .) # first battle began yesterday-John Boehner LYING= " Entitlements are the CAUSE of
638	3268657	US	B	...allbiztechnology.com	A B C why should you get an advertisement in French about flying to Poland for vacation? No , instead you want a local Texas restaurant to market to you a about great
639	558049	US	G	zerohedge.com	A B C defeated them by this simple argument; two and two makes four. " # No , the brilliance of the Restaurant at the End of the Universe was that it
640	99032	US	G	delong.typepad.com	A B C Noah concludes: # The big, important point is that, Ricardian Equivalence or no , Say's Law is just not right, and Lucas was therefore making a
641	652288	US	G	cbsnews.com	A B C ", the American people should have reacted with a resounding " Oh, hell no ! " Then, when he said that 47% of US are " takers "
642	219208	US	G	...shvirtuallibrary.org	A B C a mixed state # 23% # Don't know what will be # 8% # No , will not exist # 18% # Don't know # 17% # Whatever you
643	510016	US	G	abcnews.go.com	A B C I was so nauseated and they got mad at me for being sick. So no I will not be traveling by plane any time soon. If we all quit
644	629520	US	G	americanthinker.com	A B C , and exhausted, unable to sustain the charade, replies apologetically, " Oh no my dear, I'm a very good man, just a very bad wizard
645	11947	US	G	thehill.com	A B C governance. America's flaws might be considerable but they are not fatal. # No , our problem is of our own making. Like that famous line from the
646	262697	US	G	squidoo.com	A B C Jackson gets. # But was the actual person in the jetpack Jackson? # No . # A stuntman named Kinnie Gibson would secretly switch places with Jackson as he
647	3245378	US	B	...andheartbreakers.com	A B C there tighten and jump in protest. Surely that was not good. # " No , " she said loudly, and his head jerked back a little in surprise
648	600543	US	G	archive.org	A B C you are. Ce n'est pas bon de changer sa religion. My God, no .'' You go to the mass here?'' No, I
649	3175061	US	B	forum.utorrent.com	A B C . A click. That's all it takes to download torrents with uTorrent. No fuss at all. They'll find it easy using this baby. Re
650	748327	US	G	...sh.stackexchange.com	A B C the going. # But in answer to your specific question, I would say No , it does not necessarily mean that the shopping was the purpose of going to
651	3275170	US	B	...erfamilybusiness.com	A B C defying the natural order Dean might have said no. Heck Sam might have said no , not that Castiel would have cared what Sam wanted. # Raphael attempted to
652	193404	US	G	reddit.com	A B C early that invalidates all of their hard work? I think the honest answer is no , anything else is just pandering. # I do not envy ANet's position
653	747200	US	G	...eburningplatform.com	A B C # If all you see is vampire squids vs. speculators and deadbeats, you have No . Fucking. Idea. # Example: bloke bought a house in Florida on
654	411991	US	G	goodreads.com	A B C to make a decision, to involve himself with the girl of his dreams. No , instead we're given the impression of some nebulous horror he saw that MAY
655	498624	US	G	politico.com	A B C of the president, " as he is known to say. " No, no , no. Not for me, " Rendell said. " I would want
656	1395333	US	G	wdtprs.com	A B C four hours on Saturdays. His name? Joseph Ratzinger. # I challenge, no , I dare every parish priest who reads these words to adjust the parish schedule
657	3236380	US	B	divinecaroline.com	A B C You love me? ".... it's only been 2 weeks. 8. NO YOU CA N'T MOVE IN! 9. " You haven't had a job
658	563199	US	G	...tword.dictionary.com	A B C ). Old-fashioned words which aren't really spoken nowadays aren't removed, so no , no, no, no and no. Noway! # Crimson Rose on
659	135638	US	G	...isacohen.typepad.com	A B C saw the fountain of tears and wondered if anyone had been hospitalized or worse... no , we're all doing fine (knock on wood). Mike's going
660	1412341	US	G	tv.com	A B C dead guest star! # But this wasn't just a normal imaginary enemy, no , he was actually able to grab Elena and jostle her around. Of course
661	3257138	US	B	ncregister.com	A B C question lingers. Are they still in Schism? Some say yes, others say no . As for myself I do not have an opinion one way or the other
662	3239203	US	B	explodedsoda.com	A B C Hey, I'm just not in the mood to talk right now. " No , you just sat there, let this creep keep bothering you for however long
663	3275169	US	B	...erfamilybusiness.com	A B C decides to not even try looking? Does that sound like the Winchester way? No . In the Winchesters' " long, storied career of dumb and stupid "
664	3174628	US	B	...hell07.wordpress.com	A B C that Lydia' made' all the decisions on breeding at Dormello.. no, no , no... what I'm pointing out, is the fact that whenever you
665	789988	US	G	artofmanliness.com	A B C one... if you don't ask, the answer is DEFINITELY: NO . I've seen so many coworkers get all kinds of things I would've
666	3242064	US	B	freerangekids.com	A B C Santa smoking in the poem makes him want to smoke, and he said " NO , cause its wrong! And it's just a poem " I think sometimes
667	22956	US	G	forbes.com	A B C , or is this subject matter beyond your scope of knowledge? # Uhmm, no it doesn't do a good job at the 12-17 range. It's much
668	799457	US	G	thedailybeast.com	A B C " any chance " that maybe Martin was afraid of him, Zimmerman responded " No . " Why would the teenager start running away then? According to Zimmerman,
669	3221006	US	B	whereamiwearing.com	A B C daily within a region. Would love and cultural integrity help those starving children? No ? Then what are you offering up here? Nothing? Your whole paper focuses
670	514093	US	G	parkingday.org	A B C action. # Q: Is this legal? A: Sometimes yes, sometimes no . The specifics depend on your local legal codes and it is your responsibility to
671	3239844	US	B	feministe.us	A B C have really hard time expressing themselves. # What?! No, dungone. No . Child support is how you make sure your kid has food and shoes.
672	3690336	US	B	thepeoplesvoice.org	A B C that he is absolutely the best possible president the country needs and can have. No , they will know that they are compromising and choosing the lesser of two evils
673	111956	US	G	businessweek.com	A B C uncertainty that plagues the nation. " # Rita DaCorsi, retired: # " No , no, no. ALL prices have gone up -- gas, food,
674	3252563	US	B	loopinsight.com	A B C ......... # I'm kidding. Please don't kill me. # No # iPhone 4s was 1 million pre-order with 4 million in first 3 days.
675	3239270	US	B	extremetech.com	A B C . My prediction is that the 7 inch Apple will sell in modest numbers but no where like the volume sales they are used to unless they used their huge bank
676	3242666	US	B	gamebreaker.tv	A B C for the past four months should know the answer to that. # MMODoubter # No . It became a mess in late BC, when they gave Paladins AOE tanking
677	774215	US	G	abcnews.go.com	A B C # Posted by: Duh July 10, 2012, -- -- -- -- -- No , think it's within the public's legal right to raise your taxes and
678	1384598	US	G	abcnews.go.com	A B C there' nothing more to see. Rush isn't going anywhere. " # No , Rush isn't going anywhere, and that's the beauty of it.
679	91032	US	G	marcandangel.com	A B C times you've had so far, when are they? are you alone? No , they are with people! # Great Post. You're dead on about
680	685208	US	G	wweek.com	A B C has managed to get governments to sign on to through fraud. Until we say NO to the banksters our fate is sealed. # But just keep bickering about NPR
681	66412	US	G	...raticunderground.com	A B C or should I? # My sister said to the woman, " Ma'am, no that it's any of your business, but I am an American citizen,
682	520241	US	G	frontpagemag.com	A B C they'd not let you be gay in peace if that is your orientation. No , they'd bury you. They'd make women cover up or arrest them
683	610930	US	G	...ums.steampowered.com	A B C complaint, and even those that complain, come to defend and say " no no , that is fine, its the other part that is broken, you are
684	206	US	G	cowboylyrics.com	A B C been good Give your love to the one you should But you can't, no you can't # ' Cause you're tied to her and I'm tied
685	3684162	US	B	...sakura.wordpress.com	A B C when the dark roots start to show.... but still anime hair =O/= lol no no fake i haven't been wearing as much of late tho as i have been
686	796765	US	G	hometheaterforum.com	A B C : # Its supposed to be that way Yes, we will get it fixed No , you do nt need to fix anything, its supposed to be that way
687	3206744	US	B	...nnonreed.typepad.com	A B C Would you send it to the editors? A) This happens a lot. No , I'm sorry, I really can't help you get your work to
688	207026	US	G	imore.com	A B C only when i swiped very fast. I played Fruit Ninja after and nothing, no drop off. So to me this is a non issue. I can understand
689	3687185	US	B	wattsupwiththat.com	A B C still using circular reasoning -- assuming that which is to be proven. " # No , I'm not. It doesn't matter what the distances actually are or
690	3213829	US	B	theminaretonline.com	A B C don't use all of my meal exchanges do I get my money back? No . I lose them. # I don't understand why I can't use
691	493155	US	G	imdb.com	A B C do I owe you? Mechanic 1: How much you got? Clark: No , I'm asking how much the repairs are. Mechanic 1: And I
692	1409991	US	G	script-o-rama.com	A B C MUFFLED MUMBLING) He knows his shit. You can't cut them. - No ? - No. WADE: I can't breathe. (CHATTERING) CASS
693	39916	US	G	redstate.com	A B C regardless of the soundness of the policy or the intellectual underpinnings of idea. # No thanks. # At RedState, our front page contributors will continue to be pro-life
694	173889	US	G	...teratureandlatte.com	A B C , rearranged them, reflowed them, until I found the project's shape. No **40;4525;TOOLONG... Scrivener is a tremendous tool that frees my brain up to be creative
695	212875	US	G	tvtropes.org	A B C not only slim you, but also tone your ass at the same time? No ? Neither did I. # Fi: (covering the napkin with her purse.
696	507856	US	G	thebloggess.com	A B C . Jesus, is this what a heart attack feels like?? No, no , it's just me laughing so hard that I might pee myself. You
697	34387	US	G	hotair.com	A B C know the truth -- and more people will know the truth than not. # No . More people do NOT know the truth than not. They won't get
698	3245134	US	B	...achewithhardwork.com	A B C found in some fuel-injected engine. But that's not the point at all. No , it's the act of offering that matters. The substance of the offer
699	766000	US	G	samizdata.net	A B C not welcomed. Phrases that may be useful in this regard are: # ? No , stop? leave me alone?.? # Or # ? Help?
700	727325	US	G	historyisaweapon.com	A B C to confer on the surrender, or to sign it. General William Shafter said no armed rebels could enter the capital city of Santiago, and told the Cuban rebel
701	775259	US	G	maxkeiser.com	A B C Saying no to evil in 2012 will help us understand who is willing to say no to evil when it really matters. And when you have power during a crisis
702	3225570	US	B	athleticsnation.com	A B C they a small market team? No. Were they a big market team? No . But they did have enough to make smart moves. They don't get
703	586289	US	G	thenewatlantis.com	A B C when philosophy was most linguistically turned, in the middle of the last century. No , the aim of this essay is to give principled reasons, based on examining
704	3198181	US	B	patterico.com	A B C , or not in, any kind of danger? # How can she say no ? # What about the possibility that Travon Martin could grab his gun? (
705	1402883	US	G	goodreads.com	A B C in love, have a child together and she keeps calling him Ainsley? Hell no ! # It'd have been more interesting if Walfort hadn't died and he
706	21610	US	G	...ontoday.blogspot.com	A B C Am I too far gone to receive the Lord's healing touch? " # No , not at all! If you will begin to call on the Lord today
707	114672	US	G	redstate.com	A B C private sector shrunk as an arena for health care delivery # . # aesthete # No . # Vaughn Harold # that congress is limited in its taxing authority # avgjo
708	3189526	US	B	marketingland.com	A B C a " Nice trick " remark. The Hands-Off Museum # Nice trick? No , you know what's a nice trick? Bringing out devices that no one
709	51344	US	G	fanfiction.net	A B C his watch. " Two minutes past. " He told them. # " No ... " The Doctor muttered as the Master climbed back up the stairs at the
710	3167585	US	B	...rsquire.blogspot.com	A B C Ryan had not. It came from nowhere. Did Mr. Biden look good? No , he looked mean and second-rate. He meant to undercut Mr. Ryan, but
711	157632	US	G	abcnews.go.com	A B C ABC? Twice in the last week they admitting to distorting the news. # No thanks. ABC is no longer relevant. # Posted by: Dr. Bill Sherman
712	3239845	US	B	feministe.us	A B C Or that they were married before. And so on # Uh, actually, no , I would want to know if a partner had been married before, though
713	3225970	US	B	avoiceformen.com	A B C crime than women generally. # Do these facts mean that men are bad? No , men who kill their domestic partners are bad people. There are a whole
714	3165817	US	B	club.chicacircle.com	A B C couldn't wait to pass it on. What do I mean by that? No , we weren't on stage, we were at home minding our own business
715	594960	US	G	elyrics.net	A B C , about the best thing you can do is let go of the wheel. No so with life. # marylou allanic 10/24/12,21:21 jesus take the wheel evryday # charolyn
716	1386910	US	G	clashdaily.com	A B C by taking away the progress that has been made with healthcare and social security. No , republicans could not even come close to being Christ like. # http:
717	775273	US	G	wattsupwiththat.com	A B C only in that otherwise very few have the time and/or requisite expertise. " # No GA... In a Democratic society that policy MUST be DISCUSSED by ALL. Not
718	202673	US	G	hereandnow.wbur.org	A B C they enjoy exerting their authority over you and love having the power to say " NO ". There really is no other reason. Most of these people were turned
719	439118	US	G	lasvegassun.com	A B C lose their jobs as GM's suppliers and other businesses dependent on fail. # No , I know. You mean we should fire bomb a Mosque construction site and
720	3221973	US	B	...orldnews.nbcnews.com	A B C in the hands of Congress, all he gets to do is say yes or no ... # This is the work of Mayor Bloomberg. He's now trying to
721	3278224	US	B	vice.com	A B C debate goes on. There are curmudgeons, or pessimists, who say, " No , release me from existence, I don't want to live forever. "
722	3274639	US	B	therightscoop.com	A B C minds they are the ones behind abortion. Emphasis of God? whos secular? No God, no baby, no God, no you >Secular does not bring eternal
723	1397675	US	G	authorme.com	A B C the school secretary did that. You know how sloppy teachers write. " " No , I don't. " " Oh, c'm on, Ray. We
724	102510	US	G	antipope.org	A B C piece of music available online an " e-CD " or an " e-record "? No . My guess is because it is obvious that the content (the music)
725	132374	US	G	goodreads.com	A B C of the dead back for a thousand years. I would always hear,' No , there was fear, there were our enemies without, our rulers within,
726	263170	US	G	lyricsmode.com	A B C hang out No more cardboard mouth I just can't wait' til then Oh no ohhhohohh I, oh-I can't wait to see you instead # So do you
727	653137	US	G	tv.com	A B C long enough to know what's going on... j'accuse!; -) # No , I hear ya, Transformers Prime was only my suggestion when WB pulled the
728	3207415	US	B	skepchick.org	A B C I've already gotten negative responses just for posting articles on my Facebook page! No , I'm too chickenshit to put myself out there. But I get a
729	3177588	US	B	...square.blogs.cnn.com	A B C is just the president, we all share the blame for our situation. # No , I don't share any of the blame for our situation. I have
730	482045	US	G	mediaite.com	A B C any sense in any way shape or form. Obviously the answer is a resounding NO . # All homosexual behavior is narcissistic, immoral, unproductive and unnatural. But
731	3274010	US	B	...isaterriblething.com	A B C I mean that there are no beings that are living and can perform magic. No , not magic tricks. Magic. Examples include but are not limited to Yahweh
732	277662	US	G	rockpapershotgun.com	A B C insurance companies just footed the bill out of the kindness of their hearts? Hell no . They charge the government up to five times the cost of care, and
733	3174392	US	B	...tissue.wordpress.com	A B C to work, I play soccer, I do Aikido, etc etc. But no . It turns out that regular exercise can't offset the metabolic death that kicks
734	3250442	US	B	katherinearmon.com	A B C arms of a childcare centre when every fibre of her being and mine is screaming no , would undoubtedly cause her alot of emotional harm. How about arranging a meeting
735	3205370	US	B	scienceblogs.com	A B C ). # Is being a catholic passed on from the mother? # Er no , I meant that both were of divine origin, hence immune to human attempts
736	3236025	US	B	diabetesforums.com	A B C bread or a little fruit. Doc also suggested Wine, which is a big no no for me because I am descended from a long line of serious alcoholics.
737	3277025	US	B	txmomx6.org	A B C be unfulfilled. We would not say one word about not missing our love, no matter the circumstances. Yes, I know that there are some widowed people who
738	1401731	US	G	fanfiction.net	A B C burn it, as if that would somehow put the memories to rest, but no , that desk is going to haunt them and there's nothing he can do
739	710919	US	G	humanevents.com	A B C Rice, " Condoskeezza Rice. " # Imagine a white pastor saying: " No , no, no, God damn America -- that's in the Bible for
740	138539	US	G	techdirt.com	A B C hours probably) do expect that. Where is the morally right in that? No , in conclusion, the marginal cost to the artist/composer/and everybody else involved in the
741	445962	US	G	kotaku.com	A B C player powers mixed with combat might make BioShock the closest apt comparison to Dishonored. No , think more of the Deus Ex games, he said (and, hey
742	315471	US	G	patheos.com	A B C , so why do I need to repeat the process with my own spawn? No thanks. I want to enjoy a free adulthood. # My mother took a
743	3255262	US	B	mnn.com	A B C question of how practical it is, not whether it can be done. # no , it's not " perpetual motion, " and it doesn't invalidate the
744	468852	US	G	...istsview.typepad.com	A B C height of the recession? And are expectations any higher than before quantitative easing? No . # Bottom Line: If anything, inflation is lower, both for commodity
745	3182945	US	B	....currentanalysis.com	A B C , leaving even business customers located outside of the impacted region with limited, or no , telephone service. # Now, this may all sound like common sense,
746	629409	US	G	aintitcool.com	A B C Marvin and he said no. Then I went to Sterling Hayden and he said no . Then finally David Brown, who had just worked with Robert Shaw on The
747	1408584	US	G	pentrace.net	A B C you, big guy, " he said. Fogger shook his head. " No , it leaves you. Maybe you're all talk. " I remembered what
748	702526	US	G	econbrowser.com	A B C make methane and then higher chain oil. # but would you PAY that? No . Long before we will find substitutes. " Peak oil " is not about
749	672370	US	G	huffingtonpost.com	A B C place and the worker asks you if you have a picture ID if you say no the poll worker is instructed to shout the following, " You are too stupid
750	3214588	US	B	therealrevo.com	A B C allegiance is to the five Pillars of Islam and the Quran. 4) Geographically -- no . Because his allegiance is to Mecca, to which he turns in prayer five
751	3173316	US	B	faculty-staff.ou.edu	A B C Communist Leader George Hrawi to unite the two countries, Hafiz al-Asad said, " No , Lebanon is its own entity, " proving that Syria's presence in Lebanon
752	3203053	US	B	...otebook.blogspot.com	A B C have just shoved them out of the way, to which he answers, " No , this cab is made of fiberglass, We'd of been stranded out here
753	3184277	US	B	jonathanturley.org	A B C a congressional majority as well as majorities in 3/4ths of the state legislatures, so no , constitutional rights are not suspended on a simple vote. # " Nothing's
754	672298	US	G	wizbangblog.com	A B C mileage may vary, and probably does. (Shrug.) # HankM # No , Romney is not like Obama and I dare say that the more you find
755	71195	US	G	angelfire.com	A B C ! (reads) March 15th 1973? No, oh please God no, no , please God, please God, no, this can't be happening!
756	3220893	US	B	whatever.scalzi.com	A B C , run surplus budgets. We need some balanced, even surplus budgets... # No , we don't. Not now. When the economy is growing at 4%
757	3203380	US	B	ricochet.com	A B C chance to chime in before Fred Cole does and I will do so by saying no , government relief is not good government. The ultimate responsibility for the property that
758	66063	US	G	law.fordham.edu	A B C satisfy the skills requirement? # Is this course open to LL.M. students? No # professors who teach or have taught this course: Leeds,
759	16552	US	G	wisegeek.org	A B C i pray and wish and hope but nothing helps. my happiness is gone. No , i am not suicidal, quite the opposite, i am afraid to die
760	11157	US	G	nmha.org	A B C overwhelmed at home or work, or with friends, learn how to say " no . " It may be hard at first, so practice saying " no "
761	3263947	US	B	...ntsfrommommyland.com	A B C off of shelves? Heck no! Hitting people with or without things? Heck no ! That just reads like a horror story. # My daughter never acted out
762	626519	US	G	...erland.wordpress.com	A B C # I woke up again about 3:30. I got on the Internet. # No I'm not. # You may be seeing a pattern here. I have
763	697769	US	G	...al.library.upenn.edu	A B C and talking with those reckless army officers, who delight in killing their fellow-beings. No ! I do not believe in war or card playing; such things do not
764	273701	US	G	smashingmagazine.com	A B C CSS) # Know which details matter and how to push back and say " no . " # Communicate your designs with developers and managers using the appropriate media and
765	3244586	US	B	guernicamag.com	A B C One of the shapes shifted and defined itself into a dusky silhouette. # " No , Steven. It's Mr. Boone again. " # Steven stood over a
766	137663	US	G	crossfit.com	A B C course closes with 50 question multiple-choice test. # Level 1 Trainer Certificate Course: No . It is recommended participants have some exposure to CrossFit; movements, main page
767	3221031	US	B	...skeyandgunpowder.com	A B C white man, woman, and child on their part of the island -- and no , it isn't fair to blame any of us for what our ancestors did
768	652294	US	G	abcnews.go.com	A B C 12:28 pm # Oh nooo! It couldn't be Obama's fault!! NO ! NO! Sorry, Obama has as much depth as twitter entry. He
769	3205387	US	B	scienceblogs.com	A B C &; density that is 109 higher than cosmic ray collisions in Nature,... but no it's all safe. # The most sad fact of this case and for
770	1413938	US	G	zerohedge.com	A B C bonds for nothing and now want the full price. Argentina's government just said no . That's all. # This is correct: # " Argentina restructured its
771	3159562	US	B	...discovermagazine.com	A B C seriously addressing the subtler issues of naturalism touched on above.) # TB: No , they're not. Up thread at coment 53 there's a direct quote
772	3215265	US	B	...ytruth.wordpress.com	A B C menorah " as the symbol on their flag of statehood, and the Rothschilds said NO ! # That is how the 6 pointed star of david ended up on the
773	533513	US	G	bible.cc	A B C hills and mountains, and pray unto them, and expect help from them? No , I will not; salvation is not to be had from them, Jeremiah
774	3220070	US	B	wattsupwiththat.com	A B C that have such immense policitcal/ economic impact have a moral obligation to " just say no , " which means disavowing the IPCC mechanism completely because it can not and will
775	215586	US	G	nextmovie.com	A B C for a younger generation. Is that what attracted you to the project most? No , reading the script is what initially attracted me to the project. I was
776	29962	US	G	reason.com	A B C Disappointed woman: you said you " had " a big p*nis. fresno dan: NO , I said I " have " a big p*nis. Disappointed woman: Well
777	3166786	US	B	...necticutbloggers.com	A B C continue the tradition. # Yes, we could stay in this house. And no , it isn't paid off. You think it would be after 26 years
778	75446	US	G	townhall.com	A B C how many bloggers are continually, over and over, having to tell us - No , this is what he meant really;... you are all taking it out
779	459993	US	G	extremetech.com	A B C Bulldozer IS NOT AN 8-CORE CPU its a 4 CORE CPU with HT " # No , it isn't. # Some, like our distinguished, argumentative friend Scali
780	499984	US	G	ussmariner.com	A B C we have Cliff Lee starting back to back with Fel-oh, wait. Seriously? No , it's not. The pitching is basically comparable to 2008-2009: Felix and
781	161098	US	G	music.yahoo.com	A B C Amanda Brown and Trevin Hunte. So, did he? Well, yes and no . The song his coach Christina chose for him, the Lauryn Hill version of
782	195370	US	G	antipope.org	A B C No, Yes, than Yes, no, yes, yes, no, no , yes. # Should politicians be held liable for any violation of the constitution
783	675716	US	G	jargon.net	A B C . # This is one of hackerdom's great heroic epics, free verse or no . In a few spare images it captures more about the esthetics and psychology of
784	3689625	US	B	pinkisthenewblog.com	A B C safely say that ALL PARENTS cause some emotional damage to their kids. LOL... no , but seriously... we do. That's why the first thing you talk
785	81965	US	G	fool.com	A B C it was only 30 million dollars, gone up in smoke? # " And no I don't have any respect for liberals. They are nowhere to be seen
786	154312	US	G	...cles.exchristian.net	A B C at this article's attempt to make any valid point regarding this subject. # No matter the arguments made even in a well cited 100,000 page essay, no valid
787	3161948	US	B	...theory.wordpress.com	A B C clue. Since Brennan planted it, she knew where to find him. So no , Booth didn't just automatically know where to find Brennan. She was hoping
788	3149231	US	B	...rs.pressdemocrat.com	A B C doing here, and do you think he'll really honor his word? # No matter the result of the game, this proves without a shadow of a doubt
789	1385264	US	G	archive.mises.org	A B C theory, has a minor controlling interests in the nation they live in. # No . But that's not Mike's point, Mike's point isn't about
790	1387613	US	G	domenlightenment.com	A B C an element receives focus # Element (except <body> and <frameseet>), Document # No # No # focusin # FocusEvent # Fires when an event target is about to
791	409992	US	G	...ientificamerican.com	A B C 's the whole point of Stein's movie: > discussion is key. # No , the point of that movie is propaganda, pure and simple. # They
792	235030	US	G	wrongplanet.net	A B C society needs to take action. # Goes for me the same as abortion. No its not good, but every way to try to control that would be absolutely
793	3254242	US	B	metafilter.com	A B C future challenges # How does that even make sense given he could have just voted no and made it unconstitutional? posted by smackfu at 7:30 AM on June 28 6
794	473156	US	G	glee.wikia.com	A B C So we'll just let it go Don't be afraid to lose control, no # Quinn: Yes I know what's on your mind when you say #
795	347300	US	G	wilwheaton.net	A B C guys could both get the same drink, you know... " # " Oh no , " I said, " because that's the first step to -- "
796	92934	US	G	chronicle.com	A B C are there other new sectors that the foundation might get into? # A. Basically no , because until we achieve our goals in the areas we picked -- globally,
797	697868	US	G	grantland.com	A B C Rodriguez # 106 # 638+ # Probably # Tony Conigliaro # 104 # 166 # No # Frank Robinson # 98 # 586 # Yes # Bob Horner # 91 #
798	238679	US	G	undeadlabs.com	A B C get to manufacture the other survivors out of thin air to meet your needs. No , you find them and choose to befriend them warts and all, working first
799	3206030	US	B	seattletimes.com	A B C and did well. " # (On getting the starting job....) " No , it was pretty much the same way I got it both times -- unfortunate
800	443553	US	G	...tionalgeographic.com	A B C charge whatever they like and increase it year upon year! Consumers will have absolutely no say in the price per unit. Don't let them do it to you
801	17679	US	G	script-o-rama.com	A B C . Good. Let's drink on it. Why not? To you! No , my friend. To you. The both of us! - To our
802	597517	US	G	eatocracy.cnn.com	A B C of food.... smh # I'm a chef, own a bakery, and no you don't have to " grow up "! I still use Ramen,
803	786127	US	G	vulture.com	A B C Bond to do his thing if the suit wasn't specifically made for him? No , no. It's not possible. There's no fixed amount of how
804	635818	US	G	eatocracy.cnn.com	A B C walking with her sweet and wonderful family. Just putting that out there! # No , we're just criticising people that encourage behaviors that drive up our health insurance
805	448320	US	G	other-words.net	A B C there is a God who wants to continually equip us with the ability to say no to excess. # Self control is a fruit of the spirit... This means
806	131168	US	G	umcmission.org	A B C you had a considerable fortune to leave? " Whether I would do it or no , I know what I ought to do: This will admit of no reasonable
807	788682	US	G	abcnews.go.com	A B C saying the economy's making progress, coming back. Bernanke's saying, " No , it's not. I've got to print more money. " I
808	98204	US	G	...endar.perfplanet.com	A B C . Here are some of the specific reasons you shouldn't inline everything. No Browser Caching # The most obvious problem with inlining everything is the loss of caching
809	3174818	US	B	...eofgodandcountry.com	A B C from the Soviet Union. We were delighted for them. We never said' No , they don't have the right to do that.' We never said
810	3212785	US	B	...edifferencesofus.com	A B C !? Three times they called out for this vote with dissenters saying, " NO ! " (Click link) Link here: DNC 2012: DNC Platform Changes
811	494426	US	G	foxnews.com	A B C , " Le Drian told the European American Press Club. " When we say no troops on the ground, that means' troops in the air' too...
812	519713	US	G	boston.com	A B C throw in that " red-blooded woman " line. (No one wants to say no to a red-blooded woman.) # I do want you to ask yourself whether
813	487774	US	G	cjr.org	A B C economic outlook on the morning after Obama's triumph looks dim for now. # No , a one-day move in the stock market doesn't imply the economic outlook has
814	3226369	US	B	balloon-juice.com	A B C be engaged, trying to move people towards him by being non-threatening and inclusive. No , James Dobson will not be persuaded. On the other hand, a lot
815	343155	US	G	metrolyrics.com	A B C And baby, you don't have to go Never go away, no, no , no, no Don't you know, don't you know? Well
816	729833	US	G	seattletimes.com	A B C that way.' For some reason, again, we feel like,' No , we had to make it 1-1,' or something, and early in
817	1406417	US	G	metrolyrics.com	A B C your knees? No no no. Have you planned any shit with me? No no no. Have you sold your soul to love? No no no Am
818	145320	US	G	economonitor.com	A B C Even Europe can not replace the US. This is an unrealistic hope. # No , I think the rapid growth of US consumption relative to (very healthy)
819	473261	US	G	abcnews.go.com	A B C I don't want the Republicans back anywhere near the reins of power again. No thanks. Seen it for 8 years. Not interested. # Posted by:
820	3241804	US	B	forumblueandgold.com	A B C &; " I eat first " attitude would make more than a few teams say no thanks. # First, not once had Kevin said he wants to trade Bynum
821	3169693	US	B	...aklings.blogspot.com	A B C names that confused me. I don't think we'll tie the knot, no . The only advantage to that would be, assuming Yury is a French citizen
822	486748	US	G	aish.com	A B C sending you a pulse every second, " would we see it every second? No . We'd see it every million million seconds. Because that's the stretching
823	744806	US	G	tvtropes.org	A B C to Klink, to the effect that the driver should have put up a " No Smoking " sign. # Mitchell: Everyone's in shock, except for James
824	3194062	US	B	nerdsontherocks.com	A B C of concerns and problems people had with them going back to the Nintendo 64. No matter their solution though, it isn't good enough, it's already been
825	3198035	US	B	parentingtoolbox.com	A B C your child gets excited about. Ask questions that require more than a yes or no . Stick to specifics. Instead of " Did you have a good day at
826	51612	US	G	blog.heritage.org	A B C . " Collective bargaining is not a right. It is a privilege. " No , it's not a right and it's also not a priveledge, (
827	3262914	US	B	...ovingthenegative.com	A B C watch and make crude observations put that person on par with the watch maker? No . # We make observations about the world around us and the universe and we
828	3205353	US	B	scienceblogs.com	A B C place of " Obamacare, " which he has pledged to repeal. # " No , you go to the hospital, you get treated, you get care,
829	444908	US	G	seattlemet.com	A B C charters. Some schools have taken it upon themselves to sign onto anti-charter resolutions. No , Mr. Hanauer, your voice doesn't deserve to be the loudest. #
830	177850	US	G	antipope.org	A B C for GNU/Linux (or BSD, OpenSolaris, BeOS or whatever). (And no , they don't work well enough in WINE to do the DRM-removal).
831	475542	US	G	w3.org	A B C ", where the variable debug is evaluated to yield " yes " or " no " at run-time. # The content of an xsl:example-element instruction is defined to be
832	3224549	US	B	androidcentral.com	A B C . What I don't understand is all the negativity regarding the Nexus 4. No SD card slot was a given. If it had 32GB internal storage someone would
833	609027	US	G	danoah.com	A B C n't be able to assume so much. Everyone assumes my children are mistakes. No , my son was not planned but he will never be considered a mistake,
834	3159562	US	B	...discovermagazine.com	A B C " # This seems to be on topic, so I'll reply. # No , Paul, you didn't challenged me on an argument from authority, you
835	56985	US	G	athensnews.com	A B C crappy law enforcement officer because I have a Kane sign up. # PK -- No , it's a philosophy; it's what we stand by. You've
836	499687	US	G	rockpapershotgun.com	A B C declare that you're rescuing a hostage -- ooh, maybe something different here? No . There's not even the visual appearance of a hostage at any point,
837	734145	US	G	npr.org	A B C stacks of drawings until he found one, held it up, and thought, no , and stuck it back in again. " I want to give you one
838	585740	US	G	howtosplitanatom.com	A B C so). Besides, what do we think statistics are - real?? No no no. # Great sentiments. Thanks. # sbspalding # Thank you for
839	334554	US	G	deadline.com	A B C of theatres. The Dark Knight did nt play in alot of foreign theatres because no on expected it to be that big. With the Hype of this movie,
840	3262228	US	B	portlandmercury.com	A B C would freak out. " This is the best city in the world. " No , it probably isn't. It's a great place to live, but
841	673705	US	G	themarysue.com	A B C . Who cares, they're just random assholes on the internet right? But no , she had to turn it into a GAMER GURL fight, which nobody puts
842	119785	US	G	redstate.com	A B C praises FDR and Clinton and a whole bunch of other left-siders? # kegan05 # No that is only a small snippet. The one I have is one hour and
843	720102	US	G	cbsnews.com	A B C security to qualify for ssi, precription drug programs, housing etc etc. And no I do not qualify for food stamps either, yet I do not make enough
844	3239843	US	B	feministe.us	A B C , that they are causing an unfortunate rift. # Citation needed. # And no , I'm not going to take any example in which you confuse frustration with
845	3281384	US	B	zengardner.com	A B C to which " forces you " to go through a TSA portal. Just say no , which is a relic of a soul whose person was named Nancy Reagen.
846	3216670	US	B	tpsaye.wordpress.com	A B C they really, really wanted to see it. I couldn't very well say no to such expressions of civic-mindedness, even though I knew perfectly well that they were
847	3183452	US	B	jayisgames.com	A B C n't wait for sub7: It comes out this summer # Sgt . Major K. No , Sub7 will be called The Core, and will send you to the area
848	1384493	US	G	...6352669.blogspot.com	A B C different intervals shoppers provide their purses provide you with these supplemental when they've certainly no employ for your kids as well as purely won't worth ever again. If
849	478316	US	G	rushlimbaugh.com	A B C may be an upside in that regard. # (interruption) # Well, no , not in their thinking it wouldn't undermine Obama, if Clinton's success
850	231163	US	G	...ligion.blogs.cnn.com	A B C this is the flavor of Christianity you prefer? # So again, you say no mention of ears, but there is the reference of " covering "... what
851	426601	US	G	deadspin.com	A B C duties as a sort of temp or long-term contractor, but in the end -- no , not him. # Now that leaves James, the Chosen One, begging
852	3160883	US	B	blogs.suntimes.com	A B C Finn over " a great video game " was a no-brainer for me. But no , no, I am not re-opening the debate about video games. That's
853	484615	US	G	...sa.blastmagazine.com	A B C comments, and vulgarity. can you come up with some real comments by yourself, No I am not signing any pettion. When were call to be the spoke person
854	3154211	US	B	baselinescenario.com	A B C Has any of this changed? No. Have we cleared the excess plant? No . # Jeff Wenniger from Harris Private Bank says an army of baby-boomers have seen
855	569806	US	G	...ards.soapcentral.com	A B C n't even stand her let alone be her bff or sleep with her. # no and Jason Q wouldn't have had anything to do with her, if written
856	103489	US	G	vimeo.com	A B C to do. One of the counter-protesters (the woman who you see saying " No on Prop 8 " towards the beginning of this clip) quickly intervened and calmed
857	3158504	US	B	blog.webshots.com	A B C , Task Manager) since it does not have option to stop/cancel! (say NO if windows ask any permissioin!). Then discovered that some AGCore service installed
858	129085	US	G	mindhacks.com	A B C followed by an article which said " Facebook leads to syphilis "...! ( No , I'm not making this up.) # The history of the introduction
859	736632	US	G	combatreform.org	A B C after it formally allied itself with Al-Qaeda, the general said. # Csrnko said no insurgent training camps have been identified in the vast Sahara region, but he said
860	3260465	US	B	patheos.com	A B C shred of evidence from the last 3000 years supporting your deity or afterlife.... and no , some magical man with a set of 10 rules for us to follow did
861	16420	US	G	...ocolate.blogspot.com	A B C . Is it always easy to delight in the things He wants me to? No . When popular culture says that I should watch this show or movie and I
862	15500	US	G	vice.com	A B C , like, graveyard of cars. # Like a junkyard? # No. No , because if it were a junkyard, the cars would be junk. These
863	3179369	US	B	...ladies.wordpress.com	A B C should include some regard for life outside the womb until a person's death, no ? If you want to call yourself pro-life, consider universal healthcare, not the
864	191993	US	G	gallup.com	A B C order in the country without assistance from U.S. troops? # Yes, will # No , will not # No opinion # 2006 Jan 6-8 # 19% # 75 #
865	305785	US	G	freerepublic.com	A B C nor bow to foreign leaders. # Is he perfect? Oh, goodness, no . Is he exactly what we need? Probably not. Who is? Do
866	3183755	US	B	...fonews.wordpress.com	A B C employ more Palestinians, perhaps even provide grants to make them business partners? # No ... these " Pro-Palestinian " groups, whether they attempt to cross the Allenby Bridge
867	3255972	US	B	mrc.org	A B C # Thomas Edsall: I didn't include you? # Hewitt: Oh, no . I'm in there. Thank you. # Edsall: Okay. #
868	3257865	US	B	newyorkjets.com	A B C doubt. Have we had our entire offensive package out there in the preseason? No . Do we feel comfortable with our offense? I would say yes. I
869	39606	US	G	climateaudit.org	A B C can't use it. You need that relation to proceed. # ##### err no you don't. You can and she should have shown the results with and
870	296447	US	G	...ientificamerican.com	A B C the laws of physics suddenly change when you cross over the border into Pennsylvania? No . Science is science no matter where you are. The standards for science education
871	3215836	US	B	...dotorg.wordpress.com	A B C forgot, or didn't know, how to ban him. # 1) No , it wasn't. It was a public press conference that Stein's PR
872	3261718	US	B	plunderbund.com	A B C cases to a jury instead of a judge. # Is this bill unconstitutional? No . Other states have used this approach for many years. # But is it
873	170918	US	G	...dratherbewriting.com	A B C story predates writing by thousands of years. Would it be a backwards step -- no , a leap backwards -- to specialize in something so ancient and archaic, so
874	86126	US	G	...agelog.ldc.upenn.edu	A B C He looked confused and asked if there was another teacher by that name. " No , I am the only one. What seems to be the problem? "
875	3225431	US	B	askamanager.org	A B C were obviously, BY THE HUNDREDS, intended. Everyone is telling you' no no no that's not how we meant it' -- as though the actual content
876	3279742	US	B	...hitehousedossier.com	A B C problems stemming from Gibbs's paid work for the campaign. Gibbs would have said no anyway. # Even in the slog of a reelection, Obama's aides tried
877	3185969	US	B	kyusag.com	A B C the requirement, do we take the deductions for incomplete split like in optionals? No , the gymnast will not receive insufficient split deductions when meeting the minimum degree that
878	439115	US	G	goodreads.com	A B C life be, a lot, and would the world be any the worse, no . # Doris Lessing addressed the topic also in her weedy novel The Fifth Child
879	1391209	US	G	mlb.sbnation.com	A B C know what else it told me? That Rod Barajas is your second-best hitter. No , no. It's true. He has a 99 OPS+. The next
880	188457	US	G	script-o-rama.com	A B C I must advise you to leave. We'll follow you to the airport. No ! You will stay and search the theatre for other infiltrators. Come, Mein
881	421560	US	G	...uickanddirtytips.com	A B C on this who/whom... yeah; # Elle 4/16/2011 3:29:14 PM # Audrey, actually no , he didn't. Lisa was referring to, " Your my savior. xx
882	553790	US	G	...esblog.wordpress.com	A B C no when we mean yes, then encourage young men to always take no for no . Women want relationships too and if we can't get them without being straightforward
883	234673	US	G	citizensvoice.com	A B C - a violation of the state Sunshine Act. # " We are telling you no , " Plymouth resident Eric Fore said after Coslett corrected the council's misstep.
884	201260	US	G	fanfiction.net	A B C Gone. And he had not even known, not felt a single tremor... No , he thought desperately, she can't be. I would know. #
885	565921	US	G	script-o-rama.com	A B C - Brenda, Brenda! Hold him down. Oh... no, no! No , no! - Yes! Yes! - No, no, no.
886	725876	US	G	ruffinontheroad.com	A B C " Please tell me you are still together, " I said. # " No , " he said, with a touch of sadness. " It didn't
887	452558	US	G	tumblr.com	A B C of the crazy rumors. " You're mine, Harry. " # " No , baby, you're mine. " He kissed me passionately and I got
888	3256186	US	B	musingsofthelame.com	A B C baby in its mother's birth canal as does Obama. (ETA.. yeah no . Late trimester abortions should only be OK when the life of the mother is
889	568736	US	G	wiki.answers.com	A B C ##568736 Are all atoms of the same element identical? # No . Some may have different numbers of neutrons. Atoms of the same element (
890	608872	US	G	...eamericanscholar.org	A B C right?'? " # " No, no, no, no, no , God is not the minority leader " -- and then he laughed and corrected
891	1411744	US	G	theparisreview.org	A B C letter he sent me is erroneously reported to be a thirteen-thousand-word letter... no , the thirteen-thousand-word piece was his novel The First Third, which he kept in
892	100784	US	G	msnbc.msn.com	A B C # Defense: And she never got to see a doctor? # Shumacker: No . # The defense, that had accused the police officers in North Carolina of
893	3265232	US	B	rhrealitycheck.org	A B C they choose to keep or put it up for adoption is their choice. # No , not really. If you're gay there is no possibility of a child
894	215234	US	G	jjkeller.com	A B C . # Must a driver vehicle inspection report be kept in the vehicle? # No . The Federal Motor Carrier Safety Regulations used to require that a copy of the
895	97888	US	G	...dnation.blogspot.com	A B C was shouting to Suppan " go go go " and Soup heard it as " no no no, " so he put on the brakes. But this explanation only
896	3254283	US	B	metafilter.com	A B C that could have potentially been from chemical weapons. Does this definitively prove anything? No . But it makes Eng seem a lot more credible within the framing of the
897	3262604	US	B	prisonplanet.com	A B C able to invest with a solid 25% yearly return on their blood money? # No , war will be a part of human culture until the nano technology can change
898	425736	US	G	...rtainpointofview.net	A B C about in regards exclusively to I-II-III while giving IV-V-VI a pass. No no no no . This has been a " problem " since 1977. I say " problem
899	3192333	US	B	...ssbunk.wordpress.com	A B C worse. In January 2010, under the heading " Another Reason to Just Say No to a Ph.D., " Gabriela Montell posted an informative graph on the Chronicle of
900	466662	US	G	flouronthefloor.com	A B C remember when I was little? " He shook his head quickly, " Lord no . " In that moment my childhood became fixed; he would never add a
901	409992	US	G	...ientificamerican.com	A B C . Advocates like you make ID look worse than it already does. # And no , I do not respect your views or opinions - not because they are different
902	724109	US	G	dessertfirstgirl.com	A B C &; completed the pastry program. Worked for several months at Masse's Pastries in No . Berkeley and did some work on my own before returning to my " real
903	494420	US	G	...tholic.wordpress.com	A B C of rape, would it be permissible to kill me? " After initially saying no , they eventually came to the conclusion that it would be perfectly fine for my
904	3190639	US	B	...atalk.metafilter.com	A B C to sex parties bumps uglies with something called a " fetish model. " # No . I've never known that guy. And I certainly have never been him
905	3263544	US	B	quibblo.com	A B C nodded, " I'll go though, " She said getting up, " No , stay love, " Niall smiled, " You're the first girl tonight
906	315984	US	G	indeed.com	A B C a CST job do nt complain to us, we warned you:) # No not a college instructor at all. I guess where you live it sucks for
907	3214667	US	B	therionorteline.com	A B C finances are fine. Now stop bitching about other's then. Thanks. And no , there you go again. Neither of us have ever said we are smarter
908	229065	US	G	cnbc.com	A B C responsibility for the fact people are getting fat?' Most people would say' no ,' " said Mr. Schiermeyer. He added: " Given that we're
909	3267590	US	B	seomoz.org	A B C it's exposed to the oxygen and won't taste as good? No. No , no, no. I can't tell you how much I would not
910	1399497	US	G	cnn.com	A B C How much does he poop? " # (Answers: Lots, no, no , 135 pounds, why in the world would you want to know that?
911	3269100	US	B	somersherwood.com	A B C throw out $500.00 for a hat. Do the majority of people shop there? No , of course not. Most people in America struggle every day to make ends
912	3168938	US	B	dannybrown.me	A B C a great day Sir. # Respect always # http: //michaelschechter.me Michael Schechter # No , I'd argue that Danny's ethics are downright dubious # I really appreciated
913	265408	US	G	uticaod.com	A B C this county?' it will be answered with a resounding yes or a resounding no , and both are right, " said Jan Freitag, senior vice president of
914	528569	US	G	fanfiction.net	A B C fine. Just say so now and stop dragging it out. " # " No , we'll look into it for you. " I am saying this before
915	204262	US	G	onpoint.wbur.org	A B C I predict we'll elect a president whose slogan is " Robots: Just say No ".:) # TERRIBLE, the corruption, or senility of so much
916	23946	US	G	espn.go.com	A B C you think you would be around the rap game this long? # Laughs Hell no , man. No way. No way man. I was just a kid
917	500216	US	G	psgels.net	A B C saw someone being nice to the horse they use to pull their cart? Hell no , people whip them, starve them (especially when food is scarce),
918	410305	US	G	news.cnet.com	A B C 've seen, ultimately fails. # So I'm going to have to say no , we shouldn't make broadband Internet access a right. # And to those
919	439273	US	G	dialectblog.com	A B C that' pertains to objects far away. Simple, right? # Well, no . As the above example demonstrates (no pun intended), things become confusing
920	3275989	US	B	tor.com	A B C , since its release, bought The Janus Affair on account of our trailer? No , I can not. However, I know of readers who found Phoenix Rising
921	300200	US	G	waxy.org	A B C without looking over my shoulder because of it. Did it make me happy? No . Is it the price of admission to the' club' of being considered
922	438383	US	G	elliott.org	A B C What's wrong, my hotel not good enough for ya? "). No , most guests just accept the star deficit and move on. # And that
923	263432	US	G	...residents.tumblr.com	A B C , the one by the Mormon former Governor who should be President. No... no , not the one in the mirror -- the one that is completely reasonable and
924	210985	US	G	rockblogs.psu.edu	A B C CO2 emissions because the law Congress established required it to follow the science. # No , the SC said the EPA had the authority to regulate CO2 and could either
925	88373	US	G	redstate.com	A B C want him to build as much of the d*** fence as is practical (and no , I don't count saving the smelt fish as a practical limitation),
926	694599	US	G	housetohouse.com	A B C exclaimed the boy, " I'm too late to be saved? " " No , you're too late to do anything. Jesus already did it all two
927	418646	US	G	postbulletin.com	A B C don't even have to lie. Ready? Here they are: # " No , I'm overextended right now. " # " No, I'm unable
928	333519	US	G	whatever.scalzi.com	A B C Milgram IS known and heard of, the subjects reacted the same way. So no . Knowledge is not always power. # I would walk out after loudly snarking
929	484796	US	G	wonkette.com	A B C she just isn't into rudely discussing these things outside of quiet rooms. Hahaha no not really-to her, Romney WAS Aikin. I talked to her last night,
930	3182816	US	B	...aughing.blogspot.com	A B C the former Mouseketeer hit on another former Mouseketeer at a Beverly Hills Party. # No , not Britney, though she might have taken Christina up on the offer.
931	299186	US	G	gpo.gov	A B C see the detailed Preliminary Regulatory Impact Analysis, available at http: //www.regulations.gov, Docket No . FDA-2011-F-0171, and is also available on FDA's Web site at http:
932	1403497	US	G	...ollywoodreporter.com	A B C to visual exploitation. You can say no to TLC. And you can say no to Honey Boo Boo Child.
933	3151493	US	B	...ortries.blogspot.com	A B C grudges but hopefully, ideally, would actually lead to people lifting their game. No doing coke in the toilets the night before a shoot. No turning up two
934	1410417	US	G	slideshare.net	A B C is one of the most relevant representatives of sound writers, those authors who, no matter the way they express themselves, either poetry or prose, know how to
935	493611	US	G	mediaite.com	A B C they are certainly not feeling the Romney magic! # The Real Royal Emperor # No , it still has a very clear meaning, and than meaning still resonates with
936	122059	US	G	makerfaire.com	A B C mother event # dedicated # Stage/Performances # no # maybe # yes # Attractions # no # no # yes # Workshops # no # maybe # yes # Security #
937	3159031	US	B	blogs.babble.com	A B C I was my dad's. Did I ever doubt my mom loved me? No ! Our temperaments were just not compatible when I was young. We are very
938	3275968	US	B	tor.com	A B C it occurred to me that it would take a Namer to do that. But no , of course it must be a Shaper... # Jo 41 - That
939	1384504	US	G	...rs.pressdemocrat.com	A B C not interested? That's one of the perceptions. Is that accurate, or no ? # Signing Manning is stupid. 1. He is damaged. 2.
940	456735	US	G	wired.com	A B C says that budget fell through with the economy. # " We will never say no to more PongSats, so we're always looking for ways to pay for it
941	614264	US	G	askamanager.org	A B C you've started volunteering for an organization, don't be afraid to say " no " to requests sometimes -- a friend &; fellow volunteer for the org. that I
942	1390248	US	G	jimbreslin.com	A B C He was confused for a moment. " I just showered. " # " No , " she laughed. " I mean, well, when's the last
943	746253	US	G	ajr.org	A B C suggested that Mitchell come to his home at night. " I said,' No , that's OK.' I thought a public place would be better,
944	219146	US	G	thoughtcatalog.com	A B C ##219147 # 17:6 No king - No judge to govern and control them. The word king being used largely for a
945	3245123	US	B	...lthytippingpoint.com	A B C it's a boy or a girl? " The short answer: Ummmm... No . # If pressed, I would guess that we were having a girl,
946	338437	US	G	...osmith.wordpress.com	A B C grumpy, arrogant, sarcastic, disrespectful, and some what snobbish? Answer is NO . # I got a shit job, shit broken down car, hardly any
947	575301	US	G	...s.washingtonpost.com	A B C DOES look better than that paltry brain, only capable of uttering the word " no . " # We have to watch McConnell the clown calling an expiring tax break
948	1409969	US	G	...ientificamerican.com	A B C , understand it, and don't let this propaganda rule over you. # No , the truth is that nobody wants to believe those things. Some people are
949	123177	US	G	qz.com	A B C on high prices valid in being depressed? Over at Barclays, Paul Horsnell argues no . In an Oct. 24 note to clients, Horsnell says that while the world
950	3163233	US	B	...tyfile.blogs.cnn.com	A B C another one. # April 5, 2011 at 6:19 pm # Dan Weinkauf # No , but even if she could, she would have divided the democratic party so
951	3171514	US	B	eatocracy.cnn.com	A B C # November 16, 2012 at 5:22 pm # What Now??? # No , no, not the Twinkies!!! Don't let them go the
952	1387635	US	G	downlode.org	A B C By Godfrey, so it is. How did he guess? " # " No guess, Congressman, " said Shuman. " He computed that result. He
953	3234478	US	B	dailykos.com	A B C can do when it becomes a back and forth of, You're wrong! No , you're wrong! Debates on the Internet you can cite links to supporting
954	243934	US	G	drdriving.org	A B C n't like to look over the edge, because they suddenly feel, Oh, no , I want to jump. They don't really want to do it;
955	3174213	US	B	firebrandal.com	A B C black friend and I say it to each other all of the time. " No really, man. It's not cool. It's actually disgusting, and
956	529728	US	G	...documentaryfilms.com	A B C for 170 million, and in the natural course of things, others may, no , will, rise to take the mantle. And if they are thinking creatures
957	325438	US	G	pennlive.com	A B C guys consciously made a decision to screw Penn State because of the Sandusky scandal? No . I don't know a thing about the men who made the decision.
958	552750	US	G	...ilywillinghamphd.com	A B C if you would like to learn about junk science, vindictiveness, and autism. No , the author is not Andrew Wakefield, but he is one of the enablers
959	174808	US	G	fool.com	A B C voting for incumbents and career frauds and corruptors. # Showing just tax revenue comes no where near the whole picture. Need to show the interest on the Debt as
960	117700	US	G	senate.gov	A B C , have you got that fellow lined up yet? " Roosevelt asked. " No . He is the contrariest Missouri mule I've ever dealt with, " Hannegan
961	403756	US	G	huffingtonpost.com	A B C throw the key away. Pretending that they do not exists is childish. # No , with your logic it is like putting them into a freezer - they will
962	582098	US	G	tvtropes.org	A B C set. You can actually hear Madsen break character and say " Oh, no no no... " after this line. # Spoofed in the 1999 production of The
963	3168565	US	B	dailycollegian.com	A B C Dr. Ed Cutting says: # November 18, 2012 at 2:01 am # Actually no , it appears that she accessed the classified materials on her own via visits to
964	448498	US	G	...arincihollenbeck.com	A B C of the New Jersey Appellate Division in Des Champs Laboratories v. Robert Martin, Docket No . A-3235-10T4, which invalidated the New Jersey Department of Environmental Protection (NJDEP)
965	3185936	US	B	kykernel.com	A B C good teams while he was there and beat him three years, a BIG NO NO in that state, his last year that was his ONLY regular season loss.
966	426782	US	G	lyrics.wikia.com	A B C much I love No I could never found someone so much I love No, no , as when it comes to
967	711627	US	G	mixergy.com	A B C these people who you talked about? Sorry. Go ahead. # Felecia: No . It happens a lot. Even if you're an entrepreneur, even if
968	3165629	US	B	cleantechnica.com	A B C subways and buses. # http: //cleantechnica.com/ Zachary Shahan # i'm not saying no cars at all, but the idea of *everyone* driving around a city in a
969	3198568	US	B	permaculturenews.org	A B C . Of course, as you pointed out in your piece " Corporate Power? No Thanks! " last July, and as I discovered at the Vestas wind turbine
970	450912	US	G	...ms.studentdoctor.net	A B C , white people are misunderstood and generalized as well just like everyone else. # No , I'm not offended, I said it bothered me. Those are two
971	749912	US	G	imdb.com	A B C Sam: No... no... Frodo slips the ring on and vanishes Sam: NO ! Share this quote # Galadriel: The power of the Three Rings is ended
972	1391460	US	G	...mongoose.populli.net	A B C you with anything, Helen? " Blair asked. # " Good heavens, no . " # The next thing Jim knew he had a steaming cup of coffee
973	533531	US	G	...ontporchrepublic.com	A B C n't engaging in a free market. " # A) There are in reality no totally " free " markets, and B) therefore there will always be inequalities
974	253210	US	G	copyblogger.com	A B C ! Please not I only used one! this time. # Hi Paul, No , you did not offend me. I just enjoy exchanging thoughts with people like
975	577869	US	G	archives.gov	A B C preeminent. # Q. Was Thomas Jefferson a member of the Constitutional Convention? A. No . Jefferson was American Minister to France at the time of the Constitutional Convention.
976	641026	US	G	sports.yahoo.com	A B C (ie. do they have small population number from which to draw fans)? No - metro population approx $5M. Is their fan-base big? No. They're
977	690265	US	G	pbs.org	A B C between them. " # Did your big words impress Bob Gingrich? # " No . I don't think I ever impressed him... He and I fought from
978	3685538	US	B	mondoweiss.net	A B C ##3685539 # No I haven't lost my mind and believe me, it feels less like Christmas
979	422455	US	G	whattamisaid.com	A B C is wrestling with how we discuss racism productively online. In a response to " No , You Can not Touch My Hair, " which was crossposted here, about
980	3279704	US	B	whitehouse.gov	A B C they've now admitted that. # MR. SPERLING: No, no, no , no. I mean, before -- hold on, just a second --
981	476200	US	G	scienceblogs.com	A B C RickrOll # December 26, 2008 # " He just veered into YEC-land " # No , but he's stupid about Micro-Macro evolution. Like i said, faults.
982	3256176	US	B	musicthinktank.com	A B C I keep having this discussion lately, and I keep saying the same thing. No , music hasn't changed. In every era there has been greatness and there
983	279829	US	G	...lackbirdslullaby.com	A B C a pity-post, I'm not looking for an ego-stroke, or a " Oh no , Andavri, we love Shadowcrest just as it is! Don't change a
984	578167	US	G	hookedonhouses.net	A B C Very dishonest. Shame on you House Hunters. # This sucks!!! No , seriously. I watch " House Hunters " for at least 7 years and
985	741102	US	G	undergod.procon.org	A B C brings up religion, they are attempting to manipulate the populace. " # " No , the counrty was founded on the very Idea of religious freedom and NOT on
986	468717	US	G	chronicle.com	A B C so much rubbish in blogs and on internet forums, mindless rants and raves ( no , I don't mean here) and I am afraid that untrammeled quantity will
987	1389697	US	G	hotair.com	A B C be the focus of our opprobrium, NOT THE MERITS OF WALMART. # But no , the Left's narrative obtains and we foolishly argue THEIR arguments for them.
988	593287	US	G	songmeanings.net	A B C man-ho A male gigalow You don't have to be a Prostitute No no no no no You can say no to being a night-looker, a boy-hooker a rent-boy bro-ho
989	3159523	US	B	...discovermagazine.com	A B C know our friend Surly Amy!). I just remember laughing and saying " no you DO know some atheists! Really! " # I can take a little
990	277052	US	G	...gingbloggingback.com	A B C one hour vs its recent standard 2 hours. 2 hours of Jersey Shore? No thanks. That's as pointless as spending any more than 10 minutes studying for
991	1402712	US	G	...rationterrorists.com	A B C ? " # " My fish dream is a sex dream. " # " No , I mean real sex dreams - the kind where you grab some naked bitch
992	679818	US	G	wordandfilm.com	A B C screen. So why not ruin the rest by putting the actors you mentioned? No thanks. I love the movie that plays in my head when I read.
993	626086	US	G	...erland.wordpress.com	A B C to scream count for him. He smacks her six times and it smarts. No really, she says " Holy shit... that smarts. " He
994	37853	US	G	forbes.com	A B C out of the populace's hands (another was instituting sharia). Telling, no ? # The main crux of this issue is the Senate ratifying this treaty and
995	35720	US	G	skepchick.org	A B C And if Dawkins says it after an apology, so much the better. # No , you clueless twit, the *sexism* has driven eyeroll out of the' movement
996	283966	US	G	collegehumor.com	A B C Kindle. Beat that, Cousin Kevin. # What you said in February: No , mom, you need an Internet connection to download a book. The house
997	600543	US	G	archive.org	A B C The same fear you would have in a ring with a bull.'' No ,' said Paco.' I wouldn't be afraid.'' LecheT
998	463624	US	G	archiveofourown.org	A B C . Yuffie takes a deep breath, then another. She finally says, " No . You're not being selfish. " # In Yuffie's opinion, it
999	3160879	US	B	blogs.suntimes.com	A B C . " Absolutely, " says Rocky. # Was that movie about boxing? No . Boxing was just one of the anvils on which these characters were forged.
1000	349321	US	G	huffingtonpost.com	A B C when about 60 Walmart employees walked off the job for a day in LA, no Walmart retail workers had ever gone on strike, the union said. # The
